{"type":"FeatureCollection","attribution":"© OpenStreetMap contributors (ODbL)","source":{"id":"D1","file":"thailand-260901.osm.pbf","sha256":"e09812904250c8fc5bed7b444546338766317865e741733229fc714d32ab272f","dataDate":"2026-09-01T20:20:50Z","tool":"tools/coverage/boundaries (P1-H07)"},"features":[
{"type":"Feature","properties":{"kind":"border"},"geometry":{"type":"MultiLineString","coordinates":[[[97.6651,9.5238],[97.646,9.4918],[97.6336,9.4444],[97.6377,9.3665],[97.6738,9.2995],[97.7172,9.2493],[97.6874,9.2325],[97.6489,9.1821],[97.6183,9.1262],[97.6111,9.074],[97.6182,9.0212],[97.6346,8.9592],[97.5942,8.8914],[97.5888,8.8655],[97.5291,8.8342],[97.5034,8.8109],[97.4608,8.7505],[97.4481,8.6933],[97.4516,8.6707],[97.4348,8.5606],[97.4469,8.4721],[97.4875,8.3581],[97.5405,8.3069],[97.5761,8.2849],[97.6382,8.2738],[97.7139,8.2793],[97.766,8.3035],[97.7952,8.3273],[97.8529,8.3864],[97.8881,8.4433],[97.8986,8.4986],[97.8918,8.5403],[97.8574,8.6278],[97.9262,8.6585],[97.9617,8.6869],[98.0009,8.7375],[98.011,8.7641],[98.0209,8.8532],[98.0151,8.8891],[97.9757,8.9499],[98.0083,8.9879],[98.0216,9.0274],[98.0615,9.0277],[98.0676,9.02],[98.0487,8.9894],[98.0311,8.9176],[98.0307,8.8853],[98.0521,8.8174],[98.0315,8.7441],[98.0293,8.697],[98.0383,8.6625],[98.0174,8.6186],[98.0084,8.5447],[98.0087,8.4981],[98.0547,8.382],[98.0696,8.2921],[98.0653,8.2615],[98.0675,8.2085],[98.0713,8.1877],[98.0904,8.1445]],[[97.7422,17.7859],[97.7623,17.7765],[97.7851,17.7851],[97.7954,17.7771],[97.8163,17.7866],[97.8326,17.7799],[97.8495,17.78],[97.9025,17.8097],[97.906,17.8201],[97.8992,17.8316],[97.9126,17.8547],[97.9497,17.8593],[97.9694,17.8677],[97.9735,17.8633],[97.967,17.8568],[97.9704,17.8479],[97.9824,17.8387],[97.9752,17.8229],[97.9799,17.8232],[97.9797,17.8139],[97.9915,17.8102],[97.9854,17.8068],[97.9956,17.7881],[97.9897,17.7858],[97.9964,17.7858],[97.9967,17.7763],[98.0064,17.7749],[98.0108,17.7675],[98.0077,17.763],[98.0146,17.7559],[98.0126,17.7483],[98.0219,17.738],[98.0142,17.7402],[98.015,17.733],[98.0275,17.7208],[98.0231,17.7103],[98.0308,17.7106],[98.0306,17.7026],[98.0406,17.6894],[98.0405,17.6747],[98.0472,17.6698],[98.0463,17.6646],[98.0516,17.6673],[98.0572,17.6629],[98.0614,17.6486],[98.0728,17.6478],[98.0892,17.6372]],[[97.7422,17.7859],[97.7452,17.7709],[97.7587,17.7706],[97.7743,17.7519],[97.7626,17.7448],[97.7631,17.7254],[97.7911,17.6919],[97.7938,17.6794],[97.8192,17.6609],[97.8218,17.6525],[97.8486,17.6263],[97.9061,17.5839],[97.9102,17.563],[97.9193,17.5574],[97.9232,17.5396],[97.9622,17.5276],[97.9714,17.5078],[97.9926,17.5099],[98.0365,17.452],[98.0559,17.4417],[98.0553,17.4355],[98.0458,17.4295],[98.0612,17.4206],[98.0801,17.3903],[98.0891,17.3964],[98.1104,17.3853],[98.1091,17.3766],[98.1194,17.3712],[98.1051,17.3531],[98.1052,17.3377],[98.1126,17.3194],[98.1198,17.3233],[98.1268,17.3185],[98.1286,17.3075],[98.1376,17.2994],[98.1357,17.2916],[98.1467,17.2921],[98.1625,17.2792],[98.168,17.2726],[98.1678,17.2622],[98.2055,17.2495],[98.2136,17.2284],[98.2283,17.2205],[98.2388,17.2306],[98.2442,17.227],[98.2439,17.2206],[98.234,17.2169],[98.2279,17.2049],[98.2477,17.2101],[98.2441,17.1991],[98.2521,17.1977],[98.2502,17.1823],[98.2633,17.1876],[98.2612,17.1745],[98.2672,17.1777],[98.2805,17.1729],[98.28,17.1675],[98.2674,17.1599],[98.2724,17.1512],[98.2874,17.1566],[98.296,17.151],[98.2973,17.1415],[98.2849,17.1435],[98.2867,17.1308],[98.2797,17.1155],[98.2933,17.1133],[98.2986,17.1278],[98.301,17.1075],[98.3234,17.1109],[98.3161,17.0946],[98.3095,17.1015],[98.3002,17.0926],[98.3136,17.0889],[98.3178,17.0697],[98.3468,17.0478],[98.3904,17.0608],[98.3955,17.0477],[98.4004,17.0476],[98.4043,17.0564],[98.4125,17.0535],[98.4162,17.0432],[98.4223,17.0453],[98.4244,17.0378],[98.4382,17.036],[98.4304,17.0218],[98.4551,17.0227],[98.4522,17.0162],[98.4559,17.0108],[98.4476,16.9976],[98.4576,16.992],[98.473,16.9955],[98.4736,16.9855],[98.4805,16.9804],[98.4685,16.9749],[98.4693,16.9711],[98.4877,16.9713],[98.4885,16.9574],[98.4994,16.9577],[98.5085,16.948],[98.5048,16.9444],[98.4957,16.95],[98.4826,16.9366],[98.4914,16.9341],[98.4907,16.9225],[98.5056,16.9277],[98.501,16.9192],[98.5069,16.9108],[98.5091,16.9164],[98.5215,16.9176],[98.5127,16.9021],[98.5358,16.8985],[98.5259,16.8848],[98.5401,16.8615],[98.5352,16.8605],[98.5186,16.8793],[98.5092,16.88],[98.5162,16.8586],[98.5113,16.8557],[98.506,16.8671],[98.4995,16.8631],[98.4921,16.842],[98.5029,16.8324],[98.5136,16.8376],[98.5237,16.834],[98.5257,16.827],[98.5377,16.829],[98.5474,16.8135],[98.5163,16.8061],[98.517,16.798],[98.5264,16.7989],[98.5203,16.7902],[98.5094,16.7979],[98.5016,16.7855],[98.4956,16.7909],[98.4853,16.7894],[98.4885,16.7735],[98.4769,16.7638],[98.4799,16.748],[98.476,16.7452],[98.4702,16.751],[98.4627,16.7503],[98.4691,16.7377],[98.4632,16.7302],[98.4781,16.7186],[98.4709,16.7125],[98.4848,16.7165],[98.4916,16.7084],[98.495,16.7161],[98.5019,16.7146],[98.4952,16.6911],[98.5103,16.7009],[98.5158,16.6948],[98.5184,16.677],[98.5112,16.6461],[98.5215,16.6504],[98.5236,16.6414],[98.5371,16.6342],[98.5437,16.6384],[98.5594,16.6355],[98.5612,16.6299],[98.5711,16.6316],[98.5706,16.6066],[98.5769,16.6063],[98.5763,16.5997],[98.5833,16.6005],[98.5861,16.5831],[98.5792,16.5748],[98.5869,16.5674],[98.5732,16.5718],[98.5768,16.5585],[98.5859,16.559],[98.5851,16.5471],[98.5976,16.547],[98.5975,16.5329],[98.6184,16.5012],[98.6275,16.496],[98.6342,16.4778],[98.6422,16.4794],[98.6445,16.4725],[98.6519,16.4715],[98.6581,16.4549],[98.6392,16.4315],[98.6414,16.4156],[98.6376,16.4125],[98.6445,16.4029],[98.6561,16.4],[98.6486,16.3943],[98.6581,16.3777],[98.6533,16.371],[98.6645,16.3647],[98.6525,16.3529],[98.6664,16.3468],[98.6688,16.3263],[98.663,16.3193],[98.6717,16.3171],[98.6673,16.3091],[98.6711,16.3056],[98.6696,16.2925],[98.6659,16.2919],[98.6681,16.2837],[98.6759,16.2805],[98.675,16.2718],[98.6802,16.2731],[98.6811,16.2814],[98.6931,16.2756],[98.6947,16.2699],[98.7032,16.2708],[98.7068,16.2946],[98.7187,16.2953],[98.7187,16.3139],[98.7275,16.3145],[98.7268,16.3288],[98.7357,16.3385],[98.7428,16.3385],[98.7454,16.3474],[98.7649,16.3419],[98.7723,16.3484],[98.7773,16.3441],[98.7756,16.3491],[98.7829,16.3553],[98.7813,16.3652],[98.8172,16.3851],[98.8131,16.3944],[98.8242,16.4057],[98.8298,16.4219],[98.8481,16.4181],[98.8814,16.423],[98.8916,16.4064],[98.8966,16.4069],[98.918,16.3873],[98.92,16.3695],[98.9094,16.3468],[98.9253,16.3448],[98.9317,16.3289],[98.9236,16.3066],[98.9163,16.3063],[98.9107,16.2981],[98.9066,16.274],[98.9107,16.2679],[98.9028,16.2538],[98.8872,16.2479],[98.8783,16.2304],[98.8723,16.239],[98.8519,16.2196],[98.8613,16.1983],[98.8539,16.1928],[98.8598,16.1874],[98.8614,16.17],[98.8511,16.1606],[98.8485,16.1279],[98.8328,16.1266],[98.8284,16.1154],[98.8054,16.1046],[98.7881,16.1108],[98.7791,16.126],[98.7679,16.1203],[98.7414,16.1197],[98.7183,16.1235],[98.7131,16.1327],[98.6991,16.1357],[98.6779,16.128],[98.6825,16.1115],[98.6662,16.1108],[98.6741,16.0972],[98.6718,16.0904],[98.6593,16.0833],[98.6614,16.0733],[98.6419,16.0665],[98.6402,16.0609],[98.6264,16.0625],[98.6316,16.0487],[98.6279,16.0439],[98.6083,16.0419],[98.6069,16.0622],[98.5999,16.0732],[98.5892,16.0762],[98.5806,16.0706],[98.5783,16.0598],[98.5671,16.057],[98.5615,16.032],[98.5967,16.0084],[98.6063,15.9863],[98.6087,15.9726],[98.6061,15.9651],[98.5938,15.9594],[98.5922,15.938],[98.584,15.9181],[98.5889,15.8924],[98.5965,15.8848],[98.5957,15.8749],[98.6108,15.8768],[98.5658,15.7635],[98.5483,15.6852],[98.5578,15.6525]],[[98.0892,17.6372],[98.0978,17.6214],[98.1015,17.6227],[98.0995,17.6145],[98.1071,17.6112],[98.103,17.6004],[98.1105,17.5928],[98.1061,17.5884],[98.1085,17.5823],[98.1276,17.5679],[98.1252,17.5589],[98.1362,17.5417],[98.1674,17.5477],[98.1785,17.5373],[98.1964,17.5426],[98.2089,17.5401],[98.2178,17.5472],[98.2387,17.5499],[98.2413,17.556],[98.2491,17.5579],[98.2544,17.5722],[98.2648,17.5786],[98.298,17.5754],[98.3025,17.5669],[98.2982,17.5541],[98.3078,17.5426],[98.3058,17.5326],[98.3143,17.5273],[98.3152,17.5051],[98.3266,17.4897],[98.3297,17.4696],[98.3195,17.445],[98.3195,17.4351],[98.3263,17.4292],[98.3223,17.4167],[98.306,17.4107],[98.2964,17.4129],[98.2917,17.4074],[98.3192,17.3799],[98.3174,17.3674],[98.3341,17.3479],[98.3294,17.3387],[98.3322,17.3297],[98.3174,17.3221],[98.3217,17.3107],[98.3398,17.2958],[98.3626,17.2884],[98.358,17.2736],[98.3701,17.2676],[98.3913,17.2424],[98.3983,17.2521],[98.4207,17.2528],[98.4351,17.2607],[98.4417,17.271],[98.4538,17.269],[98.4607,17.2759],[98.4788,17.2775],[98.4897,17.2703],[98.5036,17.2806],[98.5187,17.2814],[98.5314,17.2745],[98.545,17.283],[98.5744,17.2845],[98.5777,17.2999],[98.5568,17.2942],[98.5558,17.3143],[98.5611,17.3221],[98.5552,17.3382],[98.5618,17.3521],[98.5544,17.3563],[98.5481,17.3539],[98.5374,17.3622],[98.5561,17.3971],[98.5576,17.4266],[98.5462,17.4337],[98.5465,17.4458],[98.5283,17.4536],[98.518,17.48],[98.5244,17.4959],[98.5188,17.5114],[98.5263,17.519],[98.5276,17.5368],[98.5448,17.5494],[98.5496,17.5593],[98.5635,17.5622],[98.5781,17.5754],[98.5671,17.5958],[98.5319,17.6214],[98.5314,17.6474],[98.5219,17.6808],[98.5253,17.7073],[98.517,17.7368],[98.5035,17.7606],[98.5098,17.7886],[98.497,17.7965],[98.4912,17.8117],[98.4957,17.8162],[98.5087,17.8125],[98.5156,17.8169],[98.5142,17.8227],[98.522,17.8244],[98.5605,17.7954],[98.5715,17.8089],[98.5803,17.8063],[98.5815,17.8012],[98.5966,17.8036],[98.6137,17.7804],[98.6243,17.7772],[98.6333,17.7853],[98.6315,17.801],[98.639,17.8148],[98.6691,17.8345],[98.6854,17.791]],[[98.0904,8.1445],[98.2776,8.2011],[98.2983,8.2022],[98.3451,8.1701],[98.3681,8.1327],[98.3811,8.1226],[98.398,8.1191],[98.4253,8.1219],[98.4555,8.1051],[98.4912,8.1229],[98.4925,7.366]],[[98.0904,8.1445],[98.0953,8.1325],[98.0764,8.103],[98.0649,8.0379],[98.0665,8.0047],[98.0756,7.9688],[98.069,7.9324],[98.0692,7.8633],[98.0806,7.8129],[98.0906,7.7969],[98.0977,7.6795],[98.1162,7.6361],[98.161,7.5869],[98.1391,7.5509],[98.1233,7.4967],[98.1224,7.413],[98.1304,7.3772],[98.1667,7.327],[98.2037,7.2943],[98.2519,7.2716],[98.2913,7.2614],[98.3356,7.2622],[98.3997,7.2819],[98.4393,7.3087],[98.4925,7.366]],[[98.4663,19.6924],[98.4604,19.6978],[98.4142,19.693],[98.3931,19.7043],[98.3769,19.6978],[98.3695,19.6891],[98.3565,19.6961],[98.3451,19.6984],[98.3331,19.6938],[98.3232,19.6988],[98.2964,19.682],[98.2677,19.6838],[98.2485,19.6764],[98.232,19.697],[98.238,19.7085],[98.2288,19.7277],[98.2176,19.7252],[98.2104,19.7312],[98.2013,19.7302],[98.1833,19.7497],[98.184,19.76],[98.1683,19.7708],[98.1508,19.7741],[98.1354,19.7882],[98.1151,19.7792],[98.1133,19.774],[98.1006,19.7721],[98.0912,19.7906],[98.0829,19.7923],[98.0834,19.8103],[98.0667,19.81],[98.0635,19.8042],[98.0538,19.803],[98.048,19.8142],[98.0344,19.8055],[98.0404,19.7987],[98.0329,19.7831],[98.0378,19.7653],[98.0291,19.7344],[98.0317,19.7248],[98.0247,19.7221],[98.0346,19.7006],[98.029,19.6884],[98.0323,19.6714],[98.0422,19.666],[98.0443,19.6535],[98.0377,19.6431],[98.0265,19.6414],[98.0259,19.6374],[98.0144,19.6399],[98.0008,19.633],[97.9834,19.6404],[97.981,19.6346],[97.9726,19.6344],[97.975,19.602],[97.9611,19.5989],[97.9607,19.5927],[97.9432,19.5972],[97.9024,19.5776],[97.8916,19.5758],[97.8797,19.5809],[97.8617,19.5758],[97.8552,19.5314],[97.8684,19.5233],[97.8762,19.5063],[97.8882,19.5006],[97.8729,19.4958],[97.8743,19.4883],[97.8627,19.4834],[97.8576,19.4691],[97.8501,19.4667],[97.8283,19.442],[97.827,19.4302],[97.8129,19.4125],[97.8033,19.4048],[97.7877,19.4035],[97.7854,19.3984],[97.8036,19.3877],[97.8063,19.3764],[97.8001,19.3718],[97.7988,19.3527],[97.8135,19.3406],[97.8115,19.3338],[97.8255,19.3242],[97.8288,19.3031],[97.8407,19.3008],[97.8429,19.2929],[97.8103,19.2793],[97.8016,19.2891],[97.7906,19.2834],[97.7827,19.2675],[97.8094,19.2533],[97.8175,19.2382],[97.8265,19.2376],[97.8255,19.2291],[97.8417,19.225],[97.8452,19.2159],[97.845,19.2025],[97.8379,19.196],[97.8444,19.1826],[97.8388,19.171],[97.8444,19.1488],[97.8344,19.1365],[97.8407,19.1174],[97.837,19.095],[97.8109,19.0908],[97.792,19.0736],[97.769,19.0732],[97.7644,19.066],[97.7712,19.056],[97.769,19.045],[97.7597,19.0384],[97.7356,19.0405],[97.7383,18.9787],[97.7302,18.9716],[97.7259,18.9744],[97.722,18.9673],[97.7046,18.9677],[97.7073,18.9579],[97.7003,18.9577],[97.6923,18.9486],[97.6841,18.9529],[97.6681,18.9478],[97.6655,18.9379],[97.6709,18.9296],[97.6891,18.9256],[97.6888,18.9157],[97.7039,18.8974],[97.7109,18.8972],[97.7197,18.8865],[97.7369,18.887],[97.7413,18.8816],[97.7392,18.8665],[97.7476,18.8571],[97.7439,18.8502],[97.749,18.8451],[97.7463,18.8343],[97.7389,18.8284],[97.7451,18.8127],[97.7527,18.8086],[97.7485,18.7985],[97.754,18.7667],[97.7635,18.7589],[97.7516,18.7371],[97.7581,18.712],[97.7652,18.7084],[97.774,18.6892],[97.7724,18.6739],[97.7673,18.6693],[97.7723,18.6557],[97.7669,18.633],[97.7739,18.6103],[97.7667,18.5889],[97.7692,18.5788],[97.7513,18.5762],[97.7312,18.5865],[97.7255,18.5844],[97.7224,18.5736],[97.6999,18.5696],[97.675,18.5771],[97.6708,18.5735],[97.6511,18.5772],[97.6353,18.5587],[97.6273,18.5656],[97.6141,18.5612],[97.6226,18.5443],[97.6199,18.5393],[97.6131,18.5457],[97.6034,18.5362],[97.5717,18.535],[97.5634,18.5217],[97.546,18.5295],[97.5344,18.4911],[97.5188,18.4977],[97.5018,18.4935],[97.491,18.5099],[97.4818,18.5111],[97.4664,18.4978],[97.444,18.495],[97.4434,18.5021],[97.4365,18.507],[97.4358,18.5208],[97.4284,18.5255],[97.4267,18.5454],[97.4092,18.5552],[97.4032,18.5667],[97.3883,18.56],[97.3631,18.5599],[97.3619,18.5995],[97.3438,18.5761],[97.3462,18.5461],[97.3868,18.5054],[97.3986,18.4587],[97.4182,18.4356],[97.4264,18.408],[97.4421,18.4033],[97.4521,18.3898],[97.4511,18.3753],[97.4421,18.3601],[97.4476,18.3303],[97.5018,18.2674],[97.5205,18.2726],[97.5366,18.2862],[97.5497,18.3309],[97.5594,18.3394],[97.576,18.3387],[97.6202,18.3179],[97.6395,18.2877],[97.6339,18.2719],[97.611,18.2501],[97.6093,18.2376],[97.6141,18.2241],[97.6511,18.1785],[97.6759,18.162],[97.6776,18.1151],[97.6907,18.0854],[97.6802,18.0751],[97.682,18.0637],[97.6871,18.0595],[97.6978,18.0669],[97.7081,18.0566],[97.7235,18.0242],[97.7208,18.0129],[97.7363,17.9865],[97.7375,17.9746],[97.7323,17.9543],[97.7077,17.9464],[97.6872,17.9254],[97.686,17.9104],[97.6717,17.879],[97.6995,17.8192],[97.7035,17.8156],[97.7182,17.8194],[97.723,17.7997],[97.7345,17.7963],[97.7422,17.7859]],[[98.4663,19.6924],[98.4721,19.6563],[98.4814,19.6547],[98.5043,19.6312],[98.5215,19.6262],[98.5266,19.6137],[98.5402,19.6111],[98.5357,19.6018],[98.5454,19.5635],[98.5423,19.5585],[98.5659,19.5469],[98.5616,19.5307],[98.5682,19.5076],[98.577,19.5118],[98.5952,19.4897],[98.5925,19.4837],[98.6001,19.4701],[98.5955,19.4621],[98.5913,19.4629],[98.5845,19.4264],[98.5856,19.4152],[98.5963,19.4073],[98.5879,19.3982],[98.5773,19.3987],[98.573,19.3873],[98.5815,19.3662],[98.5923,19.3675],[98.5965,19.3625],[98.5954,19.3541],[98.5901,19.3533],[98.594,19.3397],[98.5891,19.3324],[98.6023,19.3103],[98.5943,19.2892],[98.6049,19.2798],[98.5916,19.2678],[98.5873,19.2554],[98.5989,19.229],[98.5853,19.2175],[98.5716,19.2164],[98.568,19.2099],[98.5856,19.1861],[98.6056,19.1809],[98.6075,19.173],[98.6228,19.1681],[98.6229,19.1577],[98.6383,19.1547],[98.6365,19.1399],[98.6441,19.1052],[98.6522,19.0943],[98.6388,19.0664],[98.621,19.0679],[98.5945,19.0431],[98.5822,19.0486],[98.5682,19.0459],[98.5643,19.0382],[98.5562,19.0386],[98.5443,19.0269],[98.5298,19.0253],[98.5056,19.0362],[98.4396,19.0486],[98.4202,19.0272],[98.4008,19.0364],[98.393,19.0553],[98.3727,19.0666],[98.3718,19.0846],[98.3527,19.0912],[98.3535,19.1003],[98.3429,19.1225],[98.3497,19.1319],[98.3392,19.1431],[98.3418,19.1516],[98.3303,19.1503],[98.3204,19.1559],[98.2849,19.1528],[98.2701,19.1561],[98.2654,19.152],[98.252,19.1609],[98.2431,19.1535],[98.2405,19.1397],[98.2442,19.132],[98.2408,19.1266],[98.2519,19.1152],[98.2506,19.1083],[98.2382,19.1023],[98.2368,19.0944],[98.2258,19.0879],[98.2245,19.0793],[98.2086,19.0627],[98.2052,19.0488],[98.1913,19.0407],[98.1912,19.0324],[98.1844,19.0318],[98.1859,19.0147],[98.1692,18.9988],[98.1636,18.981],[98.1731,18.9616],[98.1726,18.9513],[98.1664,18.9395],[98.1566,18.937],[98.1573,18.9202],[98.1436,18.9116],[98.1298,18.9118],[98.0921,18.8702],[98.0784,18.8214],[98.0883,18.8044],[98.0861,18.793],[98.0932,18.7766],[98.1076,18.7802],[98.1219,18.7755],[98.1179,18.7672],[98.1207,18.7591],[98.0937,18.7383],[98.1022,18.7355],[98.1077,18.7133],[98.1002,18.7039],[98.1073,18.6882],[98.1048,18.677],[98.1127,18.6703],[98.1054,18.6486],[98.1181,18.6345],[98.1437,18.6394],[98.1611,18.6264],[98.1828,18.6252],[98.1824,18.6097],[98.2107,18.6072],[98.2129,18.5909],[98.2274,18.5867],[98.2372,18.5693],[98.232,18.5572],[98.2093,18.538],[98.1926,18.5406],[98.1848,18.5482],[98.1752,18.5472],[98.1703,18.5251],[98.1629,18.5248],[98.1543,18.5124],[98.1462,18.5139],[98.1286,18.5006],[98.1224,18.5026],[98.1056,18.4583],[98.0827,18.4459],[98.074,18.4294],[98.0826,18.4178],[98.0937,18.4214],[98.1108,18.4091],[98.1258,18.4064],[98.1228,18.3945],[98.1356,18.3857],[98.1454,18.363],[98.1926,18.3364],[98.195,18.3302],[98.1976,18.3333],[98.2082,18.3076],[98.2018,18.2914],[98.1933,18.2851],[98.1672,18.2821],[98.1528,18.2864],[98.1384,18.2812],[98.1356,18.2681],[98.1429,18.2522],[98.139,18.2404],[98.1504,18.2245],[98.169,18.2227],[98.1662,18.2046],[98.1761,18.1921],[98.1666,18.1822],[98.167,18.1682],[98.1558,18.1637],[98.168,18.1412],[98.1629,18.1338],[98.1654,18.1194],[98.1907,18.114],[98.2035,18.0998],[98.2017,18.0907],[98.2062,18.0883],[98.2235,18.0902],[98.2303,18.0987],[98.2335,18.0919],[98.2285,18.0885],[98.2427,18.088],[98.2411,18.0791],[98.2473,18.0759],[98.2539,18.0791],[98.2565,18.0877],[98.2818,18.0821],[98.2868,18.085],[98.2895,18.0782],[98.2767,18.0525],[98.2638,18.0497],[98.254,18.0266],[98.2431,18.0193],[98.2403,18.0117],[98.2462,17.9896],[98.2299,17.9855],[98.2268,17.9903],[98.2267,17.9859],[98.2119,17.9811],[98.2055,17.9854],[98.1973,17.9791],[98.1837,17.9812],[98.1799,17.9719],[98.1715,17.9749],[98.1666,17.972],[98.1701,17.969],[98.1616,17.9705],[98.1604,17.9616],[98.1528,17.9603],[98.1502,17.9403],[98.1436,17.9354],[98.1334,17.946],[98.1222,17.946],[98.0993,17.9625],[98.09,17.9633],[98.0621,17.9498],[98.056,17.952],[98.0468,17.943],[98.0346,17.9426],[98.0228,17.9362],[98.0168,17.9201],[98.0119,17.9273],[98.008,17.9219],[98.0104,17.8958],[98.027,17.8886],[98.0324,17.8762],[98.0477,17.8686],[98.0541,17.8704],[98.0595,17.8577],[98.0696,17.8533],[98.0733,17.8292],[98.0879,17.8084],[98.1087,17.7935],[98.1147,17.7984],[98.1325,17.7967],[98.1472,17.7766],[98.1422,17.7637],[98.1353,17.7597],[98.1398,17.749],[98.1491,17.7458],[98.1534,17.7297],[98.1453,17.6832],[98.1233,17.6577],[98.0892,17.6372]],[[98.4925,7.366],[98.5126,7.4502],[98.5485,7.4947],[98.5714,7.5484],[98.5985,7.5459],[98.6295,7.5088],[98.6554,7.4871]],[[98.5061,9.3089],[98.4803,9.3038],[98.4819,9.3112],[98.4713,9.3217],[98.4661,9.3142],[98.4562,9.316],[98.4473,9.3237],[98.4476,9.3303],[98.44,9.333],[98.437,9.3268],[98.4172,9.3354],[98.4073,9.3485],[98.4022,9.347],[98.4015,9.3297],[98.3952,9.3299],[97.914,9.4849],[97.6651,9.5238]],[[98.5061,9.3089],[98.5121,9.3265],[98.5477,9.3612],[98.5661,9.3589],[98.5876,9.3679],[98.5908,9.3558],[98.611,9.3423],[98.6345,9.3565],[98.6561,9.3477],[98.6679,9.3572],[98.6746,9.3877],[98.6484,9.3878],[98.6544,9.4018],[98.6474,9.425],[98.6511,9.4285],[98.6602,9.4207],[98.6667,9.4217],[98.6813,9.4353],[98.6681,9.4487],[98.667,9.4652],[98.6946,9.47],[98.7048,9.4864],[98.7158,9.4867],[98.7169,9.4991],[98.7356,9.5235],[98.7482,9.5356],[98.7636,9.5367],[98.7685,9.5446],[98.7576,9.5604],[98.7586,9.5746],[98.7378,9.5846],[98.7396,9.6009]],[[98.5578,15.6525],[98.563,15.6397],[98.5529,15.6017],[98.5854,15.4712],[98.5803,15.3756],[98.5596,15.336],[98.5495,15.3376],[98.5511,15.3454],[98.5447,15.3538],[98.5477,15.3583],[98.5375,15.371],[98.5243,15.3704],[98.5157,15.379],[98.5098,15.375],[98.5,15.3893],[98.4828,15.3916],[98.4813,15.3774],[98.47,15.3711],[98.457,15.3853],[98.4501,15.3832],[98.455,15.3681],[98.4478,15.3694],[98.4354,15.3626],[98.4305,15.3677],[98.4171,15.3654],[98.4147,15.3555],[98.3943,15.3427],[98.3896,15.3346],[98.3896,15.3292],[98.4002,15.321],[98.4017,15.3082],[98.386,15.3013],[98.4073,15.302],[98.4175,15.272],[98.4173,15.2664],[98.4039,15.2551],[98.3887,15.272],[98.3798,15.2725],[98.3742,15.2843],[98.3666,15.2826],[98.3535,15.2934],[98.3388,15.2938],[98.306,15.3135],[98.2977,15.3135],[98.2956,15.3084],[98.3005,15.3034],[98.2942,15.2966],[98.3038,15.2809],[98.3005,15.2749],[98.2809,15.271],[98.2815,15.2635],[98.2599,15.2353],[98.2586,15.2237],[98.2351,15.2201],[98.2202,15.225],[98.2125,15.2365],[98.1977,15.2335],[98.1998,15.211],[98.2096,15.2005],[98.2084,15.1897],[98.2134,15.182],[98.1993,15.1559],[98.1904,15.1508],[98.1887,15.1418],[98.1934,15.1359],[98.1834,15.1214],[98.1817,15.1084],[98.1837,15.0963],[98.1935,15.087],[98.193,15.0768],[98.2098,15.0763],[98.2314,15.0444],[98.224,15.0262],[98.2128,15.0204],[98.2083,14.9846],[98.2092,14.9798],[98.2333,14.9666],[98.2287,14.9469],[98.2432,14.9401],[98.2433,14.9225],[98.251,14.916],[98.2298,14.8903],[98.2593,14.8585],[98.2585,14.8434],[98.2458,14.8312],[98.2539,14.8138],[98.2766,14.797],[98.2829,14.7762],[98.2944,14.7699],[98.3052,14.7321],[98.3151,14.7269],[98.3236,14.7098],[98.3304,14.7061],[98.3379,14.7099],[98.34,14.7035],[98.3616,14.6885],[98.3666,14.6662],[98.4372,14.6131],[98.4441,14.5927],[98.4593,14.5773],[98.4559,14.5566],[98.4616,14.5309],[98.4697,14.5365],[98.4849,14.5346],[98.4919,14.5406],[98.5114,14.4776],[98.5204,14.47],[98.533,14.4432],[98.5458,14.4407],[98.548,14.4224],[98.5576,14.4197],[98.5567,14.403],[98.565,14.3849],[98.5734,14.3804],[98.5769,14.3684],[98.5899,14.3699],[98.5939,14.3762],[98.5974,14.3682],[98.5931,14.344],[98.6016,14.3217],[98.6146,14.3125],[98.6305,14.316],[98.6422,14.3009],[98.6684,14.2877],[98.6812,14.2733],[98.6998,14.2738],[98.7,14.2599],[98.7053,14.253],[98.7246,14.2392],[98.7315,14.2411],[98.7428,14.2333],[98.7566,14.2138],[98.7761,14.2074],[98.7828,14.1959],[98.7995,14.1925],[98.8135,14.1754],[98.8348,14.172],[98.8396,14.1631],[98.8673,14.1478],[98.8752,14.1273],[98.8992,14.1091],[98.9206,14.11],[98.9451,14.0929],[98.959,14.097],[98.9689,14.0801],[98.9713,14.034],[98.9988,14.0192],[98.9958,14.014],[99.0094,13.9938],[99.0208,13.9456],[99.0438,13.9417],[99.0593,13.9293],[99.0659,13.9074],[99.0773,13.894],[99.0941,13.8895],[99.1077,13.8932],[99.1109,13.8674],[99.101,13.855],[99.0994,13.8381],[99.1144,13.8307],[99.1145,13.8198],[99.1214,13.8136],[99.1225,13.8002],[99.1175,13.7953],[99.1214,13.773],[99.1417,13.7575],[99.1537,13.7555],[99.1544,13.7355],[99.1608,13.7264],[99.167,13.7261]],[[98.6554,7.4871],[98.6871,7.4661],[98.6888,7.3652],[98.7323,7.2796],[98.7808,7.243],[98.8211,7.2237],[98.8613,7.2156],[98.8714,7.1268],[98.8846,7.0898],[98.8953,7.0761]],[[98.6854,17.791],[98.6876,17.7797],[98.7055,17.7609],[98.7033,17.7438],[98.7245,17.7254],[98.7257,17.7154],[98.7415,17.7046],[98.7463,17.6927],[98.7245,17.676],[98.684,17.6647],[98.6894,17.6562],[98.6846,17.6452],[98.6916,17.6315],[98.6826,17.5968],[98.6943,17.5846],[98.7019,17.5569],[98.7026,17.5266],[98.697,17.5136],[98.7056,17.5012],[98.7052,17.486],[98.6886,17.4747],[98.6827,17.4605],[98.6809,17.4472],[98.691,17.4259],[98.7186,17.4656],[98.7499,17.4681],[98.7638,17.4842],[98.7855,17.496],[98.8137,17.4988],[98.8159,17.5073],[98.8288,17.5147],[98.8545,17.5133],[98.8699,17.5003],[98.8719,17.4919],[98.8796,17.491],[98.882,17.5094],[98.9102,17.5367]],[[98.6854,17.791],[98.7127,17.7988],[98.727,17.7936],[98.7428,17.8057],[98.7628,17.8018],[98.7775,17.831],[98.7846,17.8326],[98.7896,17.8303],[98.7874,17.825],[98.7943,17.8238],[98.7924,17.8166],[98.7973,17.8142],[98.7921,17.8125],[98.7992,17.7961],[98.8271,17.7992],[98.8571,17.8146],[98.8518,17.822],[98.852,17.846],[98.8597,17.8557],[98.8692,17.8489],[98.8707,17.8542],[98.867,17.8779],[98.856,17.8976],[98.8504,17.9293],[98.8426,17.9417],[98.8407,17.9638],[98.83,17.9755],[98.8328,17.9883],[98.8075,18.0086],[98.7868,17.9988],[98.7769,18.0006],[98.7791,18.014],[98.7942,18.0301],[98.7911,18.0368],[98.7971,18.0458],[98.7968,18.057],[98.8081,18.0646],[98.8065,18.0728],[98.8136,18.0787],[98.797,18.0861],[98.8015,18.1048],[98.8092,18.1127],[98.8053,18.1556],[98.7931,18.1597],[98.7827,18.1793],[98.7802,18.1957],[98.7852,18.221],[98.7724,18.2296],[98.777,18.237],[98.7754,18.2497],[98.7705,18.256],[98.7364,18.2667],[98.7202,18.286],[98.7022,18.2914],[98.6838,18.3099],[98.6725,18.3101],[98.6719,18.3268],[98.6883,18.3345],[98.6975,18.3299],[98.7036,18.3322],[98.6957,18.3518],[98.6815,18.369],[98.6899,18.391],[98.7095,18.4138],[98.6983,18.4104],[98.6933,18.415],[98.7074,18.4407],[98.7166,18.433],[98.7253,18.4453],[98.7428,18.4313],[98.7647,18.4347],[98.7766,18.4491],[98.798,18.4526],[98.805,18.4629],[98.8143,18.4616],[98.8158,18.472],[98.8378,18.4851],[98.846,18.4994],[98.8593,18.5006],[98.8677,18.5153],[98.8794,18.5105],[98.9147,18.5362],[98.9341,18.542],[98.9325,18.5544],[98.9381,18.5635],[98.9432,18.5633],[98.9569,18.5919],[98.9694,18.6026],[98.9654,18.6152],[98.9783,18.6355],[99.0045,18.6431],[99.0042,18.662],[99.0099,18.6733],[99.047,18.6679],[99.0652,18.6597],[99.0693,18.6676],[99.0739,18.667],[99.0762,18.6818],[99.1135,18.6791],[99.127,18.6834],[99.1357,18.7005],[99.1514,18.7081],[99.1893,18.7058],[99.1887,18.6789],[99.2058,18.6678],[99.2063,18.6601],[99.2337,18.6514],[99.2307,18.6241],[99.2353,18.6169],[99.2229,18.607],[99.2175,18.592],[99.2637,18.5716],[99.2963,18.537],[99.3173,18.5322]],[[98.7034,8.632],[98.6989,8.633],[98.6974,8.6436],[98.6749,8.6617],[98.663,8.6564],[98.6483,8.6593],[98.6381,8.6437],[98.6114,8.6375],[98.6043,8.6257],[98.6008,8.6302],[98.5868,8.6281],[98.5644,8.6381],[98.5502,8.6549],[98.5374,8.6601],[98.5463,8.674],[98.5594,8.6749],[98.5703,8.6817],[98.5823,8.7029],[98.5947,8.7122],[98.5939,8.7438],[98.6015,8.7823],[98.5987,8.7968],[98.5855,8.806],[98.5747,8.8041],[98.5548,8.8141],[98.5529,8.8295],[98.5327,8.8449],[98.5357,8.8584],[98.5144,8.8605],[98.5054,8.881],[98.446,8.8953],[98.4571,8.9323],[98.4431,8.9452],[98.4499,8.9508],[98.4509,8.9651],[98.4942,8.9851],[98.5054,8.9825],[98.511,8.9955],[98.4936,9.0158],[98.4888,9.0159],[98.4853,9.0336],[98.4752,9.0445],[98.473,9.0637],[98.4946,9.081],[98.4893,9.1088],[98.4806,9.1239],[98.4837,9.1401],[98.5033,9.1541],[98.4948,9.1707],[98.4931,9.1873],[98.4987,9.1941],[98.5003,9.2132],[98.525,9.2353],[98.5311,9.2542],[98.5245,9.2826],[98.5276,9.2966],[98.5061,9.3089]],[[98.7034,8.632],[98.703,8.6051],[98.7077,8.5971],[98.6911,8.576],[98.6775,8.5205],[98.6732,8.5197],[98.6626,8.4913],[98.6492,8.4827],[98.6653,8.4662],[98.6655,8.4591],[98.6713,8.4592],[98.6649,8.4546],[98.6647,8.4269],[98.6491,8.4206],[98.6441,8.4113],[98.6624,8.3848],[98.6345,8.3747],[98.5996,8.3046],[98.6454,8.1961],[98.6728,8.1961],[98.6548,8.1236],[98.6554,7.4871]],[[98.7396,9.6009],[98.7473,9.6026],[98.7504,9.6115],[98.7676,9.6271],[98.7685,9.6384],[98.7642,9.6419],[98.7686,9.6865],[98.7881,9.6936],[98.7921,9.6842],[98.805,9.6883],[98.8191,9.7043],[98.8444,9.7033],[98.858,9.7129],[98.8629,9.7269],[98.8725,9.7312],[98.8969,9.7193],[98.904,9.7245],[98.9109,9.723],[98.9393,9.6814],[98.9513,9.6784],[98.9619,9.6824],[98.9654,9.6758],[98.9782,9.6814],[98.9824,9.6716],[99.0103,9.699],[99.0201,9.6934],[99.0227,9.6982],[99.0319,9.6956],[99.0408,9.6832],[99.0463,9.6882],[99.0584,9.6887],[99.0669,9.7021],[99.0805,9.6964],[99.089,9.7063],[99.1217,9.7035],[99.1346,9.7075],[99.1518,9.6943],[99.1584,9.7039],[99.7586,9.8124],[99.7582,10.1766],[100.0621,10.1769]],[[98.8892,10.7741],[98.8786,10.7884],[98.867,10.7753],[98.8589,10.7762],[98.8447,10.7535],[98.8387,10.7523],[98.836,10.7413],[98.8236,10.7322],[98.818,10.7183],[98.8096,10.7156],[98.8126,10.7128],[98.8077,10.7073],[98.8011,10.7066],[98.8028,10.7006],[98.79,10.6874],[98.7914,10.6833],[98.7843,10.6803],[98.783,10.6843],[98.7797,10.6784],[98.7846,10.6523],[98.7708,10.6205],[98.7808,10.6159],[98.7811,10.6012],[98.7855,10.6062],[98.8006,10.6039],[98.797,10.5957],[98.8019,10.5863],[98.8107,10.5922],[98.8047,10.5641],[98.7984,10.5589],[98.8127,10.5542],[98.8177,10.5466],[98.8094,10.5396],[98.8152,10.5391],[98.8132,10.53],[98.8218,10.5288],[98.818,10.5266],[98.8146,10.4934],[98.8038,10.4878],[98.8062,10.4818],[98.7996,10.4828],[98.8089,10.4693],[98.7962,10.4549],[98.7999,10.4467],[98.7812,10.4412],[98.768,10.4067],[98.7555,10.3932],[98.7426,10.3215],[98.7333,10.3112],[98.7002,10.2132],[98.6714,10.1713],[98.6523,10.161],[98.641,10.1309],[98.6453,10.1137],[98.6199,10.0569],[98.5795,9.9863],[98.5647,9.9402],[98.5505,9.9287],[98.5391,9.9316],[98.523,9.9249],[98.5032,9.9385],[98.4968,9.9527],[98.4541,9.9658],[98.4194,9.9644],[98.406,9.9556],[98.3372,9.884],[98.2873,9.7849],[98.2302,9.6431],[98.1821,9.5958],[98.1195,9.5543],[98.0648,9.5335],[97.98,9.5261],[97.8598,9.5788],[97.7163,9.6059],[97.7159,9.5964],[97.6651,9.5238]],[[98.8892,10.7741],[98.8977,10.7519],[98.9092,10.7533],[98.9143,10.7477],[98.8992,10.7062],[98.8899,10.6959],[98.894,10.6818],[98.9077,10.6925],[98.9083,10.6775],[98.925,10.6781],[98.9297,10.6727],[98.925,10.657],[98.9276,10.649],[98.9401,10.6494],[98.9509,10.6373],[98.9452,10.6118],[98.9592,10.6165],[98.9649,10.6049],[98.9566,10.5793],[98.9411,10.5699],[98.9439,10.5581],[98.9626,10.5396],[98.9523,10.535],[98.9448,10.5173],[98.9244,10.5134],[98.9112,10.4902],[98.8948,10.4835],[98.8948,10.475],[98.884,10.4574],[98.8891,10.4558],[98.887,10.4514],[98.8957,10.4407],[98.8938,10.4164],[98.9047,10.4106],[98.9015,10.398],[98.9288,10.395],[98.9294,10.3859],[98.9376,10.3833],[98.9307,10.3648],[98.9419,10.3592],[98.9434,10.3519],[98.9307,10.3264],[98.9007,10.2894],[98.8998,10.2777],[98.9092,10.2669],[98.9037,10.254],[98.8945,10.2505],[98.9004,10.2422],[98.8905,10.236],[98.8915,10.2232],[98.8776,10.2093],[98.8709,10.1866],[98.8887,10.17],[98.889,10.1609],[98.8696,10.1539],[98.8687,10.1338],[98.8592,10.13],[98.8586,10.1188],[98.8641,10.1194],[98.8662,10.1084],[98.8628,10.0935],[98.8557,10.0837],[98.8478,10.0833],[98.8354,10.0661],[98.8583,10.0611],[98.8929,10.0647],[98.903,10.0546],[98.9006,10.045],[98.9063,10.0331],[98.8836,10.0055],[98.8671,9.9954],[98.8573,9.9975],[98.8439,9.9921],[98.8282,9.9776],[98.8295,9.9709],[98.8218,9.9589],[98.8235,9.9482],[98.814,9.9361],[98.8026,9.9433],[98.7938,9.9407],[98.7806,9.9504],[98.7559,9.9337],[98.7523,9.9181],[98.7204,9.8934],[98.7191,9.8646],[98.7035,9.852],[98.6927,9.8333],[98.6823,9.8348],[98.6461,9.7921],[98.633,9.7885],[98.6332,9.7674],[98.6276,9.7638],[98.6346,9.7425],[98.6423,9.7383],[98.6378,9.721],[98.6501,9.7008],[98.6462,9.6914],[98.6595,9.6847],[98.6599,9.6773],[98.6478,9.6622],[98.6545,9.653],[98.672,9.6549],[98.6973,9.6356],[98.721,9.6289],[98.7396,9.6009]],[[98.8953,7.0761],[98.917,7.0523],[98.9651,7.0162],[99.0369,6.9961],[99.0842,6.9951],[99.1089,7.0004],[99.1493,7.0133],[99.188,7.0386],[99.2093,6.9922],[99.3023,6.876],[99.3051,6.8299]],[[98.8953,7.0761],[99.0053,7.1861],[99.0924,7.158],[99.1206,7.1859],[99.0963,7.2772],[99.2472,7.4284],[99.1802,7.6129],[99.2598,7.6574],[99.2741,7.6781],[99.2863,7.6796],[99.2866,7.6882],[99.2984,7.6879],[99.3084,7.7011],[99.3072,7.719],[99.3125,7.7344],[99.3078,7.7385],[99.3063,7.755],[99.289,7.7624],[99.288,7.7716],[99.3017,7.7907],[99.3033,7.8079],[99.2871,7.8101],[99.2873,7.8182],[99.2934,7.8192],[99.2942,7.8251],[99.2784,7.8474],[99.2875,7.8591],[99.3225,7.8709],[99.3318,7.8823],[99.3302,7.8924],[99.3384,7.9098],[99.3338,7.9288],[99.3553,7.9322],[99.365,7.9378],[99.3652,7.945]],[[98.9102,17.5367],[98.9248,17.5257],[98.9218,17.5126],[98.9282,17.5064],[98.9314,17.4736],[98.9456,17.4686],[98.9553,17.4743],[98.9592,17.4629],[98.9805,17.4677],[99.0138,17.4226],[99.012,17.4146],[99.0326,17.4105],[99.0469,17.3857],[99.0567,17.3881],[99.0776,17.3732],[99.0864,17.3774],[99.1096,17.3588],[99.1172,17.3674],[99.1418,17.361],[99.1614,17.3325],[99.1738,17.3357],[99.177,17.3488],[99.1913,17.3544],[99.2061,17.3687],[99.2109,17.3765],[99.2079,17.3828],[99.2251,17.4047],[99.25,17.4067],[99.2666,17.4027],[99.2754,17.3824],[99.2705,17.3564],[99.2716,17.348],[99.2778,17.3463],[99.2766,17.3315],[99.2863,17.3116],[99.2931,17.3113],[99.2969,17.3043],[99.303,17.2739],[99.3152,17.2698]],[[98.984,15.18],[98.9641,15.2055],[98.9556,15.247],[98.9426,15.2529],[98.9233,15.2467],[98.915,15.2564],[98.9144,15.2655],[98.8863,15.2751],[98.8914,15.2904],[98.871,15.3246],[98.8402,15.348],[98.831,15.3456],[98.8294,15.3558],[98.7833,15.4084],[98.7794,15.4231],[98.7546,15.4407],[98.7595,15.4721],[98.7477,15.4826],[98.7373,15.4794],[98.7297,15.4886],[98.7027,15.5013],[98.7033,15.5101],[98.7185,15.5062],[98.7179,15.513],[98.7238,15.5175],[98.6613,15.5983],[98.6478,15.6334],[98.6403,15.6381],[98.6323,15.6276],[98.6255,15.6265],[98.6224,15.6305],[98.6268,15.6386],[98.6133,15.6448],[98.6075,15.6411],[98.5903,15.6444],[98.5837,15.6604],[98.5578,15.6525]],[[98.984,15.18],[98.989,15.1869],[99.0023,15.1847],[99.0085,15.2082],[99.0062,15.2386],[99.0195,15.2462],[99.0167,15.2653],[99.0238,15.2787],[99.0384,15.2885],[99.0376,15.2974],[99.0311,15.3026],[99.0311,15.3362],[99.0431,15.3462],[99.0435,15.3757],[99.0537,15.3791],[99.0604,15.3936],[99.0696,15.3961],[99.0676,15.4205],[99.0588,15.4393],[99.0641,15.472],[99.0785,15.4994],[99.0729,15.5115],[99.0547,15.526],[99.0481,15.5555],[99.0518,15.5636],[99.0941,15.5823],[99.0909,15.5898],[99.0972,15.6111],[99.1064,15.6148],[99.1158,15.6321],[99.1163,15.6461],[99.112,15.6497],[99.116,15.6622],[99.1113,15.6678],[99.1268,15.6954],[99.1282,15.7226],[99.1389,15.7313],[99.1273,15.7682],[99.1361,15.7891],[99.1337,15.7983]],[[99.0861,15.8845],[99.0975,15.8712],[99.094,15.8612],[99.0989,15.8536],[99.0968,15.8314],[99.1037,15.8273],[99.1033,15.8212],[99.1237,15.8144],[99.1337,15.7983]],[[99.0861,15.8845],[99.0955,15.8826],[99.1285,15.9121],[99.1376,15.9056],[99.1458,15.9078],[99.1534,15.9199],[99.1737,15.9283],[99.1725,15.9373],[99.1862,15.9283],[99.1955,15.9395],[99.1942,15.9454],[99.2042,15.9363],[99.21,15.9484],[99.2176,15.9434],[99.2136,15.939],[99.2196,15.9367],[99.2226,15.9447],[99.2343,15.9283],[99.2662,15.9075],[99.2713,15.912],[99.2739,15.9038],[99.2896,15.8916],[99.2899,15.905],[99.2944,15.9029],[99.2973,15.9089],[99.3102,15.9046],[99.3104,15.9174],[99.3202,15.9178],[99.3197,15.9274],[99.3276,15.9206],[99.3291,15.9117],[99.3581,15.926],[99.3736,15.9154],[99.3917,15.9172],[99.4043,15.9106],[99.4151,15.9105],[99.4256,15.9203],[99.4311,15.9094],[99.4663,15.9007],[99.477,15.9024],[99.4816,15.9108],[99.4785,15.9219],[99.5022,15.9284],[99.5312,15.9203],[99.5386,15.9248],[99.5541,15.9158],[99.5577,15.9062],[99.5927,15.9064],[99.5988,15.8976],[99.6062,15.8986],[99.6241,15.8873],[99.6291,15.8761],[99.6338,15.885],[99.6454,15.8863],[99.6617,15.8752],[99.6579,15.8621],[99.6636,15.8553],[99.6829,15.8632],[99.6978,15.8774],[99.7235,15.8731],[99.7367,15.8586],[99.7438,15.8583],[99.751,15.8813],[99.7735,15.9031],[99.7692,15.9219],[99.7859,15.9274],[99.805,15.9206],[99.8072,15.9441],[99.8252,15.9506],[99.8283,15.9629],[99.8475,15.9818],[99.8452,16.0235],[99.872,16.0323],[99.8737,16.0369],[99.895,16.0395],[99.9102,16.0517],[99.9162,16.0488],[99.9351,16.056],[99.9409,16.0719],[99.9583,16.0863],[99.9729,16.1103],[99.9965,16.123],[99.9968,16.1333],[100.0167,16.1489],[100.0249,16.1912]],[[99.1337,15.7983],[99.1589,15.7931],[99.1662,15.778],[99.187,15.7836],[99.1902,15.7795],[99.2135,15.7798],[99.2166,15.7666],[99.2276,15.7482],[99.2386,15.7423],[99.2455,15.7223],[99.2768,15.7165],[99.2968,15.6929],[99.3331,15.6915],[99.3399,15.685],[99.3547,15.682],[99.372,15.6636],[99.368,15.6499],[99.3787,15.626],[99.399,15.6131],[99.4228,15.6143],[99.4289,15.6083],[99.4263,15.605],[99.4501,15.5913],[99.4548,15.5815],[99.4616,15.5823],[99.4715,15.5639],[99.4909,15.5704],[99.5043,15.5618],[99.5172,15.5627],[99.5266,15.574],[99.5377,15.5771],[99.5464,15.5902],[99.5671,15.5949],[99.5964,15.6285],[99.6166,15.6337],[99.6269,15.6426],[99.6601,15.649],[99.6693,15.6699],[99.7059,15.6859],[99.7174,15.6813],[99.7338,15.688],[99.7584,15.6699],[99.7655,15.657],[99.7879,15.6523],[99.7999,15.6408],[99.8209,15.6429],[99.8358,15.6293],[99.8619,15.6173],[99.8659,15.6187],[99.8623,15.6202],[99.8638,15.6537],[99.8732,15.6585],[99.8981,15.6499],[99.9343,15.6534],[99.942,15.6199],[99.9373,15.5981],[99.9425,15.5724],[99.9403,15.5333],[99.9469,15.5012],[99.9596,15.507],[99.9981,15.4855],[100.0161,15.5088],[100.0317,15.5063],[100.0245,15.4857],[100.0298,15.4774],[100.0277,15.4657],[100.0494,15.4529],[100.0661,15.4528],[100.0549,15.4252],[100.063,15.4222],[100.0691,15.4329],[100.0801,15.4394],[100.1038,15.4166]],[[99.1536,11.0338],[99.1468,11.0295],[99.1297,11.0303],[99.1045,11.0139],[99.0938,10.9729],[99.0793,10.955],[99.0567,10.9473],[99.0497,10.9621],[99.0399,10.9615],[99.0239,10.9707],[99.0119,10.9423],[99.0029,10.9351],[98.9977,10.9112],[99.0032,10.9072],[99.006,10.8922],[99.0003,10.8806],[99.0119,10.8722],[99.0115,10.8567],[98.9902,10.8441],[98.9833,10.8318],[98.9724,10.8313],[98.9588,10.812],[98.9365,10.8129],[98.9363,10.8189],[98.9228,10.8257],[98.9129,10.8107],[98.9043,10.7814],[98.8892,10.7741]],[[99.167,13.7261],[99.1669,13.6957],[99.1716,13.6883],[99.1655,13.6813],[99.1712,13.6716],[99.1672,13.6539],[99.1724,13.6304],[99.1655,13.613],[99.1788,13.5857],[99.1636,13.5742],[99.1924,13.545],[99.1918,13.5118],[99.1876,13.5056],[99.191,13.5007],[99.1873,13.4968],[99.2036,13.4794],[99.2075,13.4595],[99.1972,13.4509],[99.2043,13.4336],[99.2006,13.4274],[99.2102,13.4153],[99.204,13.4029],[99.2069,13.3802],[99.2015,13.3719],[99.2058,13.3664],[99.2027,13.3548],[99.2068,13.3392],[99.1921,13.3228],[99.1942,13.3045],[99.1869,13.2911],[99.2116,13.2619],[99.2025,13.2616],[99.1963,13.2547],[99.2084,13.2328],[99.2044,13.2191],[99.2107,13.2076]],[[99.167,13.7261],[99.1726,13.7409],[99.1962,13.7306],[99.2119,13.737],[99.2112,13.7423],[99.2225,13.7483],[99.2351,13.7469],[99.2402,13.7515],[99.2521,13.7438],[99.2659,13.7435],[99.2783,13.7596],[99.2862,13.7606],[99.3068,13.7771],[99.3171,13.7661],[99.3399,13.7558],[99.3788,13.755],[99.39,13.7633],[99.4097,13.7681],[99.4136,13.7746],[99.4552,13.7829],[99.4704,13.8067],[99.4795,13.8026],[99.4867,13.7833],[99.5085,13.7637],[99.5388,13.7613],[99.5694,13.7506],[99.5703,13.7579],[99.587,13.7733],[99.5956,13.7702],[99.5949,13.7746],[99.6132,13.7799],[99.6203,13.8017],[99.639,13.8222],[99.6371,13.8286],[99.6521,13.8331],[99.6527,13.8461],[99.6616,13.8471],[99.6613,13.8511],[99.6848,13.8535],[99.6973,13.8402],[99.7161,13.8411],[99.7193,13.8315],[99.7253,13.83],[99.7526,13.8332],[99.7637,13.8184],[99.7761,13.8234],[99.786,13.8184],[99.7842,13.8269],[99.7907,13.8238],[99.795,13.8275],[99.8092,13.8151],[99.7992,13.8276],[99.8079,13.8523],[99.8209,13.8582],[99.819,13.8661],[99.8256,13.8721],[99.8366,13.8725],[99.8399,13.8792],[99.8344,13.8797],[99.8358,13.8843],[99.8435,13.8858],[99.8487,13.8957],[99.8451,13.9177],[99.854,13.9216],[99.8568,13.9299],[99.8657,13.9314],[99.8793,13.9506],[99.8749,13.9568]],[[99.2107,13.2076],[99.1982,13.1935],[99.1945,13.1974],[99.1821,13.1928],[99.174,13.2028],[99.1566,13.2084],[99.1318,13.2031],[99.1234,13.1949],[99.1235,13.1822],[99.1166,13.1748],[99.1337,13.1646],[99.1373,13.1502],[99.1301,13.1427],[99.1369,13.1327],[99.1339,13.1186],[99.128,13.1156],[99.1311,13.0973],[99.1198,13.0961],[99.1028,13.0836],[99.0995,13.0727],[99.1038,13.0636],[99.1145,13.0584],[99.1258,13.0382],[99.1456,13.0335],[99.1479,13.0267],[99.1709,13.0151],[99.1686,13.0098],[99.1801,12.9933],[99.1949,12.9906],[99.187,12.978],[99.1951,12.96],[99.1936,12.9525],[99.1841,12.9447],[99.1726,12.9431],[99.1674,12.9291],[99.1623,12.9283],[99.1825,12.9112],[99.1806,12.8871],[99.1886,12.88],[99.1849,12.8617],[99.1886,12.8452],[99.1978,12.8442],[99.2105,12.8261],[99.2175,12.829],[99.2221,12.8221],[99.2278,12.7902],[99.2345,12.7804],[99.2341,12.7513],[99.2279,12.7439],[99.2386,12.7266],[99.2476,12.7194],[99.2703,12.7285],[99.2788,12.716],[99.2895,12.715],[99.2897,12.6991],[99.3008,12.6903],[99.2946,12.6778],[99.3091,12.6676],[99.3184,12.6695],[99.3381,12.6623],[99.3449,12.641],[99.3652,12.6353],[99.3652,12.6257],[99.3777,12.6219],[99.3789,12.616],[99.4138,12.6146],[99.4211,12.6087],[99.4254,12.5949],[99.4405,12.5815]],[[99.2828,14.9976],[99.2753,14.9912],[99.2563,14.9876],[99.2332,15.0125],[99.22,15.0098],[99.2038,15.0143],[99.1899,15.0277],[99.1777,15.0171],[99.162,15.0153],[99.1353,15.0375],[99.1469,15.0473],[99.1432,15.0518],[99.13,15.0493],[99.1186,15.0548],[99.1141,15.0445],[99.111,15.0473],[99.0784,15.0386],[99.0679,15.0475],[99.0559,15.0446],[99.0274,15.05],[99.0086,15.0703],[98.9997,15.071],[99.0119,15.0868],[99.0065,15.0989],[98.9973,15.1049],[98.9993,15.1357],[99.0076,15.1444],[99.0016,15.1621],[98.984,15.18]],[[99.2904,8.3126],[99.2908,8.3087],[99.2824,8.3109],[99.2768,8.3029],[99.2573,8.3024],[99.2096,8.336],[99.2014,8.3616],[99.205,8.366],[99.1864,8.3627],[99.1804,8.3721],[99.1605,8.3678],[99.1507,8.3595],[99.1371,8.3605],[99.1242,8.3681],[99.0618,8.3596],[99.0361,8.3623],[99.0181,8.3797],[99.0048,8.3851],[99.0016,8.3927],[98.9935,8.3945],[98.9888,8.4037],[98.9746,8.4099],[98.9732,8.418],[98.948,8.4227],[98.9388,8.4424],[98.9508,8.4921],[98.9435,8.5063],[98.9421,8.5323],[98.9324,8.5452],[98.9378,8.578],[98.9292,8.5932],[98.9189,8.596],[98.9197,8.6148],[98.9024,8.6314],[98.9026,8.6475],[98.8926,8.6622],[98.893,8.6745],[98.888,8.6813],[98.8411,8.678],[98.8015,8.6591],[98.798,8.6509],[98.7867,8.6509],[98.7707,8.6732],[98.7476,8.6751],[98.7228,8.6304],[98.7153,8.6337],[98.7058,8.6282],[98.7034,8.632]],[[99.3051,6.8299],[99.3089,6.7676],[99.2686,6.7805],[99.1762,6.7753],[99.1126,6.76],[99.0713,6.7337],[99.0389,6.705],[99.004,6.663],[98.9784,6.6106],[98.9603,6.5482],[98.9586,6.4867],[98.9691,6.4489],[99.0094,6.3817],[99.0682,6.3256],[99.1117,6.3],[99.3196,6.2727],[99.4562,6.307],[99.5089,6.4844],[99.554,6.506],[99.651,6.4779],[99.8804,6.5359],[99.9974,6.426],[100.1238,6.4229],[100.1336,6.4292],[100.1358,6.4445],[100.1479,6.4522],[100.1456,6.4687],[100.1591,6.4807],[100.1544,6.4851],[100.1607,6.4929],[100.1546,6.5218],[100.1538,6.5574],[100.1597,6.5626],[100.1568,6.5793],[100.1657,6.5698],[100.1718,6.574],[100.1757,6.5666],[100.1774,6.5724],[100.1836,6.5728],[100.1783,6.5923],[100.181,6.6017],[100.1698,6.6085],[100.1661,6.6316],[100.1683,6.6476],[100.1807,6.6543],[100.1798,6.6804],[100.1715,6.6934],[100.1786,6.6965],[100.1858,6.7168],[100.2051,6.7261]],[[99.3152,17.2698],[99.3215,17.2483],[99.3138,17.2194],[99.3194,17.2123],[99.3122,17.1884],[99.3191,17.1646],[99.3143,17.1457],[99.3298,17.1374],[99.3205,17.1278],[99.322,17.1143],[99.3392,17.093],[99.3548,17.0956],[99.3604,17.0914],[99.3709,17.097],[99.3852,17.0823],[99.394,17.0823],[99.3869,17.0623],[99.3934,17.0467],[99.3936,17.0248],[99.4171,17.0187],[99.4328,16.9795],[99.4579,16.9768],[99.4669,16.9824],[99.4524,16.9618],[99.4375,16.9543],[99.4447,16.9432],[99.4419,16.9334],[99.454,16.9273],[99.4568,16.9158],[99.4381,16.9018],[99.4326,16.8759]],[[99.3152,17.2698],[99.34,17.2674],[99.3717,17.2291],[99.374,17.2104],[99.3897,17.2056],[99.3949,17.2064],[99.4008,17.2204],[99.4199,17.2182],[99.4186,17.2263],[99.4285,17.2317],[99.4393,17.2284],[99.4453,17.2422],[99.4408,17.2521],[99.4554,17.2545],[99.4516,17.2966],[99.4568,17.3119],[99.4607,17.309],[99.4772,17.3261],[99.4768,17.3413],[99.4702,17.3679],[99.4566,17.369],[99.4425,17.3889],[99.4312,17.3896],[99.427,17.4088],[99.431,17.418],[99.4405,17.4219],[99.4411,17.4331],[99.4211,17.4423],[99.4144,17.4499],[99.418,17.458],[99.4062,17.4715],[99.4193,17.4864],[99.4214,17.5187],[99.4394,17.5274],[99.4307,17.5489],[99.4358,17.5635],[99.413,17.5741],[99.4226,17.5918],[99.4191,17.6005],[99.4257,17.6091],[99.44,17.6097],[99.4424,17.6028],[99.4543,17.5981],[99.4553,17.6085],[99.4469,17.6237],[99.4476,17.6448],[99.4507,17.6549],[99.4677,17.6629],[99.4762,17.6764],[99.4702,17.6913],[99.4752,17.6974],[99.4741,17.7165],[99.4793,17.729],[99.4711,17.7379]],[[99.3173,18.5322],[99.3212,18.4994],[99.298,18.4888],[99.2857,18.4923],[99.282,18.5002],[99.267,18.4948],[99.2573,18.4972],[99.2425,18.4801],[99.2382,18.4485],[99.2215,18.4302],[99.1995,18.4215],[99.1897,18.3886],[99.1672,18.3743],[99.169,18.3497],[99.153,18.3295],[99.1524,18.3155],[99.1251,18.3129],[99.1232,18.3002],[99.1125,18.2949],[99.1165,18.2741],[99.1133,18.2674],[99.1063,18.2654],[99.0929,18.2794],[99.0839,18.2796],[99.0817,18.2691],[99.063,18.2725],[99.0503,18.2653],[99.0292,18.265],[99.0178,18.2524],[99.0291,18.2161],[99.0568,18.1752],[99.0514,18.1634],[99.0651,18.1395],[99.0659,18.1086],[99.0704,18.1062],[99.0677,18.0974],[99.0733,18.083],[99.0707,18.0611],[99.0837,18.0433],[99.0834,18.0319],[99.0923,18.0243],[99.101,18.0011],[99.0949,17.9959],[99.1011,17.9835],[99.0955,17.975],[99.095,17.9548],[99.1014,17.9476],[99.1158,17.9462],[99.1082,17.9133],[99.1256,17.9156],[99.1469,17.9108],[99.1443,17.9012],[99.1635,17.8861],[99.1625,17.8769],[99.1833,17.8605],[99.1837,17.8502],[99.1591,17.8432],[99.1735,17.8216],[99.1687,17.8167],[99.1742,17.8099],[99.1589,17.808],[99.1352,17.8211],[99.1032,17.8126],[99.1098,17.7928],[99.1172,17.7911],[99.1256,17.7711],[99.1116,17.7676],[99.1045,17.7411],[99.0852,17.7381],[99.0826,17.7208],[99.0877,17.704],[99.0657,17.693],[99.0599,17.6607],[99.0624,17.6372],[99.0493,17.6121],[99.0189,17.6145],[99.0142,17.6227],[99.008,17.623],[99.0005,17.6387],[98.9901,17.6343],[98.9755,17.6435],[98.9602,17.6403],[98.9463,17.6471],[98.9381,17.6409],[98.9198,17.6408],[98.9058,17.6489],[98.9035,17.6403],[98.8964,17.6403],[98.8807,17.627],[98.8845,17.6214],[98.8801,17.6048],[98.887,17.6016],[98.8878,17.5894],[98.9111,17.5818],[98.9046,17.5609],[98.9102,17.5367]],[[99.3173,18.5322],[99.3284,18.5456],[99.3319,18.5756],[99.3535,18.5794],[99.3487,18.594],[99.359,18.6045],[99.3484,18.6178],[99.3269,18.6195],[99.3308,18.6274],[99.3269,18.6283],[99.327,18.6385],[99.3325,18.6501],[99.3425,18.6496],[99.3491,18.6554],[99.3332,18.6686],[99.3271,18.6848],[99.3368,18.6937],[99.334,18.7021],[99.343,18.7075],[99.3406,18.7159],[99.3486,18.7246],[99.3482,18.7353],[99.3715,18.7534],[99.3662,18.7694],[99.371,18.7822],[99.359,18.8014],[99.3504,18.8362],[99.3526,18.8475],[99.377,18.8607],[99.3914,18.8843],[99.3861,18.8885],[99.3776,18.9217],[99.3867,18.9439],[99.375,18.9597],[99.3761,18.9734],[99.3813,18.9897],[99.4018,19.0001]],[[99.3652,7.945],[99.3842,7.941],[99.398,7.9546],[99.3929,7.9657],[99.3956,7.9816],[99.415,7.9998],[99.4047,8.0155],[99.3866,8.072],[99.3828,8.0725],[99.3851,8.0834],[99.3938,8.0866],[99.3854,8.1311],[99.3884,8.1387],[99.3849,8.1437],[99.3635,8.1331],[99.3434,8.1362],[99.2964,8.1321],[99.2985,8.1415],[99.2884,8.1508],[99.2895,8.1644],[99.3044,8.1703],[99.309,8.1786],[99.3062,8.1897],[99.3195,8.1966],[99.3206,8.218],[99.3113,8.2337],[99.3208,8.2424],[99.3228,8.2511],[99.3337,8.2568],[99.3362,8.2684],[99.3276,8.294],[99.3176,8.2939],[99.2989,8.3063],[99.2997,8.3151],[99.2904,8.3126]],[[99.3652,7.945],[99.398,7.9246],[99.4249,7.928],[99.4143,7.8979],[99.426,7.8758],[99.436,7.8747],[99.4432,7.8803],[99.4431,7.8862],[99.4556,7.8889],[99.4716,7.9045],[99.4794,7.8821],[99.4892,7.8873],[99.4955,7.8824],[99.5055,7.8862],[99.5237,7.8746],[99.5392,7.8821],[99.5336,7.891],[99.5415,7.9021],[99.5407,7.9117],[99.5444,7.9107],[99.5477,7.9184],[99.5589,7.9195],[99.5645,7.9305],[99.5617,7.9365],[99.5685,7.9361],[99.571,7.9463],[99.5803,7.9447],[99.5859,7.9569],[99.5963,7.9573],[99.5919,7.9629],[99.5977,7.964],[99.6019,7.9782],[99.6066,7.9787],[99.6023,7.9853],[99.6157,7.9877],[99.6311,8.0096],[99.6575,8.0129],[99.6986,7.991],[99.7132,7.9901],[99.74,8.0089],[99.7531,8.0078],[99.7548,7.9962],[99.7444,7.9871],[99.748,7.9825],[99.7569,7.9864],[99.7536,7.9714],[99.7377,7.9491],[99.7305,7.9529],[99.7265,7.9405],[99.7404,7.9266],[99.7315,7.9006],[99.7316,7.8881],[99.739,7.8752],[99.7347,7.8681],[99.7382,7.8589]],[[99.4018,19.0001],[99.3813,19.0419],[99.3838,19.0631],[99.3655,19.0692],[99.3603,19.0831],[99.3444,19.0864],[99.3296,19.1173],[99.3211,19.1236],[99.3192,19.133],[99.3241,19.1364],[99.3194,19.1652],[99.3046,19.1825],[99.3036,19.1936],[99.3145,19.2091],[99.3108,19.2241],[99.343,19.2678],[99.3365,19.284],[99.3393,19.2983],[99.3272,19.3193],[99.3341,19.3305],[99.3343,19.3523],[99.332,19.3781],[99.3231,19.3965],[99.3306,19.3984],[99.3194,19.4075],[99.3081,19.431],[99.3187,19.4548],[99.3054,19.4746],[99.3078,19.4888],[99.2987,19.487],[99.2945,19.4952],[99.3059,19.5266],[99.3262,19.5391],[99.3202,19.5421],[99.3168,19.5546],[99.3077,19.5541],[99.297,19.5612],[99.2958,19.5748],[99.289,19.581],[99.2928,19.5925],[99.2842,19.6036],[99.267,19.6108],[99.2666,19.6253],[99.2586,19.6291],[99.258,19.6496],[99.2655,19.6648],[99.2968,19.6821],[99.3134,19.7076],[99.3468,19.7123],[99.3489,19.7246],[99.3598,19.7263],[99.3662,19.7682],[99.3615,19.7773],[99.3675,19.7747],[99.377,19.7792],[99.3804,19.8102],[99.4199,19.814],[99.4206,19.8232],[99.408,19.8318],[99.415,19.8453],[99.3953,19.8571],[99.3815,19.8791],[99.3846,19.8964],[99.403,19.9147],[99.4204,19.9176],[99.4146,19.9315],[99.4186,19.953],[99.4271,19.9607],[99.4414,19.9632],[99.4655,20.0054],[99.4783,20.0132],[99.4657,20.0259],[99.4702,20.0302],[99.4675,20.0341],[99.4846,20.0387],[99.5052,20.0537],[99.4915,20.0655],[99.4912,20.079],[99.5501,20.1039],[99.5592,20.0981],[99.5708,20.1078],[99.57,20.1226],[99.5566,20.1301],[99.5206,20.1381],[99.5133,20.1475]],[[99.4018,19.0001],[99.4362,19.0079],[99.4716,19.0442],[99.4836,19.0718],[99.5179,19.0806],[99.5205,19.0758],[99.5291,19.0765],[99.5383,19.0862],[99.5347,19.0952],[99.5391,19.1114],[99.56,19.1321],[99.5601,19.1434],[99.5526,19.1449],[99.5497,19.1564],[99.5366,19.1639],[99.5421,19.1682],[99.5459,19.1909],[99.5414,19.2063],[99.5489,19.2247],[99.5484,19.2513],[99.5515,19.2568],[99.5593,19.2571],[99.5645,19.2837],[99.5709,19.2936],[99.5779,19.2939],[99.5753,19.3023],[99.5806,19.3114],[99.576,19.3258],[99.5812,19.3378],[99.5728,19.3462],[99.5807,19.3524],[99.5754,19.362],[99.576,19.3893],[99.5637,19.4035],[99.5647,19.4172],[99.5845,19.4059],[99.6057,19.4016],[99.6323,19.3855],[99.6461,19.3891],[99.6603,19.3854],[99.6772,19.3918],[99.6821,19.3911],[99.6846,19.3822],[99.6936,19.3827]],[[99.4326,16.8759],[99.4231,16.883],[99.4111,16.8725],[99.3832,16.8663],[99.378,16.8478],[99.3873,16.8382],[99.3876,16.8263],[99.382,16.8218],[99.3883,16.8132],[99.3854,16.8078],[99.3696,16.8035],[99.3458,16.8133],[99.3247,16.8132],[99.3153,16.7941],[99.2918,16.785],[99.2951,16.7721],[99.3056,16.768],[99.2957,16.7198],[99.2829,16.7063],[99.2822,16.6897],[99.2716,16.6849],[99.2719,16.6688],[99.2654,16.6712],[99.2469,16.6629],[99.2473,16.6442],[99.2412,16.6407],[99.2429,16.6188],[99.2555,16.6036],[99.2501,16.5908],[99.2566,16.5774],[99.2564,16.5671],[99.2451,16.5547],[99.2479,16.5495],[99.2401,16.5336],[99.2242,16.5333],[99.2194,16.5278],[99.1993,16.5314],[99.1907,16.5391],[99.1914,16.531],[99.18,16.5322],[99.1795,16.5264],[99.1706,16.5213],[99.1676,16.5106],[99.1742,16.5111],[99.1661,16.5031],[99.1621,16.5066],[99.1545,16.4994],[99.1508,16.5029],[99.14,16.5004],[99.1379,16.4935],[99.1254,16.4853],[99.1227,16.475],[99.1073,16.481],[99.0988,16.4728],[99.0955,16.4759],[99.0745,16.4671],[99.0544,16.4444],[99.0405,16.4379],[99.0308,16.4217],[99.0198,16.4185],[99.0164,16.3867],[99.022,16.3822],[99.0368,16.3832],[99.0448,16.3537],[99.0426,16.3389],[99.0516,16.3339],[99.0534,16.309],[99.0421,16.2921],[99.0486,16.2601],[99.0793,16.2189],[99.0813,16.2094],[99.0737,16.1968],[99.0681,16.1655],[99.0508,16.1613],[99.0501,16.1379],[99.0806,16.1248],[99.0944,16.1026],[99.1066,16.1022],[99.1064,16.0871],[99.1174,16.0746],[99.1145,16.0604],[99.1056,16.0495],[99.0872,16.0425],[99.0833,16.0223],[99.0886,15.9797],[99.0746,15.9623],[99.0744,15.9542],[99.0863,15.9481],[99.097,15.9305],[99.0862,15.9146],[99.0861,15.8845]],[[99.4405,12.5815],[99.4323,12.5835],[99.4282,12.5793],[99.4355,12.5654],[99.4303,12.5556],[99.4231,12.5566],[99.4215,12.5519],[99.4234,12.5356],[99.4174,12.5242],[99.4252,12.4914],[99.4061,12.4809],[99.401,12.4599],[99.4137,12.4501],[99.425,12.4484],[99.4268,12.4243],[99.4459,12.4071],[99.4425,12.3827],[99.4322,12.3641],[99.4438,12.3512],[99.4338,12.3428],[99.4463,12.3317],[99.445,12.3169],[99.4622,12.2974],[99.4614,12.2864],[99.4817,12.2797],[99.4845,12.2738],[99.4804,12.2668],[99.4823,12.2526],[99.471,12.2347],[99.4873,12.2184],[99.4964,12.1975],[99.488,12.1814],[99.4869,12.1657],[99.4728,12.1577],[99.4733,12.1316],[99.4953,12.1301],[99.5007,12.1438],[99.5152,12.1477],[99.5392,12.1442],[99.55,12.1506],[99.5713,12.1445],[99.5556,12.1139],[99.5562,12.0946],[99.5341,12.066],[99.5325,12.0534],[99.5414,12.0313],[99.5365,12.0169],[99.5749,12.0076],[99.5922,11.9925],[99.5932,11.955],[99.5795,11.9437],[99.5862,11.9294],[99.5858,11.9132],[99.5794,11.9034],[99.5892,11.8854],[99.588,11.8722],[99.5999,11.8789],[99.61,11.8685],[99.6134,11.8589],[99.6252,11.8496],[99.622,11.8331],[99.641,11.8273],[99.6578,11.8293],[99.6649,11.8231],[99.6593,11.8106],[99.6505,11.8111],[99.6457,11.7905],[99.6411,11.7898],[99.6442,11.7744],[99.6369,11.7561],[99.6363,11.7272],[99.619,11.7224],[99.6158,11.7111],[99.6023,11.7072],[99.5991,11.6962],[99.5881,11.6885],[99.5828,11.6774],[99.5864,11.6604],[99.5699,11.6427],[99.5724,11.637],[99.5655,11.6267],[99.546,11.6279],[99.5312,11.6209],[99.5173,11.6365],[99.5078,11.6366],[99.4931,11.6253],[99.4752,11.624],[99.4678,11.6151],[99.4639,11.5897],[99.4584,11.5837],[99.4684,11.5673],[99.463,11.5498],[99.4713,11.5471],[99.4744,11.5332],[99.4486,11.5046],[99.4478,11.4933],[99.4422,11.4875],[99.4443,11.4803],[99.4221,11.4817],[99.4108,11.473],[99.4099,11.4646],[99.3937,11.4612],[99.4004,11.4453],[99.3949,11.4383],[99.4028,11.4238],[99.4042,11.4062],[99.3988,11.4015],[99.4022,11.3889],[99.3657,11.3716],[99.3444,11.3483],[99.3421,11.333],[99.3278,11.3362],[99.3258,11.3282],[99.3124,11.3164],[99.3237,11.298],[99.3245,11.2819],[99.3115,11.2679],[99.3072,11.2552],[99.2828,11.2437],[99.2636,11.2148],[99.2644,11.2019],[99.2545,11.1694],[99.2329,11.1432],[99.2257,11.1421],[99.2245,11.1354],[99.2304,11.1285],[99.2265,11.1091],[99.2124,11.0986],[99.2048,11.0991],[99.1901,11.0842],[99.1794,11.083],[99.1802,11.0602],[99.1714,11.0553],[99.1712,11.0437],[99.1536,11.0338]],[[99.4405,12.5815],[99.4553,12.5792],[99.4734,12.5891],[99.4968,12.593],[99.4987,12.5734],[99.5145,12.5637],[99.5306,12.5658],[99.5484,12.5798],[99.5779,12.5779],[99.5882,12.5705],[99.5988,12.5734],[99.6166,12.5813],[99.6283,12.5998],[99.6138,12.6152],[99.6196,12.6225],[99.6162,12.6407],[99.6225,12.6446],[99.6475,12.6426],[99.6582,12.633],[99.6732,12.6375],[99.6925,12.6308],[99.7318,12.6305],[99.7445,12.6194],[99.7681,12.6142],[99.7772,12.6258],[99.7878,12.6215],[99.7946,12.6291],[99.8263,12.6334],[99.8402,12.6262],[99.8463,12.6302],[99.8642,12.6233],[99.876,12.6263],[99.8836,12.6201],[99.9162,12.6391],[99.9555,12.6327],[100.4537,12.6602]],[[99.4711,17.7379],[99.4818,17.7451],[99.4875,17.7637],[99.5153,17.7828],[99.519,17.7974],[99.5398,17.8048],[99.5441,17.8109],[99.5661,17.8113],[99.5987,17.8217],[99.6245,17.8123],[99.6296,17.8144],[99.6507,17.796],[99.6707,17.7993],[99.6863,17.7773],[99.6908,17.7591],[99.7067,17.7576],[99.7097,17.7381],[99.723,17.7295],[99.726,17.7212],[99.7358,17.7228],[99.745,17.7364],[99.7527,17.7392],[99.7568,17.7489],[99.7506,17.7524],[99.7653,17.7609],[99.7771,17.7771],[99.7727,17.7814],[99.7824,17.7908],[99.7964,17.7921],[99.8111,17.804],[99.8324,17.8029],[99.8372,17.7968],[99.8492,17.8021],[99.8601,17.798],[99.8687,17.8051],[99.8826,17.8026],[99.8836,17.81],[99.8909,17.8041],[99.8945,17.8072]],[[99.4711,17.7379],[99.4562,17.7279],[99.4559,17.7155],[99.449,17.709],[99.4221,17.7101],[99.3872,17.6876],[99.3892,17.6973],[99.3815,17.7026],[99.3796,17.7116],[99.3858,17.7222],[99.3768,17.7268],[99.381,17.7548],[99.3676,17.7735],[99.3854,17.7903],[99.3926,17.8147],[99.4115,17.8249],[99.4169,17.8425],[99.4289,17.8578],[99.4421,17.8637],[99.4531,17.8795],[99.4749,17.8943],[99.483,17.9202],[99.4979,17.9268],[99.5015,17.9372],[99.5227,17.9569],[99.5383,17.9624],[99.5464,17.9724],[99.5584,17.9744],[99.5641,17.991],[99.5938,18.008],[99.585,18.0352],[99.6011,18.0398],[99.61,18.0498],[99.6188,18.0486],[99.6313,18.0623],[99.6418,18.0556],[99.6503,18.0566],[99.6595,18.0411],[99.6688,18.0417],[99.6915,18.0555],[99.6905,18.065],[99.7198,18.0701],[99.7392,18.1085],[99.762,18.1234],[99.7545,18.13],[99.7539,18.14],[99.7995,18.1995],[99.8016,18.215],[99.8217,18.2375],[99.8334,18.2356],[99.8447,18.2562],[99.8503,18.2554],[99.8576,18.2839],[99.872,18.2779],[99.8892,18.2833],[99.9063,18.2799],[99.9358,18.3271],[99.9398,18.3518],[99.9509,18.3563],[99.9554,18.3768],[99.9607,18.384],[99.9684,18.3847],[99.9667,18.3933],[99.9871,18.3916],[100.0066,18.4111],[100.0062,18.4217],[100.0142,18.4377],[100.0044,18.4453],[100.0218,18.4477],[100.0286,18.4649],[100.023,18.4691],[100.0315,18.4707],[100.0497,18.4977],[100.0565,18.5267],[100.0491,18.5302],[100.0557,18.5572],[100.0785,18.5628],[100.0896,18.5728],[100.1093,18.5602],[100.1055,18.5705],[100.1118,18.5771],[100.109,18.5896],[100.1209,18.6023],[100.0995,18.6289],[100.1049,18.6632],[100.1113,18.6721],[100.104,18.688],[100.1085,18.6912],[100.1076,18.7034],[100.1029,18.7047],[100.0963,18.7301],[100.1016,18.7376],[100.1003,18.7521],[100.1158,18.7655],[100.1145,18.7764],[100.126,18.7866],[100.114,18.8086]],[[99.5133,20.1475],[99.4946,20.1333],[99.4982,20.1162],[99.4717,20.1091],[99.4552,20.0979],[99.4445,20.0983],[99.4382,20.0906],[99.4172,20.0937],[99.4006,20.086],[99.3784,20.0893],[99.365,20.0993],[99.3511,20.0965],[99.3322,20.1112],[99.2782,20.1166],[99.2464,20.1128],[99.2321,20.125],[99.2233,20.1208],[99.2105,20.1325],[99.192,20.1283],[99.1589,20.133],[99.1261,20.1194],[99.1286,20.1073],[99.1193,20.1011],[99.1005,20.0977],[99.0936,20.1072],[99.0908,20.0975],[99.0778,20.102],[99.0673,20.0878],[99.067,20.0684],[99.0568,20.0629],[99.0444,20.0383],[99.0435,20.0171],[99.0544,20.0034],[99.037,19.9902],[99.032,19.9738],[99.0453,19.9492],[99.0426,19.9313],[99.0303,19.9248],[99.0257,19.9297],[99.0218,19.9272],[99.0276,19.909],[99.022,19.9074],[99.0277,19.8809],[99.0229,19.8666],[99.034,19.8555],[99.0147,19.7937],[99.0058,19.788],[98.9964,19.7911],[98.9544,19.7694],[98.9291,19.7735],[98.9237,19.7653],[98.9114,19.7617],[98.8984,19.7658],[98.8949,19.7732],[98.8748,19.7828],[98.8712,19.7918],[98.8561,19.7968],[98.8497,19.808],[98.8391,19.8136],[98.8325,19.8112],[98.8298,19.7958],[98.8227,19.7882],[98.7959,19.776],[98.7789,19.7528],[98.7512,19.7604],[98.7377,19.7544],[98.7114,19.7688],[98.7037,19.7579],[98.6662,19.7497],[98.6592,19.7355],[98.6535,19.74],[98.6254,19.7284],[98.6262,19.715],[98.6161,19.7173],[98.6081,19.7091],[98.59,19.7158],[98.5717,19.7041],[98.566,19.6721],[98.5487,19.6868],[98.5381,19.6893],[98.5288,19.7057],[98.5097,19.7176],[98.5062,19.7101],[98.4856,19.7046],[98.4663,19.6924]],[[99.6936,19.3827],[99.6829,19.4223],[99.6993,19.4196],[99.7065,19.4254],[99.7141,19.4196],[99.7314,19.4242],[99.7553,19.4411],[99.7751,19.4417],[99.7869,19.451],[99.8438,19.4446],[99.8639,19.4459],[99.8767,19.4549],[99.8944,19.4376],[99.8991,19.4257],[99.9144,19.4325],[99.9201,19.4064],[99.9423,19.4196],[99.9478,19.4285],[99.9736,19.4276],[99.9862,19.4328],[99.992,19.429],[99.9981,19.4357],[100.0106,19.4257],[100.0102,19.4389],[100.0274,19.4361],[100.0394,19.445],[100.0512,19.4406],[100.0517,19.431],[100.0564,19.4354],[100.0686,19.4315],[100.072,19.4342],[100.0649,19.4424],[100.0704,19.4568],[100.0656,19.4701],[100.07,19.4837],[100.0652,19.5007],[100.0684,19.541],[100.0837,19.5522],[100.0975,19.5545],[100.1622,19.5427],[100.1658,19.5517],[100.1622,19.5564],[100.1687,19.5654],[100.162,19.5685],[100.1623,19.5739],[100.1689,19.5756],[100.1646,19.5848],[100.1701,19.587],[100.1667,19.5912],[100.1735,19.5982],[100.1678,19.6019],[100.1744,19.6112],[100.184,19.6138],[100.1871,19.6097],[100.2077,19.6073],[100.219,19.611],[100.2299,19.6058],[100.2399,19.626],[100.2611,19.6488],[100.2683,19.6416],[100.2692,19.6469],[100.2804,19.6521],[100.2836,19.6435],[100.311,19.6461],[100.3182,19.6502],[100.3315,19.6794],[100.3416,19.6878],[100.3337,19.7026],[100.337,19.7086],[100.3608,19.7159],[100.3738,19.708],[100.3852,19.7102],[100.3961,19.7288],[100.4066,19.7361]],[[99.7238,14.962],[99.6948,14.9684],[99.6641,14.9882],[99.6389,14.9903],[99.6272,14.9874],[99.6319,14.9838],[99.6271,14.9794],[99.6339,14.954],[99.6313,14.9433],[99.5882,14.9448],[99.5646,14.9621],[99.5478,14.9615],[99.5346,14.968],[99.5263,14.9806],[99.5196,14.9784],[99.4779,14.9915],[99.445,14.9912],[99.4264,15.015],[99.4159,15.0473],[99.4032,15.0453],[99.397,15.0527],[99.3854,15.0478],[99.3706,15.0509],[99.3394,15.0805],[99.3198,15.0809],[99.3032,15.0623],[99.276,15.0134],[99.276,15.0045],[99.2828,14.9976]],[[99.7238,14.962],[99.7523,14.9609],[99.7966,14.9452],[99.8011,14.9388],[99.82,14.9428],[99.8269,14.9357],[99.8422,14.9374],[99.8426,14.9309],[99.8476,14.9293],[99.8588,14.9302],[99.8774,14.9228],[99.8883,14.9263],[99.932,14.9069],[99.9496,14.9107],[99.9653,14.9051],[100.0417,14.9149],[100.0457,14.941],[100.036,14.9547],[100.0476,14.9571],[100.047,14.9622],[100.0697,14.9573],[100.0763,14.951],[100.0933,14.9558],[100.1061,14.9456],[100.1326,14.9459],[100.1381,14.9369],[100.1276,14.9314],[100.1263,14.923],[100.1558,14.9273],[100.1856,14.9565],[100.2018,14.9591],[100.2027,14.9535]],[[99.7382,7.8589],[99.7328,7.849],[99.7517,7.8321],[99.7581,7.8041],[99.7708,7.7888],[99.7656,7.7783],[99.7672,7.7688],[99.7838,7.759],[99.7808,7.7534],[99.7882,7.7427],[99.7837,7.7344],[99.7917,7.7003],[99.7985,7.6975],[99.8016,7.6871],[99.8185,7.6793],[99.8141,7.6493],[99.8089,7.6448],[99.7877,7.6446],[99.8096,7.6221],[99.8004,7.604],[99.7988,7.5844],[99.8274,7.5524],[99.8365,7.5491],[99.8295,7.5271],[99.8187,7.5214],[99.8205,7.5123],[99.8426,7.499],[99.8524,7.4845],[99.8488,7.4653],[99.8575,7.4607],[99.8629,7.4506],[99.8609,7.4407],[99.8679,7.4372],[99.877,7.4174],[99.8853,7.4129],[99.8942,7.3979],[99.9017,7.379],[99.8961,7.3638],[99.9052,7.3527],[99.9037,7.3365],[99.9124,7.3197],[99.9395,7.3165],[99.9408,7.2808],[99.9471,7.2657],[99.9321,7.2446],[99.9471,7.223],[99.9486,7.2132],[99.9441,7.2138],[99.9486,7.2037]],[[99.7382,7.8589],[99.7496,7.8553],[99.7608,7.8587],[99.7781,7.8762],[99.8003,7.8827],[99.8084,7.8929],[99.8198,7.8839],[99.8226,7.8878],[99.8377,7.8857],[99.842,7.8913],[99.8679,7.8869],[99.8831,7.8935],[99.9232,7.8649],[99.9217,7.8681],[99.9475,7.8863],[99.9529,7.9009],[99.9624,7.9057],[99.9659,7.8768],[99.9878,7.8601],[100.019,7.845],[100.0337,7.8467],[100.0558,7.838],[100.0642,7.8436],[100.0728,7.8408],[100.0717,7.8461],[100.0921,7.8707],[100.1042,7.878],[100.127,7.8779],[100.1408,7.8683],[100.1775,7.8765]],[[99.7471,10.9726],[99.5027,10.9919],[99.4794,10.9889],[99.4695,10.9936],[99.4483,10.9774],[99.4275,10.9713],[99.4073,10.9547],[99.382,10.9625],[99.3756,10.9725],[99.3621,10.9691],[99.3446,10.9756],[99.3359,10.9638],[99.3214,10.9708],[99.3057,10.9653],[99.2908,10.9697],[99.2809,10.9584],[99.2654,10.9695],[99.2585,10.9654],[99.241,10.972],[99.2405,10.978],[99.2152,10.9827],[99.2065,10.9901],[99.202,10.9851],[99.2,10.9971],[99.1919,10.9996],[99.1862,10.9958],[99.1775,11.0037],[99.1695,11.0009],[99.1658,11.011],[99.1475,11.016],[99.1536,11.0338]],[[99.7471,10.9726],[99.7745,11.0476],[99.7737,11.1174],[99.7694,11.1319],[99.7792,11.214],[99.7706,11.2308],[99.8075,11.3001],[99.818,11.3327],[99.8163,11.4033],[99.8511,11.4148],[99.9104,11.4528],[99.9325,11.4742],[99.9705,11.5268],[99.9789,11.5491],[99.9831,11.609],[100.0143,11.6442],[100.0333,11.6827],[100.0414,11.713],[100.0368,11.8901],[100.0746,11.9306],[100.1152,11.9639],[100.1417,11.9951],[100.1634,12.0268],[100.1689,12.0575],[100.2231,12.1357],[100.228,12.1608],[100.2387,12.1801],[100.2431,12.2561],[100.2381,12.2789],[100.2126,12.3274],[100.2159,12.3843],[100.4534,12.3862]],[[99.8169,14.0639],[99.8088,14.0676],[99.8117,14.0777],[99.7969,14.0859],[99.791,14.1008],[99.7826,14.0943],[99.7722,14.0939],[99.7678,14.1157],[99.7855,14.1245],[99.7817,14.1417],[99.8026,14.1905],[99.7976,14.1957],[99.8007,14.2055],[99.7948,14.21],[99.7956,14.2179],[99.8062,14.2298],[99.8129,14.2288],[99.8164,14.2466],[99.8243,14.2541],[99.8209,14.2609],[99.8336,14.2722],[99.8112,14.3153],[99.7937,14.3259],[99.8067,14.326],[99.8044,14.3315],[99.8121,14.3506],[99.822,14.35],[99.8259,14.3661],[99.8174,14.3835],[99.8264,14.3864],[99.8262,14.3937],[99.8147,14.4402],[99.8254,14.4733],[99.8226,14.4855],[99.828,14.4902],[99.8285,14.4791],[99.8331,14.4816],[99.8288,14.5015],[99.8197,14.505],[99.8151,14.5149],[99.8115,14.5091],[99.8097,14.5123],[99.805,14.5257],[99.8097,14.5397],[99.7949,14.5463],[99.793,14.5527],[99.8033,14.5928],[99.7976,14.6022],[99.8002,14.6235],[99.818,14.6284],[99.8218,14.6389],[99.8081,14.6471],[99.8138,14.6584],[99.8102,14.6685],[99.7941,14.6815],[99.792,14.6934],[99.7984,14.6995],[99.7972,14.7056],[99.7918,14.7032],[99.7832,14.7187],[99.7894,14.736],[99.7565,14.7474],[99.7183,14.7506],[99.678,14.784],[99.6647,14.7881],[99.6589,14.8026],[99.6548,14.8027],[99.6431,14.8019],[99.6419,14.798],[99.6291,14.801],[99.6235,14.792],[99.6104,14.7852],[99.5957,14.7894],[99.5856,14.7843],[99.5775,14.7893],[99.5713,14.7797],[99.5785,14.7701],[99.5776,14.7483],[99.567,14.7095],[99.545,14.7088],[99.5421,14.7162],[99.5223,14.7044],[99.5138,14.7035],[99.5083,14.7094],[99.492,14.7047],[99.4852,14.7085],[99.489,14.7162],[99.4806,14.7152],[99.4788,14.7223],[99.4746,14.7162],[99.4662,14.717],[99.459,14.7295],[99.4421,14.7321],[99.4446,14.7412],[99.4328,14.7546],[99.4334,14.7761],[99.415,14.7761],[99.3884,14.7648],[99.3664,14.77],[99.3641,14.7754],[99.3416,14.7842],[99.3271,14.81],[99.3096,14.8128],[99.3043,14.8274],[99.2921,14.8333],[99.2872,14.8647],[99.3006,14.8716],[99.3245,14.8994],[99.325,14.9416],[99.3045,14.9746],[99.2833,14.9891],[99.2828,14.9976]],[[99.8534,16.7353],[99.845,16.7152],[99.8326,16.7148],[99.8283,16.7242],[99.8142,16.7204],[99.8035,16.7104],[99.8099,16.6988],[99.8037,16.6985],[99.793,16.6866],[99.7596,16.6849],[99.7556,16.7216],[99.7501,16.7209],[99.7416,16.7296],[99.7449,16.7441],[99.7198,16.7226],[99.7088,16.7248],[99.7043,16.7173],[99.697,16.7166],[99.6933,16.7318],[99.6752,16.7276],[99.6538,16.7465],[99.6432,16.7436],[99.6307,16.7557],[99.6222,16.757],[99.6028,16.7892],[99.594,16.7906],[99.5784,16.8072],[99.5813,16.8194],[99.5723,16.8351],[99.5708,16.8595],[99.5595,16.8531],[99.5491,16.8637],[99.5448,16.8624],[99.5417,16.8398],[99.5307,16.8253],[99.517,16.8583],[99.5142,16.8825],[99.4974,16.8926],[99.4887,16.9105],[99.4739,16.9053],[99.4668,16.8896],[99.4476,16.8699],[99.4326,16.8759]],[[99.856,13.3292],[99.8287,13.3398],[99.8093,13.3397],[99.8036,13.3293],[99.782,13.3323],[99.7716,13.341],[99.7657,13.3386],[99.7572,13.3434],[99.7057,13.321],[99.6842,13.2916],[99.6663,13.2869],[99.6609,13.2789],[99.6599,13.2723],[99.668,13.2694],[99.669,13.2594],[99.6645,13.2541],[99.6679,13.2377],[99.6646,13.2149],[99.6384,13.2102],[99.6367,13.2017],[99.6026,13.2057],[99.5943,13.1985],[99.5786,13.1977],[99.5641,13.2051],[99.5511,13.2077],[99.5445,13.2026],[99.5225,13.21],[99.5067,13.1804],[99.4787,13.2005],[99.4639,13.184],[99.4425,13.1835],[99.4281,13.1984],[99.4145,13.199],[99.4071,13.2129],[99.3988,13.2176],[99.3936,13.2129],[99.3716,13.2208],[99.3682,13.2337],[99.3584,13.2332],[99.3507,13.244],[99.3385,13.2329],[99.3352,13.2207],[99.3233,13.2229],[99.325,13.2155],[99.3187,13.2025],[99.3196,13.1898],[99.3263,13.183],[99.3242,13.1775],[99.2719,13.1488],[99.2457,13.1857],[99.2276,13.203],[99.2162,13.2012],[99.2107,13.2076]],[[99.856,13.3292],[99.8697,13.3826],[99.8914,13.4325],[99.8892,13.4701],[99.9,13.489],[99.9191,13.5007],[99.9132,13.5108],[99.9253,13.5152],[99.9341,13.5024],[99.9561,13.5018],[99.9666,13.4855],[99.9903,13.5051],[99.9991,13.5009],[100.0086,13.5162],[100.0243,13.5067],[100.0291,13.5088]],[[99.87494,13.95676],[99.87424,13.95811],[99.87466,13.95863],[99.87618,13.95921],[99.87575,13.96143],[99.87306,13.96195],[99.86847,13.96335],[99.86452,13.96628],[99.86204,13.96656],[99.85862,13.96577],[99.85738,13.96483],[99.85401,13.9647],[99.85411,13.96501],[99.85257,13.96593],[99.85187,13.9677],[99.85152,13.96778],[99.85063,13.96964],[99.85021,13.97133],[99.84908,13.97187],[99.84968,13.97303],[99.84743,13.97431],[99.84592,13.97587],[99.8436,13.98326],[99.84182,13.9839],[99.84059,13.98363],[99.83981,13.98495],[99.83798,13.98559],[99.83785,13.98648],[99.83695,13.98657],[99.83463,13.98776],[99.83502,13.98863],[99.83352,13.9893],[99.83376,13.98984],[99.83211,13.99106],[99.8323,13.9914],[99.83131,13.99174],[99.8317,13.9934],[99.83198,13.99333],[99.83228,13.99505],[99.8319,13.99746],[99.83235,13.99784],[99.83356,13.99753],[99.8347,14.00036],[99.83368,14.00034],[99.83364,14.00183],[99.83398,14.00254],[99.83283,14.00299],[99.833,14.00393],[99.83365,14.00504],[99.83362,14.00618],[99.83415,14.00715],[99.83416,14.01076],[99.83458,14.01138],[99.83594,14.01176],[99.83686,14.01277],[99.83628,14.01367],[99.83481,14.01434],[99.83463,14.01467],[99.83586,14.01782],[99.83488,14.01817],[99.83494,14.0187],[99.83558,14.02034],[99.83692,14.02221],[99.83701,14.02376],[99.83591,14.02512],[99.83509,14.02494],[99.83353,14.02762],[99.83591,14.02898],[99.83625,14.03039],[99.83682,14.03031],[99.83681,14.03104],[99.83938,14.0307],[99.83925,14.03191],[99.84075,14.03228],[99.84059,14.03284],[99.84136,14.03298],[99.84268,14.03389],[99.84184,14.03697],[99.84452,14.03749],[99.84472,14.03789],[99.8458,14.03793],[99.84585,14.03818],[99.84809,14.03809],[99.84787,14.03985],[99.84936,14.04021],[99.84897,14.04283],[99.8494,14.0429],[99.84889,14.04564],[99.8486,14.0459],[99.84823,14.0487],[99.84884,14.04885],[99.84905,14.04945],[99.84907,14.05121],[99.84857,14.0524],[99.84723,14.05255],[99.84024,14.05557],[99.83864,14.057],[99.8376,14.05736],[99.833,14.06094],[99.83035,14.06141],[99.82987,14.06096],[99.82818,14.06064],[99.82456,14.06185],[99.82244,14.06138],[99.82092,14.06137],[99.81693,14.06391]],[[99.87494,13.95676],[99.87732,13.95761],[99.87773,13.95583],[99.87938,13.95392],[99.8809,13.95121],[99.88216,13.94971],[99.88256,13.94849],[99.88327,13.9485],[99.88386,13.9494],[99.88504,13.94893],[99.88531,13.9496],[99.88778,13.94832],[99.88853,13.94854],[99.88894,13.94775],[99.8912,13.94724],[99.89954,13.94097],[99.90164,13.94013],[99.906,13.94007],[99.90599,13.93957],[99.9093,13.93961],[99.91183,13.93909],[99.91389,13.93818],[99.91641,13.93798],[99.91784,13.93726],[99.91779,13.93696],[99.92176,13.93628],[99.92202,13.93588],[99.92184,13.93536],[99.92495,13.9341],[99.92605,13.9341],[99.92496,13.93117],[99.92587,13.93125],[99.92704,13.93406],[99.92856,13.93304],[99.92968,13.93169],[99.92908,13.93031],[99.92816,13.93036],[99.92778,13.92925],[99.92813,13.92546],[99.92513,13.92506],[99.92502,13.92353],[99.92402,13.92342],[99.9234,13.92237],[99.92364,13.91851],[99.92321,13.91756],[99.92208,13.91768],[99.92002,13.91511],[99.92145,13.91344],[99.92257,13.91062],[99.91877,13.91229],[99.91946,13.90952],[99.9197,13.90958],[99.92081,13.90818],[99.91806,13.90662],[99.91828,13.90527],[99.91619,13.90368],[99.91707,13.90236],[99.91521,13.90094],[99.91618,13.8992],[99.9158,13.89866],[99.91662,13.89705],[99.91519,13.89605],[99.91407,13.89581],[99.91292,13.89479],[99.91098,13.89195],[99.91049,13.88981],[99.91061,13.88877],[99.91237,13.88283],[99.91225,13.88086],[99.91171,13.88072],[99.91013,13.87834],[99.90669,13.87925],[99.90518,13.87584],[99.90534,13.8731],[99.90486,13.87218],[99.90423,13.86938],[99.90425,13.86746],[99.90334,13.86236],[99.90302,13.86226],[99.90255,13.85875],[99.90163,13.85772],[99.89879,13.85614],[99.89951,13.85453],[99.8986,13.85427],[99.89848,13.85209],[99.8989,13.8517],[99.89908,13.85047],[99.89987,13.84994],[99.89921,13.8492],[99.89949,13.84752],[99.89998,13.84682],[99.90011,13.84163],[99.90132,13.84147],[99.90186,13.84061],[99.90221,13.84055],[99.90404,13.84112],[99.90494,13.84111],[99.90487,13.84173],[99.90435,13.84238],[99.90448,13.84269],[99.90611,13.84378],[99.90663,13.84447],[99.90746,13.84477],[99.90773,13.84631],[99.90817,13.84697],[99.90944,13.84731],[99.91114,13.84713],[99.91107,13.8451],[99.91266,13.84374],[99.9136,13.84334],[99.91534,13.84419],[99.92044,13.84573],[99.9266,13.84273],[99.92752,13.84272],[99.92915,13.84351],[99.93339,13.84308],[99.93496,13.84162],[99.93727,13.84105],[99.93791,13.83997],[99.93706,13.83874],[99.93793,13.83755],[99.93789,13.83706],[99.93535,13.83529],[99.93559,13.83399],[99.93671,13.83316],[99.93718,13.83236],[99.93825,13.83206],[99.93936,13.83103],[99.93985,13.8309],[99.94123,13.83147],[99.94158,13.8302],[99.94198,13.82991],[99.94341,13.8308],[99.94409,13.82994],[99.94566,13.83083],[99.94671,13.83039],[99.94842,13.83043],[99.94979,13.83208],[99.95095,13.83216],[99.95152,13.83302],[99.95254,13.8324],[99.95417,13.83264],[99.95498,13.8335],[99.95555,13.83489],[99.95759,13.8361],[99.95854,13.83621],[99.95915,13.83569],[99.95902,13.83425],[99.95925,13.83384],[99.9603,13.83311],[99.96202,13.83266],[99.96251,13.83223],[99.96335,13.82794],[99.9642,13.82705],[99.96352,13.8251],[99.9624,13.82437],[99.96112,13.82423],[99.9608,13.82391],[99.96105,13.8234],[99.96283,13.82216],[99.96348,13.82092],[99.9634,13.81947],[99.96393,13.81792],[99.96309,13.81676],[99.96326,13.81489],[99.96275,13.81279],[99.96353,13.81248],[99.96552,13.813],[99.9662,13.8129],[99.96998,13.81046],[99.96969,13.80935],[99.97067,13.80837],[99.96962,13.8075],[99.96866,13.80566],[99.96909,13.80464],[99.97066,13.80363],[99.97022,13.80241],[99.9708,13.80101],[99.96978,13.80054],[99.96976,13.79844],[99.9693,13.79827],[99.9683,13.79849],[99.96823,13.79814],[99.96739,13.7979],[99.96679,13.79722],[99.96623,13.79758],[99.96491,13.79737],[99.96418,13.79875],[99.96291,13.7999],[99.96314,13.80049],[99.96012,13.80108],[99.95853,13.79663],[99.95857,13.79588],[99.95928,13.79594],[99.95957,13.79507],[99.95895,13.79381],[99.95856,13.79191],[99.95746,13.7919],[99.95749,13.79037],[99.95487,13.79028],[99.95501,13.78928],[99.95633,13.78957],[99.95729,13.78943],[99.95679,13.78856],[99.95383,13.78762],[99.95368,13.78648],[99.95469,13.78172],[99.95434,13.78174],[99.95391,13.78105],[99.95251,13.78155],[99.94912,13.78019],[99.94862,13.78088],[99.94813,13.78079],[99.948,13.7812],[99.94628,13.78046],[99.94492,13.77929],[99.94434,13.77787],[99.94571,13.77816],[99.94588,13.77848],[99.94881,13.77678],[99.94836,13.7763],[99.94822,13.77386],[99.94843,13.7733],[99.94716,13.77235],[99.94572,13.77208],[99.94485,13.76995],[99.94541,13.76706],[99.94526,13.76543],[99.94313,13.76531],[99.94279,13.76347],[99.94252,13.763],[99.94175,13.76302],[99.94126,13.76172],[99.94115,13.76007],[99.94031,13.76006],[99.94009,13.75828],[99.93931,13.75601],[99.93899,13.75604],[99.93836,13.75487],[99.93719,13.75364],[99.93788,13.75318],[99.93915,13.75298],[99.94003,13.7517],[99.94031,13.74943],[99.93937,13.74844],[99.93934,13.74752],[99.93892,13.74699],[99.93961,13.74512],[99.9405,13.7452],[99.94085,13.74399],[99.94225,13.74442],[99.9422,13.74479],[99.94419,13.74516],[99.94525,13.74179],[99.9461,13.74098],[99.94616,13.74058],[99.94668,13.74054],[99.94673,13.73969],[99.94901,13.73993],[99.94925,13.73922],[99.95042,13.73938],[99.95007,13.73716],[99.95053,13.73691],[99.95034,13.73627],[99.95133,13.73603],[99.95118,13.73431],[99.95233,13.73438],[99.95306,13.73057],[99.95247,13.73042],[99.95284,13.72845],[99.95636,13.72869],[99.95785,13.72581],[99.95886,13.72614],[99.95902,13.72575],[99.95949,13.72589],[99.9598,13.72511],[99.95948,13.72501],[99.9595,13.72383],[99.95977,13.72383],[99.95977,13.72345],[99.96076,13.72336],[99.96278,13.72404],[99.96266,13.72686],[99.96347,13.72693],[99.96325,13.72947],[99.96682,13.72994],[99.967,13.72881],[99.96759,13.72887],[99.96753,13.7293],[99.96995,13.72948],[99.96962,13.73049],[99.9739,13.73136],[99.97448,13.72919],[99.97612,13.72968],[99.97563,13.73152],[99.97917,13.73248],[99.98096,13.73254],[99.98444,13.73389],[99.98572,13.7338],[99.98721,13.7343],[99.98838,13.73414],[99.98946,13.73452],[99.98977,13.73474],[99.98921,13.73741],[99.99295,13.73909],[99.99319,13.73772],[99.99749,13.73922],[99.99759,13.73786],[99.99999,13.73724],[100.00054,13.73847],[100.00248,13.73962],[100.0036,13.74092],[100.00501,13.74195],[100.00622,13.7423],[100.00739,13.74157],[100.00847,13.74204],[100.01023,13.74362],[100.01091,13.7452],[100.01156,13.74542],[100.01372,13.74518],[100.01509,13.74553],[100.01616,13.74639],[100.01969,13.74699],[100.02208,13.75038],[100.02313,13.75108],[100.02478,13.74485],[100.02518,13.7415],[100.02501,13.73918],[100.0244,13.73914],[100.02295,13.73533],[100.02303,13.73013],[100.02337,13.72784],[100.02316,13.72349],[100.02347,13.72145],[100.02374,13.72144],[100.02357,13.71791],[100.02241,13.71794],[100.02244,13.71366],[100.02215,13.71367],[100.02208,13.71182],[100.02262,13.70768],[100.02234,13.70765],[100.02259,13.70582],[100.02298,13.70582],[100.02321,13.70458],[100.02258,13.7037],[100.02372,13.70269],[100.02188,13.70022],[100.02598,13.6977],[100.03343,13.69467],[100.03223,13.69336],[100.03273,13.69215],[100.03382,13.69173],[100.0418,13.68944],[100.05191,13.68789],[100.05601,13.6863],[100.05701,13.68734],[100.05772,13.68759],[100.06098,13.68314],[100.06156,13.68338],[100.06247,13.68006],[100.06135,13.67892],[100.06098,13.67768],[100.06567,13.67625],[100.0636,13.67339],[100.06369,13.67038],[100.06314,13.66836],[100.06349,13.66664],[100.06284,13.66452],[100.06443,13.66392],[100.06448,13.66314],[100.06494,13.66302],[100.06856,13.65634]],[[99.8945,17.8072],[99.9071,17.8055],[99.9459,17.7771],[99.9595,17.7783],[99.9648,17.7979],[99.9774,17.7968],[99.9904,17.8104],[99.9886,17.835],[99.9948,17.8308],[100.0054,17.8369],[100.0117,17.833],[100.0434,17.8479],[100.0577,17.8333],[100.0633,17.8405],[100.0765,17.8382],[100.0885,17.8427],[100.0953,17.851],[100.1014,17.8471],[100.1198,17.8586],[100.13,17.8564],[100.1442,17.8668],[100.1594,17.8886],[100.1955,17.9059],[100.2023,17.9179],[100.2149,17.9207],[100.2258,17.9491],[100.2463,17.9615],[100.2624,17.9533],[100.2799,17.9574],[100.2873,17.937],[100.2994,17.9391],[100.3068,17.9334],[100.3131,17.9091],[100.3196,17.906],[100.3257,17.8914],[100.3346,17.889],[100.342,17.8942],[100.348,17.9158],[100.3596,17.9256],[100.3504,17.9833],[100.3761,18.0002],[100.3906,18.0191],[100.4143,18.0217]],[[99.9486,7.2037],[99.9349,7.1904],[99.9175,7.1924],[99.8905,7.1868],[99.8714,7.1709],[99.8599,7.1726],[99.8543,7.1644],[99.8444,7.1615],[99.8313,7.138],[99.8147,7.1318],[99.7988,7.1287],[99.7894,7.1396],[99.7847,7.1272],[99.7636,7.1239],[99.7393,7.1319],[99.7341,7.1292],[99.3051,6.8299]],[[99.9486,7.2037],[99.9591,7.1984],[99.9566,7.1899],[99.9614,7.1698],[99.9694,7.1659],[99.9716,7.1506],[99.9787,7.1475],[100.0003,7.1121],[100.0258,7.103],[100.0282,7.0903],[100.0383,7.1087],[100.0572,7.1076]],[[99.9729,17.1652],[99.9571,17.1717],[99.9514,17.1673],[99.9556,17.1629],[99.9521,17.1554],[99.959,17.1473],[99.9611,17.1125],[99.9731,17.1022],[99.9827,17.1011],[99.9851,17.0784],[99.9927,17.0788],[99.9977,17.0858],[100.0059,17.0733],[100.0139,17.0731],[100.0142,17.0615],[100.0055,17.0576],[100.0049,17.0437],[100.023,17.0261],[100.0406,17.0218],[100.044,17.0107],[100.0538,17.0086],[100.0607,17.0131],[100.0709,17.0014],[100.0759,16.9985],[100.0794,17.0018],[100.0773,16.9923],[100.0866,16.9917],[100.0871,16.9878],[100.0944,16.9921],[100.1004,16.9746],[100.1084,16.9721],[100.0983,16.97],[100.1041,16.9678],[100.11,16.9449],[100.1071,16.9395],[100.1115,16.9346],[100.1064,16.9301],[100.1108,16.9149],[100.1012,16.9148],[100.1,16.8995],[100.0947,16.8948],[100.0906,16.8976],[100.0853,16.889],[100.0766,16.8931],[100.0647,16.8843],[100.0436,16.8948],[100.0106,16.8888],[100.0076,16.8702],[100.0007,16.8628],[99.9934,16.8681],[99.9779,16.8663],[99.9709,16.8602],[99.9415,16.8637],[99.9426,16.8264],[99.9319,16.8195],[99.9299,16.811],[99.8878,16.7964],[99.8888,16.7922],[99.8796,16.7867],[99.877,16.7654],[99.8656,16.7583],[99.8639,16.7415],[99.8534,16.7353]],[[99.9729,17.1652],[99.9811,17.1748],[99.9835,17.1894],[99.9738,17.1985],[99.971,17.2112],[99.9821,17.2158],[99.9579,17.2303],[99.9734,17.2415],[99.9545,17.2428],[99.9631,17.2503],[99.9646,17.2724],[99.9708,17.271],[99.9756,17.2763],[99.9704,17.2835],[99.9961,17.2887],[100.0044,17.2963],[99.9947,17.3062],[99.9954,17.3267],[100.0193,17.3339],[100.0041,17.3452],[100.0009,17.3545],[100.0081,17.3609],[99.9999,17.3695],[100.0095,17.3813],[100.0043,17.3915],[99.9913,17.4005],[99.9904,17.4074],[99.9966,17.4167],[100.018,17.4192],[100.0306,17.4356],[100.0309,17.4445],[100.02,17.4586],[100.0028,17.458],[99.9989,17.4667],[99.9812,17.473],[99.9814,17.4863],[99.9731,17.4949],[99.967,17.4923],[99.9284,17.5214],[99.9423,17.5363],[99.9427,17.5453],[99.9257,17.5654],[99.9239,17.5866],[99.9402,17.5922],[99.9769,17.6222],[99.966,17.6324],[99.9772,17.657],[99.9632,17.7115],[99.9431,17.7242],[99.939,17.735],[99.9205,17.7475],[99.9119,17.7627],[99.9242,17.7728],[99.9222,17.7864],[99.9115,17.7953],[99.899,17.7972],[99.8945,17.8072]],[[100.0138,16.5742],[100.0149,16.5825],[100.0079,16.5859],[100.004,16.5791],[99.9864,16.5783],[99.9844,16.5746],[99.9709,16.5799],[99.9426,16.5744],[99.9252,16.5789],[99.9154,16.6095],[99.8995,16.6367],[99.8974,16.658],[99.8887,16.6711],[99.8918,16.6864],[99.8847,16.6939],[99.8905,16.6976],[99.8852,16.7011],[99.8967,16.7055],[99.8886,16.715],[99.8837,16.7111],[99.8729,16.7154],[99.8717,16.725],[99.8567,16.729],[99.8534,16.7353]],[[100.0249,16.1912],[100.0383,16.1963],[100.0471,16.2103],[100.0357,16.2221],[100.0213,16.2506],[100.0312,16.2794],[100.0191,16.297],[100.0213,16.3129],[100.0129,16.3204],[100.0146,16.3299],[100.0056,16.3349],[99.9837,16.3791],[100.0034,16.4332],[100.0008,16.4534],[100.0346,16.5017],[100.0249,16.5202],[100.0106,16.5212],[100.0138,16.5742]],[[100.02913,13.50878],[100.0297,13.5096],[100.02959,13.50998],[100.02873,13.51048],[100.02904,13.51122],[100.02888,13.51279],[100.02858,13.5134],[100.02786,13.51373],[100.02769,13.5144],[100.0279,13.51528],[100.02718,13.51661],[100.02769,13.51739],[100.02691,13.51821],[100.02807,13.51925],[100.02806,13.52046],[100.02943,13.52142],[100.03124,13.52084],[100.03278,13.52324],[100.03201,13.52364],[100.03205,13.52468],[100.03134,13.52491],[100.03126,13.52573],[100.03033,13.52572],[100.02899,13.52807],[100.02902,13.52876],[100.02967,13.52917],[100.03041,13.53043],[100.03105,13.53076],[100.03143,13.53139],[100.03405,13.53203],[100.03575,13.53387],[100.03879,13.53519],[100.03995,13.53682],[100.04007,13.5381],[100.04093,13.54012],[100.04386,13.54103],[100.04393,13.5414],[100.04293,13.5444],[100.04277,13.54682],[100.04157,13.54819],[100.04174,13.55003],[100.0428,13.54997],[100.04473,13.5507],[100.04351,13.55229],[100.04114,13.55672],[100.04079,13.5569],[100.03894,13.56104],[100.03865,13.56094],[100.03886,13.56342],[100.03842,13.56446],[100.03961,13.56488],[100.03912,13.56627],[100.03885,13.56622],[100.03782,13.5703],[100.03923,13.57062],[100.03828,13.57382],[100.04041,13.57431],[100.03956,13.57729],[100.03895,13.57717],[100.03872,13.57949],[100.0385,13.57949],[100.03691,13.58359],[100.03714,13.58365],[100.037,13.58431],[100.04079,13.585],[100.04026,13.58813],[100.04056,13.58818],[100.04027,13.59302],[100.04267,13.59365],[100.04327,13.59451],[100.04132,13.59808],[100.04106,13.60041],[100.03912,13.60273],[100.04497,13.60562],[100.04451,13.60655],[100.04646,13.60737],[100.04636,13.60803],[100.04689,13.60822],[100.04619,13.60953],[100.05074,13.61072],[100.05059,13.61117],[100.05433,13.61236],[100.05326,13.61466],[100.05579,13.61563],[100.05584,13.61663],[100.05702,13.61716],[100.05618,13.6183],[100.05909,13.61984],[100.05867,13.62053],[100.06014,13.62194],[100.06055,13.62161],[100.06288,13.62318],[100.06186,13.62453],[100.06427,13.62645],[100.06495,13.62606],[100.06744,13.62868],[100.06793,13.62854],[100.0686,13.63074],[100.06942,13.6307],[100.07144,13.63423],[100.07073,13.64839],[100.07105,13.64848],[100.07109,13.649],[100.07052,13.6508],[100.0703,13.65321],[100.06856,13.65634]],[[100.02913,13.50878],[100.02946,13.50788],[100.03056,13.50789],[100.03066,13.5066],[100.03126,13.50681],[100.03214,13.50639],[100.03313,13.50636],[100.03433,13.50512],[100.03602,13.5046],[100.03747,13.50525],[100.03825,13.5043],[100.03875,13.50463],[100.0391,13.50391],[100.04046,13.50419],[100.04153,13.50371],[100.04215,13.50392],[100.04255,13.50371],[100.04205,13.50221],[100.042,13.50098],[100.04255,13.50041],[100.04199,13.49865],[100.04302,13.49872],[100.04464,13.49762],[100.04512,13.49797],[100.04525,13.49682],[100.04649,13.49703],[100.04664,13.4961],[100.04796,13.49364],[100.05,13.49008],[100.05061,13.48954],[100.05229,13.48667],[100.0533,13.48566],[100.05328,13.48504],[100.05449,13.48405],[100.0556,13.48201],[100.07332,13.45635],[100.07326,13.45586],[100.07354,13.45561],[100.07847,13.43753],[100.07772,13.42889],[100.07877,13.42537],[100.1623,13.21983]],[[100.0572,7.1076],[100.0677,7.1119],[100.0677,7.119],[100.0601,7.1263],[100.0624,7.1372],[100.075,7.1472],[100.0962,7.1515],[100.1111,7.1658],[100.1236,7.1656],[100.1361,7.1523],[100.1478,7.149],[100.1524,7.1529],[100.1562,7.1487],[100.1658,7.1559],[100.1752,7.1754],[100.2128,7.1859],[100.224,7.1938],[100.2413,7.1925],[100.2502,7.1994],[100.2578,7.1969],[100.28,7.2109],[100.3057,7.2093],[100.3144,7.2296],[100.3343,7.2391],[100.3332,7.2435],[100.3407,7.2482],[100.3416,7.2753],[100.3614,7.2807],[100.3584,7.3003],[100.3739,7.3043],[100.376,7.3125],[100.3848,7.2895],[100.3834,7.2786],[100.3991,7.2636],[100.4086,7.2654],[100.4113,7.2742],[100.4279,7.284],[100.4285,7.3099],[100.4107,7.3397],[100.3989,7.4002],[100.3826,7.425],[100.3865,7.5118],[100.3557,7.5278],[100.296,7.4954],[100.2606,7.4966],[100.2372,7.5386],[100.2168,7.7283],[100.1775,7.8765]],[[100.0621,10.1769],[99.9875,10.2671],[99.6294,10.5877],[99.6694,10.614],[99.7221,10.6732],[99.7442,10.7726],[99.7401,10.8109],[99.7214,10.8716],[99.7173,10.9334],[99.7471,10.9726]],[[100.06856,13.65634],[100.08059,13.65779],[100.08405,13.65731],[100.08544,13.6543],[100.08649,13.65072],[100.09317,13.65316],[100.09484,13.65035],[100.09884,13.65172],[100.10025,13.64891],[100.10101,13.64922],[100.10137,13.64858],[100.10413,13.65013],[100.10477,13.64891],[100.11135,13.6515],[100.11154,13.65122],[100.11705,13.65254],[100.11646,13.65519],[100.121,13.65595],[100.1176,13.666],[100.11633,13.66927],[100.11456,13.67274],[100.11348,13.67689],[100.11637,13.6774],[100.11624,13.67848],[100.1193,13.67904],[100.11919,13.67996],[100.12439,13.681],[100.12452,13.68072],[100.13213,13.68172],[100.13224,13.68132],[100.14237,13.68316],[100.1562,13.6843],[100.15655,13.68067],[100.15825,13.67943],[100.16368,13.67675],[100.16597,13.67866],[100.17205,13.6808],[100.17284,13.68159],[100.17274,13.6825],[100.17403,13.68279],[100.17471,13.6821],[100.17501,13.68213],[100.17579,13.68421],[100.17627,13.68468],[100.17626,13.68659],[100.17655,13.6872],[100.17699,13.68737],[100.17695,13.68796],[100.17851,13.68864],[100.1796,13.68858],[100.18013,13.68894],[100.18059,13.68847],[100.18167,13.68895],[100.182,13.68873],[100.18395,13.684],[100.1863,13.68511],[100.18802,13.68156],[100.18812,13.67983],[100.18908,13.67974],[100.18994,13.67921],[100.19097,13.67771],[100.1916,13.67749],[100.19266,13.67876],[100.19452,13.67748],[100.19904,13.67874],[100.19899,13.67899],[100.2017,13.67912],[100.2028,13.6782],[100.20321,13.67828],[100.20587,13.68084],[100.20538,13.68098],[100.20573,13.68207],[100.20698,13.68146],[100.20756,13.68238],[100.20909,13.68194],[100.20968,13.68291],[100.21012,13.68467],[100.21117,13.68586],[100.21165,13.68569],[100.21224,13.68654],[100.21351,13.68617],[100.21543,13.68662],[100.21579,13.68762],[100.21969,13.68262],[100.2217,13.68512],[100.22435,13.68168],[100.22408,13.68149],[100.22498,13.67997],[100.22565,13.68022],[100.22622,13.67911],[100.22549,13.67868],[100.22651,13.67741],[100.22794,13.67686],[100.22681,13.67623],[100.22712,13.67273],[100.24077,13.67991],[100.24364,13.67464],[100.24644,13.67604],[100.24744,13.67415],[100.25096,13.67664],[100.2529,13.67668],[100.25179,13.6788],[100.25613,13.67889],[100.25764,13.67864],[100.26038,13.6818],[100.26063,13.68308],[100.2602,13.68471],[100.262,13.6854],[100.26418,13.68451],[100.26717,13.68386],[100.26813,13.68319],[100.27044,13.68331],[100.27485,13.68595],[100.27693,13.68818],[100.27797,13.69043],[100.27781,13.69086],[100.27813,13.69111],[100.27823,13.69287],[100.28265,13.69285],[100.28688,13.69427],[100.28603,13.69715],[100.28371,13.69679],[100.28334,13.70154],[100.28536,13.70277],[100.28428,13.7047],[100.2833,13.70573],[100.28493,13.70674],[100.2846,13.70729],[100.28653,13.70822],[100.28642,13.70944],[100.28549,13.71172],[100.28353,13.71194],[100.28357,13.71341],[100.28527,13.71485],[100.28886,13.71475],[100.28875,13.71581],[100.29014,13.71778],[100.29276,13.71876],[100.29458,13.71675],[100.29685,13.71796],[100.29798,13.71574],[100.29789,13.71414],[100.30231,13.71504],[100.30236,13.71468],[100.30371,13.7151],[100.30392,13.71517],[100.30351,13.71626],[100.30332,13.71617],[100.30228,13.71807],[100.30182,13.7179],[100.30074,13.72004],[100.30295,13.72058],[100.30331,13.71989],[100.30459,13.72046],[100.30485,13.71954],[100.30589,13.7196],[100.30647,13.71839],[100.30761,13.71893],[100.30641,13.72148],[100.30646,13.72358],[100.31016,13.72458],[100.31055,13.72322],[100.31009,13.72311],[100.31019,13.72157],[100.31228,13.72205],[100.31236,13.72179],[100.31269,13.72181],[100.31558,13.723],[100.31587,13.72136],[100.31539,13.72125],[100.3155,13.72063],[100.31787,13.72093],[100.31799,13.7202],[100.31852,13.7202],[100.32093,13.72115],[100.32136,13.71996],[100.32221,13.72012],[100.3227,13.71806],[100.32434,13.71841],[100.32493,13.71751],[100.32719,13.71788],[100.32714,13.71845],[100.32973,13.71942],[100.32966,13.72],[100.33291,13.72112]],[[100.1038,15.4166],[100.093,15.4157],[100.0874,15.4049],[100.0918,15.393],[100.1059,15.3816],[100.1056,15.3742],[100.0801,15.3804],[100.0736,15.3733],[100.0999,15.3484],[100.0998,15.3336],[100.0785,15.3184],[100.0805,15.299],[100.0629,15.2856],[100.0558,15.2702],[100.0547,15.2758],[100.0497,15.276],[100.0475,15.2663],[100.0367,15.2929],[100.0203,15.2914],[100.0055,15.3021],[99.9673,15.2985],[99.9579,15.3061],[99.9335,15.3017],[99.9327,15.2976],[99.9177,15.2994],[99.8833,15.287],[99.872,15.3049],[99.7965,15.3183],[99.7898,15.3138],[99.7808,15.3159],[99.7681,15.2999],[99.7535,15.2946],[99.7493,15.2798],[99.7451,15.282],[99.7381,15.2664],[99.7336,15.2672],[99.7274,15.249],[99.7411,15.226],[99.7378,15.2127],[99.75,15.1528],[99.7617,15.142],[99.7717,15.1406],[99.7675,15.1298],[99.7927,15.0919],[99.7725,15.0584],[99.777,15.0535],[99.7712,15.0384],[99.7612,15.0308],[99.7374,15.0254],[99.7347,15.0115],[99.7215,14.9974],[99.7238,14.962]],[[100.114,18.8086],[100.0859,18.8278],[100.0663,18.8167],[100.0661,18.8275],[100.0609,18.8296],[100.0688,18.8444],[100.0703,18.8653],[100.0612,18.88],[100.0396,18.8906],[100.0338,18.9023],[100.017,18.8957],[100.0092,18.9042],[99.9966,18.9049],[99.9794,18.9202],[99.9664,18.9245],[99.9467,18.9425],[99.9272,18.9779],[99.9116,18.988],[99.9058,18.9828],[99.8891,18.988],[99.8811,19.0003],[99.8715,18.9963],[99.8459,19.0042],[99.8385,19.0016],[99.8292,19.0114],[99.8341,19.0171],[99.8351,19.0264],[99.83,19.0319],[99.8337,19.0391],[99.8215,19.0482],[99.8193,19.0614],[99.7955,19.0531],[99.7822,19.0556],[99.7733,19.0642],[99.7743,19.076],[99.7635,19.09],[99.7586,19.134],[99.7436,19.1422],[99.7391,19.1591],[99.7261,19.1699],[99.7286,19.1815],[99.7141,19.2115],[99.7099,19.2374],[99.7031,19.2445],[99.7053,19.2761],[99.698,19.3061],[99.7084,19.3343],[99.7073,19.3447],[99.6914,19.3598],[99.6936,19.3827]],[[100.114,18.8086],[100.1173,18.8196],[100.1334,18.8171],[100.1559,18.8355],[100.1736,18.8134],[100.1875,18.8191],[100.199,18.8145],[100.2263,18.8255],[100.2414,18.8195],[100.2494,18.8227],[100.302,18.8185],[100.3125,18.8101],[100.3384,18.8132],[100.3404,18.806]],[[100.1623,13.2198],[99.9539,13.2971],[99.9358,13.2931],[99.9339,13.2851],[99.9096,13.2821],[99.9078,13.2639],[99.8991,13.2672],[99.8866,13.2639],[99.8815,13.2585],[99.8923,13.243],[99.8772,13.2513],[99.8604,13.2444],[99.8523,13.3071],[99.856,13.3292]],[[100.1775,7.8765],[100.2355,7.883],[100.2434,7.8934],[100.2664,7.9047],[100.266,7.9147],[100.3083,7.9138],[100.307,7.9236],[100.3163,7.9373],[100.3287,7.9384],[100.3363,7.9313],[101.3258,8.1639]],[[100.2027,14.9535],[100.1977,14.9393],[100.1827,14.9352],[100.1824,14.9246],[100.1871,14.9075],[100.195,14.9039],[100.2168,14.9107],[100.2227,14.9037],[100.2062,14.8953],[100.2097,14.8844],[100.2244,14.8823],[100.2162,14.8727],[100.2215,14.8649],[100.2188,14.8441],[100.2096,14.834],[100.2042,14.8097],[100.2146,14.8068],[100.2176,14.7973],[100.2258,14.7971]],[[100.2027,14.9535],[100.2241,14.9507],[100.229,14.9459],[100.2379,14.9506],[100.26,14.9447],[100.2721,14.951],[100.2745,14.9606],[100.2921,14.9599],[100.2859,14.9828],[100.2802,14.9913],[100.275,14.9908],[100.2681,15.0104],[100.2558,15.0076],[100.2506,15.0187],[100.2426,15.0181],[100.245,15.0236],[100.2238,15.0248],[100.2187,15.0454],[100.2427,15.0508],[100.2436,15.0428],[100.255,15.0375],[100.2587,15.0413],[100.2561,15.0486],[100.2652,15.0606],[100.2775,15.0663],[100.2935,15.0643],[100.2935,15.0743],[100.3034,15.0829],[100.3322,15.0924],[100.3533,15.1188]],[[100.2051,6.7261],[100.2073,6.7486],[100.2158,6.7583],[100.2128,6.7688],[100.1995,6.7762],[100.1931,6.7879],[100.1957,6.7956],[100.1912,6.8099],[100.1962,6.8144],[100.199,6.8362],[100.2108,6.8439],[100.211,6.8572],[100.2206,6.8707],[100.2187,6.8795],[100.1986,6.9075],[100.1816,6.9133],[100.1678,6.9118],[100.1462,6.9252],[100.1217,6.9239],[100.1199,6.936],[100.1018,6.9487],[100.0948,6.9651],[100.079,6.9632],[100.083,6.998],[100.0632,7.0184],[100.0657,7.0313],[100.075,7.0333],[100.0791,7.0414],[100.0713,7.0438],[100.0739,7.0499],[100.0637,7.0571],[100.0601,7.0891],[100.0546,7.0951],[100.0572,7.1076]],[[100.2051,6.7261],[100.2056,6.721],[100.2147,6.7188],[100.2186,6.7024],[100.2288,6.6934],[100.2437,6.6934],[100.2575,6.7114],[100.265,6.6989],[100.2843,6.7087],[100.293,6.7078],[100.29,6.6908],[100.2943,6.6798],[100.3022,6.6795],[100.3089,6.6666],[100.3276,6.6639],[100.3195,6.654],[100.3218,6.6421],[100.3162,6.6366],[100.3213,6.6357],[100.326,6.6214],[100.3059,6.6111],[100.3052,6.6052],[100.3158,6.6042],[100.3252,6.5858],[100.3416,6.5802],[100.3452,6.5712],[100.3515,6.5729],[100.3659,6.5401],[100.3733,6.5451],[100.3882,6.535],[100.4021,6.5364],[100.403,6.5299],[100.4182,6.5187],[100.4395,6.5271],[100.4537,6.5268],[100.4568,6.5318],[100.4705,6.5204],[100.4902,6.5255],[100.4962,6.5213],[100.4938,6.5086],[100.5188,6.4886],[100.5369,6.4868],[100.5421,6.4912],[100.5483,6.4845],[100.5625,6.496],[100.5732,6.4826],[100.5952,6.4774],[100.6023,6.4684],[100.6081,6.4721],[100.6178,6.4598],[100.6463,6.4584],[100.6426,6.45],[100.6521,6.4426],[100.6621,6.451],[100.6847,6.4537],[100.6865,6.4649],[100.6976,6.4661],[100.6986,6.4714],[100.7094,6.4709],[100.7122,6.4818],[100.7234,6.4952],[100.7293,6.4951],[100.7304,6.5054],[100.7386,6.5104],[100.7436,6.5004],[100.7391,6.4913],[100.7437,6.4709],[100.7532,6.4578],[100.769,6.4553],[100.7765,6.463],[100.7915,6.4483],[100.8126,6.4422],[100.8239,6.4069],[100.8218,6.3565],[100.8491,6.3146],[100.8499,6.3087],[100.8428,6.3079],[100.8411,6.3002]],[[100.21262,14.17897],[100.20984,14.17912],[100.20535,14.1786],[100.20276,14.17798],[100.19549,14.17533],[100.1958,14.17449],[100.18289,14.16556],[100.17325,14.15974],[100.16749,14.15839],[100.16765,14.15653],[100.15761,14.15144],[100.15782,14.1503],[100.15857,14.14948],[100.15902,14.14808],[100.1577,14.14627],[100.15612,14.14548],[100.15501,14.14511],[100.15219,14.14537],[100.15051,14.14496],[100.14283,14.14576],[100.14156,14.14523],[100.14003,14.14551],[100.13903,14.14506],[100.13866,14.14411],[100.1378,14.14438],[100.13588,14.14327],[100.13544,14.14263],[100.13464,14.1426],[100.1343,14.14151],[100.13345,14.14135],[100.13353,14.14073],[100.13405,14.14024],[100.13205,14.13904],[100.13087,14.13891],[100.13112,14.14735],[100.13004,14.15065],[100.12597,14.15059],[100.12328,14.14974],[100.1186,14.14982],[100.11668,14.15011],[100.11244,14.14866],[100.11152,14.14726],[100.1081,14.14663],[100.10723,14.14621],[100.10691,14.14694],[100.10452,14.14637],[100.10453,14.14918],[100.10392,14.15053],[100.1045,14.15068],[100.10386,14.15364],[100.1022,14.15638],[100.10074,14.15596],[100.09779,14.153],[100.09852,14.15161],[100.08952,14.1502],[100.08952,14.1486],[100.08841,14.14854],[100.08832,14.14654],[100.08617,14.14612],[100.08632,14.14517],[100.08298,14.14545],[100.08169,14.14517],[100.08169,14.14456],[100.08131,14.14456],[100.08131,14.14427],[100.07785,14.14453],[100.07733,14.14157],[100.07333,14.14142],[100.06953,14.14073],[100.06876,14.14405],[100.06757,14.14337],[100.06636,14.14494],[100.06487,14.14503],[100.06476,14.1446],[100.06097,14.14484],[100.06088,14.14557],[100.05917,14.14679],[100.05711,14.14635],[100.05688,14.14565],[100.05165,14.14734],[100.0526,14.14885],[100.04546,14.15281],[100.0436,14.15361],[100.04351,14.15324],[100.03942,14.15402],[100.0393,14.15369],[100.03704,14.15427],[100.0366,14.15264],[100.03297,14.15219],[100.03285,14.15099],[100.02974,14.15156],[100.02907,14.14909],[100.02815,14.14918],[100.02773,14.14867],[100.02615,14.14866],[100.02614,14.14902],[100.02472,14.1497],[100.0247,14.14804],[100.02198,14.14818],[100.02196,14.14717],[100.01696,14.14689],[100.01686,14.14543],[100.01514,14.14569],[100.0154,14.14689],[100.012,14.14689],[100.01197,14.14608],[100.00828,14.14608],[100.00824,14.14473],[100.00977,14.14477],[100.00977,14.1435],[100.0046,14.14143],[100.00413,14.14222],[100.00272,14.1414],[100.00132,14.14289],[100.00135,14.14404],[99.99845,14.14378],[99.99844,14.14407],[99.9932,14.14197],[99.99205,14.14315],[99.99036,14.143],[99.9899,14.14391],[99.98893,14.14283],[99.98769,14.14299],[99.98635,14.14164],[99.98643,14.14042],[99.98685,14.14042],[99.98652,14.13992],[99.98395,14.14017],[99.98278,14.14008],[99.98223,14.13967],[99.98035,14.13991],[99.97679,14.13942],[99.97568,14.14079],[99.97546,14.14189],[99.97319,14.14188],[99.97269,14.14139],[99.97032,14.14108],[99.96831,14.14023],[99.96671,14.13994],[99.96525,14.13804],[99.96578,14.13672],[99.96717,14.1355],[99.97109,14.13382],[99.96693,14.13131],[99.96627,14.13132],[99.96504,14.13074],[99.96409,14.13079],[99.96307,14.1313],[99.9613,14.13142],[99.96064,14.13249],[99.95819,14.13271],[99.95728,14.13184],[99.95654,14.13179],[99.95223,14.13334],[99.95102,14.13324],[99.94994,14.13444],[99.94482,14.13492],[99.94356,14.13423],[99.94352,14.13153],[99.9402,14.13146],[99.93957,14.13115],[99.9399,14.12658],[99.93818,14.12649],[99.93436,14.12551],[99.93331,14.12386],[99.93149,14.12348],[99.92704,14.12765],[99.89223,14.09011],[99.88531,14.09085],[99.87117,14.07638],[99.86938,14.07718],[99.86715,14.07755],[99.86649,14.07492],[99.85471,14.07931],[99.85302,14.07951],[99.85119,14.07898],[99.84686,14.07661],[99.84454,14.07633],[99.83897,14.07866],[99.83892,14.0771],[99.83801,14.07713],[99.83784,14.07234],[99.83536,14.07211],[99.83342,14.0732],[99.83202,14.07156],[99.82978,14.07382],[99.82936,14.07306],[99.83142,14.07084],[99.83111,14.06985],[99.82992,14.0707],[99.82979,14.07042],[99.8281,14.07081],[99.82691,14.07011],[99.82675,14.07081],[99.82497,14.07061],[99.82512,14.06992],[99.82419,14.06993],[99.82274,14.0705],[99.82177,14.06988],[99.81974,14.07236],[99.81757,14.07188],[99.81782,14.07102],[99.81671,14.06916],[99.81895,14.06803],[99.81861,14.06675],[99.81693,14.06391]],[[100.2258,14.7971],[100.2306,14.7874],[100.2195,14.7848],[100.2181,14.7769],[100.2118,14.778],[100.2128,14.7745],[100.2024,14.7701],[100.2022,14.747],[100.2131,14.7278],[100.2043,14.7174],[100.212,14.713],[100.2155,14.6968],[100.2236,14.689],[100.2211,14.6715],[100.2263,14.6699],[100.2345,14.6533],[100.2468,14.652],[100.2418,14.6444],[100.2146,14.6422],[100.2087,14.6347],[100.2105,14.6246],[100.2036,14.6257],[100.2001,14.6184],[100.1922,14.6183],[100.1953,14.6135],[100.1918,14.609],[100.2001,14.599],[100.2188,14.5966],[100.2062,14.5835],[100.2096,14.5733],[100.1984,14.5676],[100.1959,14.5606],[100.2082,14.5402],[100.2065,14.5236],[100.2329,14.5005],[100.2288,14.4823],[100.2531,14.4829]],[[100.2531,14.4829],[100.2446,14.4612],[100.2511,14.4431],[100.2455,14.4368],[100.2674,14.4279],[100.263,14.4196],[100.2734,14.4117],[100.2742,14.405],[100.29,14.4012],[100.282,14.3981],[100.2736,14.3782],[100.2672,14.3748],[100.2811,14.3259],[100.251,14.2917],[100.2489,14.2535],[100.2317,14.2275],[100.2314,14.2133],[100.2386,14.1974],[100.2248,14.194],[100.2126,14.179]],[[100.2531,14.4829],[100.2672,14.4891],[100.2684,14.485],[100.2754,14.4918],[100.2927,14.4865],[100.2934,14.4937],[100.3085,14.494],[100.3147,14.4869],[100.3201,14.4916],[100.3312,14.4835],[100.3356,14.4859],[100.3332,14.4912],[100.3512,14.5013],[100.371,14.4992],[100.3713,14.5049],[100.3857,14.512],[100.3961,14.506],[100.4108,14.5083],[100.4166,14.4998],[100.4288,14.4946],[100.4166,14.4836],[100.4216,14.4714],[100.4163,14.4565],[100.4189,14.4432],[100.4463,14.4373],[100.4784,14.4441],[100.4775,14.4515],[100.4879,14.4559],[100.4879,14.4634],[100.4927,14.4657],[100.4852,14.4733],[100.4899,14.473],[100.4902,14.4944],[100.4976,14.5],[100.491,14.5148],[100.495,14.5282],[100.4893,14.5602],[100.4788,14.5661],[100.4926,14.5785],[100.4959,14.5956],[100.4874,14.6128],[100.4935,14.6208],[100.4893,14.625],[100.5015,14.6289],[100.5027,14.6491],[100.5083,14.6515],[100.4968,14.6785]],[[100.27963,14.12662],[100.28146,14.14093],[100.28419,14.16983],[100.26904,14.17187],[100.24473,14.17394],[100.21262,14.17897]],[[100.32788,13.80418],[100.28999,13.88414],[100.27603,13.91301],[100.27511,13.91435],[100.2726,13.91631],[100.2654,13.92062],[100.27327,13.93316],[100.28695,13.94702],[100.29827,13.96337],[100.28587,13.97165],[100.27373,13.9832],[100.27035,13.98776],[100.26904,13.99043],[100.26793,13.99376],[100.26407,13.99697],[100.26521,13.99785],[100.26378,13.99934],[100.26558,14.00125],[100.26331,14.00447],[100.2665,14.00796],[100.26407,14.01017],[100.26912,14.01891],[100.26942,14.02106],[100.26894,14.02097],[100.27015,14.02471],[100.27388,14.0253],[100.27408,14.02666],[100.27768,14.03141],[100.27512,14.03265],[100.27523,14.03306],[100.27413,14.03351],[100.27403,14.03313],[100.27268,14.03348],[100.27288,14.03437],[100.27105,14.03719],[100.26574,14.03977],[100.26449,14.04078],[100.26635,14.04549],[100.26711,14.04515],[100.26412,14.06013],[100.2654,14.06106],[100.26772,14.06362],[100.27036,14.06571],[100.27208,14.06793],[100.27234,14.06919],[100.27192,14.07236],[100.27393,14.07386],[100.2761,14.08009],[100.27681,14.08517],[100.27688,14.09932],[100.27823,14.11481],[100.27963,14.12662]],[[100.32788,13.80418],[100.33081,13.79732],[100.33114,13.79302],[100.33359,13.78391],[100.33361,13.78334],[100.33316,13.7832],[100.33326,13.78132],[100.33239,13.78122],[100.33262,13.78005],[100.33077,13.77571],[100.32999,13.7661],[100.3303,13.76378],[100.33011,13.76237],[100.33111,13.76217],[100.33113,13.76159],[100.33156,13.76157],[100.33187,13.76064],[100.33258,13.76068],[100.33265,13.76023],[100.33302,13.76023],[100.3328,13.75544],[100.33417,13.75522],[100.33452,13.75334],[100.33542,13.75339],[100.33552,13.74783],[100.33599,13.74578],[100.33527,13.74553],[100.33612,13.74169],[100.33572,13.74156],[100.33605,13.74046],[100.33633,13.74045],[100.3368,13.73723],[100.33735,13.73712],[100.33748,13.73609],[100.33756,13.73273],[100.33497,13.73208],[100.33562,13.73076],[100.33496,13.73043],[100.3365,13.72659],[100.3362,13.72655],[100.33638,13.72294],[100.33576,13.72297],[100.33598,13.72223],[100.33291,13.72112]],[[100.33291,13.72112],[100.33465,13.71844],[100.33679,13.71657],[100.33609,13.71542],[100.33756,13.71478],[100.33879,13.71277],[100.33649,13.71121],[100.33672,13.71091],[100.33646,13.71081],[100.33511,13.71119],[100.33412,13.71306],[100.33232,13.71246],[100.33305,13.71109],[100.33348,13.70826],[100.33329,13.70733],[100.33184,13.70475],[100.33249,13.70481],[100.33209,13.70255],[100.33208,13.69744],[100.33126,13.6973],[100.33209,13.69271],[100.33241,13.68842],[100.33382,13.68326],[100.33445,13.68229],[100.33444,13.68153],[100.33356,13.68147],[100.33604,13.67695],[100.33759,13.67738],[100.33824,13.67502],[100.33886,13.66946],[100.33931,13.66771],[100.34012,13.66648],[100.34012,13.6653],[100.34128,13.66086],[100.34084,13.65889],[100.33979,13.65784],[100.33941,13.65495],[100.34511,13.65471],[100.34684,13.65533],[100.34686,13.65224],[100.34647,13.65115],[100.34629,13.64911],[100.34496,13.64884],[100.34495,13.64813],[100.34607,13.64363],[100.34866,13.64372],[100.34841,13.64096],[100.35025,13.64097],[100.35034,13.64018],[100.35149,13.64014],[100.35158,13.63959],[100.35442,13.63996],[100.35544,13.63654],[100.35794,13.63694],[100.35903,13.63745],[100.35961,13.63287],[100.36042,13.63301],[100.36041,13.63336],[100.36463,13.6333],[100.36517,13.63294],[100.366,13.63363],[100.36685,13.63221],[100.36643,13.63204],[100.36705,13.63038],[100.36752,13.63011],[100.3687,13.63013],[100.36944,13.62758],[100.37161,13.62492],[100.37126,13.62441],[100.37177,13.62294],[100.37197,13.62079],[100.37413,13.62063],[100.37711,13.62151],[100.3772,13.6209],[100.37777,13.6209],[100.37701,13.62019],[100.37664,13.6183],[100.37728,13.61672],[100.37768,13.61687],[100.37807,13.61519],[100.37789,13.61466],[100.37851,13.61334],[100.37806,13.60921],[100.37833,13.60689],[100.37715,13.6065],[100.37845,13.6021],[100.3785,13.59885],[100.37907,13.59694],[100.37891,13.59485],[100.37851,13.59429],[100.3789,13.59343],[100.37928,13.59341],[100.38104,13.59144],[100.38362,13.58953],[100.38431,13.58957],[100.38444,13.58835],[100.3842,13.58771],[100.38512,13.58749],[100.38475,13.58711],[100.38534,13.58653],[100.38488,13.58614],[100.38566,13.58597],[100.38517,13.58546],[100.38582,13.58551],[100.38566,13.58516],[100.386,13.58502],[100.38522,13.58385],[100.38542,13.58305],[100.38518,13.58271],[100.38555,13.58246],[100.38573,13.58157],[100.38505,13.5809],[100.38515,13.58033],[100.38557,13.58016],[100.385,13.57912],[100.3866,13.5778],[100.38689,13.57673],[100.38618,13.57617],[100.38647,13.57561],[100.38706,13.57543],[100.38667,13.57465],[100.38698,13.57417],[100.38793,13.57425],[100.3875,13.57352],[100.38799,13.57236],[100.38819,13.57294],[100.38885,13.57296],[100.38892,13.5716],[100.38953,13.57098],[100.38926,13.57045],[100.3895,13.56973],[100.39041,13.56947],[100.39067,13.56898],[100.39151,13.56888],[100.39139,13.56801],[100.39064,13.56761],[100.39102,13.56641],[100.39082,13.56547],[100.39119,13.56519],[100.39142,13.56429],[100.39131,13.56334],[100.39222,13.56309],[100.39309,13.56148],[100.39262,13.5607],[100.39338,13.55861],[100.39417,13.55824],[100.39396,13.55749],[100.39421,13.55605],[100.39475,13.55555],[100.39462,13.55491],[100.39516,13.55458],[100.39542,13.5537],[100.39729,13.55302],[100.39873,13.55323],[100.39924,13.55276],[100.40033,13.55305],[100.4013,13.55285],[100.40174,13.55323],[100.4025,13.5531],[100.40333,13.55346],[100.40432,13.55506],[100.40504,13.55504],[100.40545,13.5546],[100.40653,13.55441],[100.40736,13.55482],[100.40867,13.55459],[100.41189,13.55547],[100.41244,13.55716],[100.41307,13.55711],[100.4136,13.55747],[100.41421,13.55691],[100.4152,13.55714],[100.41464,13.55152],[100.41647,13.55037],[100.41907,13.54747],[100.42005,13.54537],[100.4195,13.54289],[100.4185,13.54082],[100.4179,13.5402],[100.41586,13.53958],[100.41481,13.5388],[100.41461,13.53842],[100.41486,13.53765],[100.41398,13.5358],[100.41254,13.53581],[100.41248,13.52947],[100.411,13.52947],[100.41101,13.52304],[100.409,13.52302],[100.40895,13.52058],[100.40677,13.51932],[100.40698,13.51858],[100.40662,13.51837],[100.40662,13.50857],[100.40483,13.50814],[100.4086,13.49073],[100.45409,13.2191]],[[100.3404,18.806],[100.337,18.787],[100.356,18.7846],[100.3623,18.778],[100.3581,18.7508],[100.3737,18.7409],[100.3914,18.7394],[100.3884,18.7275],[100.3801,18.7254],[100.3709,18.7099],[100.3633,18.7072],[100.3516,18.6806],[100.3613,18.6437],[100.3751,18.6371],[100.3926,18.6384],[100.3922,18.6277],[100.3819,18.6231],[100.3782,18.6132],[100.3793,18.5873],[100.371,18.567],[100.3876,18.5584],[100.3869,18.5427],[100.3957,18.5282],[100.3869,18.512],[100.396,18.5036],[100.3993,18.4858],[100.4147,18.4805],[100.4217,18.4956],[100.4368,18.5019],[100.4441,18.4899],[100.4468,18.4961],[100.4602,18.4905],[100.4767,18.4948],[100.4844,18.4804],[100.505,18.473],[100.5194,18.4765],[100.5371,18.4913],[100.5419,18.4892],[100.5506,18.4499],[100.5506,18.417],[100.5364,18.3908],[100.5175,18.3924],[100.4978,18.353],[100.4815,18.3494],[100.4828,18.3419],[100.4931,18.338],[100.4798,18.3185],[100.4864,18.2983],[100.4834,18.2901],[100.494,18.2787],[100.4762,18.265],[100.4618,18.2231],[100.4541,18.2146],[100.46,18.1948],[100.4514,18.1836],[100.447,18.1585],[100.4367,18.1523],[100.4178,18.1553],[100.41,18.1416],[100.3976,18.1366],[100.3923,18.1185],[100.4001,18.1005],[100.3958,18.0862],[100.4098,18.0753],[100.4034,18.065],[100.4177,18.0303],[100.4143,18.0217]],[[100.34465,14.11647],[100.33833,14.11882],[100.32928,14.12095],[100.33059,14.13333],[100.32616,14.13386],[100.32604,14.13255],[100.32132,14.13258],[100.3212,14.132],[100.3184,14.13261],[100.31816,14.13125],[100.30895,14.13217],[100.30874,14.13495],[100.30829,14.13498],[100.30808,14.13633],[100.30788,14.13632],[100.30755,14.1396],[100.30396,14.14024],[100.29776,14.14067],[100.29787,14.14],[100.28922,14.1403],[100.29047,14.12375],[100.28199,14.12412],[100.28176,14.127],[100.27963,14.12662]],[[100.3533,15.1188],[100.3527,15.1353],[100.3428,15.1433],[100.3392,15.1601],[100.3246,15.1705],[100.3127,15.1666],[100.3147,15.1732],[100.3054,15.1703],[100.3009,15.1844],[100.2965,15.1853],[100.3018,15.1939],[100.2959,15.2053],[100.2964,15.2184],[100.2774,15.2338],[100.2831,15.2414],[100.2808,15.2486],[100.2687,15.2536],[100.2694,15.2921],[100.2508,15.3026],[100.2647,15.3177],[100.2628,15.3381],[100.228,15.3583],[100.2155,15.359],[100.1619,15.3809],[100.1252,15.4128],[100.1038,15.4166]],[[100.3533,15.1188],[100.3682,15.1006],[100.367,15.0881],[100.3738,15.0772],[100.3939,15.0665],[100.3997,15.0714],[100.4086,15.0665],[100.4275,15.0705]],[[100.4066,19.7361],[100.404,19.7525],[100.4152,19.7816],[100.4384,19.7917],[100.4443,19.8223],[100.4488,19.8256],[100.4423,19.8356],[100.45,19.8488],[100.4622,19.8574],[100.4737,19.856],[100.4895,19.8659],[100.4966,19.8646],[100.5011,19.8843],[100.5123,19.8907],[100.5203,19.9034],[100.5139,19.9094],[100.5198,19.9144],[100.5223,19.9289],[100.5161,19.9395],[100.5437,20.0116],[100.5417,20.0222],[100.5516,20.0308],[100.5607,20.0866],[100.57,20.0988],[100.5712,20.1369],[100.5785,20.1678],[100.5649,20.176],[100.5512,20.1748],[100.5301,20.1449],[100.5181,20.1439],[100.476,20.1904],[100.456,20.1987],[100.4534,20.2302],[100.4144,20.2537],[100.4058,20.282],[100.3824,20.314],[100.3749,20.3507],[100.3592,20.3552],[100.3553,20.378],[100.3305,20.3982],[100.2723,20.4006],[100.2497,20.3864],[100.247,20.3692],[100.2245,20.3511],[100.2287,20.3322],[100.2212,20.3177],[100.1808,20.3066],[100.1675,20.2981],[100.1684,20.2853],[100.1806,20.2634],[100.1717,20.2458],[100.1603,20.2441],[100.1125,20.25],[100.0958,20.2628],[100.0906,20.2759],[100.0986,20.3085],[100.0791,20.362],[100.0858,20.3684],[100.0766,20.3741],[100.0786,20.3803],[100.0674,20.3745],[100.0656,20.3817],[100.0716,20.3897],[100.0636,20.3852],[100.0573,20.3965],[100.0538,20.3877],[100.0418,20.3987],[100.0396,20.3928],[100.0368,20.4021],[100.0289,20.4003],[100.025,20.409],[100.0202,20.4067],[100.0189,20.4134],[100.0105,20.4132],[100.0087,20.4191],[100.0035,20.4128],[99.9847,20.4294],[99.9895,20.4312],[99.9834,20.4423],[99.9744,20.444],[99.9794,20.4494],[99.9756,20.4477],[99.9665,20.4551],[99.9695,20.4604],[99.9641,20.4583],[99.9656,20.4627],[99.9603,20.4648],[99.9413,20.4557],[99.9322,20.4563],[99.9209,20.4456],[99.9079,20.4501],[99.8974,20.4488],[99.8933,20.4431],[99.8717,20.4449],[99.8562,20.4162],[99.8448,20.406],[99.8372,20.3743],[99.8101,20.3366],[99.7763,20.3348],[99.7707,20.3418],[99.7581,20.3391],[99.7301,20.3501],[99.7175,20.3423],[99.7185,20.329],[99.7098,20.3236],[99.6984,20.3266],[99.6815,20.3162],[99.6572,20.3277],[99.6434,20.3433],[99.6333,20.3419],[99.6294,20.3358],[99.6149,20.3367],[99.6127,20.3318],[99.5918,20.3442],[99.5766,20.3448],[99.5577,20.358],[99.5397,20.356],[99.5163,20.3627],[99.4991,20.3842],[99.489,20.3832],[99.4733,20.394],[99.4584,20.3928],[99.4557,20.3624],[99.4896,20.3457],[99.5071,20.3258],[99.51,20.3133],[99.5049,20.2941],[99.5179,20.2669],[99.5158,20.2563],[99.5214,20.2503],[99.5226,20.2334],[99.5337,20.2322],[99.5447,20.2177],[99.5557,20.2168],[99.5638,20.2059],[99.5512,20.1765],[99.5416,20.1731],[99.538,20.1653],[99.5386,20.1477],[99.5177,20.1527],[99.5114,20.1517],[99.5133,20.1475]],[[100.4143,18.0217],[100.4263,18.0132],[100.4464,18.0255],[100.4564,18.0419],[100.4731,18.045],[100.4818,18.0556],[100.499,18.0504],[100.5033,18.0534],[100.5155,18.0446],[100.5337,18.0386],[100.5396,18.0416],[100.558,18.0327],[100.5735,18.0352],[100.5786,18.0443],[100.5896,18.0399],[100.6091,18.0502],[100.6557,18.0389],[100.6704,18.0447],[100.6817,18.0296],[100.6934,18.024],[100.725,18.0328],[100.7704,18.0266],[100.8011,18.0545],[100.8094,18.077],[100.8191,18.0832],[100.8495,18.082],[100.8559,18.1024],[100.8746,18.119],[100.8715,18.1353],[100.8827,18.1511],[100.8934,18.1493],[100.9131,18.1591],[100.9057,18.1768],[100.9075,18.1939],[100.9254,18.2115],[100.9124,18.2266],[100.9188,18.2427],[100.9514,18.2659],[100.9773,18.2952],[100.9795,18.3057],[100.999,18.3091],[101.0052,18.3178],[101.0432,18.3397],[101.0561,18.356],[101.0739,18.3565],[101.0854,18.381]],[[100.4275,15.0705],[100.4352,15.0704],[100.4324,15.0561],[100.4403,15.0532],[100.4397,15.0458],[100.4494,15.0496],[100.4514,15.0556],[100.4577,15.0552],[100.46,15.0519],[100.4544,15.0495],[100.4658,15.0327],[100.462,15.0183],[100.4544,15.0182],[100.448,14.9858],[100.4528,14.9684],[100.4524,14.9632],[100.447,14.9637],[100.4469,14.9515],[100.4495,14.9467],[100.4529,14.9518],[100.4559,14.9488],[100.4385,14.9323],[100.4315,14.9288],[100.4237,14.9327],[100.4206,14.9268],[100.4274,14.9162],[100.4223,14.905],[100.4277,14.8842],[100.4396,14.8803],[100.4394,14.8757],[100.4502,14.8748],[100.4511,14.864],[100.4461,14.8648],[100.4463,14.8582],[100.459,14.8555],[100.4602,14.8429],[100.4551,14.8373],[100.4743,14.8156],[100.4752,14.7674],[100.4892,14.7543],[100.4847,14.7395],[100.4779,14.7385],[100.4735,14.7307],[100.4752,14.723],[100.4695,14.7216]],[[100.4534,12.3862],[100.7738,12.3917],[100.7862,12.3744],[100.8219,12.3422],[100.8648,12.3121],[100.9216,12.2855],[101.0216,12.2813],[101.0843,12.312],[101.1318,12.3582]],[[100.4537,12.6602],[100.4534,12.3862]],[[100.45409,13.2191],[100.1623,13.21983]],[[100.45409,13.2191],[100.45425,13.49766],[100.45329,13.50399],[100.44927,13.52542],[100.44883,13.52668],[100.44864,13.52907],[100.44444,13.55371],[100.44673,13.58224],[100.44628,13.58475],[100.44665,13.58613],[100.44657,13.58704],[100.44743,13.5878],[100.44768,13.58911],[100.4493,13.59089],[100.44921,13.59208],[100.44989,13.59259],[100.45018,13.59359],[100.45072,13.59426],[100.45092,13.59659],[100.45214,13.59832],[100.45244,13.60179],[100.4538,13.60447],[100.45374,13.60599],[100.45443,13.60569],[100.45466,13.60506],[100.45566,13.60527],[100.45587,13.60496],[100.45757,13.6044],[100.46023,13.60537],[100.46146,13.60503],[100.46202,13.60568],[100.46311,13.60615],[100.46396,13.60583],[100.46523,13.60388],[100.46584,13.60389],[100.46573,13.60169],[100.46611,13.60029],[100.46705,13.59885],[100.46705,13.59829],[100.46669,13.59792],[100.46686,13.59693],[100.46876,13.59475],[100.46972,13.59268],[100.47359,13.59386],[100.47294,13.59692],[100.47303,13.59887],[100.47521,13.60188],[100.47642,13.60237],[100.47693,13.60297],[100.47774,13.60199],[100.47738,13.60094],[100.48183,13.60121],[100.4816,13.60213],[100.48216,13.60216],[100.48211,13.60297],[100.48342,13.60279],[100.48523,13.60323],[100.48544,13.60631],[100.48791,13.60667],[100.48825,13.60578],[100.49096,13.60632],[100.49134,13.60533],[100.49546,13.60574],[100.49545,13.60607],[100.49641,13.60616],[100.49646,13.60667],[100.49884,13.60892],[100.49925,13.60831],[100.50153,13.60953],[100.50341,13.60697],[100.50392,13.60732],[100.50594,13.60574],[100.50825,13.60328],[100.50757,13.60223],[100.50918,13.60133],[100.50887,13.60057],[100.50991,13.60029],[100.50889,13.59737],[100.51149,13.59685],[100.51293,13.60133],[100.51382,13.60262],[100.51951,13.60485],[100.52102,13.60514],[100.52027,13.60914],[100.51789,13.611],[100.51825,13.61149],[100.51764,13.61223],[100.517,13.61216],[100.51638,13.61274],[100.51687,13.61409],[100.51662,13.61469],[100.51674,13.61623],[100.51606,13.61779],[100.51644,13.61872],[100.51562,13.62124],[100.51578,13.62162],[100.51534,13.62367],[100.51493,13.62434],[100.51502,13.62653],[100.51435,13.62746],[100.51422,13.62862],[100.51494,13.6291],[100.51489,13.62998],[100.51649,13.63182],[100.51804,13.63492],[100.51684,13.6364],[100.51695,13.63774],[100.51604,13.6385],[100.5165,13.6391],[100.51701,13.64188],[100.5169,13.64213],[100.51584,13.64211],[100.51614,13.64373],[100.51551,13.64369],[100.51534,13.64497],[100.51585,13.64556],[100.5167,13.64575],[100.51689,13.64648],[100.51606,13.64764],[100.51667,13.64788],[100.51651,13.64922],[100.51726,13.64932],[100.51565,13.65098],[100.5162,13.65138],[100.51671,13.65276],[100.51705,13.65297],[100.5171,13.65359],[100.51828,13.65538],[100.51749,13.65565],[100.51769,13.65606],[100.51712,13.65664],[100.51755,13.66176],[100.5176,13.6673],[100.52031,13.66828],[100.5205,13.66849],[100.52033,13.66886],[100.52109,13.66912],[100.52041,13.67097],[100.52109,13.67191],[100.52151,13.67196],[100.52168,13.67328],[100.52199,13.67352],[100.52184,13.67491],[100.52061,13.67512],[100.52037,13.67562],[100.52283,13.67817],[100.53107,13.67161],[100.53516,13.66971],[100.53792,13.66915],[100.53995,13.66915],[100.54248,13.66963],[100.54448,13.67038],[100.54669,13.67167],[100.54832,13.67338],[100.55064,13.67716],[100.5518,13.68087],[100.55234,13.68407],[100.55257,13.68838],[100.55136,13.69883],[100.55166,13.70156],[100.55237,13.70316],[100.55346,13.70462],[100.55495,13.7056],[100.55645,13.70614],[100.55876,13.70643],[100.56235,13.70603],[100.57401,13.70189],[100.58018,13.69911],[100.58341,13.69686],[100.58609,13.69422],[100.58786,13.69144],[100.58892,13.68894],[100.58924,13.68687],[100.58913,13.68419],[100.58878,13.68307],[100.58733,13.67975],[100.58582,13.67735],[100.57934,13.6692],[100.58158,13.66775],[100.59208,13.66366],[100.59217,13.66269],[100.5955,13.66169],[100.59537,13.66114],[100.59649,13.66087],[100.59642,13.66054],[100.59772,13.66015],[100.5979,13.66046],[100.59874,13.66018],[100.59953,13.66043],[100.59947,13.66088],[100.60083,13.6608],[100.60051,13.65846],[100.60129,13.65803],[100.60171,13.65795],[100.60188,13.65853],[100.60484,13.65806],[100.60538,13.65925],[100.60781,13.65852],[100.60723,13.65691],[100.60844,13.65652],[100.60827,13.656],[100.61379,13.65391],[100.61398,13.65439],[100.61609,13.65351],[100.61774,13.6573],[100.61816,13.65715],[100.61926,13.6567],[100.61864,13.65519],[100.62343,13.65354],[100.62504,13.6527],[100.62982,13.65124],[100.62976,13.65095],[100.63064,13.65071],[100.63006,13.64907],[100.63506,13.64751],[100.63762,13.65179],[100.63889,13.65107],[100.63964,13.65323],[100.64003,13.6532],[100.64008,13.6536],[100.64052,13.65355],[100.64055,13.65388],[100.64263,13.65343],[100.64272,13.65388],[100.64411,13.65375],[100.64433,13.65397],[100.64922,13.65278],[100.64976,13.65254],[100.64968,13.65225],[100.65032,13.65205],[100.65049,13.65322],[100.65017,13.65914],[100.6507,13.65924],[100.65094,13.66065],[100.65228,13.6638],[100.65389,13.66935],[100.65538,13.67234],[100.65728,13.67166],[100.65989,13.67017],[100.66095,13.67164],[100.66223,13.67137],[100.66347,13.67029],[100.66691,13.6682],[100.66647,13.66712],[100.67217,13.66495],[100.67234,13.66452],[100.6735,13.66403],[100.67573,13.66337],[100.67689,13.66226],[100.67836,13.6614],[100.6881,13.65826],[100.6983,13.65616],[100.69864,13.65932],[100.69972,13.66366],[100.70401,13.67145],[100.70523,13.67432],[100.70471,13.67478],[100.70552,13.67875],[100.70645,13.67856],[100.70735,13.68487],[100.70895,13.68823],[100.70984,13.69093],[100.71026,13.69508],[100.70995,13.69513],[100.71109,13.70118],[100.7124,13.70126],[100.71004,13.71644],[100.71636,13.71653],[100.71644,13.71843],[100.73038,13.71849],[100.73074,13.71684],[100.75028,13.71667],[100.75203,13.71611],[100.75341,13.71677],[100.76037,13.7166],[100.76124,13.71632],[100.76216,13.7166],[100.7645,13.71665],[100.76556,13.71629],[100.76666,13.71543],[100.77094,13.71569],[100.7724,13.71644],[100.77934,13.71614],[100.78179,13.71669],[100.78837,13.71665],[100.82878,13.70192],[100.84057,13.69676],[100.8407,13.69706],[100.85555,13.69124],[100.85933,13.68944],[100.86078,13.69699]],[[100.4541,13.2191],[100.4537,12.6602]],[[100.4695,14.7216],[100.4309,14.7284],[100.4163,14.7255],[100.4168,14.7516],[100.405,14.7575],[100.3887,14.7519],[100.3869,14.7457],[100.3757,14.7456],[100.3601,14.7637],[100.3518,14.7634],[100.3454,14.7738],[100.3495,14.7802],[100.3432,14.7818],[100.3287,14.8024],[100.3111,14.7977],[100.3143,14.7898],[100.2993,14.7898],[100.2954,14.7808],[100.2778,14.7904],[100.2725,14.7995],[100.2663,14.7957],[100.2362,14.8006],[100.2258,14.7971]],[[100.4802,9.3135],[99.9219,9.2553],[99.8492,9.3305],[99.7588,9.3303],[99.7588,9.3216],[99.7692,9.3227],[99.7633,9.2915],[99.7715,9.2805],[99.7729,9.267],[99.7716,9.2609],[99.7622,9.2682],[99.7481,9.263],[99.754,9.2213],[99.7473,9.214],[99.7471,9.2041],[99.739,9.1996],[99.7422,9.182],[99.7387,9.1704],[99.7324,9.1598],[99.7276,9.1616],[99.7205,9.1554],[99.7199,9.145],[99.7337,9.1285],[99.7326,9.1198],[99.7224,9.1128],[99.7405,9.1145],[99.7719,9.098],[99.7643,9.0878],[99.7639,9.0717],[99.7486,9.0684],[99.7407,9.0582],[99.745,9.0479],[99.7399,9.037],[99.7445,9.0256],[99.7332,9.0126],[99.7248,8.9803],[99.7132,8.971],[99.6942,8.9746],[99.6885,8.9597],[99.6981,8.9428],[99.6915,8.9323],[99.6527,8.9248],[99.6503,8.9206],[99.6481,8.9293],[99.6429,8.9283],[99.6328,8.9221],[99.638,8.9161],[99.6243,8.9122],[99.6168,8.926],[99.6047,8.928],[99.576,8.9109],[99.5741,8.892],[99.5533,8.876],[99.5594,8.8507],[99.5323,8.8501],[99.5214,8.8451],[99.5176,8.8361],[99.5277,8.8136],[99.5214,8.7675],[99.5307,8.7593],[99.5219,8.7193],[99.5095,8.7145],[99.5072,8.7066],[99.492,8.6969],[99.4985,8.6852],[99.493,8.6809],[99.4963,8.672],[99.4884,8.6706],[99.4791,8.658],[99.4809,8.6482],[99.471,8.6459],[99.4633,8.6505],[99.4547,8.6426],[99.4481,8.621],[99.4563,8.6041],[99.4524,8.5984],[99.4424,8.5991],[99.4342,8.5831],[99.4292,8.5834],[99.4159,8.5691],[99.4178,8.5522],[99.4009,8.5442],[99.4023,8.536],[99.3935,8.5288],[99.3948,8.5131],[99.3777,8.5161],[99.3646,8.5017],[99.3502,8.4991],[99.3505,8.4935],[99.3295,8.4929],[99.3316,8.4887],[99.3188,8.4754],[99.2865,8.4696],[99.2879,8.4638],[99.2822,8.4649],[99.2772,8.4556],[99.2709,8.4581],[99.272,8.4539],[99.2595,8.4483],[99.262,8.4367],[99.2496,8.421],[99.2456,8.4044],[99.2349,8.3992],[99.2345,8.3857],[99.242,8.3652],[99.2467,8.3674],[99.2616,8.3504],[99.2756,8.3511],[99.2737,8.3439],[99.2823,8.3367],[99.2828,8.3161],[99.2886,8.3172],[99.2904,8.3126]],[[100.4802,9.3135],[100.295,9.6584],[100.2882,9.7482],[100.2735,9.816],[100.1788,10.0259],[100.1521,10.0691],[100.0621,10.1769]],[[100.4968,14.6785],[100.5043,14.6849],[100.4955,14.7004],[100.4751,14.7034],[100.4687,14.7091],[100.4695,14.7216]],[[100.4968,14.6785],[100.5032,14.6713],[100.5103,14.6742],[100.5139,14.6588],[100.5279,14.6578],[100.5305,14.6516],[100.5372,14.6585],[100.5332,14.6643],[100.5359,14.6719],[100.5434,14.6746],[100.5577,14.6621],[100.5619,14.6678],[100.5635,14.6632],[100.5807,14.6643],[100.6023,14.6544]],[[100.56761,13.95137],[100.54371,13.84973],[100.53622,13.84616],[100.51875,13.83057],[100.51608,13.82863],[100.51584,13.8276],[100.51535,13.82697],[100.51325,13.82613],[100.51313,13.8247],[100.51258,13.82485],[100.51179,13.82604],[100.51104,13.82616],[100.51068,13.82517],[100.50939,13.82556],[100.50927,13.8249],[100.51009,13.82463],[100.51017,13.8242],[100.5097,13.82363],[100.50769,13.8228],[100.50756,13.82149],[100.50635,13.81927],[100.50722,13.81622],[100.51199,13.81487],[100.51346,13.81429],[100.51505,13.81322],[100.50115,13.8008],[100.47519,13.79126],[100.46647,13.78907],[100.46991,13.79469],[100.464,13.79721],[100.45885,13.79826],[100.41522,13.80116],[100.34168,13.80349],[100.32788,13.80418]],[[100.56761,13.95137],[100.56679,13.9511],[100.56657,13.95037],[100.56584,13.95075],[100.56283,13.94963],[100.56199,13.95001],[100.56171,13.94948],[100.56137,13.94946],[100.56012,13.95073],[100.55824,13.95056],[100.55708,13.94985],[100.55596,13.95027],[100.55505,13.95155],[100.55446,13.9514],[100.5543,13.95054],[100.55406,13.95045],[100.55328,13.95145],[100.55242,13.95118],[100.55136,13.95172],[100.54906,13.9522],[100.54828,13.95273],[100.54581,13.95259],[100.54552,13.9534],[100.54464,13.95293],[100.54393,13.95358],[100.54426,13.95446],[100.5421,13.95362],[100.54152,13.95451],[100.54224,13.95537],[100.54202,13.95558],[100.53938,13.95579],[100.53879,13.9529],[100.53767,13.9507],[100.53519,13.94777],[100.53096,13.94488],[100.52938,13.94421],[100.52622,13.94362],[100.52226,13.94347],[100.51391,13.94399],[100.50986,13.94352],[100.50837,13.94308],[100.50683,13.94234],[100.50391,13.93975],[100.50181,13.93626],[100.49835,13.93828],[100.49781,13.93907],[100.49722,13.93893],[100.49632,13.9395],[100.49544,13.93958],[100.49518,13.94024],[100.49458,13.9403],[100.49416,13.94069],[100.49353,13.94036],[100.49291,13.9405],[100.4924,13.9411],[100.49155,13.94086],[100.49048,13.94197],[100.4891,13.94242],[100.48791,13.94394],[100.48748,13.94516],[100.48875,13.94607],[100.48733,13.94755],[100.48618,13.95018],[100.48462,13.95114],[100.47626,13.96046],[100.47381,13.96225],[100.47085,13.96527],[100.46687,13.96872],[100.46721,13.9729],[100.46494,13.9718],[100.46452,13.97259],[100.46227,13.97167],[100.46165,13.97501],[100.46109,13.97486],[100.46065,13.97644],[100.45842,13.97628],[100.45809,13.97734],[100.45776,13.9773],[100.4567,13.97504],[100.45659,13.97101],[100.45532,13.96939],[100.45388,13.96974],[100.45262,13.96794],[100.43708,13.97972],[100.4348,13.98117],[100.38109,13.99481],[100.38103,13.99421],[100.38556,13.99017],[100.38567,13.9896],[100.38513,13.98784],[100.36477,13.99223],[100.36122,13.99444],[100.35451,14.00273],[100.34518,14.01922],[100.34309,14.0237],[100.3415,14.0281],[100.33667,14.03775],[100.33379,14.04622],[100.33171,14.05579],[100.33187,14.06247],[100.33239,14.06684],[100.33518,14.07864],[100.338,14.08584],[100.34066,14.09386],[100.34145,14.09729],[100.34162,14.10204],[100.34239,14.10745],[100.34465,14.11647]],[[100.5986,19.51],[100.6025,19.4792],[100.5831,19.4755],[100.5712,19.4636],[100.5654,19.4539],[100.5643,19.4357],[100.5262,19.4089],[100.4881,19.3996],[100.4893,19.3877],[100.4847,19.3834],[100.4945,19.3801],[100.4964,19.3712],[100.5215,19.3806],[100.5339,19.3673],[100.53,19.3532],[100.5629,19.3395],[100.558,19.3213],[100.57,19.3046],[100.5863,19.314],[100.5917,19.327],[100.6089,19.3342],[100.6138,19.3277],[100.6118,19.2884],[100.6001,19.2522],[100.6167,19.227],[100.6217,19.1995],[100.618,19.1823],[100.6257,19.172],[100.629,19.1546],[100.6226,19.1385],[100.6259,19.1229],[100.6233,19.1114],[100.6096,19.1015],[100.6019,19.1048],[100.5854,19.0953],[100.5729,19.1043],[100.5685,19.0987],[100.5723,19.0917],[100.5635,19.0796],[100.5682,19.0788],[100.5659,19.0727],[100.6106,19.0455],[100.6193,19.0336],[100.6042,19.0204],[100.5831,19.0312],[100.5658,19.0314],[100.5568,19.0447],[100.5487,19.0403],[100.5383,19.0469],[100.5314,19.0413],[100.4937,19.0524],[100.4932,19.0427],[100.4799,19.0365],[100.4777,19.0243],[100.4552,19.0071],[100.5044,18.9956],[100.4985,18.9785],[100.4813,18.9659],[100.4825,18.9523],[100.4586,18.9425],[100.4537,18.9346],[100.4419,18.9442],[100.4239,18.9485],[100.4051,18.9447],[100.4067,18.9357],[100.391,18.9257],[100.3885,18.8938],[100.3662,18.8701],[100.364,18.8485],[100.3361,18.8194],[100.3451,18.8139],[100.3404,18.806]],[[100.5986,19.51],[100.5752,19.4991],[100.5489,19.5194],[100.5329,19.5242],[100.5232,19.5188],[100.513,19.5233],[100.501,19.5382],[100.4855,19.5433],[100.4807,19.5586],[100.4912,19.5772],[100.4842,19.5871],[100.4832,19.6092],[100.4598,19.6186],[100.4555,19.6278],[100.4475,19.6274],[100.442,19.6414],[100.4437,19.6616],[100.4279,19.6727],[100.4461,19.7071],[100.4253,19.7281],[100.4066,19.7361]],[[100.6023,14.6544],[100.6234,14.6522],[100.6358,14.6667],[100.633,14.672],[100.6423,14.6761],[100.6381,14.6802],[100.6572,14.6955],[100.6557,14.7008],[100.6604,14.7044],[100.6515,14.7097],[100.6557,14.7182],[100.6524,14.7201],[100.6564,14.7194],[100.6598,14.7333],[100.6647,14.7342],[100.6607,14.7393],[100.6705,14.7436],[100.6753,14.7394],[100.6794,14.7478],[100.6902,14.7513],[100.699,14.7493],[100.7043,14.7581],[100.723,14.7579],[100.7327,14.7778],[100.7525,14.7812],[100.7655,14.7893],[100.7673,14.7961],[100.7982,14.7905],[100.8142,14.7952],[100.8199,14.8036],[100.8418,14.8042],[100.8475,14.8014],[100.8454,14.7897],[100.8647,14.7823],[100.8669,14.7712],[100.9015,14.77],[100.9124,14.757],[100.9406,14.7508],[100.9436,14.7407],[100.9559,14.7467],[100.9612,14.7443],[100.9663,14.7515],[100.9919,14.7405],[100.9909,14.7629],[100.9957,14.7774],[101.0257,14.8103],[101.0329,14.8007],[101.0544,14.7904],[101.059,14.7781],[101.0543,14.7745],[101.0626,14.7659],[101.0596,14.7604],[101.0697,14.76],[101.0735,14.7655],[101.0622,14.7912],[101.0726,14.7911],[101.069,14.814],[101.0817,14.8111],[101.0785,14.8188],[101.0891,14.8311],[101.0787,14.8356],[101.0677,14.8311],[101.0653,14.8399],[101.069,14.8444],[101.0776,14.8437],[101.0793,14.8511],[101.0835,14.8494],[101.0824,14.8435],[101.0894,14.8472],[101.0911,14.9056],[101.1073,14.9084],[101.1526,14.8974],[101.1925,14.9214],[101.2086,14.9172],[101.233,14.9207],[101.258,14.9126],[101.2843,14.944],[101.3109,14.9605],[101.3292,14.9655],[101.3364,14.9902],[101.3477,14.9931],[101.3492,15.0123],[101.3621,15.0334],[101.3631,15.047],[101.3956,15.037],[101.4141,15.0453]],[[100.6515,16.3208],[100.649,16.3272],[100.6261,16.3188],[100.6251,16.3397],[100.6198,16.3466],[100.6231,16.3618],[100.6359,16.3747],[100.6333,16.3957],[100.607,16.4112],[100.6071,16.4173],[100.5951,16.4155],[100.5676,16.4581],[100.5858,16.4706],[100.5835,16.5065],[100.5875,16.5208],[100.5771,16.5242],[100.5805,16.5792],[100.5752,16.5858],[100.5538,16.5703],[100.5265,16.5655],[100.5164,16.5695],[100.4977,16.5631],[100.4826,16.5505],[100.4832,16.5377],[100.4727,16.5329],[100.476,16.5263],[100.4692,16.5201],[100.4297,16.5203],[100.4252,16.536],[100.3886,16.5542],[100.3723,16.552],[100.3695,16.5486],[100.3765,16.5459],[100.3329,16.5259],[100.314,16.5253],[100.2651,16.5375],[100.2553,16.5302],[100.2375,16.5289],[100.2299,16.5379],[100.2351,16.5512],[100.2315,16.6168],[100.2259,16.6169],[100.2256,16.6261],[100.2175,16.63],[100.2165,16.6484],[100.2027,16.642],[100.1931,16.6483],[100.1917,16.6269],[100.2028,16.6236],[100.2011,16.6176],[100.1947,16.6199],[100.1964,16.6078],[100.1859,16.6075],[100.1786,16.6015],[100.1857,16.5892],[100.1605,16.5936],[100.1498,16.6059],[100.14,16.5989],[100.1301,16.6107],[100.1187,16.6141],[100.0866,16.5983],[100.0891,16.5883],[100.075,16.5772],[100.0442,16.5715],[100.0317,16.5843],[100.0138,16.5742]],[[100.6515,16.3208],[100.6506,16.2954],[100.6644,16.2649],[100.6736,16.2562],[100.6667,16.2485],[100.6938,16.2481],[100.716,16.2568],[100.7198,16.2508],[100.7086,16.2437],[100.6442,16.1393],[100.6548,16.1264],[100.6562,16.1079],[100.633,16.0437],[100.6447,16.0433],[100.6557,16.0527],[100.6653,16.0317],[100.6773,16.0312],[100.6824,16.0245],[100.6879,16.0282],[100.6984,16.023],[100.726,16.0243],[100.7462,16.0108],[100.7594,16.0113],[100.769,15.9986],[100.7809,15.9956],[100.7852,15.9908],[100.7781,15.9661],[100.7911,15.9578],[100.7992,15.9368],[100.7946,15.9313],[100.7819,15.9348],[100.7661,15.9311]],[[100.74628,13.21895],[100.45409,13.2191]],[[100.7463,13.219],[100.9709,13.471],[100.9743,13.4738],[100.9858,13.463],[100.9956,13.4661],[101.0049,13.4604],[101.0135,13.4618],[101.0112,13.4729],[101.0319,13.4745],[101.0393,13.4802],[101.0357,13.4857],[101.0509,13.5036],[101.0491,13.5089],[101.0665,13.5097],[101.0725,13.5038],[101.0672,13.5253],[101.0717,13.5256],[101.0709,13.5354],[101.0571,13.5387],[101.0562,13.5478],[101.0417,13.5499],[101.0441,13.559],[101.055,13.5522],[101.0683,13.5573],[101.0927,13.5533],[101.1036,13.5579],[101.1103,13.5693],[101.1185,13.5648],[101.1299,13.5698],[101.1294,13.5781],[101.1436,13.5894],[101.1493,13.5857],[101.1845,13.5881],[101.2459,13.5697],[101.2837,13.5486],[101.2951,13.5254],[101.3098,13.5168],[101.3219,13.4993],[101.3515,13.4806],[101.3612,13.4638],[101.3949,13.4749],[101.4093,13.4697],[101.4023,13.4503],[101.4176,13.4533],[101.4291,13.4432],[101.445,13.4434],[101.4682,13.4249],[101.4876,13.4434],[101.4931,13.4412],[101.4954,13.4352],[101.4908,13.4283],[101.4999,13.4179],[101.5324,13.427],[101.5331,13.4147],[101.5624,13.3788],[101.5559,13.3611],[101.5644,13.3314],[101.5805,13.3327],[101.5825,13.3223],[101.5923,13.3114],[101.6391,13.2929],[101.6572,13.2754],[101.6681,13.2734],[101.6735,13.2569],[101.6845,13.2499],[101.6942,13.2218],[101.7129,13.2055],[101.7171,13.1822]],[[100.7661,15.9311],[100.7658,15.9376],[100.7549,15.9431],[100.7504,15.9691],[100.738,15.9898],[100.69,15.9934],[100.6638,16.013],[100.6541,16.0269],[100.6393,16.0139],[100.6373,16.006],[100.6255,16.0025],[100.6169,15.9833],[100.5884,15.9634],[100.5805,15.9452],[100.5632,15.9443],[100.5453,15.9253],[100.5401,15.9276],[100.5241,15.9192],[100.5195,15.9253],[100.5301,15.9373],[100.52,15.9407],[100.4789,15.9345],[100.4514,15.9373],[100.4454,15.9302],[100.4266,15.9385],[100.4269,15.9346],[100.4113,15.9299],[100.3784,15.9409],[100.3591,15.9403],[100.3505,15.9349],[100.3382,15.9378],[100.3312,15.9406],[100.3463,15.974],[100.3223,15.9878],[100.3234,15.9744],[100.3126,15.9771],[100.3065,15.9734],[100.3099,15.9611],[100.2686,15.9396],[100.2625,15.942],[100.2622,15.9575],[100.2544,15.9612],[100.2415,15.9467],[100.2474,15.9384],[100.229,15.927],[100.2008,15.9349],[100.1844,15.9338],[100.1801,15.9293],[100.173,15.9371],[100.1681,15.9575],[100.1603,15.9598],[100.1619,15.9781],[100.1476,15.9891],[100.1311,16.0181],[100.1273,16.0284],[100.1303,16.0354],[100.1153,16.0468],[100.1182,16.0589],[100.1086,16.0761],[100.1133,16.0803],[100.096,16.0944],[100.0946,16.1107],[100.0769,16.1244],[100.0863,16.1415],[100.0853,16.1461],[100.0767,16.1473],[100.0765,16.1615],[100.0631,16.1593],[100.057,16.1665],[100.0442,16.1682],[100.0382,16.173],[100.0375,16.1827],[100.0249,16.1912]],[[100.8231,14.2456],[100.8232,14.3307],[100.7828,14.3232],[100.7733,14.337],[100.7812,14.341],[100.7833,14.3549],[100.7932,14.3642],[100.7871,14.3664],[100.7838,14.3792],[100.7967,14.3919],[100.7794,14.3981],[100.7832,14.4023],[100.7808,14.4094],[100.7699,14.4059],[100.7585,14.412],[100.7683,14.4225],[100.7664,14.4321],[100.7724,14.4346],[100.7609,14.452],[100.77,14.4645],[100.7668,14.477],[100.7736,14.4795],[100.7721,14.488],[100.7605,14.4933],[100.7567,14.5053],[100.7515,14.506],[100.7475,14.5187],[100.7592,14.5188],[100.7785,14.5303],[100.7752,14.5518],[100.7823,14.5664],[100.7165,14.5706],[100.7115,14.5808],[100.7048,14.582],[100.7036,14.5964],[100.6905,14.5908],[100.6819,14.5929],[100.6769,14.6013],[100.6591,14.603],[100.6607,14.5971],[100.6666,14.5996],[100.6633,14.5874],[100.6686,14.5867],[100.6682,14.5817],[100.6737,14.583],[100.6678,14.5724],[100.6728,14.562],[100.6691,14.5542],[100.656,14.5574],[100.657,14.5526],[100.6418,14.553],[100.6326,14.5648],[100.6213,14.564],[100.6227,14.5701],[100.6057,14.5564],[100.6086,14.56],[100.6002,14.5613],[100.5966,14.5829],[100.5753,14.5963],[100.5783,14.6126],[100.5728,14.6148],[100.5863,14.6306],[100.5952,14.6338],[100.6023,14.6544]],[[100.82313,14.24556],[100.82254,14.24399],[100.8212,14.24251],[100.69333,14.18175],[100.62082,14.14373],[100.61973,14.14311],[100.61985,14.12978],[100.61844,14.12989],[100.61844,14.13078],[100.61303,14.13076],[100.60877,14.13481],[100.60739,14.13569],[100.60625,14.13568],[100.60515,14.1351],[100.60326,14.13535],[100.60224,14.13511],[100.60177,14.13496],[100.60122,14.13428],[100.59746,14.13232],[100.5934,14.13235],[100.58945,14.13112],[100.5886,14.13068],[100.58759,14.12957],[100.58641,14.12914],[100.58429,14.12887],[100.58335,14.12904],[100.58181,14.12853],[100.57627,14.12464],[100.57451,14.12294],[100.57342,14.12244],[100.57072,14.1226],[100.56849,14.12218],[100.56651,14.12247],[100.56295,14.12234],[100.56165,14.12145],[100.56108,14.12059],[100.56032,14.11798],[100.55785,14.11926],[100.5574,14.1198],[100.55598,14.12007],[100.55499,14.11974],[100.55391,14.11879],[100.55307,14.11865],[100.55293,14.11804],[100.55219,14.11831],[100.55191,14.1179],[100.55191,14.11724],[100.55285,14.1171],[100.55309,14.11607],[100.55408,14.11499],[100.55363,14.11442],[100.55361,14.11373],[100.55287,14.11329],[100.55336,14.11186],[100.55392,14.11161],[100.55348,14.11118],[100.54938,14.11036],[100.54792,14.11278],[100.54567,14.11454],[100.54013,14.11694],[100.53166,14.11948],[100.52973,14.1203],[100.52648,14.12274],[100.52517,14.12426],[100.52151,14.13149],[100.51664,14.12898],[100.51659,14.12842],[100.51546,14.12671],[100.51222,14.12473],[100.51235,14.12404],[100.51167,14.12319],[100.51103,14.12276],[100.50965,14.12251],[100.50016,14.11582],[100.50032,14.11531],[100.50005,14.11481],[100.50058,14.11285],[100.49874,14.11076],[100.49923,14.10824],[100.49678,14.10753],[100.49636,14.10881],[100.49236,14.10745],[100.49081,14.10824],[100.49032,14.10972],[100.4907,14.10985],[100.49038,14.11078],[100.48997,14.11071],[100.4898,14.11116],[100.48956,14.11107],[100.48889,14.11267],[100.48557,14.11169],[100.48536,14.11207],[100.48201,14.11134],[100.47583,14.11056],[100.47022,14.11257],[100.46957,14.11158],[100.4617,14.11198],[100.4517,14.11057],[100.44921,14.11277],[100.44673,14.11622],[100.42825,14.11566],[100.42568,14.1153],[100.41722,14.11317],[100.40578,14.11597],[100.39719,14.11532],[100.38036,14.11644],[100.36978,14.11626],[100.35348,14.11911],[100.34606,14.11656],[100.34481,14.11692],[100.34465,14.11647]],[[100.8411,6.3002],[100.8496,6.2901],[100.865,6.2975],[100.8706,6.2937],[100.8888,6.2957],[100.8977,6.3037],[100.9124,6.3035],[100.9172,6.318],[100.9299,6.321],[100.9244,6.3249],[100.9292,6.3257],[100.9266,6.3402],[100.9201,6.3447],[100.92,6.3547],[100.9263,6.3544],[100.9276,6.3665],[100.9172,6.3988],[100.9222,6.4266],[100.9335,6.4451],[100.949,6.4424],[100.9527,6.4514],[100.9604,6.4508],[100.9639,6.4681],[100.973,6.468],[100.9769,6.4863],[100.9993,6.4791],[101.0207,6.4878],[101.0234,6.482],[101.0444,6.4869],[101.0426,6.5046],[101.0351,6.5153],[101.0444,6.5251],[101.0431,6.5416],[101.0692,6.544],[101.0807,6.5548],[101.0871,6.5734],[101.0851,6.5943],[101.0918,6.6041],[101.0908,6.6147],[101.1036,6.628]],[[100.8411,6.3002],[100.8352,6.2965],[100.8352,6.2857],[100.8451,6.2629],[100.8441,6.2498],[100.8537,6.2319],[100.8704,6.2404],[100.8659,6.2456],[100.8723,6.2646],[100.8861,6.2499],[100.8921,6.2493],[100.8928,6.2397],[100.8989,6.2347],[100.9037,6.2336],[100.9174,6.2482],[100.9447,6.2433],[100.947,6.264],[100.9656,6.2723],[100.969,6.2831],[100.9844,6.2787],[100.9897,6.2664],[101.0102,6.2558],[101.0153,6.2467],[101.0214,6.2497],[101.0316,6.2443],[101.0495,6.2542],[101.06,6.2536],[101.064,6.2594],[101.0749,6.2554],[101.0949,6.2604],[101.1124,6.2516],[101.1052,6.238],[101.1191,6.2123],[101.1154,6.2041],[101.1267,6.1926],[101.1081,6.1794],[101.0858,6.1787],[101.0853,6.1743],[101.0754,6.1708],[101.0764,6.1605],[101.061,6.1507],[101.0587,6.1423],[101.0894,6.1345],[101.1056,6.1235],[101.1059,6.1134],[101.1191,6.1145],[101.1266,6.1069],[101.127,6.0953],[101.1151,6.0927],[101.1111,6.0664],[101.1047,6.0627],[101.1003,6.0502],[101.1144,6.0391],[101.1081,6.029],[101.113,6.0089],[101.1062,6.0003],[101.107,5.9904],[101.1148,5.9885],[101.1244,5.977],[101.1116,5.9576],[101.0951,5.9505],[101.0997,5.9423],[101.0877,5.9259],[101.085,5.9092],[101.075,5.9183],[101.0634,5.9197],[101.0531,5.9103],[101.0371,5.918],[101.0258,5.913],[101.0294,5.9018],[101.009,5.8737],[101.0061,5.8517],[101.0119,5.8375],[101.0016,5.8288],[100.9993,5.8182],[100.984,5.8072],[100.9895,5.7839],[100.9956,5.7854],[101.0071,5.7701],[101.0177,5.7673],[101.0339,5.738],[101.0602,5.7443],[101.0622,5.7267],[101.0683,5.7284],[101.0829,5.7204],[101.0808,5.7098],[101.086,5.7119],[101.0894,5.7034],[101.0957,5.7028],[101.0969,5.692],[101.1114,5.6809],[101.1235,5.6615],[101.1339,5.6135],[101.1448,5.6148],[101.1446,5.6229],[101.1643,5.6305],[101.1723,5.6476],[101.1964,5.6495],[101.2048,5.6601],[101.215,5.6614],[101.2224,5.6757],[101.2185,5.6875],[101.2338,5.6878],[101.2512,5.6987],[101.2494,5.704],[101.2612,5.7176],[101.2558,5.7513],[101.2496,5.7624],[101.2598,5.7772],[101.2638,5.8007],[101.2763,5.8118],[101.2906,5.816],[101.295,5.8116],[101.3047,5.8135],[101.3072,5.8044],[101.3135,5.8019],[101.3256,5.8137],[101.3369,5.8066],[101.3461,5.8084],[101.3501,5.8269],[101.3591,5.8332],[101.3754,5.8335],[101.3801,5.8502],[101.3904,5.8589],[101.3914,5.8757],[101.4069,5.8719],[101.4268,5.8755],[101.4317,5.8707],[101.4553,5.8673],[101.4642,5.8764],[101.4854,5.8697],[101.4871,5.8835],[101.4938,5.8815],[101.5023,5.8897]],[[100.8478,15.5503],[100.8212,15.5563],[100.8074,15.5508],[100.8278,15.5241],[100.8335,15.5029],[100.828,15.4911],[100.799,15.4877],[100.7774,15.4615],[100.7489,15.4586],[100.7337,15.4471],[100.7242,15.4495],[100.7052,15.4394],[100.6789,15.4526],[100.6668,15.4331],[100.6589,15.4354],[100.6586,15.4275],[100.6435,15.4167],[100.6422,15.3726],[100.632,15.3612],[100.6353,15.3463],[100.6299,15.335],[100.6337,15.324],[100.622,15.319],[100.6112,15.2947],[100.5954,15.2883],[100.5992,15.2821],[100.59,15.2684],[100.6013,15.2615],[100.6018,15.2548],[100.584,15.2426],[100.5807,15.2348],[100.5756,15.2358],[100.5617,15.2043],[100.5629,15.1888],[100.5483,15.1857],[100.5419,15.179],[100.5308,15.1787],[100.5276,15.1833],[100.518,15.1516],[100.5053,15.1454],[100.4945,15.1225],[100.4854,15.118],[100.482,15.1097],[100.4733,15.1085],[100.4593,15.1164],[100.4552,15.096],[100.4376,15.0966],[100.4302,15.0879],[100.4275,15.0705]],[[100.8478,15.5503],[100.8388,15.5595],[100.8378,15.5767],[100.8327,15.5829],[100.8078,15.5928],[100.8256,15.6151],[100.8195,15.6276],[100.8274,15.6447],[100.8231,15.662],[100.8281,15.6666],[100.8258,15.6757],[100.8335,15.6807],[100.8255,15.6848],[100.8174,15.7075],[100.8248,15.7502],[100.7984,15.8257],[100.8092,15.8387],[100.8115,15.8581],[100.8045,15.8684],[100.8098,15.8854],[100.77,15.902],[100.763,15.9182],[100.7661,15.9311]],[[100.86078,13.69699],[100.87974,13.68904],[100.89442,13.68423],[100.9178,13.67571],[100.95578,13.66237],[100.9547,13.65985],[100.95306,13.65863],[100.95308,13.65719],[100.95256,13.65492],[100.95264,13.6529],[100.95396,13.64709],[100.95852,13.6455],[100.9639,13.64458],[100.96221,13.639],[100.95941,13.63232],[100.94448,13.61841],[100.93759,13.61045],[100.92999,13.60047],[100.92684,13.59788],[100.92339,13.59353],[100.92013,13.59478],[100.91863,13.59472],[100.91449,13.59252],[100.91331,13.59227],[100.90941,13.59278],[100.90717,13.59205],[100.90662,13.5866],[100.90703,13.5833],[100.90691,13.58057],[100.90852,13.58044],[100.91326,13.57775],[100.91383,13.57693],[100.91501,13.57332],[100.91517,13.57184],[100.91505,13.57103],[100.91401,13.56922],[100.91193,13.56751],[100.91115,13.56524],[100.90844,13.56237],[100.90769,13.56037],[100.90641,13.55878],[100.90408,13.55411],[100.89008,13.56463],[100.88928,13.56311],[100.88983,13.55913],[100.88961,13.55804],[100.88877,13.55753],[100.88713,13.5575],[100.8863,13.55705],[100.88402,13.55162],[100.87945,13.54808],[100.87829,13.54198],[100.87549,13.53441],[100.87448,13.52879],[100.87392,13.52728],[100.8725,13.52522],[100.87205,13.52381],[100.87264,13.52225],[100.87409,13.5206],[100.87343,13.51817],[100.87209,13.51541],[100.87156,13.51291],[100.87207,13.50926],[100.87255,13.50779],[100.87277,13.50149],[100.87216,13.49828],[100.87236,13.49377],[100.87157,13.49062],[100.87001,13.48907],[100.86961,13.48821],[100.86705,13.48929],[100.86664,13.48837],[100.86311,13.48962],[100.86147,13.48733],[100.86123,13.48613],[100.86,13.4844],[100.85345,13.48347],[100.85018,13.48348],[100.84956,13.48232],[100.84915,13.48122],[100.84898,13.47915],[100.74628,13.21895]],[[100.86078,13.69699],[100.85515,13.69936],[100.8661,13.71729],[100.89052,13.75613],[100.90992,13.79055],[100.92831,13.80119],[100.9386,13.8143],[100.90772,13.83815],[100.90893,13.84102],[100.91142,13.84447],[100.91267,13.84682],[100.90523,13.84825],[100.9068,13.8549],[100.90588,13.85518],[100.90559,13.85919],[100.9058,13.85993],[100.9063,13.86037],[100.90652,13.88094],[100.90919,13.90744],[100.91414,13.94621]],[[100.91414,13.94621],[100.89502,13.94427],[100.83951,13.93655],[100.79255,13.93156],[100.75267,13.91848],[100.68683,13.91627],[100.68752,13.91732],[100.68714,13.92084],[100.68787,13.9229],[100.68854,13.92387],[100.68868,13.92505],[100.68936,13.92597],[100.68977,13.93105],[100.66439,13.93036],[100.6409,13.9314],[100.63963,13.93238],[100.63978,13.93737],[100.62483,13.93798],[100.62508,13.94736],[100.6246,13.94877],[100.62261,13.95019],[100.61282,13.95517],[100.60733,13.95502],[100.60746,13.95373],[100.6044,13.95342],[100.6057,13.9441],[100.59,13.95092],[100.574,13.95461],[100.56761,13.95137]],[[100.9142,13.96124],[100.91414,13.94621]],[[100.95166,14.272],[100.89223,14.24364],[100.89158,14.24362],[100.89152,14.27604],[100.82312,14.24339],[100.82313,14.24556]],[[100.95166,14.272],[100.95208,14.27035],[100.95086,14.26917],[100.95037,14.26829],[100.94996,14.26645],[100.95038,14.26422],[100.95089,14.26334],[100.95067,14.26272],[100.95135,14.26241],[100.95141,14.26211],[100.951,14.26139],[100.95089,14.25998],[100.94973,14.25805],[100.94834,14.25759],[100.94948,14.25489],[100.94841,14.2542],[100.94803,14.25328],[100.94729,14.25253],[100.9471,14.2502],[100.94659,14.24981],[100.94556,14.24963],[100.94608,14.24862],[100.94578,14.24619],[100.94664,14.24439],[100.94686,14.23949],[100.94661,14.23722],[100.91402,14.22152],[100.91394,14.17417],[100.9136,14.15722],[100.91368,14.11417],[100.91494,14.08386],[100.9142,13.96124]],[[100.9676,17.5715],[100.9688,17.5932],[100.9771,17.5958],[100.9914,17.6191],[100.9951,17.6585],[100.9896,17.6618],[100.9917,17.6751],[101.009,17.6987],[100.9995,17.699],[101.0047,17.7036],[101.007,17.7319],[100.9917,17.7337],[100.9884,17.743]],[[100.9676,17.5715],[100.9598,17.5755],[100.928,17.5693],[100.9039,17.5919],[100.8861,17.5823],[100.8787,17.5834],[100.8609,17.5458],[100.8716,17.5284],[100.8649,17.5165],[100.846,17.5027],[100.8442,17.4894],[100.8334,17.4819],[100.8339,17.4728],[100.8553,17.4512],[100.8623,17.454],[100.8745,17.4494],[100.8943,17.4656],[100.8989,17.4582],[100.9164,17.4508],[100.9143,17.4349],[100.9246,17.4205],[100.9127,17.3776],[100.9168,17.373],[100.9139,17.3424],[100.9368,17.3354],[100.9437,17.3411],[100.9565,17.3374],[100.97,17.3423],[100.9999,17.3381],[101.0078,17.3322],[101.0107,17.3157],[101.0271,17.3111],[101.0484,17.2862],[101.0612,17.281],[101.0828,17.2814],[101.0819,17.2734],[101.0928,17.2531],[101.1097,17.2336],[101.1077,17.2156],[101.0945,17.1986],[101.0824,17.1922],[101.0751,17.1777],[101.08,17.1533],[101.0782,17.1372],[101.0699,17.13],[101.071,17.1156],[101.051,17.1151],[101.0547,17.1047],[101.0512,17.0962],[101.0565,17.0907],[101.0496,17.078],[101.0582,17.0604],[101.0519,17.0413],[101.0583,17.0288],[101.0424,16.9836],[101.0494,16.9753],[101.0446,16.9665],[101.0514,16.956],[101.0264,16.943],[101.0348,16.9305],[101.0699,16.9262],[101.067,16.9028]],[[100.9884,17.743],[100.9809,17.7223],[100.9653,17.7017],[100.9256,17.6959],[100.9098,17.7018],[100.9051,17.715],[100.8747,17.7109],[100.8527,17.6802],[100.8427,17.6534],[100.8018,17.6385],[100.7896,17.6129],[100.7724,17.596],[100.7736,17.5828],[100.7653,17.5804],[100.7627,17.5698],[100.7466,17.5589],[100.7403,17.5424],[100.6929,17.5246],[100.6693,17.5009],[100.6423,17.4934],[100.645,17.4745],[100.6288,17.4742],[100.6134,17.4659],[100.6029,17.4478],[100.6033,17.428],[100.5948,17.4221],[100.5853,17.4189],[100.5704,17.4222],[100.551,17.4145],[100.5301,17.4171],[100.5296,17.4122],[100.5164,17.4099],[100.5137,17.4039],[100.5066,17.4095],[100.5086,17.4231],[100.5013,17.4289],[100.4813,17.4178],[100.4544,17.418],[100.4475,17.424],[100.4353,17.4167],[100.427,17.4215],[100.4212,17.4121],[100.3981,17.4031],[100.3913,17.4047],[100.3563,17.3828],[100.3485,17.3926],[100.3426,17.387],[100.3291,17.3869],[100.3302,17.3785],[100.323,17.3683],[100.3074,17.3831],[100.2985,17.3748],[100.2889,17.3761],[100.2969,17.3478],[100.2833,17.3364],[100.2822,17.3067],[100.2751,17.2966],[100.2722,17.2774],[100.2781,17.2659],[100.2736,17.2388],[100.2825,17.2206],[100.2393,17.2217],[100.2297,17.2117],[100.1676,17.2011],[100.16,17.1656],[100.1497,17.1782],[100.1498,17.1858],[100.1362,17.1811],[100.1346,17.1849],[100.1185,17.1834],[100.1024,17.1894],[100.0781,17.182],[100.0363,17.1813],[100.033,17.1667],[100.0238,17.1652],[100.0253,17.1554],[100.0141,17.139],[99.9961,17.1387],[99.9976,17.1447],[100.0079,17.1465],[100.0092,17.1513],[99.9922,17.1593],[99.9811,17.156],[99.9729,17.1652]],[[100.9884,17.743],[100.9783,17.7526],[100.9774,17.7619],[100.9821,17.7679],[100.9986,17.7703],[101.0066,17.7843],[100.9925,17.805],[100.9986,17.8208],[101.0321,17.8333],[101.0291,17.8383],[101.0346,17.8601],[101.0168,17.8784],[101.0211,17.883],[101.0164,17.8844],[101.0186,17.8908],[101.0472,17.9135],[101.0702,17.9138],[101.0717,17.9206],[101.0955,17.9319],[101.1023,17.9456],[101.1167,17.9511],[101.1145,17.9722],[101.1188,17.9733],[101.1216,18.0001],[101.1511,18.037],[101.1606,18.0299],[101.184,18.0651],[101.1725,18.0767],[101.1743,18.0894],[101.1645,18.1053],[101.1609,18.1236],[101.1927,18.213],[101.1794,18.2243],[101.1733,18.2171],[101.1654,18.2177],[101.1665,18.231],[101.1596,18.2451],[101.1442,18.2586],[101.1633,18.2778],[101.1484,18.2946],[101.1609,18.3039],[101.16,18.3099],[101.1684,18.3202],[101.1804,18.3272],[101.1822,18.3405],[101.1551,18.3486],[101.1485,18.3465],[101.1382,18.3589],[101.1288,18.3618],[101.1299,18.3682],[101.0854,18.381]],[[101.067,16.9028],[101.0569,16.9076],[101.0433,16.9042],[101.0305,16.8928],[101.0263,16.873],[101.0126,16.8583],[100.9928,16.8557],[100.9798,16.848],[100.9795,16.8421],[100.9727,16.8422],[100.9815,16.8351],[100.9802,16.8302],[100.9769,16.8317],[100.9787,16.8264],[100.9745,16.8298],[100.9721,16.8243],[100.9725,16.8295],[100.9613,16.8312],[100.9592,16.8251],[100.9543,16.8258],[100.9586,16.8097],[100.9532,16.7935],[100.9369,16.796],[100.9176,16.7918],[100.9034,16.802],[100.9061,16.7817],[100.8958,16.7718],[100.9019,16.7601],[100.9202,16.7589],[100.9231,16.7469],[100.914,16.7316],[100.9315,16.7172],[100.9308,16.7106],[100.9232,16.7125],[100.9241,16.7026],[100.9341,16.6962],[100.9291,16.686],[100.9383,16.6876],[100.9426,16.6811],[100.9326,16.6809],[100.9234,16.6633],[100.9152,16.6697],[100.8896,16.6687],[100.88,16.6518],[100.8642,16.643],[100.8619,16.624],[100.8654,16.621],[100.8618,16.6144],[100.8527,16.6146],[100.8547,16.5977],[100.8476,16.5929],[100.8507,16.5838],[100.8457,16.5777],[100.8508,16.5766],[100.8583,16.5467],[100.8462,16.5422],[100.8491,16.5226],[100.8343,16.5201],[100.8338,16.504],[100.8144,16.4956],[100.8175,16.4833],[100.8045,16.4814],[100.7936,16.4729],[100.8054,16.4484],[100.7829,16.4481],[100.7742,16.4381],[100.7718,16.4263],[100.7627,16.4315],[100.7426,16.4192],[100.7271,16.423],[100.7087,16.4191],[100.701,16.404],[100.7066,16.3849],[100.6835,16.3795],[100.6777,16.3825],[100.6651,16.3703],[100.6623,16.358],[100.6718,16.3563],[100.6515,16.3208]],[[101.067,16.9028],[101.079,16.8996],[101.1004,16.9114],[101.1034,16.9317],[101.1125,16.9395],[101.1147,16.9981],[101.1107,17.0005],[101.1149,17.0014],[101.1094,17.0033],[101.1147,17.0072],[101.1151,17.0208],[101.1402,17.0326],[101.1688,17.0382],[101.1727,17.0537],[101.1884,17.066],[101.2058,17.0687],[101.2227,17.0606],[101.229,17.0671],[101.2252,17.0854],[101.2439,17.1088],[101.2559,17.11],[101.2717,17.0963],[101.2776,17.0981],[101.2989,17.1108],[101.3072,17.1197],[101.3078,17.1302],[101.351,17.1632],[101.3511,17.1678],[101.3824,17.1702],[101.3985,17.178],[101.4525,17.1409],[101.4568,17.126],[101.4521,17.1216],[101.4617,17.1056],[101.4586,17.0988],[101.4773,17.0869],[101.4893,17.0589],[101.4919,17.0331],[101.5043,17.0101],[101.536,17.0227],[101.545,17.0151],[101.5516,16.9947],[101.5752,16.9837],[101.5879,16.9964],[101.6074,16.9988],[101.613,17.0043],[101.6287,17.0452],[101.6446,17.0392],[101.6496,17.0423],[101.6468,17.0239],[101.6597,16.9954],[101.6752,16.9756],[101.6697,16.9607],[101.6727,16.9522],[101.68,16.9394],[101.6923,16.9362],[101.6873,16.9314],[101.6922,16.9229],[101.6851,16.9222],[101.685,16.8996],[101.6787,16.8854],[101.6843,16.8688],[101.677,16.867],[101.6814,16.8573],[101.6886,16.8579],[101.6854,16.8468],[101.6908,16.8486],[101.6931,16.8354],[101.6984,16.835],[101.7007,16.8285],[101.7068,16.83],[101.7219,16.8071],[101.7195,16.7995],[101.6999,16.8094],[101.6864,16.7985],[101.7042,16.7843],[101.7181,16.7599],[101.7269,16.7539],[101.7639,16.7565],[101.7972,16.769]],[[101.0854,18.381],[101.0782,18.4058],[101.0526,18.4253],[101.0541,18.4421],[101.0823,18.4751],[101.0933,18.4791],[101.0915,18.4992],[101.0982,18.5027],[101.1036,18.5215],[101.117,18.5276],[101.1278,18.5245],[101.1386,18.5283],[101.1483,18.5419],[101.1485,18.5524],[101.1833,18.5605],[101.1868,18.5796],[101.1798,18.588],[101.1819,18.6122],[101.2261,18.6243],[101.2417,18.6394],[101.2412,18.6505],[101.2576,18.6684],[101.2592,18.6783],[101.2727,18.6886],[101.2571,18.7058],[101.2342,18.7118],[101.2333,18.7213],[101.2238,18.7319],[101.2356,18.741],[101.2437,18.7703],[101.2527,18.7718],[101.2489,18.7907],[101.2585,18.8087],[101.2481,18.8177],[101.2428,18.8317],[101.2543,18.8474],[101.2545,18.8657],[101.2458,18.8886],[101.2536,18.906],[101.2744,18.9173],[101.2743,18.9302],[101.2953,18.9395],[101.2926,18.9809],[101.3053,18.9882],[101.3101,19.0025],[101.3355,19.004],[101.3572,19.0499],[101.3506,19.0519],[101.3402,19.0699],[101.3329,19.0678],[101.3253,19.0802],[101.3164,19.0797],[101.2968,19.0947],[101.2937,19.104],[101.2567,19.1245],[101.2579,19.1496],[101.2532,19.1702],[101.245,19.1812],[101.2519,19.1906],[101.2504,19.2059],[101.2595,19.2308],[101.2501,19.2422],[101.2399,19.284],[101.2273,19.3047],[101.2313,19.3179],[101.2419,19.3246],[101.2285,19.3472],[101.2196,19.3437],[101.2051,19.3502],[101.1988,19.3701],[101.1905,19.3776],[101.187,19.3979],[101.1906,19.4022],[101.1963,19.3994],[101.1946,19.4057],[101.2152,19.4314],[101.205,19.4582],[101.2113,19.4642],[101.2105,19.4733],[101.2254,19.4722],[101.2365,19.4779],[101.2385,19.4731],[101.2664,19.4704],[101.2674,19.5034],[101.2851,19.5272],[101.2739,19.5506],[101.2874,19.5694],[101.2808,19.5824],[101.2611,19.5936],[101.2463,19.5945],[101.2437,19.6036],[101.2067,19.6052],[101.1975,19.5767],[101.1791,19.5782],[101.1694,19.5859],[101.1668,19.5809],[101.1228,19.5721],[101.1164,19.5838],[101.0973,19.5842],[101.0803,19.6037],[101.0681,19.6035],[101.0629,19.6188],[101.0353,19.6285],[101.0237,19.6299],[101.0147,19.6198],[100.9822,19.6274],[100.9731,19.6192],[100.9583,19.625],[100.9344,19.6223],[100.9252,19.6258],[100.9168,19.6215],[100.8928,19.6341],[100.883,19.6061],[100.8586,19.5817],[100.8599,19.5733],[100.8479,19.5682],[100.8166,19.5252],[100.7925,19.5108],[100.7714,19.4874],[100.7642,19.5012],[100.7567,19.5043],[100.7578,19.5121],[100.7527,19.5108],[100.708,19.5357],[100.6936,19.536],[100.6728,19.5496],[100.6609,19.5477],[100.6517,19.5572],[100.6286,19.5558],[100.6085,19.5479],[100.6108,19.535],[100.6028,19.5303],[100.5986,19.51]],[[101.1036,6.628],[101.1123,6.6278],[101.1337,6.609],[101.1495,6.6106],[101.1785,6.5992],[101.215,6.5962],[101.2486,6.644],[101.2548,6.6412],[101.2747,6.6493],[101.2786,6.6666],[101.2845,6.669],[101.2797,6.6814],[101.2896,6.6831],[101.2976,6.6765],[101.2892,6.6648],[101.2989,6.6472],[101.2978,6.6335],[101.3034,6.6213],[101.2929,6.6157],[101.2935,6.6016],[101.3001,6.5878],[101.3006,6.5702],[101.3066,6.5647],[101.3268,6.5721],[101.3455,6.5577],[101.3606,6.5541],[101.3619,6.5636],[101.3965,6.5716],[101.4219,6.5935],[101.4372,6.5914],[101.4524,6.577],[101.4598,6.5889],[101.4583,6.5977],[101.4769,6.594],[101.476,6.5973],[101.4945,6.606],[101.495,6.5994],[101.5039,6.6045],[101.5194,6.5913],[101.5221,6.5836],[101.5172,6.5777],[101.5353,6.5565],[101.5649,6.5499],[101.5924,6.5656]],[[101.1318,12.3582],[101.1558,12.3917],[101.167,12.4183],[101.1644,12.4359],[101.2046,12.437],[101.2237,12.4435],[101.2455,12.4591],[101.261,12.403],[101.2935,12.3642],[101.3217,12.3403],[101.381,12.3031],[101.4273,12.2985],[101.4895,12.305],[101.5407,12.2485],[101.5986,12.216]],[[101.1318,12.3582],[100.9923,12.656],[100.989,12.6699],[100.9926,12.6764],[100.9845,12.6932],[100.9948,12.7141],[100.9909,12.7261],[101.0035,12.7339],[101.0155,12.7586],[101.0115,12.7706],[101.0161,12.7733],[101.0143,12.792],[101.0367,12.8122],[101.0486,12.8138],[101.0635,12.8351],[101.0615,12.8581],[101.0715,12.8688],[101.0721,12.8877],[101.0807,12.8998],[101.0761,12.9043],[101.0886,12.9154],[101.0914,12.9597],[101.1036,12.9729],[101.0942,12.978],[101.0887,13.0001],[101.0943,13.008],[101.0899,13.0095],[101.0931,13.0221],[101.0987,13.0242],[101.0949,13.0271],[101.0976,13.0328],[101.1047,13.0275],[101.118,13.0332],[101.1346,13.0231],[101.1517,13.0285],[101.1592,13.0215],[101.1747,13.0306],[101.1848,13.0302],[101.1914,13.0428],[101.2028,13.0457],[101.1897,13.0566],[101.1779,13.055],[101.1746,13.0671],[101.212,13.078],[101.2133,13.0842],[101.2599,13.0747],[101.2708,13.0618],[101.2925,13.0615],[101.3016,13.0531],[101.3199,13.0631],[101.357,13.0576],[101.3644,13.0451],[101.3802,13.0394],[101.3941,13.0248],[101.4352,13.0515],[101.444,13.0498],[101.4586,13.0342],[101.4689,13.0518],[101.477,13.0479],[101.4821,13.0584],[101.5145,13.0592],[101.5125,13.0669],[101.5223,13.077],[101.5302,13.0712],[101.5444,13.071],[101.5594,13.077],[101.5679,13.0882],[101.5733,13.0865],[101.5795,13.1169],[101.5848,13.1227],[101.5824,13.1289],[101.6223,13.1408],[101.6357,13.16],[101.6567,13.1617],[101.661,13.1545],[101.6736,13.1556],[101.6802,13.1488],[101.6958,13.1466]],[[101.1378,13.9697],[101.0441,13.9767],[100.9142,13.9612]],[[101.1378,13.9697],[101.1431,13.9734],[101.1388,14.0012],[101.1441,14.0019],[101.146,13.9963],[101.1559,14.0042],[101.1655,14.0019],[101.1652,14.0085],[101.1703,14.0042],[101.1726,14.0116],[101.1767,14.0071],[101.1781,14.0121],[101.1967,14.0137],[101.1935,14.0238],[101.2004,14.0239],[101.1968,14.0291],[101.2023,14.0452],[101.214,14.0557],[101.2264,14.0525],[101.2354,14.0619],[101.2399,14.0584],[101.2592,14.0622],[101.2756,14.06],[101.2785,14.0549],[101.3213,14.0773],[101.3088,14.0959],[101.3036,14.1202],[101.2864,14.1337],[101.2886,14.1495],[101.3115,14.1645],[101.3147,14.1732],[101.3401,14.188],[101.3458,14.1972],[101.3826,14.2107],[101.3863,14.2253],[101.3787,14.2383],[101.3827,14.2493],[101.3783,14.2577],[101.3824,14.2735],[101.3959,14.2734],[101.4139,14.2537],[101.4499,14.2557],[101.4842,14.2704],[101.5016,14.2691],[101.5002,14.299],[101.5055,14.309],[101.4939,14.3177],[101.4962,14.3341],[101.4827,14.3466],[101.4739,14.3673],[101.4323,14.3895]],[[101.2428,14.4711],[101.2252,14.4724],[101.2261,14.4635],[101.2342,14.4588],[101.2222,14.4459],[101.2301,14.434],[101.2271,14.4306],[101.215,14.4376],[101.2092,14.4282],[101.2113,14.4136],[101.2025,14.4025],[101.2118,14.3819],[101.2101,14.372],[101.1867,14.3671],[101.1855,14.3539],[101.1782,14.3472],[101.1682,14.349],[101.1657,14.3424],[101.1573,14.3478],[101.1575,14.3585],[101.1466,14.3738],[101.1324,14.3766],[101.1253,14.3846],[101.1041,14.3857],[101.1034,14.3808],[101.0978,14.3819],[101.0901,14.3929],[101.0739,14.3986],[101.0619,14.4146],[101.0568,14.4143],[101.0532,14.4123],[101.0581,14.3984],[101.0545,14.3918],[101.0633,14.3769],[101.0556,14.3742],[101.054,14.3687],[101.0588,14.3663],[101.0491,14.3578],[101.0478,14.3504],[101.0521,14.3487],[101.0299,14.3369],[101.033,14.332],[101.0248,14.3305],[101.0229,14.3175],[101.0127,14.3134],[101.0042,14.3016],[100.9915,14.2994],[100.9885,14.2875],[100.9774,14.2913],[100.9517,14.272]],[[101.3258,8.1639],[100.894,8.5275],[100.4802,9.3135]],[[101.3258,8.1639],[101.0661,6.8567],[101.0627,6.8513],[101.0435,6.8474],[101.0432,6.8385],[101.0505,6.8362],[101.0429,6.8284],[101.0427,6.8122],[101.0544,6.8015],[101.0419,6.7953],[101.0286,6.7795],[101.0272,6.7679],[101.0327,6.7594],[101.0274,6.7541],[101.0318,6.7424],[101.0174,6.7258],[101.025,6.72],[101.0396,6.7191],[101.0393,6.7064],[101.0574,6.7125],[101.0637,6.6848],[101.0489,6.6634],[101.0619,6.6558],[101.0689,6.6442],[101.1012,6.6374],[101.1036,6.628]],[[101.3363,15.753],[101.3389,15.7446],[101.3339,15.7377],[101.3381,15.7187],[101.3532,15.704],[101.3531,15.695],[101.36,15.686],[101.3516,15.6678],[101.3408,15.6589],[101.3438,15.6378],[101.3323,15.6217],[101.3321,15.6105],[101.3168,15.6019],[101.3073,15.551],[101.2875,15.5301],[101.2886,15.5247],[101.2969,15.5287],[101.3044,15.5197],[101.301,15.5059],[101.3073,15.4719],[101.2976,15.4558],[101.3014,15.4377],[101.3073,15.4347],[101.302,15.4259],[101.3052,15.3914],[101.299,15.3802],[101.2852,15.3744],[101.277,15.362],[101.2532,15.3516],[101.2471,15.3537],[101.2276,15.3402],[101.2213,15.3496],[101.211,15.3492],[101.2079,15.3418],[101.1627,15.3497],[101.1479,15.3405],[101.1179,15.3375],[101.106,15.3463],[101.0856,15.344],[101.0823,15.3564],[101.0628,15.326],[101.0558,15.3301],[101.0347,15.3268],[101.0223,15.3378],[101.0128,15.334],[101.0017,15.3186],[100.9956,15.3185],[100.977,15.3365],[100.9841,15.3465],[100.9772,15.3588],[100.9746,15.4024],[100.9807,15.4143],[100.9719,15.4165],[100.9475,15.4074],[100.9326,15.4136],[100.931,15.427],[100.9242,15.4327],[100.9272,15.4618],[100.9322,15.4662],[100.9261,15.4792],[100.9287,15.4877],[100.904,15.4964],[100.8989,15.5039],[100.9003,15.5128],[100.8878,15.518],[100.8897,15.5244],[100.8851,15.5288],[100.8529,15.5254],[100.8547,15.5473],[100.8478,15.5503]],[[101.3363,15.753],[101.3409,15.7561],[101.3814,15.7368],[101.391,15.7456],[101.4044,15.7393],[101.3969,15.7212],[101.4006,15.7058],[101.3948,15.6784],[101.3793,15.6371],[101.37,15.5932],[101.3737,15.5276],[101.3857,15.4865],[101.3777,15.4305],[101.3776,15.3904],[101.3822,15.3878],[101.3758,15.3767],[101.3793,15.3461],[101.3858,15.3462],[101.382,15.3314]],[[101.382,15.3314],[101.4169,15.3321],[101.4286,15.3415],[101.4315,15.3377],[101.4354,15.3481],[101.4438,15.3508],[101.5007,15.3564],[101.4958,15.3757],[101.5165,15.3953],[101.5159,15.3996],[101.5288,15.3987],[101.5368,15.4039],[101.5432,15.4024],[101.5513,15.3857],[101.5661,15.372],[101.5883,15.3735],[101.5911,15.3783],[101.6058,15.3807],[101.6191,15.3704],[101.6568,15.4017],[101.6863,15.3921],[101.7025,15.3944],[101.7203,15.3848],[101.7786,15.384],[101.8018,15.4033],[101.8051,15.421],[101.8387,15.4146],[101.8788,15.3891],[101.9107,15.4217],[101.9124,15.4356],[101.9317,15.4362],[101.9374,15.4564],[101.9648,15.4562],[101.9891,15.4646],[102.0097,15.458],[102.035,15.478],[102.0324,15.4985],[102.0426,15.5287],[102.038,15.5488],[102.0621,15.5819],[102.0605,15.5884],[102.0721,15.6037],[102.0746,15.6241],[102.0808,15.6219],[102.0807,15.6259],[102.0838,15.6212],[102.087,15.6255],[102.0833,15.6269],[102.0897,15.6269],[102.0859,15.6302],[102.0886,15.6343],[102.0918,15.6274],[102.0953,15.634],[102.0955,15.6295],[102.1,15.6303],[102.0994,15.6361],[102.106,15.6332],[102.1064,15.6385],[102.1019,15.6384],[102.1082,15.6442],[102.1117,15.6457],[102.1129,15.6394],[102.1147,15.6474],[102.1213,15.6461],[102.119,15.6531],[102.128,15.6511],[102.1287,15.6596],[102.1239,15.6626],[102.1322,15.6673],[102.1277,15.6708],[102.1324,15.675],[102.1371,15.6715],[102.1469,15.6849],[102.1432,15.7068],[102.1498,15.7071],[102.1509,15.7219],[102.1563,15.7198],[102.1535,15.7262],[102.1625,15.727],[102.1554,15.7306],[102.156,15.7412],[102.1631,15.7372],[102.1644,15.7445],[102.1862,15.7475],[102.185,15.7401],[102.2015,15.7391],[102.2053,15.7492],[102.2002,15.7498],[102.205,15.7573],[102.2324,15.7434],[102.253,15.7529],[102.2468,15.7575],[102.2524,15.7598],[102.2521,15.77],[102.2583,15.7723],[102.2565,15.7816],[102.2931,15.7852],[102.3074,15.7929],[102.3124,15.8082],[102.3276,15.8034]],[[101.4141,15.0453],[101.4181,15.0195],[101.4255,15.0131],[101.4205,14.9985],[101.4299,14.9826],[101.4309,14.9516],[101.4492,14.9118],[101.4547,14.8769],[101.4512,14.8581],[101.4199,14.8437],[101.3787,14.8507],[101.3714,14.8562],[101.3707,14.8156],[101.3339,14.7989],[101.3086,14.7715],[101.2994,14.7376],[101.2919,14.7362],[101.2871,14.746],[101.2825,14.7452],[101.2806,14.726],[101.2713,14.7263],[101.263,14.7335],[101.2588,14.7301],[101.2492,14.7352],[101.2462,14.7311],[101.2316,14.7321],[101.2116,14.7563],[101.2083,14.751],[101.199,14.7559],[101.1975,14.7492],[101.1886,14.7489],[101.194,14.7315],[101.1851,14.7219],[101.1865,14.7114],[101.1952,14.7054],[101.2039,14.6832],[101.199,14.6639],[101.2049,14.6559],[101.2083,14.6327],[101.2044,14.6084],[101.2156,14.5883],[101.2051,14.58],[101.2012,14.565],[101.1938,14.5614],[101.1948,14.5536],[101.1849,14.5516],[101.181,14.5439],[101.1902,14.5282],[101.1951,14.5312],[101.1972,14.5252],[101.2105,14.5201],[101.2428,14.4711]],[[101.4141,15.0453],[101.4004,15.0694],[101.396,15.099],[101.4007,15.1023],[101.402,15.152],[101.3873,15.2306],[101.3904,15.2407],[101.3829,15.2631],[101.382,15.3314]],[[101.4323,14.3895],[101.4194,14.3862],[101.4067,14.4042],[101.3972,14.4082],[101.396,14.4187],[101.3805,14.4235],[101.3821,14.4341],[101.3703,14.4378],[101.3661,14.4492],[101.3123,14.4714],[101.3055,14.4869],[101.3064,14.4983],[101.2838,14.4892],[101.2842,14.5021],[101.2772,14.5125],[101.2441,14.4887],[101.2428,14.4711]],[[101.4323,14.3895],[101.4475,14.4212],[101.4364,14.446],[101.4851,14.4625],[101.5027,14.4397],[101.5305,14.426],[101.5408,14.4255],[101.5473,14.4362],[101.5752,14.4358],[101.5949,14.4418],[101.6117,14.4372],[101.6228,14.4277],[101.6199,14.4157],[101.6306,14.4062],[101.6488,14.4039],[101.6484,14.3931],[101.6584,14.3903],[101.7089,14.3346],[101.7415,14.3084],[101.7505,14.3246],[101.7486,14.3488],[101.7582,14.3434],[101.7715,14.345],[101.7733,14.3506],[101.7809,14.3525],[101.7797,14.3572],[101.7885,14.3597],[101.8122,14.3477],[101.8237,14.3503],[101.8299,14.3619],[101.841,14.3651],[101.8385,14.3525],[101.8594,14.3419],[101.8777,14.3226],[101.8922,14.3211],[101.8943,14.3306],[101.9104,14.3258],[101.9172,14.3322],[101.9304,14.3263],[101.9434,14.3024],[101.9296,14.2916],[101.9286,14.2836],[101.9444,14.2477],[101.9821,14.2381],[101.9668,14.2274],[102.0075,14.2031],[102.0346,14.1983],[102.0693,14.1657],[102.1062,14.1518]],[[101.5023,5.8897],[101.5137,5.9032],[101.524,5.8988],[101.5267,5.9091],[101.5405,5.919],[101.5591,5.919],[101.5818,5.9344],[101.5982,5.9119],[101.6086,5.915],[101.6154,5.9109],[101.6159,5.9004],[101.6233,5.8925],[101.6233,5.8771],[101.64,5.8703],[101.6541,5.8775],[101.6593,5.8747],[101.6634,5.8662],[101.6564,5.858],[101.6618,5.8479],[101.6574,5.8379],[101.6583,5.8125],[101.6649,5.814],[101.6682,5.808],[101.6648,5.8013],[101.6727,5.7869],[101.6784,5.7817],[101.6879,5.7819],[101.6913,5.7551],[101.7032,5.7533],[101.7144,5.7634],[101.7181,5.7878],[101.7226,5.7803],[101.7272,5.7854],[101.7392,5.7825],[101.7447,5.794],[101.7541,5.797],[101.7761,5.7845],[101.7778,5.7652],[101.8171,5.733],[101.8266,5.7353],[101.824,5.753],[101.8187,5.7555],[101.8364,5.7893],[101.8572,5.7942],[101.8664,5.7907],[101.8609,5.8],[101.881,5.8102],[101.8767,5.8199],[101.8843,5.8377],[101.8917,5.838],[101.8955,5.8457],[101.9057,5.8409],[101.9172,5.8427],[101.9299,5.8532],[101.9308,5.8614],[101.9384,5.8617],[101.944,5.872],[101.9409,5.8892],[101.9368,5.8878],[101.9332,5.9068],[101.9222,5.9099],[101.9213,5.9151],[101.9312,5.9321],[101.9294,5.9487],[101.937,5.948],[101.9443,5.9543],[101.9398,5.9725],[101.9467,5.9771],[101.9429,5.9819],[101.9462,5.9874],[101.9493,5.9842],[101.9481,5.9908],[101.952,5.9869],[101.9544,5.9956],[101.9584,5.9931],[101.9723,6.0055],[101.9711,6.0193],[101.9779,6.0308],[101.984,6.0297],[101.9914,6.0406],[101.999,6.0397],[102.0034,6.0503],[102.0201,6.0524],[102.0319,6.0714],[102.0539,6.08],[102.0613,6.091],[102.0613,6.103],[102.0704,6.1088],[102.0774,6.1278],[102.0928,6.1456],[102.0894,6.1585],[102.0845,6.1583],[102.0854,6.1662],[102.0784,6.1719],[102.0803,6.2254],[102.0916,6.2362],[102.092,6.2473],[102.1667,6.4583],[102.16,6.4633],[102.256,6.6537],[102.2293,6.9704]],[[101.5924,6.5656],[101.5984,6.5512],[101.609,6.5437],[101.5909,6.5229],[101.5908,6.5121],[101.582,6.5119],[101.5737,6.4987],[101.5634,6.4949],[101.5615,6.4877],[101.5427,6.4804],[101.5358,6.4684],[101.5235,6.4657],[101.5076,6.4513],[101.4867,6.4629],[101.463,6.4658],[101.4692,6.4262],[101.4639,6.4237],[101.4564,6.4318],[101.4349,6.4292],[101.4243,6.422],[101.4219,6.4069],[101.4117,6.3966],[101.4194,6.3909],[101.417,6.3727],[101.3977,6.3584],[101.3974,6.3495],[101.3877,6.3366],[101.3896,6.3265],[101.3998,6.3178],[101.3936,6.2999],[101.4027,6.2718],[101.395,6.2458],[101.4033,6.2392],[101.3945,6.2229],[101.3711,6.2085],[101.3837,6.1889],[101.3867,6.1674],[101.3986,6.1578],[101.4116,6.1574],[101.4156,6.143],[101.426,6.1426],[101.4301,6.129],[101.4353,6.129],[101.4411,6.1103],[101.4373,6.0969],[101.4465,6.0821],[101.4598,6.0775],[101.4668,6.0803],[101.4756,6.0653],[101.4785,6.0474],[101.474,6.0395],[101.4824,6.0126],[101.4728,5.9887],[101.4789,5.9765],[101.4841,5.9783],[101.4862,5.9563],[101.4921,5.9493],[101.4967,5.9504],[101.4901,5.9371],[101.4899,5.9004],[101.4987,5.9006],[101.5023,5.8897]],[[101.5986,12.216],[101.6578,12.2028],[101.7412,12.2169],[101.8327,12.2783],[101.8391,12.2508],[101.8569,12.2154],[101.9019,12.1724],[101.9488,12.1474]],[[101.6958,13.1466],[101.6965,13.1372],[101.6848,13.1233],[101.6855,13.1145],[101.7002,13.109],[101.6931,13.0926],[101.6986,13.0808],[101.7068,13.078],[101.7029,13.0716],[101.7167,13.0349],[101.7249,13.03],[101.7379,13.0337],[101.7505,13.0487],[101.7593,13.0476],[101.7608,13.0357],[101.7524,13.0283],[101.7593,12.9989],[101.7533,12.9854],[101.7414,12.9762],[101.7387,12.9595],[101.7468,12.9491],[101.7528,12.951],[101.756,12.9405],[101.7732,12.9397],[101.7993,12.9267],[101.8086,12.8853],[101.8175,12.9008],[101.8198,12.8787],[101.8159,12.8724],[101.8263,12.858],[101.8245,12.8419],[101.8311,12.8248],[101.8278,12.8105],[101.8177,12.801],[101.8223,12.7911],[101.8174,12.7737],[101.8196,12.7542],[101.8121,12.7501],[101.8066,12.7563],[101.7992,12.7496],[101.8029,12.7402],[101.7946,12.7355],[101.7993,12.7226],[101.7852,12.7104],[101.7905,12.7002],[101.5986,12.216]],[[101.7171,13.1822],[101.7155,13.1634],[101.7028,13.1608],[101.6958,13.1466]],[[101.7171,13.1822],[101.7318,13.1786],[101.7409,13.1867],[101.753,13.1821],[101.7586,13.1891],[101.7733,13.1847],[101.7903,13.2034],[101.8183,13.2173],[101.8273,13.2376],[101.8368,13.2339],[101.8546,13.2543],[101.8624,13.2478],[101.8705,13.2523],[101.8717,13.2232],[101.8785,13.2239],[101.8835,13.2366],[101.8919,13.2268],[101.9019,13.2352],[101.8965,13.2522],[101.9056,13.2711],[101.9047,13.2872],[101.9199,13.2859],[101.9256,13.2934],[101.9311,13.2862],[101.9381,13.294],[101.9501,13.2961],[101.9672,13.324],[101.9889,13.3333]],[[101.7509,16.6678],[101.744,16.6696],[101.7413,16.6607],[101.7246,16.652],[101.7068,16.6704],[101.7027,16.6689],[101.7014,16.6796],[101.6979,16.6775],[101.6886,16.6867],[101.6552,16.6888],[101.636,16.6805],[101.6202,16.6849],[101.6038,16.707],[101.5904,16.7084],[101.5914,16.7171],[101.5855,16.7227],[101.5701,16.7229],[101.5599,16.7288],[101.5532,16.7276],[101.5531,16.7114],[101.5709,16.6912],[101.5788,16.6697],[101.5717,16.6483],[101.5625,16.6495],[101.546,16.6681],[101.5375,16.6662],[101.526,16.68],[101.5111,16.6789],[101.5107,16.647],[101.5231,16.6329],[101.5263,16.6208],[101.5071,16.6166],[101.5001,16.6095],[101.4995,16.5788],[101.4942,16.5709],[101.4996,16.5718],[101.497,16.5608],[101.5083,16.5554],[101.5102,16.5593],[101.5195,16.5496],[101.5153,16.5427],[101.5032,16.5457],[101.5051,16.5391],[101.496,16.5396],[101.4831,16.5243],[101.4722,16.5291],[101.466,16.5192],[101.4637,16.5007],[101.4733,16.489],[101.4735,16.4772],[101.4509,16.4564],[101.4443,16.4383],[101.419,16.4238],[101.4171,16.4087],[101.407,16.4079],[101.4002,16.4005],[101.4084,16.3933],[101.4091,16.3831],[101.3936,16.3736],[101.3925,16.3657],[101.3816,16.3583],[101.3773,16.3474],[101.3793,16.3184],[101.3679,16.2944],[101.3717,16.2745],[101.3581,16.2685],[101.3548,16.2609],[101.3646,16.2459],[101.3736,16.2415],[101.3669,16.227],[101.3751,16.2144],[101.3729,16.2049],[101.38,16.1882],[101.3623,16.1828],[101.3534,16.1634],[101.3445,16.1571],[101.3367,16.117],[101.3392,16.1049],[101.3336,16.0935],[101.346,16.0692],[101.3531,16.0674],[101.365,16.075],[101.3778,15.9894],[101.3709,15.9395],[101.3606,15.9237],[101.3746,15.9184],[101.3522,15.8886],[101.3325,15.8817],[101.3258,15.8537],[101.3325,15.8492],[101.3245,15.8371],[101.3251,15.8313],[101.3305,15.8301],[101.3231,15.8113],[101.3314,15.8046],[101.3176,15.7918],[101.3295,15.7841],[101.339,15.7671],[101.3363,15.753]],[[101.7972,16.769],[101.7933,16.7501],[101.7861,16.7425],[101.7916,16.7272],[101.7761,16.7122],[101.7719,16.6859],[101.7655,16.6794],[101.7503,16.6767],[101.7509,16.6678]],[[101.9151,13.5856],[101.8894,13.5823],[101.8853,13.5972],[101.8712,13.6038],[101.8657,13.6313],[101.8594,13.6359],[101.832,13.6361],[101.838,13.6562],[101.8357,13.6743],[101.8413,13.6804],[101.832,13.7019],[101.8178,13.7057],[101.8108,13.6987],[101.8071,13.7037],[101.7935,13.705],[101.7893,13.7207],[101.7926,13.733],[101.7644,13.7511],[101.7642,13.7569],[101.7693,13.7575],[101.7663,13.768],[101.7585,13.7727],[101.7311,13.7662],[101.7255,13.7551],[101.6796,13.7553],[101.6646,13.7335],[101.6326,13.7484],[101.6116,13.735],[101.6038,13.7401],[101.5948,13.7353],[101.558,13.7706],[101.551,13.7934],[101.5457,13.786],[101.5365,13.7845],[101.5328,13.7739],[101.524,13.7779],[101.523,13.7887],[101.4894,13.8054],[101.4699,13.8241],[101.4396,13.8273],[101.4281,13.8372],[101.392,13.8437],[101.3794,13.8561],[101.3779,13.864],[101.3701,13.8671],[101.3604,13.8693],[101.3566,13.8643],[101.3494,13.8698],[101.3424,13.8591],[101.3362,13.8612],[101.3359,13.8703],[101.317,13.8679],[101.3084,13.8743],[101.2963,13.8713],[101.2785,13.8786],[101.2515,13.8681],[101.2404,13.8799],[101.2207,13.8863],[101.2224,13.8772],[101.2012,13.8782],[101.1815,13.8611],[101.1496,13.8516],[101.1489,13.8555],[101.1611,13.8629],[101.1442,13.8717],[101.1395,13.8841],[101.1432,13.8879],[101.1527,13.8796],[101.1614,13.8891],[101.1602,13.8962],[101.151,13.8889],[101.1456,13.8942],[101.1558,13.8973],[101.1521,13.9119],[101.1608,13.9331],[101.1526,13.9305],[101.1544,13.9448],[101.1481,13.9619],[101.1378,13.9697]],[[101.9151,13.5856],[101.9096,13.6053],[101.9421,13.6166],[101.937,13.6272],[101.9386,13.6466],[101.9483,13.6667],[101.9373,13.7145],[101.9419,13.7387],[101.9358,13.7408],[101.9422,13.7548],[101.9462,13.7946],[101.9354,13.7985],[101.9374,13.8103],[101.9235,13.8161],[101.927,13.8226],[101.9202,13.8326],[101.9286,13.8556],[101.9114,13.8767],[101.9137,13.8857],[101.9095,13.8853],[101.9089,13.8934],[101.9147,13.903],[101.9094,13.9031],[101.9097,13.9097],[101.9039,13.9072],[101.9071,13.9247],[101.9121,13.9355],[101.9244,13.9403],[101.9303,13.9336],[101.9394,13.936],[101.9418,13.9309],[101.9513,13.9343],[101.9373,13.9599],[101.9485,13.9961],[101.9398,14.0196],[101.9929,14.0329],[102.0753,14.0351],[102.0782,14.0472],[102.0862,14.0513],[102.1101,14.0421],[102.1222,14.0442],[102.1176,14.0793],[102.1262,14.096],[102.122,14.0988],[102.1118,14.0901],[102.0898,14.0931],[102.0991,14.1056],[102.0976,14.1257],[102.1062,14.1518]],[[101.9488,12.1474],[102.2424,12.2837],[102.2565,12.2836],[102.258,12.2933],[102.2652,12.2996],[102.3095,12.303],[102.3384,12.3269],[102.3473,12.3416],[102.3455,12.3649],[102.3718,12.3897],[102.3675,12.403],[102.3348,12.4178],[102.3254,12.4273],[102.3297,12.4455],[102.3201,12.4481],[102.32,12.4526],[102.3367,12.4637],[102.3419,12.4766],[102.3329,12.4989],[102.3389,12.5058],[102.3346,12.5107],[102.338,12.5137],[102.3145,12.5239],[102.3121,12.529],[102.3169,12.537],[102.306,12.5484],[102.3069,12.5619],[102.3356,12.5765],[102.3537,12.5944],[102.3719,12.5977],[102.3806,12.5892],[102.3802,12.5832],[102.3974,12.5744],[102.3994,12.5674],[102.4229,12.5695],[102.4195,12.5792],[102.3878,12.6038],[102.3883,12.6099],[102.3975,12.6084],[102.3964,12.6145],[102.4016,12.6187],[102.3902,12.6328],[102.394,12.6397],[102.3876,12.6487],[102.3847,12.6782],[102.3939,12.6785],[102.3931,12.6874],[102.4032,12.6929],[102.4005,12.6987],[102.4241,12.711],[102.4245,12.7233],[102.4308,12.7231],[102.4412,12.7368],[102.4654,12.7332],[102.4758,12.7365],[102.4912,12.7572],[102.5077,12.7524]],[[101.9488,12.1474],[101.9918,12.1323],[102.04,12.1307],[102.0334,12.02],[102.0999,11.8613],[102.2156,11.6656],[102.398,11.4413],[102.5616,11.3464],[102.757,11.4017],[102.9142,11.6552],[102.9113,11.7455],[102.9026,11.7718],[102.8917,11.7873],[102.8815,11.7902],[102.8859,11.7994],[102.8674,11.8056],[102.8625,11.8221],[102.851,11.8267],[102.8453,11.8441],[102.8328,11.8563],[102.8193,11.8927],[102.822,11.9083],[102.8138,11.9224],[102.8152,11.9335],[102.8086,11.9454],[102.7998,11.9498],[102.7919,11.9732],[102.7848,11.9767],[102.7807,11.9884],[102.776,12.014],[102.78,12.0236],[102.7742,12.0336],[102.7703,12.0745],[102.7581,12.0805],[102.7521,12.094],[102.735,12.1095],[102.7325,12.1247],[102.7173,12.139],[102.7036,12.1723],[102.7121,12.1951],[102.7084,12.2059],[102.7133,12.2221],[102.7175,12.2224],[102.7183,12.2484],[102.7136,12.2614],[102.7262,12.3025],[102.7258,12.3643],[102.7427,12.3869],[102.7847,12.4018],[102.7874,12.4155],[102.7814,12.4339],[102.7734,12.4354],[102.7653,12.4569],[102.7539,12.4564],[102.75,12.4621],[102.7463,12.4573],[102.7419,12.4655],[102.7366,12.4659],[102.7403,12.482],[102.7338,12.4892],[102.7203,12.4866],[102.7285,12.5127],[102.7113,12.509],[102.705,12.5196],[102.6951,12.521],[102.6974,12.527],[102.6919,12.5332],[102.6779,12.5389],[102.6851,12.5482],[102.6679,12.5634],[102.6619,12.5831],[102.6444,12.5854],[102.6453,12.6111],[102.6291,12.6101],[102.6275,12.6148],[102.617,12.6157],[102.5827,12.6448],[102.5789,12.6538],[102.5668,12.658],[102.5543,12.6526],[102.5456,12.6563],[102.5328,12.6533],[102.5111,12.6699],[102.5051,12.6835],[102.5098,12.6917],[102.4973,12.7044],[102.5037,12.7146],[102.5045,12.7319],[102.5,12.7396],[102.5077,12.7524]],[[101.9889,13.3333],[101.9843,13.3417],[101.9901,13.3524],[101.983,13.3548],[101.9821,13.3804],[101.9729,13.39],[101.9768,13.4085],[101.9665,13.4138],[101.9625,13.4276],[101.9482,13.4327],[101.9385,13.4434],[101.9435,13.4606],[101.9357,13.4714],[101.9372,13.478],[101.8951,13.4712],[101.8823,13.4853],[101.8836,13.4951],[101.8985,13.511],[101.8851,13.5254],[101.8736,13.5237],[101.8746,13.5286],[101.8927,13.5403],[101.9151,13.5856]],[[102.0551,18.0862],[102.0684,18.1438],[102.0866,18.1599],[102.1021,18.163],[102.1004,18.1942],[102.1057,18.2135]],[[102.0551,18.0862],[102.0837,18.079],[102.1003,18.0819],[102.0997,18.0726],[102.1084,18.0674],[102.1131,18.0543],[102.1042,18.0294],[102.1078,18.026],[102.1272,18.0348],[102.1427,18.0353],[102.1399,18.007],[102.1457,18.004],[102.1486,17.9922],[102.1557,17.9901],[102.1699,18.0069],[102.2033,18.0222],[102.2004,18.015],[102.2085,18.0067],[102.2313,18.0057],[102.2455,17.9922],[102.2759,17.9806],[102.2815,17.9932],[102.2895,17.9832],[102.2955,17.9831],[102.2911,17.9714],[102.3092,17.947],[102.3232,17.9349],[102.3362,17.9341],[102.3433,17.9258],[102.3558,17.9244],[102.3572,17.9165],[102.3662,17.9153],[102.3677,17.904],[102.3802,17.8965],[102.3873,17.8984],[102.4002,17.8766],[102.3955,17.8644],[102.4031,17.8552],[102.4001,17.8436],[102.4098,17.8411],[102.4101,17.8331],[102.4248,17.8205],[102.4411,17.8207],[102.4377,17.8103],[102.4316,17.8087],[102.4331,17.799],[102.4289,17.7957],[102.4428,17.7839],[102.4372,17.7781],[102.4396,17.7678],[102.4492,17.7713],[102.4522,17.7614],[102.469,17.753],[102.5201,17.763],[102.5326,17.7595],[102.5404,17.7429],[102.6119,17.6835],[102.6004,17.6808],[102.5969,17.6708],[102.6032,17.6432],[102.5958,17.6229],[102.6137,17.6247],[102.647,17.6143],[102.6506,17.5938],[102.668,17.5963],[102.6945,17.621],[102.7126,17.6057],[102.7315,17.6035],[102.7409,17.6204],[102.7453,17.6167],[102.7491,17.6232],[102.7665,17.6199],[102.7603,17.642],[102.7744,17.6473],[102.773,17.664],[102.7841,17.6825],[102.8097,17.6847],[102.8307,17.6935],[102.8357,17.7053],[102.8329,17.7156],[102.85,17.7282],[102.8496,17.7371],[102.8416,17.7444],[102.8502,17.7494],[102.8455,17.7616],[102.8542,17.776],[102.845,17.78],[102.8436,17.7847],[102.8506,17.786],[102.8386,17.794],[102.8427,17.8057],[102.8339,17.8056],[102.8261,17.8136],[102.8389,17.8112],[102.8368,17.8172],[102.8409,17.8206],[102.8356,17.8217],[102.851,17.8268],[102.844,17.8365],[102.8495,17.8397],[102.8529,17.8362],[102.857,17.843],[102.8691,17.8465],[102.8649,17.8479],[102.865,17.8556],[102.8734,17.8573],[102.8705,17.8635],[102.8743,17.8647],[102.8737,17.8728],[102.8677,17.8761],[102.8696,17.8879],[102.8834,17.8983],[102.8938,17.8912],[102.9274,17.8931],[102.9337,17.8877],[102.9442,17.8555],[102.9516,17.8503],[102.961,17.8273],[102.9689,17.8237],[102.9818,17.83],[102.9884,17.8435],[103.0042,17.8421],[103.0044,17.8623],[103.0121,17.8622],[103.0125,17.8758],[103.0383,17.8777],[103.038,17.8916],[103.0445,17.893],[103.0443,17.8853],[103.0518,17.8801],[103.078,17.8857],[103.0824,17.8739],[103.0866,17.8754],[103.0953,17.8659],[103.0998,17.8702],[103.1006,17.8566],[103.1085,17.8544],[103.1074,17.8613],[103.114,17.8612],[103.1171,17.8444],[103.128,17.8436],[103.1294,17.8378],[103.1228,17.832],[103.1356,17.8247],[103.132,17.8157],[103.1367,17.8173],[103.1545,17.8027],[103.1674,17.8157],[103.175,17.8536],[103.1909,17.8717],[103.1999,17.8658],[103.2083,17.8732],[103.2208,17.8705],[103.2391,17.8796],[103.2406,17.8857],[103.2662,17.8655],[103.2692,17.8495],[103.291,17.8307],[103.3292,17.8242],[103.3423,17.851],[103.3668,17.8577],[103.3762,17.8666],[103.3735,17.8751],[103.3897,17.8699],[103.398,17.885],[103.394,17.9011],[103.3997,17.9046]],[[102.0685,16.8895],[102.0551,16.8759],[102.0596,16.8708],[102.0443,16.8679],[102.042,16.8592],[102.0259,16.8622],[102.0193,16.8687],[102.0159,16.8643],[102.0102,16.8705],[101.9994,16.8602],[102.0061,16.8552],[101.9964,16.8504],[101.9992,16.8447],[101.9937,16.84],[101.9822,16.844],[101.9786,16.84],[101.9783,16.8452],[101.9739,16.8404],[101.9692,16.8471],[101.9623,16.8474],[101.9624,16.8523],[101.9564,16.847],[101.9438,16.8526],[101.9513,16.8405],[101.927,16.8312],[101.9015,16.8132],[101.8808,16.811],[101.8626,16.7907],[101.7972,16.769]],[[102.0685,16.8895],[102.0483,16.9048],[102.0292,16.9507],[102.0509,16.965],[102.0725,16.9632],[102.0913,16.9805],[102.1239,16.994],[102.1554,17.0246],[102.1495,17.0337],[102.1302,17.0374],[102.1203,17.0575],[102.1018,17.0671],[102.1057,17.0811],[102.0999,17.0875],[102.1005,17.1011],[102.0925,17.1025],[102.0889,17.1126],[102.075,17.1106],[102.0661,17.1212],[102.0532,17.1262],[102.0509,17.1333],[102.0373,17.1384],[102.034,17.1482],[102.0408,17.1511],[102.0442,17.1643],[102.0294,17.1858],[102.032,17.1963],[102.0236,17.2043],[102.0283,17.2136],[102.038,17.2203],[102.0682,17.187],[102.0777,17.1828],[102.0842,17.1679],[102.0968,17.1771],[102.0936,17.2055],[102.0866,17.2122],[102.0771,17.2482],[102.0699,17.2473],[102.0679,17.2522],[102.0646,17.2493],[102.0603,17.2546],[102.0537,17.2501],[102.0453,17.2628],[102.0344,17.263],[102.0264,17.2812],[102.0134,17.2784],[102.0147,17.2878],[102.0072,17.2892],[101.9836,17.3163],[101.9903,17.3341],[102.0114,17.3342],[102.0207,17.3451],[102.0143,17.3578],[102.018,17.3739],[101.9817,17.4138],[101.9928,17.4202],[101.9875,17.4542],[101.9956,17.4605],[101.9993,17.4565],[102.0218,17.4594],[102.0464,17.4558],[102.0524,17.4491],[102.0867,17.4654],[102.1051,17.4468],[102.1159,17.4561],[102.1211,17.4516],[102.1292,17.4608],[102.1208,17.4731],[102.1134,17.4674],[102.1045,17.4761],[102.1285,17.492],[102.1255,17.5092],[102.1354,17.5088],[102.1401,17.5301],[102.1328,17.5411],[102.1352,17.5534],[102.1189,17.5688],[102.1064,17.6077],[102.0832,17.6343]],[[102.0832,17.6343],[102.0782,17.6464],[102.0723,17.6457],[102.0614,17.657],[102.0364,17.6503],[102.0392,17.664],[102.0264,17.6769],[102.0297,17.7002],[102.0176,17.7471],[102.0235,17.7546],[102.0298,17.7859],[102.0404,17.7852],[102.0457,17.7901],[102.0364,17.8057],[102.0476,17.8201],[102.0524,17.8718],[102.0379,17.8856],[102.0388,17.9077],[102.0245,17.9557],[102.0271,17.9689],[102.024,17.9773],[102.0157,17.9809],[102.0256,17.9913],[102.0424,17.9894],[102.0372,18.0226],[102.054,18.0363],[102.0551,18.0862]],[[102.0832,17.6343],[102.1046,17.6473],[102.1046,17.6426],[102.1196,17.6328],[102.128,17.635],[102.1427,17.6589],[102.1579,17.6684],[102.1867,17.6572],[102.2451,17.6507],[102.2694,17.6627],[102.2621,17.6817],[102.2665,17.6906],[102.2806,17.6854],[102.2884,17.6914],[102.3018,17.6819],[102.3029,17.6744],[102.3179,17.6792],[102.3258,17.5982],[102.3334,17.579],[102.3325,17.5509],[102.3667,17.5063],[102.3986,17.4146],[102.4276,17.3665],[102.441,17.3256],[102.4378,17.2821],[102.4622,17.2871],[102.487,17.2831],[102.5016,17.2719],[102.5106,17.2753],[102.5262,17.2713],[102.5484,17.2769],[102.561,17.2689],[102.5737,17.2703],[102.5783,17.2692],[102.5767,17.2648],[102.5946,17.2638],[102.585,17.2415],[102.5744,17.2336],[102.5698,17.2365],[102.5383,17.2255],[102.5022,17.2301],[102.4908,17.2195],[102.4912,17.2075],[102.4692,17.2027],[102.5042,17.1463],[102.5193,17.1002],[102.5433,17.0669],[102.5688,17.0469],[102.6091,17.0274],[102.6484,17.0001],[102.6693,16.9937]],[[102.1057,18.2135],[102.0828,18.2192],[102.045,18.1984],[102.0347,18.1614],[102.027,18.1508],[101.9585,18.1012],[101.9069,18.0309],[101.8746,18.0285],[101.857,18.044],[101.824,18.0604],[101.7938,18.0647],[101.7868,18.0714],[101.7808,18.0673],[101.7663,18.0542],[101.757,18.0361],[101.7542,18.0058],[101.7292,17.9481],[101.7325,17.9224],[101.7238,17.9115],[101.7106,17.9021],[101.6956,17.9128],[101.6484,17.896],[101.6167,17.8936],[101.6026,17.8572],[101.5932,17.8492],[101.5863,17.8515],[101.5748,17.8696],[101.5513,17.8211],[101.5519,17.8092],[101.5677,17.8029],[101.5745,17.7848],[101.5523,17.789],[101.5386,17.7752],[101.5217,17.7765],[101.504,17.7554],[101.4974,17.7549],[101.5028,17.7455],[101.4956,17.7406],[101.4908,17.7241],[101.4852,17.7272],[101.4908,17.7465],[101.4826,17.7436],[101.4754,17.7487],[101.4838,17.7551],[101.4821,17.7606],[101.4637,17.7545],[101.4674,17.7476],[101.4554,17.7463],[101.4472,17.7288],[101.443,17.7341],[101.4376,17.7317],[101.4236,17.7374],[101.4205,17.7302],[101.4173,17.7354],[101.4079,17.7363],[101.3993,17.7319],[101.397,17.728],[101.402,17.7234],[101.417,17.7254],[101.4312,17.7176],[101.4063,17.7007],[101.4097,17.6892],[101.402,17.6821],[101.3977,17.6905],[101.3821,17.6978],[101.3782,17.6821],[101.3611,17.6809],[101.3457,17.6589],[101.3065,17.6507],[101.3117,17.6372],[101.3079,17.632],[101.2959,17.6315],[101.281,17.6083],[101.2746,17.611],[101.2593,17.5976],[101.2427,17.5542],[101.2321,17.5546],[101.2295,17.5364],[101.2118,17.5308],[101.1885,17.5311],[101.1751,17.5244],[101.1833,17.4984],[101.1635,17.4916],[101.1629,17.483],[101.1682,17.4807],[101.1608,17.4672],[101.1497,17.4668],[101.1457,17.4786],[101.1311,17.4731],[101.1302,17.4809],[101.1354,17.4835],[101.1099,17.4799],[101.1071,17.492],[101.0938,17.4961],[101.1008,17.5023],[101.096,17.5051],[101.1032,17.5093],[101.0801,17.5025],[101.0649,17.5149],[101.0618,17.5121],[101.0614,17.5271],[101.0473,17.5295],[101.0459,17.5452],[101.0402,17.5411],[101.0378,17.5469],[101.0242,17.5518],[101.0244,17.5574],[101.0033,17.5565],[100.9925,17.5665],[100.9676,17.5715]],[[102.1062,14.1518],[102.122,14.1472],[102.1326,14.1381],[102.1631,14.1398],[102.1716,14.1583],[102.1663,14.1656],[102.1739,14.187],[102.1817,14.1956],[102.1909,14.1958],[102.2013,14.1787],[102.2116,14.1722],[102.2147,14.1463],[102.2489,14.1406],[102.2688,14.1467],[102.2719,14.1291],[102.2903,14.1342],[102.308,14.1204],[102.3251,14.1278],[102.3323,14.1206],[102.3571,14.132],[102.3588,14.1653],[102.3825,14.1462],[102.3909,14.1447],[102.4002,14.146],[102.4101,14.1561],[102.4345,14.1546]],[[102.2293,6.9704],[102.1901,7.4349],[101.3258,8.1639]],[[102.2293,6.9704],[101.7254,6.577],[101.7055,6.568],[101.6689,6.574],[101.6468,6.6179],[101.6336,6.6219],[101.6311,6.6354],[101.627,6.6246],[101.6228,6.6269],[101.6261,6.6329],[101.6157,6.6293],[101.6129,6.6331],[101.605,6.6313],[101.6,6.6238],[101.5863,6.6263],[101.5764,6.6184],[101.5744,6.5983],[101.5967,6.5807],[101.5924,6.5656]],[[102.3276,15.8034],[102.3261,15.8213],[102.3195,15.8258],[102.3241,15.8342],[102.3156,15.8469],[102.3208,15.8479],[102.3172,15.8512],[102.3221,15.8569],[102.3203,15.8654],[102.3382,15.8738],[102.3381,15.88],[102.3434,15.8819],[102.3407,15.8874],[102.3532,15.9005],[102.3622,15.9286],[102.355,15.9308],[102.3637,15.9325],[102.3689,15.9483],[102.3747,15.9463],[102.3655,15.9654],[102.3723,15.9678],[102.3717,15.9751],[102.3859,15.9809],[102.383,15.9902],[102.3868,15.9934],[102.3834,15.9924],[102.3844,15.9973],[102.3779,15.9943],[102.3749,16.0],[102.3732,15.996],[102.3683,16.0069],[102.3641,16.0013],[102.3551,16.0051],[102.3522,16.0262],[102.3385,16.0386],[102.3267,16.0301],[102.3126,16.0424],[102.3023,16.0383],[102.287,16.0609],[102.2864,16.07],[102.2799,16.072],[102.2807,16.0775],[102.2831,16.0859],[102.3343,16.1395],[102.4031,16.2429],[102.4178,16.2531],[102.4108,16.2712],[102.4227,16.3084],[102.4442,16.3466],[102.447,16.3787],[102.4589,16.3947],[102.4157,16.4225],[102.4055,16.4395],[102.4098,16.4473],[102.4006,16.4676],[102.3952,16.463],[102.3989,16.459],[102.3942,16.4589],[102.399,16.4466],[102.3839,16.4418],[102.3825,16.4452],[102.375,16.4348],[102.3654,16.4382],[102.3652,16.453],[102.3579,16.4478],[102.3499,16.452],[102.3433,16.4462],[102.3236,16.4453],[102.3191,16.4458],[102.3171,16.4559],[102.3006,16.445],[102.2926,16.4465],[102.2789,16.4605],[102.2692,16.4556],[102.2646,16.4619],[102.2557,16.4609],[102.2569,16.4667],[102.2441,16.4694],[102.2391,16.4829],[102.2281,16.4841],[102.2144,16.5013],[102.2066,16.4981],[102.2038,16.5044],[102.1922,16.4987],[102.1824,16.5063],[102.1726,16.4916],[102.1707,16.4973],[102.1634,16.4975],[102.1649,16.5016],[102.1574,16.4983],[102.1583,16.5033],[102.1485,16.4987],[102.1416,16.5032],[102.1341,16.4957],[102.1227,16.4943],[102.1056,16.4979],[102.0996,16.4942],[102.0942,16.4986],[102.0852,16.4922],[102.0789,16.4967],[102.0682,16.4936],[102.0728,16.5032],[102.0428,16.5084],[102.0315,16.5211],[102.0324,16.5412],[102.0239,16.5483],[102.0235,16.5585],[102.0062,16.5575],[101.9979,16.5655],[101.9944,16.5615],[101.9882,16.566],[101.9866,16.5776],[101.9921,16.5784],[101.9879,16.5819],[101.992,16.5847],[101.9771,16.5872],[101.9833,16.5899],[101.9792,16.592],[101.9831,16.5953],[101.9798,16.6029],[101.9751,16.6037],[101.9774,16.61],[101.972,16.6151],[101.969,16.6115],[101.969,16.618],[101.9547,16.6174],[101.955,16.6225],[101.9505,16.6228],[101.9564,16.6276],[101.9484,16.6347],[101.9384,16.6362],[101.9309,16.631],[101.9263,16.6342],[101.9198,16.6272],[101.9126,16.6342],[101.9054,16.628],[101.9057,16.6349],[101.8897,16.645],[101.8738,16.6425],[101.8689,16.6496],[101.8643,16.6466],[101.8538,16.6504],[101.8529,16.6578],[101.8432,16.6542],[101.8323,16.6584],[101.8257,16.6574],[101.8226,16.6501],[101.8199,16.6548],[101.8056,16.653],[101.8043,16.6472],[101.8003,16.6496],[101.7742,16.6287],[101.7791,16.6469],[101.7648,16.6555],[101.7537,16.6522],[101.7509,16.6678]],[[102.3276,15.8034],[102.3499,15.7748],[102.3632,15.7674],[102.357,15.7403],[102.3608,15.7304],[102.3784,15.7315],[102.409,15.6978],[102.4227,15.6952],[102.4319,15.7048],[102.4411,15.7052],[102.4491,15.716],[102.4792,15.7176],[102.5125,15.7283],[102.5319,15.7106],[102.5559,15.7035],[102.5979,15.7125],[102.6092,15.7279],[102.6385,15.7149],[102.6501,15.7145],[102.6681,15.7156],[102.6823,15.7285],[102.6941,15.7199],[102.6896,15.7026],[102.7125,15.6815],[102.7165,15.6661],[102.7476,15.6702],[102.748,15.662],[102.7784,15.6491],[102.7763,15.6431],[102.7806,15.639],[102.7766,15.6336]],[[102.3535,13.2991],[102.3326,13.3167],[102.3309,13.3086],[102.32,13.3015],[102.2976,13.2969],[102.288,13.2987],[102.285,13.3044],[102.2775,13.2898],[102.2559,13.2847],[102.2323,13.2924],[102.2287,13.3016],[102.2187,13.3039],[102.2169,13.3111],[102.2124,13.3037],[102.19,13.2919],[102.1813,13.3144],[102.166,13.325],[102.1497,13.3192],[102.1296,13.3362],[102.128,13.32],[102.1185,13.3035],[102.1181,13.2776],[102.1091,13.2649],[102.0797,13.2587],[102.0695,13.2508],[102.0608,13.2519],[102.0572,13.2409],[102.0434,13.2424],[102.0283,13.2367],[102.0282,13.2667],[102.0359,13.2748],[102.0354,13.2832],[102.0119,13.2902],[102.0048,13.3111],[101.9889,13.3333]],[[102.3535,13.2991],[102.3596,13.3137],[102.3514,13.341],[102.3451,13.3469],[102.3604,13.4016],[102.3624,13.4256],[102.3552,13.4612],[102.3635,13.505],[102.3464,13.5296],[102.3338,13.5375],[102.338,13.5565],[102.3593,13.5647],[102.3583,13.5713],[102.3666,13.5779],[102.3971,13.5667],[102.421,13.5713],[102.4388,13.5598],[102.4442,13.5639],[102.4449,13.5607],[102.4718,13.5649],[102.4801,13.5725],[102.5268,13.5645],[102.5494,13.5773],[102.5628,13.5791],[102.5701,13.5858],[102.5737,13.6027],[102.5799,13.6061],[102.6242,13.6087],[102.5868,13.6297],[102.5756,13.6294],[102.5703,13.6431],[102.548,13.6584],[102.5506,13.6651],[102.569,13.691],[102.591,13.7068],[102.6886,13.7519],[102.7017,13.768],[102.732,13.7709],[102.7325,13.7848],[102.7232,13.7933],[102.7663,13.8564],[102.7829,13.9328],[102.803,13.943],[102.8156,13.9654],[102.8488,13.9878],[102.8635,14.0044],[102.8799,14.0038],[102.8855,14.0105],[102.894,14.0074],[102.9014,14.0156],[102.9113,14.0173],[102.8978,14.0518],[102.9007,14.0834],[102.9078,14.0956],[102.9232,14.106],[102.925,14.1321],[102.9404,14.1484],[102.9303,14.1757]],[[102.4345,14.1546],[102.4367,14.144],[102.4529,14.1438],[102.4561,14.1362],[102.4726,14.1313],[102.483,14.1425],[102.5029,14.1323],[102.5214,14.1434],[102.5502,14.1348],[102.5866,14.1577],[102.5927,14.1667],[102.609,14.1714],[102.6336,14.1489],[102.6526,14.1652],[102.6605,14.1541],[102.6685,14.1587],[102.6892,14.1471],[102.6882,14.1345],[102.6975,14.13],[102.7279,14.1385],[102.7625,14.1385],[102.7775,14.1552],[102.7821,14.1524],[102.7925,14.1606],[102.8034,14.1574],[102.8123,14.1607],[102.8151,14.1702],[102.8293,14.1577],[102.8307,14.1676],[102.8415,14.157],[102.8484,14.1582],[102.8714,14.1467],[102.8729,14.1682],[102.8787,14.1757],[102.8898,14.1733],[102.8986,14.1635],[102.9303,14.1757]],[[102.5077,12.7524],[102.5175,12.7519],[102.532,12.767],[102.5358,12.7841],[102.5281,12.7966],[102.5322,12.8111],[102.5294,12.8182],[102.5147,12.8233],[102.5164,12.8392],[102.5012,12.8498],[102.4979,12.8588],[102.5078,12.8658],[102.5051,12.8825],[102.5084,12.8847],[102.5016,12.9152],[102.4907,12.9297],[102.4858,12.9483],[102.496,12.9525],[102.5008,12.9606],[102.4854,12.9786],[102.5082,12.9958],[102.516,12.9916],[102.516,12.9963],[102.5301,13.0025],[102.5053,13.0054],[102.4944,13.0134],[102.4595,13.0822],[102.4396,13.0856],[102.4338,13.0909],[102.4328,13.1022],[102.4166,13.123],[102.4178,13.1373],[102.399,13.1566],[102.3916,13.1853],[102.3932,13.1992],[102.3867,13.2172],[102.3706,13.2368],[102.3671,13.2629],[102.3494,13.2774],[102.3535,13.2991]],[[102.6693,16.9937],[102.6792,16.969],[102.6771,16.955],[102.6219,16.8365],[102.6128,16.7946],[102.6152,16.7796],[102.608,16.7722],[102.5431,16.7829],[102.4965,16.8039],[102.472,16.8001],[102.4594,16.8085],[102.45,16.7901],[102.4388,16.7949],[102.4336,16.7834],[102.4284,16.7913],[102.415,16.7945],[102.4156,16.8051],[102.405,16.8023],[102.4014,16.8178],[102.392,16.8104],[102.3774,16.8179],[102.3797,16.8125],[102.3756,16.8108],[102.3615,16.8168],[102.3501,16.831],[102.3432,16.8181],[102.3359,16.8317],[102.34,16.8367],[102.3236,16.8463],[102.3321,16.8486],[102.3306,16.8549],[102.3167,16.8548],[102.3247,16.867],[102.3116,16.8675],[102.3024,16.877],[102.3069,16.8844],[102.2916,16.8841],[102.2954,16.8919],[102.2545,16.8948],[102.2496,16.8915],[102.2492,16.8784],[102.2447,16.8817],[102.2426,16.8752],[102.2352,16.8806],[102.2138,16.8604],[102.2042,16.8627],[102.1882,16.8575],[102.1802,16.8721],[102.1718,16.8649],[102.1681,16.8706],[102.1579,16.872],[102.1562,16.8813],[102.1447,16.8807],[102.1442,16.8763],[102.1294,16.8833],[102.1244,16.8805],[102.1048,16.8974],[102.0964,16.891],[102.097,16.8826],[102.0814,16.8897],[102.0708,16.8852],[102.0685,16.8895]],[[102.7766,15.6336],[102.7671,15.6263],[102.78,15.6029],[102.777,15.5923],[102.7827,15.5915],[102.7844,15.5848],[102.7846,15.5752],[102.7803,15.5738],[102.7853,15.5708],[102.7805,15.5636],[102.7861,15.5558],[102.7926,15.5566],[102.7894,15.5468],[102.7962,15.5461],[102.7926,15.5424],[102.799,15.5397],[102.7966,15.5313],[102.8121,15.5246],[102.8149,15.5129],[102.8254,15.5141],[102.8299,15.5054],[102.8311,15.516],[102.8365,15.517],[102.8526,15.5109],[102.8584,15.5141],[102.8644,15.5081],[102.8666,15.5128],[102.8734,15.5121],[102.8716,15.5202],[102.8825,15.5231],[102.8879,15.5137],[102.8953,15.5218],[102.9108,15.5156],[102.9132,15.5074],[102.9259,15.5106],[102.9321,15.5055],[102.9228,15.5019],[102.9279,15.4908],[102.9338,15.4885],[102.9392,15.497],[102.9451,15.4882],[102.9368,15.4764],[102.9418,15.4752],[102.9465,15.4828],[102.9505,15.4771],[102.9609,15.4791],[102.9612,15.4848],[102.9662,15.4852],[102.9672,15.478],[102.9724,15.477],[102.9783,15.4822],[102.9851,15.4669],[102.9932,15.4689],[102.9959,15.4527],[103.0098,15.4381],[103.0066,15.4332],[103.0124,15.4297],[103.0014,15.4279],[102.9934,15.4144],[102.986,15.4182],[102.9888,15.4227],[102.9836,15.4269],[102.98,15.4242],[102.9834,15.4168],[102.9782,15.417],[102.9765,15.4294],[102.9702,15.4266],[102.9705,15.4196],[102.9647,15.4193],[102.9671,15.4075],[102.9581,15.4035],[102.9618,15.4067],[102.9572,15.4105],[102.9517,15.4036],[102.9551,15.3827],[102.9701,15.3749],[102.9864,15.3739],[102.9774,15.3441],[102.9848,15.3216],[102.9521,15.313],[102.9679,15.2909],[102.9551,15.2723],[102.9609,15.2636],[102.9567,15.2522],[102.959,15.2195],[102.9746,15.2069],[102.9656,15.1922],[102.9322,15.1821],[102.9174,15.1824],[102.9173,15.1883],[102.8989,15.1754],[102.8872,15.1847],[102.8657,15.1642],[102.847,15.1689],[102.8362,15.157],[102.8237,15.155],[102.816,15.1373],[102.8095,15.1349],[102.78,15.0902],[102.7613,15.0783],[102.7644,15.0719],[102.7716,15.0755],[102.7751,15.0657],[102.785,15.0691],[102.7817,15.0662],[102.7878,15.0597],[102.7868,15.0525],[102.7899,15.0557],[102.8046,15.0398],[102.7798,15.0255],[102.7813,15.0123],[102.7369,15.0011],[102.714,14.9852],[102.7095,14.9566],[102.6966,14.9337],[102.6008,14.9354],[102.5704,14.9579],[102.5583,14.9567],[102.5458,14.9469],[102.5635,14.9377],[102.5676,14.9273],[102.5573,14.9108],[102.5439,14.9044],[102.5407,14.8889],[102.5508,14.881],[102.5455,14.8703],[102.5525,14.8623],[102.5494,14.845],[102.5332,14.8133],[102.502,14.8022],[102.4707,14.8167],[102.4579,14.8351],[102.449,14.8236],[102.4452,14.8014],[102.4397,14.802],[102.4438,14.7793],[102.4562,14.7666],[102.4724,14.7633],[102.4764,14.7492],[102.4769,14.7319],[102.4622,14.7152],[102.4601,14.6991],[102.4755,14.6554],[102.4711,14.5914],[102.4667,14.5861],[102.4955,14.5648],[102.4914,14.5325],[102.4813,14.512],[102.4933,14.5047],[102.5307,14.5063],[102.6106,14.4941],[102.6071,14.465],[102.5994,14.4476],[102.5834,14.4457],[102.5695,14.4267],[102.5629,14.3751],[102.5691,14.3625],[102.5835,14.358],[102.5883,14.3484],[102.5873,14.3351],[102.6027,14.3225],[102.6208,14.3198],[102.6428,14.3266],[102.6659,14.3167],[102.6773,14.3022],[102.6863,14.2992],[102.6265,14.2662],[102.5779,14.2267],[102.5487,14.2166],[102.5383,14.2022],[102.5122,14.2012],[102.4988,14.1861],[102.4863,14.1893],[102.4769,14.2],[102.4688,14.1919],[102.4532,14.1937],[102.4345,14.1546]],[[102.9303,14.1757],[102.9408,14.1862],[102.9388,14.1954],[102.9569,14.1975],[102.954,14.2083],[102.9972,14.2135],[103.0133,14.2308],[103.0221,14.2285],[103.0332,14.2391],[103.0319,14.2502],[103.0382,14.2518],[103.0569,14.2743],[103.0573,14.285],[103.0739,14.2858],[103.0835,14.2965],[103.1241,14.3027],[103.1306,14.3066],[103.1286,14.3198],[103.1419,14.3263],[103.1536,14.3139],[103.1613,14.331],[103.1688,14.3349],[103.1884,14.3345],[103.2189,14.3236],[103.2262,14.3267]],[[102.9305,15.7958],[102.9054,15.7838],[102.8974,15.7857],[102.8834,15.7717],[102.8774,15.7716],[102.8809,15.7467],[102.8739,15.7385],[102.8764,15.7063],[102.8689,15.6867],[102.875,15.6754],[102.8835,15.6725],[102.8825,15.6646],[102.8722,15.6631],[102.8553,15.6361],[102.806,15.6327],[102.792,15.6373],[102.7766,15.6336]],[[102.9305,15.7958],[102.9311,15.8156],[102.9193,15.8237],[102.9253,15.8802],[102.9156,15.8815],[102.9016,15.9055],[102.8972,15.9262],[102.8898,15.933],[102.8979,15.9506],[102.8951,15.9585],[102.9093,15.9853],[102.8854,16.0112],[102.8841,16.0168],[102.895,16.0214],[102.8914,16.0294],[102.8743,16.0386],[102.859,16.039],[102.8614,16.059],[102.8481,16.0723],[102.8559,16.0817],[102.8556,16.0922],[102.8608,16.0947],[102.8688,16.1187],[102.8676,16.1254],[102.8545,16.126],[102.8432,16.1457],[102.8439,16.1509],[102.8572,16.1586],[102.8561,16.1651],[102.8449,16.1735],[102.8482,16.199],[102.8433,16.2113],[102.8515,16.2225],[102.8446,16.2332],[102.8506,16.2566],[102.8454,16.2724],[102.8674,16.2994],[102.8945,16.3157],[102.8985,16.3489],[102.9088,16.3497],[102.9051,16.3579],[102.9145,16.3617],[102.9175,16.3694],[102.9187,16.365],[102.9275,16.367],[102.9192,16.3728],[102.9207,16.3775],[102.9379,16.377],[102.9357,16.3887],[102.9395,16.3855],[102.941,16.3932],[102.9494,16.3892],[102.9565,16.3987],[102.9458,16.4029],[102.9468,16.4097],[102.9565,16.4129],[102.9534,16.415],[102.9592,16.4266],[102.9484,16.422],[102.9474,16.4416],[102.9494,16.4453],[102.9549,16.4422],[102.9533,16.4512],[102.9612,16.449],[102.967,16.4571],[102.976,16.4564],[102.9827,16.4634],[103.0191,16.4734],[103.0327,16.5014],[103.038,16.4907],[103.0425,16.4906],[103.0468,16.497],[103.0626,16.4994],[103.0759,16.5115],[103.0809,16.5109],[103.1043,16.5541],[103.1188,16.5667],[103.12,16.5922],[103.1405,16.5996],[103.1527,16.6106],[103.1524,16.6436]],[[103.0981,16.9126],[103.0837,16.8991],[103.072,16.9017],[103.0527,16.8857],[103.0425,16.8882],[103.0261,16.8724],[103.0095,16.8702],[103.0073,16.8646],[102.9816,16.8565],[102.9566,16.8412],[102.9179,16.8354],[102.8835,16.875],[102.8757,16.873],[102.8732,16.8812],[102.8545,16.883],[102.8422,16.8693],[102.8233,16.8632],[102.8195,16.87],[102.8225,16.8751],[102.8102,16.8916],[102.8089,16.9146],[102.8208,16.9377],[102.8043,16.9553],[102.8228,16.9729],[102.8012,16.9877],[102.795,17.0082],[102.7872,17.0159],[102.7644,17.0255],[102.7506,17.0418],[102.7179,17.0538],[102.7097,17.087],[102.7,17.0869],[102.6959,17.0663],[102.6793,17.0513],[102.682,17.0172],[102.6693,16.9937]],[[103.0981,16.9126],[103.1149,16.9065],[103.1241,16.894],[103.1205,16.8718],[103.1116,16.8611],[103.1145,16.8531],[103.1062,16.8495],[103.1022,16.8411],[103.1073,16.8332],[103.1053,16.826],[103.1139,16.8182],[103.1234,16.818],[103.137,16.8296],[103.1418,16.8491],[103.1346,16.8723],[103.1751,16.8635],[103.1704,16.8484],[103.1797,16.8395],[103.1789,16.8269],[103.1845,16.8212],[103.1791,16.8021],[103.1811,16.7893],[103.1712,16.7703],[103.1609,16.7626],[103.151,16.7625],[103.1458,16.7537],[103.1475,16.7446],[103.1589,16.7328],[103.1448,16.7019],[103.1596,16.6745],[103.1513,16.6617],[103.1524,16.6436]],[[103.1114,15.4813],[103.0787,15.4934],[103.0778,15.4993],[103.0728,15.4976],[103.0748,15.5129],[103.084,15.5175],[103.083,15.5273],[103.0889,15.5256],[103.0906,15.5334],[103.0809,15.547],[103.0774,15.5425],[103.046,15.5644],[103.0528,15.5927],[103.0259,15.6004],[103.0274,15.604],[103.0128,15.6152],[103.0124,15.6284],[102.9927,15.6398],[102.9948,15.6482],[102.9889,15.6472],[102.9745,15.6608],[102.9758,15.671],[102.9895,15.6747],[103.0073,15.6891],[103.0063,15.6998],[103.0111,15.7035],[103.0026,15.7178],[103.0054,15.7287],[102.9861,15.7343],[102.9794,15.7507],[102.971,15.7573],[102.9675,15.755],[102.9413,15.7661],[102.9398,15.7843],[102.9326,15.7897],[102.9333,15.7949],[102.9289,15.7926],[102.9305,15.7958]],[[103.1114,15.4813],[103.204,15.4601],[103.2154,15.4613],[103.2246,15.4485],[103.2506,15.4485],[103.2632,15.4381],[103.2619,15.4301],[103.2695,15.4233],[103.3273,15.4142],[103.3412,15.4059],[103.3623,15.4127],[103.3807,15.4287],[103.4033,15.4365]],[[103.1524,16.6436],[103.1903,16.6403],[103.1961,16.6309],[103.1675,16.6029],[103.1812,16.577],[103.1871,16.5516],[103.1629,16.4996],[103.1672,16.4669],[103.1847,16.4478],[103.1856,16.4352],[103.1635,16.3891],[103.1754,16.3634],[103.2479,16.3796],[103.26,16.3762],[103.2838,16.3956],[103.2904,16.3954],[103.3004,16.3695],[103.3073,16.3652],[103.3254,16.3675],[103.3436,16.3602],[103.3538,16.3084],[103.3957,16.2927],[103.4078,16.2948],[103.4131,16.2807],[103.4045,16.2566],[103.414,16.2397],[103.4323,16.2333],[103.4388,16.2201],[103.447,16.2276],[103.4482,16.2176],[103.443,16.2164],[103.4485,16.2127],[103.4402,16.2061],[103.4506,16.2048],[103.4442,16.1983],[103.456,16.1915],[103.4482,16.1917],[103.452,16.1822],[103.4666,16.1939],[103.4717,16.1923],[103.4797,16.2083],[103.4927,16.2027],[103.4958,16.208],[103.5036,16.2086],[103.5023,16.1997]],[[103.2262,14.3267],[103.2193,14.3596],[103.2214,14.3786],[103.2342,14.3934],[103.2205,14.4031],[103.2358,14.4107],[103.2467,14.4418],[103.2338,14.4681],[103.2347,14.4827],[103.2137,14.505],[103.221,14.5178],[103.2133,14.5275],[103.211,14.5424],[103.2233,14.5466],[103.2222,14.5651],[103.21,14.5764],[103.2128,14.5936],[103.2386,14.6177],[103.2293,14.6377],[103.2339,14.648],[103.2429,14.65],[103.2528,14.6691],[103.2597,14.6711],[103.2566,14.6824],[103.2615,14.6817],[103.2585,14.6898],[103.2684,14.6993],[103.2654,14.7178],[103.2707,14.7158],[103.2745,14.7368],[103.2695,14.7418],[103.2735,14.741],[103.2752,14.7496],[103.2675,14.755],[103.2708,14.7603],[103.2662,14.7668],[103.2744,14.7697],[103.2816,14.783],[103.2915,14.7849],[103.2893,14.8084],[103.2942,14.813],[103.2976,14.8075],[103.3059,14.8113],[103.3072,14.8079],[103.3092,14.8144],[103.3135,14.8106],[103.314,14.8164],[103.3199,14.8171],[103.3187,14.8266],[103.3292,14.8328],[103.3399,14.8279],[103.3462,14.8309],[103.3408,14.8384],[103.3517,14.8402],[103.3643,14.8585],[103.3756,14.8597],[103.3765,14.8707],[103.3846,14.871],[103.3788,14.8761],[103.3924,14.8862],[103.3895,14.8946],[103.4013,14.8926],[103.4049,14.8975],[103.3982,14.9014],[103.4047,14.9121],[103.3994,14.9131],[103.402,14.9196],[103.4168,14.9184],[103.4256,14.9284],[103.4278,14.942],[103.4217,14.9486],[103.4237,14.9544],[103.4168,14.9588],[103.4204,14.9668],[103.4296,14.9707],[103.4219,14.9711],[103.4211,14.9774],[103.4307,14.9788],[103.4199,14.9861],[103.4221,14.9896],[103.4265,14.9869],[103.4268,14.9934],[103.4095,15.0034],[103.4147,15.0045],[103.4164,15.0181],[103.4247,15.0264],[103.422,15.0306],[103.4356,15.029],[103.4481,15.0451],[103.4391,15.0578],[103.4227,15.0659],[103.4417,15.0858],[103.4392,15.09],[103.4288,15.083],[103.4314,15.0997],[103.4397,15.0994],[103.4422,15.1063],[103.4261,15.1059],[103.4334,15.1223],[103.4243,15.1304],[103.4292,15.1409],[103.421,15.152],[103.4294,15.1596],[103.4204,15.1683],[103.429,15.1841],[103.4183,15.1884],[103.419,15.201],[103.4261,15.2083],[103.4362,15.2068],[103.4285,15.2138],[103.4374,15.2206],[103.4365,15.2426],[103.4477,15.2572],[103.4417,15.2582],[103.4415,15.2634],[103.453,15.2552],[103.4592,15.2568],[103.4629,15.2831],[103.469,15.2802],[103.4701,15.288],[103.477,15.2861],[103.4805,15.2957],[103.4887,15.2914],[103.5054,15.2943],[103.4973,15.2991],[103.5036,15.3067],[103.5021,15.315],[103.4977,15.3078],[103.4915,15.3172],[103.4859,15.311],[103.4843,15.3183],[103.4691,15.3245],[103.4745,15.3289],[103.472,15.3371],[103.4534,15.3368],[103.4468,15.3452],[103.4423,15.3381],[103.451,15.3355],[103.4429,15.3307],[103.4358,15.3353],[103.4354,15.3226],[103.4288,15.321],[103.4297,15.3087],[103.4189,15.3167],[103.4147,15.3105],[103.409,15.3141],[103.4029,15.3089],[103.4006,15.3146],[103.3863,15.3185],[103.3876,15.3244],[103.3745,15.3393],[103.3605,15.3383],[103.3615,15.3451],[103.3495,15.3473],[103.3501,15.3403],[103.3423,15.3438],[103.3397,15.3359],[103.3282,15.3373],[103.3297,15.3313],[103.3243,15.3333],[103.3136,15.3273],[103.3158,15.3181],[103.306,15.3192],[103.2896,15.2986],[103.2807,15.3071],[103.286,15.3169],[103.2769,15.314],[103.276,15.3182],[103.268,15.3179],[103.2662,15.3109],[103.2597,15.3139],[103.2484,15.307],[103.2541,15.3133],[103.2526,15.3207],[103.2446,15.3172],[103.2321,15.3243],[103.2307,15.3172],[103.2257,15.3231],[103.2192,15.3213],[103.2188,15.3285],[103.2236,15.3306],[103.2175,15.3356],[103.2103,15.3311],[103.2119,15.3429],[103.2071,15.3393],[103.2017,15.343],[103.1967,15.3355],[103.1872,15.3579],[103.1966,15.3583],[103.1944,15.3657],[103.1817,15.3681],[103.1784,15.3595],[103.1708,15.3636],[103.163,15.3534],[103.1563,15.3527],[103.1639,15.3644],[103.1552,15.3646],[103.1567,15.3729],[103.148,15.3758],[103.1554,15.3789],[103.1545,15.3842],[103.1505,15.386],[103.1483,15.3814],[103.1413,15.3884],[103.1461,15.4019],[103.1386,15.4121],[103.133,15.4085],[103.1351,15.4006],[103.1175,15.4019],[103.1139,15.4099],[103.1077,15.4089],[103.0899,15.4195],[103.1108,15.4506],[103.1058,15.4574],[103.1084,15.4653],[103.1155,15.4671],[103.1114,15.4813]],[[103.2262,14.3267],[103.2621,14.3468],[103.3157,14.3567],[103.3297,14.3513],[103.3395,14.3602],[103.3529,14.3527],[103.3674,14.3521],[103.402,14.3578],[103.3992,14.3696],[103.412,14.3716],[103.4174,14.3813],[103.435,14.3908],[103.4394,14.3791],[103.4465,14.3817],[103.4511,14.3683],[103.4677,14.3647],[103.4828,14.3875],[103.4923,14.3859],[103.4969,14.3899],[103.4982,14.4121],[103.5576,14.4319],[103.5782,14.4335],[103.598,14.4233],[103.6104,14.4253],[103.6155,14.4082],[103.6235,14.4045],[103.642,14.4146],[103.6544,14.4133],[103.6568,14.4208],[103.6414,14.4255],[103.6448,14.4337],[103.6574,14.44],[103.6756,14.4366],[103.6889,14.4404],[103.7069,14.4328],[103.7072,14.4126],[103.7003,14.3919],[103.7037,14.3838],[103.7106,14.3798],[103.7316,14.3857],[103.7521,14.3718],[103.7589,14.3778],[103.7747,14.3608],[103.8023,14.3697],[103.8029,14.3567],[103.8297,14.3532],[103.8329,14.3676],[103.8422,14.3716],[103.8611,14.3666],[103.8605,14.3576],[103.8817,14.338],[103.8854,14.3434],[103.9004,14.3452],[103.9008,14.3373],[103.9422,14.3302],[103.9473,14.3325],[103.9462,14.3435],[103.9519,14.351],[103.9714,14.3497],[103.9817,14.3546],[103.9872,14.3467],[103.9957,14.3454],[104.007,14.3568],[104.0152,14.3427],[104.0283,14.3375],[104.0566,14.3453]],[[103.2986,18.3052],[103.2809,18.2936],[103.1823,18.2658],[103.1661,18.2545],[103.1512,18.2295],[103.1557,18.1983],[103.1489,18.1735],[103.08,18.1232],[103.0721,18.0744],[103.0811,18.0496],[103.0786,18.0337],[103.0577,17.9999],[103.0358,17.977],[103.0188,17.9713],[102.9826,17.9976],[102.959,18.0049],[102.9384,18.0016],[102.8988,17.9806],[102.8551,17.9708],[102.819,17.9414],[102.7847,17.9334],[102.7711,17.9061],[102.7583,17.8937],[102.7403,17.8835],[102.7093,17.8796],[102.6884,17.87],[102.677,17.8443],[102.6981,17.8188],[102.6825,17.8033],[102.6668,17.8055],[102.6378,17.8313],[102.5982,17.8344],[102.5894,17.8426],[102.6134,17.9103],[102.6139,17.9381],[102.6034,17.9553],[102.5545,17.9691],[102.5323,17.9632],[102.5085,17.9713],[102.4723,17.9674],[102.4309,17.984],[102.3465,18.0446],[102.3046,18.0515],[102.2863,18.0606],[102.2489,18.0978],[102.1855,18.1479],[102.1633,18.2044],[102.1429,18.2066],[102.1341,18.2161],[102.1138,18.2108],[102.1057,18.2135]],[[103.3997,17.9046],[103.3951,17.933],[103.3985,17.9285],[103.4127,17.9342],[103.4102,17.9422],[103.4043,17.943],[103.4099,17.9467],[103.408,17.9502],[103.3977,17.9582],[103.389,17.9574],[103.3919,17.9791],[103.3866,17.9801],[103.3911,17.9869],[103.3992,17.9814],[103.4051,17.9923]],[[103.3997,17.9046],[103.4129,17.9011],[103.411,17.893],[103.4178,17.8824],[103.4056,17.8774],[103.4069,17.8587],[103.3937,17.8556],[103.3983,17.8459],[103.405,17.85],[103.4225,17.8418],[103.4132,17.8342],[103.4023,17.843],[103.4047,17.8366],[103.3998,17.8306],[103.3948,17.8328],[103.3976,17.8427],[103.3802,17.8399],[103.39,17.8292],[103.3866,17.821],[103.3793,17.8217],[103.3748,17.8136],[103.3819,17.8093],[103.374,17.8025],[103.377,17.7928],[103.3703,17.7892],[103.369,17.7947],[103.3669,17.7902],[103.3698,17.7768],[103.3736,17.7784],[103.3807,17.7696],[103.377,17.7639],[103.3843,17.753],[103.4013,17.7575],[103.4093,17.7338],[103.4042,17.7335],[103.4106,17.7293],[103.4047,17.7254],[103.4083,17.7213],[103.4008,17.7185],[103.4061,17.7112],[103.4009,17.6849],[103.4073,17.6683],[103.3991,17.6519],[103.4017,17.621],[103.3973,17.6179],[103.4112,17.5951],[103.4031,17.591],[103.3968,17.5958],[103.3936,17.5914],[103.3844,17.5947],[103.3813,17.5894],[103.3761,17.5928],[103.3788,17.5852],[103.3743,17.5792],[103.3605,17.5917],[103.3378,17.5783],[103.3405,17.5695],[103.3312,17.5511],[103.3216,17.5538],[103.3148,17.5321],[103.317,17.5239],[103.3002,17.5051],[103.2867,17.498],[103.2902,17.4681],[103.2746,17.4398],[103.2836,17.4263],[103.2813,17.4157],[103.3015,17.3899],[103.2724,17.3493],[103.2712,17.3325],[103.2569,17.3277],[103.2507,17.3129],[103.2571,17.3096],[103.2621,17.2904],[103.2745,17.2802],[103.2734,17.2728],[103.2812,17.2666],[103.2866,17.2712],[103.2887,17.2672],[103.3072,17.2708],[103.3167,17.2631],[103.3246,17.2643],[103.3286,17.2568],[103.3518,17.2552],[103.3553,17.2508],[103.3523,17.2443],[103.3612,17.2359],[103.3759,17.2368],[103.3829,17.2279],[103.395,17.2276],[103.4169,17.2124],[103.4278,17.2212],[103.4371,17.2138],[103.4472,17.2173],[103.4516,17.2126],[103.4636,17.2176],[103.4703,17.2299],[103.4746,17.2178],[103.5549,17.1719],[103.5679,17.1572],[103.5908,17.1713],[103.6011,17.1693],[103.6139,17.1504],[103.6219,17.1493],[103.6378,17.1119],[103.6564,17.1141],[103.6681,17.1058],[103.6542,17.0738],[103.6663,17.0545],[103.6599,17.0369],[103.6621,17.0196]],[[103.4033,15.4365],[103.4008,15.445],[103.4209,15.5059],[103.421,15.5242],[103.4267,15.5249],[103.4244,15.5329],[103.4113,15.5401],[103.4036,15.5359],[103.3841,15.5386],[103.3603,15.5262],[103.3547,15.5414],[103.3306,15.5472],[103.3027,15.5622],[103.3034,15.5736],[103.2944,15.5776],[103.2939,15.5932],[103.2888,15.5968],[103.2822,15.593],[103.2737,15.6017],[103.2756,15.6112],[103.2892,15.6208],[103.299,15.6489],[103.2669,15.6504],[103.2811,15.6588],[103.2854,15.6743],[103.2985,15.6845],[103.2919,15.6926],[103.3084,15.6936],[103.3082,15.7028],[103.301,15.7064],[103.3169,15.7084],[103.3211,15.6996],[103.3273,15.6984],[103.3424,15.7101],[103.3517,15.7258],[103.3881,15.7098],[103.4051,15.7098],[103.4131,15.7125],[103.4223,15.7257],[103.4207,15.7398],[103.4101,15.7447],[103.4064,15.757],[103.4003,15.76],[103.4256,15.7732],[103.4399,15.8003],[103.4341,15.8085],[103.4403,15.8158],[103.4374,15.8387],[103.4441,15.8688],[103.4577,15.8944],[103.4573,15.9082],[103.4883,15.9314],[103.4742,15.9474],[103.463,15.9717],[103.4604,16.0242],[103.4706,16.0461],[103.4647,16.0669],[103.4536,16.0835],[103.4575,16.1216],[103.4738,16.144],[103.4804,16.1458],[103.4834,16.1634],[103.4904,16.1715],[103.4853,16.1848],[103.4913,16.1911],[103.4973,16.19],[103.5023,16.1997]],[[103.4033,15.4365],[103.4309,15.4492],[103.4332,15.4549],[103.4455,15.4562],[103.4802,15.4522],[103.4922,15.4382],[103.5034,15.4393],[103.516,15.4286],[103.5324,15.4264],[103.5429,15.4395],[103.55,15.4384],[103.5554,15.4545],[103.5617,15.4524],[103.5637,15.4588],[103.5794,15.4658],[103.6007,15.465],[103.6067,15.4689],[103.6229,15.4668],[103.6294,15.4575],[103.6486,15.458],[103.6535,15.4513],[103.6629,15.4526],[103.6717,15.4442],[103.6884,15.4492],[103.7038,15.4417],[103.7091,15.4433],[103.708,15.4473],[103.7141,15.4431],[103.7153,15.447],[103.7239,15.438],[103.7439,15.4477],[103.7573,15.4374],[103.7704,15.4392],[103.7741,15.4348],[103.7808,15.442],[103.7942,15.4412],[103.8069,15.4495],[103.8106,15.4465],[103.82,15.4529],[103.8286,15.4516],[103.8327,15.4608],[103.8463,15.4563],[103.8529,15.4663],[103.8596,15.4491],[103.8648,15.4514],[103.8659,15.4618],[103.8779,15.4684],[103.8866,15.4542],[103.8906,15.4687],[103.9001,15.4497],[103.8991,15.4418],[103.9053,15.4425],[103.9097,15.4359],[103.9232,15.4388],[103.9296,15.4324],[103.9452,15.4387],[103.9479,15.4333],[103.9418,15.427],[103.9503,15.4131],[103.9626,15.4144],[103.9621,15.4232],[103.974,15.4259],[103.972,15.407],[103.989,15.407]],[[103.4051,17.9923],[103.3991,17.992],[103.4065,18.006],[103.3961,18.0096],[103.391,18.0255],[103.3746,18.0336],[103.3535,18.027],[103.3566,18.0347],[103.3503,18.0472],[103.3136,18.0569],[103.3001,18.0805],[103.3011,18.0908],[103.3139,18.1028],[103.3039,18.108],[103.2955,18.104],[103.2947,18.1197],[103.3072,18.126],[103.3171,18.1231],[103.3234,18.1337],[103.3368,18.1369],[103.3356,18.1521],[103.3667,18.163],[103.3606,18.1724],[103.3425,18.1755],[103.3406,18.1945],[103.3291,18.2107],[103.281,18.2355],[103.2705,18.2354],[103.2613,18.2445],[103.2653,18.2493],[103.2593,18.2491],[103.261,18.2656],[103.2666,18.2601],[103.275,18.263],[103.2755,18.2691],[103.2777,18.264],[103.2813,18.2698],[103.2859,18.2648],[103.2862,18.2731],[103.2948,18.272],[103.2954,18.2771],[103.2896,18.2779],[103.2967,18.2804],[103.2936,18.2886],[103.2985,18.2885],[103.2947,18.2945],[103.2986,18.3052]],[[103.5023,16.1997],[103.5209,16.1956],[103.5323,16.2192],[103.5402,16.2225],[103.5372,16.2114],[103.5603,16.2179],[103.549,16.2082],[103.5508,16.2036],[103.5892,16.1944],[103.5958,16.2024],[103.5996,16.1925],[103.6193,16.204],[103.6123,16.2092],[103.6128,16.2151],[103.6001,16.2134],[103.611,16.2186],[103.6183,16.2168],[103.6289,16.2031],[103.6314,16.1896],[103.6375,16.1869],[103.6439,16.1935],[103.6512,16.1885],[103.6531,16.204],[103.6561,16.1938],[103.6614,16.1926],[103.6657,16.1998],[103.6758,16.2016],[103.6667,16.2115],[103.6631,16.2092],[103.6649,16.2215],[103.6746,16.2118],[103.6855,16.2177],[103.6859,16.2108],[103.6897,16.2172],[103.697,16.2163],[103.691,16.2255],[103.7134,16.2185],[103.7339,16.223],[103.7339,16.2475],[103.7512,16.2602],[103.7548,16.2694],[103.7504,16.2872],[103.7561,16.3001],[103.7229,16.3303],[103.728,16.3456],[103.7002,16.3741],[103.706,16.3863],[103.7145,16.3867],[103.7269,16.406],[103.7685,16.425],[103.7739,16.4355],[103.8063,16.4543],[103.8165,16.4689],[103.8269,16.4707],[103.8442,16.4621],[103.8664,16.4711],[103.8852,16.4538],[103.9043,16.4474],[103.9102,16.4533],[103.9145,16.4392],[103.9285,16.4343],[103.9479,16.444],[103.976,16.4309],[104.0005,16.4455],[104.018,16.4408],[104.03,16.4434],[104.0378,16.4366],[104.0355,16.4158],[104.0402,16.4144],[104.0392,16.3961],[104.0455,16.3909],[104.0654,16.3976],[104.0711,16.4101],[104.0848,16.4092],[104.0982,16.4216],[104.1288,16.4287],[104.1366,16.4241],[104.1454,16.429],[104.1466,16.4384],[104.1707,16.4461],[104.1897,16.43],[104.203,16.4299],[104.2179,16.4378],[104.2379,16.4286]],[[103.6621,17.0196],[103.6467,17.024],[103.6529,17.0474],[103.64,17.0582],[103.639,17.0705],[103.6278,17.0765],[103.6207,17.0929],[103.6072,17.0996],[103.602,17.0951],[103.6012,17.1001],[103.5917,17.0938],[103.5877,17.1004],[103.579,17.1019],[103.5753,17.0909],[103.5641,17.0937],[103.5582,17.0863],[103.548,17.0888],[103.5477,17.0796],[103.5398,17.0788],[103.535,17.0709],[103.5371,17.0658],[103.5198,17.0592],[103.5188,17.0497],[103.5119,17.0499],[103.5074,17.0441],[103.5143,17.0435],[103.5112,17.0363],[103.5187,17.0342],[103.5153,17.027],[103.52,16.9988],[103.502,16.9826],[103.5004,16.9683],[103.4944,16.9699],[103.494,16.9524],[103.4867,16.9402],[103.4874,16.9321],[103.4938,16.9274],[103.4881,16.9111],[103.491,16.9028],[103.4842,16.9038],[103.4797,16.8872],[103.4715,16.8865],[103.47,16.8751],[103.4548,16.8656],[103.4505,16.8523],[103.4432,16.8474],[103.4497,16.8345],[103.4216,16.8031],[103.4127,16.8084],[103.4179,16.8179],[103.416,16.8309],[103.4093,16.8496],[103.4008,16.8548],[103.4126,16.862],[103.4107,16.8715],[103.3851,16.9028],[103.3802,16.9063],[103.371,16.903],[103.3496,16.9214],[103.2893,16.9244],[103.2772,16.9419],[103.2398,16.9614],[103.2302,16.9578],[103.2212,16.9678],[103.2112,16.9583],[103.2037,16.9582],[103.1984,16.9482],[103.1852,16.947],[103.1757,16.9563],[103.1763,16.9528],[103.1603,16.9467],[103.1324,16.9572],[103.1283,16.955],[103.1175,16.9624],[103.1109,16.9415],[103.1023,16.9392],[103.0984,16.9309],[103.0981,16.9126]],[[103.989,15.407],[103.9948,15.3931],[104.0037,15.3998],[104.0042,15.41],[104.0129,15.4033],[104.0181,15.4119],[104.0267,15.4036],[104.0337,15.4077],[104.0499,15.402],[104.0507,15.3957],[104.06,15.4053],[104.0749,15.3918],[104.0725,15.3814],[104.0846,15.3836],[104.0798,15.3756],[104.0852,15.3634],[104.0907,15.3652],[104.0842,15.3573],[104.0919,15.3584],[104.0908,15.3484],[104.0801,15.3487],[104.0749,15.354],[104.0687,15.3474],[104.0619,15.3489],[104.0611,15.3432],[104.057,15.3472],[104.0532,15.3406],[104.0447,15.342],[104.044,15.3328],[104.0386,15.3346],[104.0362,15.3276],[104.0228,15.3319],[104.0302,15.3252],[104.029,15.318],[104.0221,15.3137],[104.0107,15.3163],[104.0153,15.2896],[104.0026,15.2893],[103.9965,15.2955],[103.9987,15.2732],[103.9923,15.2689],[103.9777,15.2749],[103.9776,15.2817],[103.9727,15.2803],[103.9777,15.2636],[103.9968,15.2518],[103.9856,15.247],[103.9922,15.2368],[103.9891,15.231],[103.9841,15.2324],[103.9882,15.2257],[103.9763,15.2263],[103.9704,15.2203],[103.9794,15.2127],[103.9764,15.2054],[103.9839,15.2013],[103.9765,15.2],[103.9776,15.1903],[103.9664,15.1854],[103.9714,15.1801],[103.9672,15.1649],[103.9782,15.1588],[103.9828,15.1628],[103.9839,15.1552],[104.0001,15.1497],[103.9993,15.1364],[103.9898,15.1359],[103.9865,15.1296],[103.989,15.1235],[104.0004,15.1204],[103.9914,15.1125],[103.9958,15.112],[103.9944,15.0985],[103.9986,15.0941],[103.9964,15.0892],[103.9919,15.0904],[103.9945,15.0836],[104.0013,15.0871],[104.0016,15.0781],[104.0145,15.0822],[104.0205,15.0782],[104.0182,15.0705],[104.0097,15.0741],[104.0133,15.0659],[104.0054,15.0594],[104.0131,15.0577],[104.0205,15.0439],[104.0122,15.0425],[104.0169,15.0328],[104.0113,15.0293],[104.0105,15.0193],[103.9999,15.0205],[103.9948,15.0161],[103.9997,15.0142],[104.0021,14.9962],[103.9938,14.9857],[103.9846,14.9839],[103.9816,14.9748],[103.9754,14.9743],[103.9753,14.9792],[103.9669,14.9738],[103.9699,14.95],[103.964,14.9498],[103.956,14.9377],[103.9554,14.9423],[103.9458,14.9433],[103.9482,14.9364],[103.9369,14.9151],[103.939,14.9081],[103.9249,14.8997],[103.9168,14.8832],[103.9209,14.8722],[103.912,14.867],[103.902,14.8487],[103.9188,14.8287],[103.9797,14.8085],[103.9955,14.7989],[104.0036,14.7699],[103.9988,14.7425],[104.0013,14.7256],[104.0197,14.7007],[104.0492,14.6737],[104.0562,14.6517],[104.051,14.637],[104.0591,14.6133],[104.0554,14.5799],[104.0457,14.5661],[104.0468,14.5555],[104.032,14.5442],[104.0371,14.5163],[104.0351,14.4982],[104.0536,14.4947],[104.0474,14.483],[104.0513,14.4726],[104.0581,14.4691],[104.0504,14.4336],[104.0533,14.4135],[104.0468,14.4079],[104.0506,14.379],[104.0435,14.3613],[104.0523,14.356],[104.0566,14.3453]],[[103.989,15.407],[103.9967,15.4491],[104.0164,15.4616],[104.0316,15.4892],[104.06,15.5024],[104.0555,15.5154],[104.0663,15.5238],[104.0741,15.5225],[104.078,15.531],[104.0741,15.5401],[104.0857,15.5506],[104.1056,15.5467],[104.0997,15.5675],[104.1217,15.5631]],[[104.0122,17.8108],[104.0007,17.8074],[104.0004,17.7885],[103.987,17.789],[103.9798,17.7709],[103.9701,17.7797],[103.9732,17.785],[103.9597,17.7752],[103.9545,17.7769],[103.939,17.7895],[103.9408,17.795],[103.9284,17.8142],[103.9178,17.8199],[103.9252,17.8341],[103.9225,17.8554],[103.9153,17.8593],[103.9106,17.851],[103.9004,17.8482],[103.9047,17.8807],[103.8754,17.8759],[103.8662,17.8642],[103.868,17.8798],[103.8565,17.8829],[103.8361,17.8702],[103.7959,17.8772],[103.794,17.8713],[103.8108,17.8584],[103.8072,17.8501],[103.7944,17.842],[103.7646,17.8833],[103.7686,17.891],[103.7868,17.8916],[103.7748,17.9091],[103.7823,17.9316],[103.7646,17.9208],[103.7568,17.9223],[103.7655,17.9557],[103.7494,17.9263],[103.7529,17.9154],[103.7463,17.9113],[103.7218,17.926],[103.7155,17.9429],[103.7044,17.9391],[103.7035,17.9449],[103.6826,17.9559],[103.6692,17.9485],[103.6613,17.9503],[103.6672,17.9667],[103.6625,17.9735],[103.6517,17.9631],[103.6386,17.9644],[103.6379,17.9767],[103.6254,17.9679],[103.6212,18.0034],[103.6324,18.0045],[103.6407,18.0133],[103.6112,18.0131],[103.606,18.0351],[103.5946,18.0436],[103.5952,18.0497],[103.5879,18.0474],[103.587,18.0377],[103.5813,18.038],[103.5589,18.0621],[103.5421,18.065],[103.5384,18.0721],[103.5467,18.0779],[103.5409,18.0888],[103.5366,18.0847],[103.5367,18.0682],[103.5272,18.0664],[103.5145,18.0741],[103.5045,18.0682],[103.5044,18.0583],[103.4969,18.0653],[103.4933,18.0601],[103.4981,18.0418],[103.4913,18.0377],[103.4981,18.0274],[103.4947,18.0174],[103.5039,18.0023],[103.5033,17.9959],[103.4942,17.9939],[103.4981,17.9903],[103.4914,17.9879],[103.4715,18.0052],[103.4733,17.9987],[103.4686,18.0006],[103.4643,17.9891],[103.449,17.9944],[103.4386,17.9843],[103.4464,17.9753],[103.4515,17.9776],[103.4459,17.9671],[103.4389,17.9691],[103.4392,17.9751],[103.4263,17.9759],[103.4299,17.9831],[103.4097,17.9866],[103.4051,17.9923]],[[104.0122,17.8108],[104.0171,17.8101],[104.0211,17.7976],[104.0099,17.7919],[104.0235,17.7591],[104.0285,17.7568],[104.029,17.7681],[104.039,17.7696],[104.0574,17.7574],[104.0589,17.7514],[104.05,17.7486],[104.0497,17.7389],[104.0581,17.7396],[104.0646,17.7473],[104.0684,17.7237],[104.0621,17.729],[104.0593,17.7258],[104.0718,17.7069],[104.0773,17.7066],[104.0693,17.7001],[104.075,17.7],[104.0769,17.694],[104.0664,17.6908],[104.0702,17.6794],[104.0843,17.6835],[104.0782,17.6742],[104.0835,17.6707],[104.0769,17.6727],[104.0715,17.6673],[104.0673,17.6441],[104.0623,17.6458],[104.049,17.638],[104.0431,17.6463],[104.0406,17.6408],[104.0315,17.6435],[104.0283,17.6392],[104.0365,17.6353],[104.0322,17.6183],[104.0549,17.5928],[104.0514,17.5737],[104.0352,17.5635],[104.0408,17.527],[104.0241,17.5027],[104.02,17.4875],[104.0095,17.486],[104.0178,17.4568],[104.0287,17.4464],[104.0276,17.4377],[104.037,17.4301],[104.0376,17.4203],[104.0589,17.3956],[104.057,17.3896],[104.066,17.389],[104.0734,17.3764],[104.0786,17.3933],[104.0909,17.3844],[104.0876,17.3775],[104.0939,17.3752],[104.1019,17.3894],[104.0919,17.3894],[104.0962,17.398],[104.0909,17.4018],[104.1075,17.4027],[104.1091,17.3917],[104.1261,17.3988],[104.1243,17.3915],[104.1312,17.3798],[104.1422,17.3875],[104.1411,17.3963],[104.1531,17.3944],[104.1506,17.4022],[104.1442,17.4023],[104.1448,17.4098],[104.1483,17.4053],[104.1545,17.4073],[104.1512,17.409],[104.1574,17.4171],[104.1757,17.4135],[104.17,17.418],[104.1721,17.4294],[104.1807,17.4292],[104.1845,17.4223],[104.1876,17.4271],[104.194,17.4232],[104.1987,17.4291],[104.2078,17.4154],[104.2286,17.4136],[104.2605,17.4172],[104.288,17.4321],[104.3182,17.4319],[104.3395,17.4224],[104.374,17.4207],[104.3861,17.4125],[104.388,17.4163],[104.3956,17.4151],[104.3912,17.4221],[104.4012,17.4297],[104.4138,17.427],[104.4174,17.421],[104.4099,17.4044],[104.4153,17.3951],[104.4069,17.3791],[104.413,17.3546],[104.4235,17.3399],[104.4229,17.3292],[104.416,17.3213],[104.4178,17.3149],[104.4031,17.3083],[104.4029,17.2996],[104.4057,17.2799],[104.426,17.2553],[104.4245,17.2476],[104.4353,17.24],[104.4169,17.2169],[104.4066,17.1929],[104.3914,17.1779],[104.3887,17.1482],[104.4088,17.1387],[104.3909,17.1228],[104.3919,17.1121],[104.3771,17.1044],[104.3652,17.1049],[104.359,17.0953],[104.3622,17.0729],[104.3513,17.0685],[104.3529,17.0595],[104.3618,17.0654],[104.3626,17.0573],[104.3845,17.0461],[104.3832,17.0364],[104.3946,17.0375],[104.3984,17.023],[104.3922,17.0216],[104.3919,17.0162],[104.3783,17.0171],[104.3717,17.0093],[104.3565,17.0059],[104.3513,16.9846],[104.3366,16.9823],[104.3307,16.9753],[104.3175,16.9763],[104.3211,16.9675],[104.3015,16.9271],[104.2856,16.9289],[104.2668,16.9204],[104.2518,16.9068]],[[104.0566,14.3453],[104.0754,14.345],[104.0933,14.3534],[104.1081,14.3784],[104.1369,14.3736],[104.137,14.3577],[104.1454,14.3546],[104.1716,14.3589],[104.1749,14.3707],[104.1709,14.3763],[104.1868,14.3848],[104.1982,14.3838],[104.2116,14.368],[104.232,14.3713],[104.2475,14.3776],[104.2521,14.3915],[104.2754,14.4085],[104.33,14.3707],[104.3551,14.3692],[104.3762,14.3836],[104.3858,14.3718],[104.3983,14.3746],[104.4044,14.3662],[104.4148,14.3719],[104.4373,14.3578],[104.4611,14.3602],[104.4632,14.3452],[104.4784,14.352],[104.4783,14.3633],[104.499,14.3762],[104.5148,14.371],[104.5352,14.3556],[104.561,14.3538],[104.5705,14.3608],[104.5789,14.3582],[104.5794,14.3753],[104.6023,14.3963],[104.6267,14.4076],[104.6409,14.4232],[104.6528,14.4212],[104.653,14.4084],[104.6593,14.4006],[104.6851,14.3984],[104.6987,14.4273],[104.7124,14.4342],[104.7237,14.4216],[104.7199,14.4075],[104.7237,14.4033],[104.7389,14.4145],[104.7548,14.4049],[104.7568,14.4142],[104.7669,14.4235],[104.8058,14.4374],[104.8172,14.4292],[104.8194,14.418],[104.8339,14.4158],[104.8336,14.4012],[104.8379,14.3979],[104.8717,14.4182],[104.9071,14.3992]],[[104.0701,16.8213],[104.0687,16.838],[104.0445,16.8426],[104.0228,16.8559],[104.0002,16.837],[103.9817,16.8351],[103.9777,16.8199],[103.9695,16.8116],[103.9562,16.819],[103.949,16.7886],[103.9527,16.7791],[103.9376,16.7727],[103.9351,16.7879],[103.9232,16.7891],[103.888,16.8164],[103.875,16.8185],[103.8695,16.8324],[103.8437,16.8392],[103.8355,16.8492],[103.8357,16.8651],[103.8243,16.8659],[103.8216,16.8745],[103.8076,16.8775],[103.806,16.8846],[103.7891,16.8883],[103.7923,16.8957],[103.7813,16.909],[103.776,16.9424],[103.7835,16.9584],[103.75,16.9733],[103.74,16.9713],[103.7386,16.9903],[103.7203,16.9814],[103.7203,16.9899],[103.7302,17.0032],[103.7259,17.0106],[103.7055,17.0207],[103.6943,17.034],[103.6773,17.0318],[103.6742,17.0209],[103.6621,17.0196]],[[104.0701,16.8213],[104.0746,16.8268],[104.088,16.8264],[104.1043,16.835],[104.1045,16.852],[104.1238,16.8611],[104.1194,16.8803],[104.1246,16.8885],[104.1779,16.8884],[104.1823,16.8823],[104.2083,16.873],[104.2179,16.8914],[104.2414,16.8933],[104.2518,16.9068]],[[104.1217,15.5631],[104.122,15.5778],[104.1611,15.6028],[104.2095,15.609],[104.2135,15.6159],[104.2088,15.6181],[104.1873,15.609],[104.1884,15.6156],[104.182,15.6213],[104.1906,15.633],[104.1701,15.6325],[104.1787,15.6391],[104.1719,15.6602],[104.1841,15.6567],[104.1875,15.6655],[104.1839,15.6683],[104.1752,15.664],[104.1768,15.6717],[104.169,15.6726],[104.1629,15.6869],[104.1521,15.6907],[104.1512,15.6981],[104.1421,15.7056],[104.1483,15.7122],[104.1391,15.7113],[104.1282,15.696],[104.1181,15.7022],[104.1304,15.7054],[104.1276,15.72],[104.1324,15.7434],[104.1418,15.7515],[104.1331,15.7541],[104.1275,15.7684],[104.1395,15.7841],[104.1335,15.8006],[104.111,15.807],[104.0968,15.825],[104.0743,15.8394],[104.0697,15.8296],[104.0796,15.8246],[104.0754,15.8179],[104.0347,15.7961],[104.0005,15.7956],[104.0029,15.8044],[103.9978,15.8144],[104.0051,15.8117],[104.005,15.8173],[104.0141,15.8174],[104.0074,15.8314],[104.0173,15.8304],[104.0127,15.8448],[104.016,15.8382],[104.021,15.8395],[104.0186,15.848],[104.0277,15.8519],[104.029,15.8603],[104.0197,15.8672],[104.0253,15.8643],[104.0367,15.8683],[104.0236,15.8703],[104.0322,15.8751],[104.021,15.878],[104.0151,15.8859],[104.0213,15.8911],[104.015,15.8925],[104.0195,15.9062],[104.014,15.9107],[104.0237,15.9118],[104.0359,15.9409],[104.0274,15.9606],[104.0158,15.9491],[104.0115,15.9591],[104.0216,15.9712],[104.0204,15.9768],[104.0294,15.9796],[104.0284,15.9844],[104.057,15.9843],[104.0613,15.9882],[104.0947,15.977],[104.1029,15.9842],[104.1073,15.9975],[104.1023,16.0063],[104.1106,16.0176],[104.1095,16.0289],[104.1141,16.0357],[104.1016,16.05],[104.0952,16.075],[104.1087,16.1072],[104.1217,16.117],[104.1377,16.1097],[104.1518,16.1178],[104.1541,16.1295],[104.1632,16.1317],[104.1659,16.1426],[104.1731,16.148],[104.189,16.1467],[104.1981,16.1504],[104.2074,16.1642],[104.2134,16.1572],[104.2278,16.1662],[104.2383,16.1873],[104.2473,16.1934],[104.25,16.219],[104.2581,16.2246],[104.277,16.2265],[104.2968,16.2387],[104.2969,16.2529],[104.3107,16.2554],[104.3285,16.271],[104.3438,16.2914],[104.3408,16.2985],[104.348,16.3232]],[[104.19,18.0237],[104.1053,18.1154],[104.0853,18.1686],[104.0659,18.1971],[104.0606,18.2186],[103.9893,18.3208],[103.973,18.3369],[103.9531,18.3393],[103.9292,18.3304],[103.8899,18.2965],[103.8581,18.2838],[103.8506,18.2901],[103.8341,18.3278],[103.8181,18.3383],[103.7939,18.3428],[103.7543,18.3397],[103.7464,18.3437],[103.6975,18.3431],[103.6501,18.3798],[103.6105,18.4032],[103.5693,18.4054],[103.5443,18.4202],[103.5242,18.4256],[103.4572,18.4249],[103.4057,18.4486],[103.3482,18.434],[103.307,18.4315],[103.2465,18.3705],[103.2436,18.3541],[103.2523,18.3378],[103.2893,18.3247],[103.2974,18.3154],[103.2986,18.3052]],[[104.19,18.0237],[104.1801,18.0186],[104.1824,18.0135],[104.1742,18.0158],[104.1726,18.0026],[104.1122,18.0053],[104.1175,17.9668],[104.1345,17.9547],[104.1308,17.94],[104.1232,17.9212],[104.1007,17.9089],[104.0726,17.8797],[104.0691,17.8784],[104.0648,17.886],[104.0687,17.8968],[104.0614,17.8958],[104.0623,17.9033],[104.0479,17.9097],[104.0302,17.9099],[104.0151,17.9005],[104.0128,17.893],[103.9966,17.8925],[103.9898,17.874],[103.9845,17.8731],[103.9886,17.865],[103.9839,17.8659],[103.9868,17.8612],[103.9816,17.8584],[104.0026,17.8479],[103.9977,17.8415],[104.0131,17.8303],[104.0122,17.8108]],[[104.2379,16.4286],[104.2385,16.4545],[104.2246,16.4685],[104.2264,16.4793],[104.2389,16.4921],[104.2405,16.5181],[104.2225,16.5289],[104.2211,16.5422],[104.226,16.5514],[104.2169,16.5619],[104.2055,16.5652],[104.2051,16.5841],[104.1857,16.5975],[104.1776,16.597],[104.1732,16.6089],[104.1802,16.6246],[104.175,16.6364],[104.1947,16.6499],[104.1989,16.6606],[104.162,16.6793],[104.1703,16.6972],[104.154,16.6986],[104.1508,16.7159],[104.1311,16.739],[104.131,16.7485],[104.1431,16.76],[104.1355,16.7712],[104.1139,16.7668],[104.0943,16.7903],[104.0918,16.8106],[104.0786,16.8109],[104.0701,16.8213]],[[104.2518,16.9068],[104.2484,16.8719],[104.2589,16.8728],[104.2649,16.8646],[104.2778,16.8625],[104.2777,16.8565],[104.2876,16.8567],[104.296,16.8378],[104.3052,16.8447],[104.3194,16.8747],[104.3547,16.8802],[104.3633,16.8773],[104.3623,16.8662],[104.3817,16.8644],[104.3965,16.839],[104.4056,16.8379],[104.4096,16.845],[104.3983,16.8707],[104.4076,16.8962],[104.4279,16.8867],[104.4415,16.8725],[104.4288,16.8629],[104.4289,16.857],[104.4366,16.86],[104.4318,16.8498],[104.4408,16.8423],[104.4408,16.8529],[104.4493,16.8562],[104.4455,16.8342],[104.4497,16.8302],[104.4566,16.842],[104.4557,16.8604],[104.4675,16.8537],[104.4675,16.8413],[104.4788,16.8422],[104.4628,16.8625],[104.4674,16.866],[104.4833,16.8536],[104.5053,16.8521],[104.5377,16.8676],[104.5467,16.8648],[104.5548,16.8691],[104.5668,16.8633],[104.5924,16.867],[104.6077,16.8606],[104.6283,16.8631],[104.6374,16.8411],[104.636,16.8225],[104.6665,16.7874],[104.6761,16.7958],[104.6924,16.7904],[104.6927,16.824],[104.7006,16.8273],[104.7165,16.8294],[104.7213,16.8091],[104.7373,16.8047]],[[104.348,16.3232],[104.3254,16.3342],[104.3264,16.3547],[104.3151,16.3934],[104.3195,16.4221],[104.3105,16.4541],[104.2954,16.4712],[104.29,16.4722],[104.2853,16.4514],[104.2696,16.4384],[104.2462,16.4362],[104.2379,16.4286]],[[104.4067,15.2893],[104.3822,15.2947],[104.3881,15.3127],[104.3838,15.3296],[104.3766,15.3305],[104.3747,15.3221],[104.3697,15.3213],[104.3534,15.3447],[104.2966,15.3448],[104.2742,15.3661],[104.2435,15.3783],[104.2329,15.4032],[104.1971,15.4549],[104.1743,15.4616],[104.1691,15.4776],[104.1349,15.509],[104.1328,15.5199],[104.1412,15.5287],[104.1297,15.5588],[104.1217,15.5631]],[[104.512,15.5639],[104.4988,15.5683],[104.5001,15.5588],[104.4843,15.5467],[104.4812,15.537],[104.4523,15.5464],[104.4417,15.5548],[104.4311,15.5388],[104.4134,15.536],[104.3996,15.546],[104.3837,15.5306],[104.3873,15.5104],[104.3835,15.4938],[104.3904,15.4904],[104.3716,15.458],[104.3862,15.4427],[104.392,15.4057],[104.3828,15.4009],[104.3823,15.3948],[104.3919,15.386],[104.4074,15.3877],[104.4183,15.3659],[104.4336,15.3679],[104.4319,15.378],[104.4385,15.3602],[104.4335,15.3469],[104.4434,15.3486],[104.4469,15.3445],[104.431,15.3271],[104.4132,15.3298],[104.4089,15.3245],[104.4067,15.2893]],[[104.512,15.5639],[104.5055,15.5868],[104.4945,15.59],[104.4924,15.5858],[104.4889,15.5945],[104.4812,15.591],[104.4834,15.5856],[104.4623,15.5892],[104.4575,15.5963],[104.4673,15.6015],[104.4607,15.6104],[104.4664,15.6168],[104.4645,15.6282],[104.45,15.6178],[104.4451,15.6217],[104.4396,15.6183],[104.4477,15.6366],[104.439,15.6413],[104.442,15.6449],[104.4376,15.6491],[104.4416,15.6477],[104.446,15.6541],[104.4455,15.6614],[104.4357,15.6671],[104.4455,15.6703],[104.4393,15.6766],[104.4438,15.6832],[104.4363,15.6857],[104.4411,15.6992],[104.419,15.6979],[104.4231,15.6985],[104.4191,15.7057],[104.4244,15.7084],[104.4219,15.7135],[104.4271,15.7204],[104.4223,15.7229],[104.4279,15.7254],[104.4315,15.738],[104.4233,15.74],[104.4189,15.7486],[104.4343,15.7524],[104.426,15.7716],[104.4335,15.7793],[104.4314,15.793],[104.4408,15.804],[104.4359,15.812],[104.4404,15.8124],[104.4502,15.8354],[104.4607,15.8434],[104.4568,15.8596],[104.4485,15.8682],[104.457,15.8757],[104.4523,15.8816],[104.4598,15.8972],[104.4548,15.9013],[104.4679,15.9028],[104.4705,15.9104],[104.4651,15.9126],[104.4687,15.9179],[104.4968,15.949],[104.5051,15.9513],[104.5017,15.9758],[104.5053,15.9821],[104.5195,15.9843],[104.5271,16.0008],[104.5326,15.9999],[104.5152,16.0256],[104.5363,16.0445],[104.5338,16.0569],[104.5625,16.0989],[104.6053,16.1091],[104.6224,16.1232],[104.6554,16.1201],[104.661,16.1234],[104.6693,16.1181],[104.6788,16.1204],[104.6875,16.1146],[104.7024,16.1137],[104.7304,16.101],[104.7639,16.1035],[104.7808,16.114],[104.8025,16.0948],[104.8121,16.0962],[104.8152,16.1309],[104.8249,16.1555],[104.8045,16.1642],[104.7893,16.1574],[104.7829,16.1753],[104.7657,16.1905],[104.7661,16.1964]],[[104.7373,16.8047],[104.7412,16.8214],[104.7594,16.8445],[104.7388,16.9058],[104.7295,17.0083],[104.7347,17.0272],[104.7834,17.116],[104.8015,17.1647],[104.8066,17.2402],[104.7998,17.3945],[104.7465,17.4568],[104.7235,17.5042],[104.7078,17.5208],[104.6162,17.5786],[104.6082,17.5769],[104.4964,17.635],[104.4618,17.6611],[104.4027,17.7422],[104.3551,17.8226],[104.335,17.837],[104.2895,17.8516],[104.2734,17.8659],[104.2248,17.98],[104.19,18.0237]],[[104.7661,16.1964],[104.7475,16.2031],[104.7167,16.2038],[104.7096,16.2103],[104.7037,16.2074],[104.6923,16.2154],[104.6907,16.2266],[104.6698,16.2305],[104.6633,16.244],[104.658,16.2258],[104.6431,16.2156],[104.6279,16.2111],[104.6135,16.2164],[104.6,16.2265],[104.5976,16.242],[104.5849,16.2372],[104.5727,16.2591],[104.5559,16.2615],[104.5626,16.285],[104.5505,16.3123],[104.5371,16.3182],[104.5108,16.317],[104.5039,16.3375],[104.4987,16.3402],[104.4734,16.3456],[104.458,16.3419],[104.3884,16.3488],[104.3666,16.3408],[104.348,16.3232]],[[104.9071,14.3992],[104.9067,14.4117],[104.8764,14.4371],[104.8513,14.4239],[104.8382,14.427],[104.8285,14.4428],[104.8327,14.4493],[104.8452,14.4536],[104.8511,14.4665],[104.8598,14.472],[104.862,14.4991],[104.8277,14.5308],[104.822,14.5468],[104.8155,14.5512],[104.8289,14.5805],[104.8271,14.608],[104.8378,14.617],[104.8364,14.6369],[104.8474,14.6476],[104.8484,14.6591],[104.8667,14.6634],[104.8911,14.652],[104.8765,14.6722],[104.8765,14.7002],[104.85,14.7187],[104.8425,14.7372],[104.8203,14.753],[104.8154,14.7891],[104.798,14.8049],[104.7989,14.8192],[104.8145,14.8346],[104.8104,14.848],[104.8166,14.8556],[104.8054,14.8978],[104.7779,14.8988],[104.7716,14.9114],[104.7617,14.9139],[104.7626,14.9207],[104.7544,14.9203],[104.7349,14.9382],[104.7205,14.9256],[104.719,14.9321],[104.6997,14.936],[104.684,14.9524],[104.6885,14.9674],[104.6822,14.9772],[104.6844,15.0048],[104.6719,15.0203],[104.6739,15.0299],[104.6694,15.0324],[104.6754,15.0338],[104.6741,15.0405],[104.6814,15.0353],[104.6863,15.0429],[104.6802,15.0485],[104.6892,15.0586],[104.6859,15.0727],[104.6931,15.0831],[104.6763,15.0853],[104.6899,15.0963],[104.6887,15.1],[104.6802,15.1005],[104.6765,15.093],[104.6702,15.0987],[104.6808,15.1085],[104.6761,15.1135],[104.6793,15.1232],[104.7043,15.1309],[104.7348,15.1583],[104.7359,15.1655],[104.7252,15.1709],[104.7055,15.1579],[104.6982,15.1581],[104.7,15.1745],[104.7142,15.1826],[104.7178,15.1918],[104.7128,15.195],[104.7025,15.1856],[104.6987,15.1906],[104.7035,15.2008],[104.6949,15.2041],[104.6821,15.2009],[104.6813,15.2056],[104.6893,15.2071],[104.6825,15.2181],[104.6947,15.2197],[104.6959,15.2244],[104.6793,15.2264],[104.6773,15.2389],[104.6646,15.2578],[104.658,15.2584],[104.6589,15.2519],[104.6521,15.2465],[104.6625,15.2407],[104.6654,15.2319],[104.6583,15.2387],[104.6466,15.239],[104.6409,15.2736],[104.6329,15.2697],[104.6211,15.2753],[104.6155,15.2636],[104.6091,15.2821],[104.6016,15.2689],[104.5904,15.2686],[104.582,15.2574],[104.5754,15.257],[104.5768,15.252],[104.5249,15.2525],[104.5042,15.2677],[104.4718,15.2679],[104.4534,15.2788],[104.4067,15.2893]],[[104.9071,14.3992],[104.9221,14.4015],[104.9504,14.3814],[104.9553,14.3813],[104.958,14.3913],[104.9725,14.3923],[104.9944,14.3797],[105.0027,14.362],[104.9927,14.3431],[104.9915,14.3223],[104.9845,14.3183],[105.0028,14.3027],[105.0201,14.2639],[105.0266,14.2648],[105.0209,14.2514],[105.0228,14.2413],[105.0462,14.2272],[105.0502,14.2149],[105.0825,14.2096],[105.0934,14.2158],[105.1091,14.2142],[105.1465,14.2422],[105.1541,14.2547],[105.1512,14.2596],[105.1436,14.2595],[105.1533,14.269],[105.1514,14.2849],[105.1603,14.2892],[105.1608,14.301],[105.1767,14.3147],[105.1672,14.3284],[105.1758,14.3455],[105.1861,14.342],[105.198,14.3485],[105.2167,14.3349],[105.2282,14.3335],[105.2336,14.3368],[105.2357,14.35],[105.2411,14.35],[105.2513,14.3616],[105.2665,14.3607],[105.2793,14.3533],[105.2839,14.3658],[105.3035,14.3661],[105.3203,14.3975],[105.3424,14.3843],[105.3611,14.3879],[105.3721,14.3993],[105.3867,14.3961],[105.387,14.4106],[105.3929,14.4065],[105.4005,14.4097],[105.4075,14.429],[105.4291,14.4161],[105.4303,14.4246],[105.4417,14.43],[105.45,14.4521],[105.4695,14.4704],[105.4877,14.5006],[105.4807,14.5063],[105.5006,14.5127],[105.5008,14.5205],[105.5079,14.5235],[105.5167,14.5384],[105.5264,14.5361],[105.5241,14.5514],[105.5327,14.5526],[105.5348,14.5579],[105.5289,14.5718],[105.5388,14.5835],[105.5289,14.5952],[105.5301,14.6086],[105.5423,14.6198],[105.5299,14.6232],[105.5245,14.6331],[105.5305,14.6404],[105.5282,14.6472],[105.5175,14.6521],[105.5164,14.6663],[105.5275,14.6794],[105.5152,14.6963],[105.5248,14.7041],[105.5199,14.7271],[105.5466,14.7314],[105.5437,14.7387],[105.531,14.74],[105.5126,14.7532],[105.5175,14.7624],[105.5124,14.7657],[105.5141,14.7734],[105.5251,14.7824],[105.5152,14.7913],[105.5202,14.7947],[105.5112,14.7991],[105.5193,14.8231],[105.5371,14.8195],[105.5431,14.8299],[105.5599,14.8396],[105.5514,14.8455],[105.5427,14.8623],[105.5492,14.8749],[105.5705,14.8811],[105.58,14.8789],[105.5767,14.8972],[105.5582,14.9241],[105.5453,14.9264],[105.5522,14.9503],[105.5566,14.9561],[105.5672,14.9557],[105.5832,14.9413],[105.5947,14.9621],[105.6066,14.9713],[105.6242,14.9757],[105.6062,14.993],[105.5748,14.9983],[105.5719,15.0214],[105.5644,15.0294],[105.5521,15.0307],[105.547,15.0384],[105.555,15.0545],[105.5542,15.0637],[105.54,15.0688],[105.537,15.0635],[105.5134,15.0634],[105.5153,15.0846],[105.4796,15.0995],[105.4827,15.1119],[105.4705,15.1209],[105.4665,15.1308],[105.4864,15.1502],[105.4695,15.1592],[105.4731,15.1673],[105.4787,15.1679],[105.4761,15.1802],[105.4897,15.1937],[105.4953,15.1931],[105.4913,15.1972],[105.4944,15.2047],[105.516,15.2187],[105.5398,15.2521],[105.5565,15.2486],[105.5548,15.2561],[105.5605,15.2622],[105.579,15.2585],[105.591,15.2712],[105.5822,15.3045],[105.5849,15.3145],[105.5746,15.329],[105.5532,15.3213],[105.5396,15.3245],[105.5083,15.3185],[105.4962,15.3207],[105.4731,15.3356],[105.4674,15.3477],[105.4762,15.369],[105.4941,15.3864],[105.5613,15.3986],[105.5787,15.4082],[105.5889,15.4205],[105.6026,15.4786],[105.5928,15.5099],[105.6079,15.5462],[105.6249,15.5635],[105.6286,15.6052],[105.6368,15.6338],[105.6347,15.6626],[105.6115,15.6902],[105.5959,15.7245],[105.5594,15.7393],[105.5508,15.7503],[105.5325,15.7487],[105.504,15.7672],[105.4956,15.7663],[105.4666,15.7456],[105.4355,15.7543],[105.4206,15.7731],[105.4196,15.7894],[105.4017,15.7946],[105.3943,15.8024],[105.386,15.8366],[105.3522,15.9063],[105.3435,15.9123],[105.3422,15.9222],[105.3498,15.9429],[105.3615,15.9535],[105.3769,15.9835],[105.3927,15.9914],[105.4172,15.9858],[105.4251,15.9907],[105.4241,16.0053],[105.4179,16.0121],[105.3644,16.0207],[105.3528,16.0289],[105.3121,16.0296],[105.2981,16.039],[105.2111,16.0496],[105.1336,16.0797],[105.1198,16.0772],[105.1012,16.0906],[105.0829,16.0857],[105.0603,16.0981]],[[104.9783,16.2788],[104.9575,16.2916],[104.9262,16.3343],[104.9035,16.3383],[104.8902,16.3482],[104.8841,16.3707],[104.8625,16.3993],[104.8608,16.427],[104.8437,16.4527],[104.8302,16.4647],[104.7734,16.4952],[104.7367,16.5418],[104.7333,16.5644],[104.7425,16.627],[104.764,16.7],[104.7591,16.7389],[104.746,16.7653],[104.7373,16.8047]],[[104.9783,16.2788],[104.9728,16.274],[104.9598,16.2844],[104.9559,16.2797],[104.9599,16.2718],[104.9478,16.262],[104.9312,16.2529],[104.9127,16.2555],[104.9102,16.2473],[104.8856,16.2351],[104.887,16.226],[104.876,16.2091],[104.8549,16.2016],[104.8352,16.2002],[104.8262,16.205],[104.8124,16.1852],[104.8001,16.1889],[104.7889,16.1994],[104.7661,16.1964]],[[105.0603,16.0981],[105.0566,16.0933],[105.0418,16.0938],[105.0288,16.0725],[105.024,16.0522],[105.0063,16.0311],[105.0049,16.0094],[105.0096,15.9998],[105.0204,15.9942],[105.0256,15.9817],[104.9981,15.9469],[105.0037,15.9342],[104.9634,15.861],[104.9665,15.8109],[104.9599,15.7919],[104.9074,15.7614],[104.9039,15.7536],[104.9062,15.7252],[104.8913,15.6898],[104.8949,15.6535],[104.9286,15.6451],[104.9335,15.6381],[104.927,15.6261],[104.9308,15.619],[104.9238,15.6153],[104.9257,15.6023],[104.9086,15.5976],[104.8846,15.5721],[104.8958,15.5639],[104.8909,15.5618],[104.8875,15.545],[104.8823,15.5473],[104.8787,15.5371],[104.8698,15.5383],[104.8742,15.5464],[104.8655,15.5488],[104.8634,15.5573],[104.8653,15.562],[104.8767,15.5625],[104.867,15.5681],[104.8618,15.5806],[104.8489,15.5797],[104.8475,15.5736],[104.8446,15.5844],[104.8359,15.5817],[104.8375,15.5919],[104.8302,15.5914],[104.8319,15.5843],[104.8226,15.5858],[104.8128,15.5966],[104.8166,15.5973],[104.8111,15.6064],[104.8032,15.6009],[104.8027,15.5937],[104.7952,15.5955],[104.7935,15.6021],[104.7867,15.6046],[104.7879,15.621],[104.7805,15.6186],[104.7772,15.6289],[104.7463,15.6414],[104.7422,15.6581],[104.7334,15.656],[104.7355,15.6523],[104.7287,15.6478],[104.7144,15.6607],[104.6946,15.6582],[104.6834,15.671],[104.6474,15.6775],[104.6357,15.6891],[104.6211,15.6881],[104.6025,15.6732],[104.6108,15.6635],[104.6292,15.6628],[104.6374,15.647],[104.6145,15.6397],[104.6108,15.6298],[104.6165,15.6247],[104.6094,15.6158],[104.5798,15.6048],[104.5853,15.566],[104.553,15.5554],[104.5466,15.5422],[104.5359,15.5521],[104.5276,15.5508],[104.5264,15.5582],[104.5108,15.5599],[104.512,15.5639]],[[105.0603,16.0981],[105.0411,16.1084],[105.0358,16.1347],[105.0126,16.1895],[105.0149,16.2438],[104.9783,16.2788]]]}},
{"type":"Feature","properties":{"kind":"label","name":"กรุงเทพมหานคร","playable":true,"iso":"TH-10"},"geometry":{"type":"Point","coordinates":[100.6509,13.811]}},
{"type":"Feature","properties":{"kind":"label","name":"สมุทรปราการ","playable":true,"iso":"TH-11"},"geometry":{"type":"Point","coordinates":[100.6424,13.4646]}},
{"type":"Feature","properties":{"kind":"label","name":"นนทบุรี","playable":true,"iso":"TH-12"},"geometry":{"type":"Point","coordinates":[100.3897,13.8964]}},
{"type":"Feature","properties":{"kind":"label","name":"ปทุมธานี","playable":true,"iso":"TH-13"},"geometry":{"type":"Point","coordinates":[100.7691,14.0657]}},
{"type":"Feature","properties":{"kind":"label","name":"พระนครศรีอยุธยา","playable":false,"iso":"TH-14"},"geometry":{"type":"Point","coordinates":[100.602,14.3249]}},
{"type":"Feature","properties":{"kind":"label","name":"อ่างทอง","playable":false,"iso":"TH-15"},"geometry":{"type":"Point","coordinates":[100.3645,14.6228]}},
{"type":"Feature","properties":{"kind":"label","name":"ลพบุรี","playable":false,"iso":"TH-16"},"geometry":{"type":"Point","coordinates":[100.8355,15.0856]}},
{"type":"Feature","properties":{"kind":"label","name":"สิงห์บุรี","playable":false,"iso":"TH-17"},"geometry":{"type":"Point","coordinates":[100.3327,14.8866]}},
{"type":"Feature","properties":{"kind":"label","name":"ชัยนาท","playable":false,"iso":"TH-18"},"geometry":{"type":"Point","coordinates":[99.9681,15.1136]}},
{"type":"Feature","properties":{"kind":"label","name":"สระบุรี","playable":false,"iso":"TH-19"},"geometry":{"type":"Point","coordinates":[100.9621,14.5646]}},
{"type":"Feature","properties":{"kind":"label","name":"ชลบุรี","playable":false,"iso":"TH-20"},"geometry":{"type":"Point","coordinates":[100.7485,12.9251]}},
{"type":"Feature","properties":{"kind":"label","name":"ระยอง","playable":false,"iso":"TH-21"},"geometry":{"type":"Point","coordinates":[101.4431,12.7119]}},
{"type":"Feature","properties":{"kind":"label","name":"จันทบุรี","playable":false,"iso":"TH-22"},"geometry":{"type":"Point","coordinates":[102.1501,12.9243]}},
{"type":"Feature","properties":{"kind":"label","name":"ตราด","playable":false,"iso":"TH-23"},"geometry":{"type":"Point","coordinates":[102.4409,11.9455]}},
{"type":"Feature","properties":{"kind":"label","name":"ฉะเชิงเทรา","playable":false,"iso":"TH-24"},"geometry":{"type":"Point","coordinates":[101.6695,13.5487]}},
{"type":"Feature","properties":{"kind":"label","name":"ปราจีนบุรี","playable":false,"iso":"TH-25"},"geometry":{"type":"Point","coordinates":[101.6551,14.0454]}},
{"type":"Feature","properties":{"kind":"label","name":"นครนายก","playable":false,"iso":"TH-26"},"geometry":{"type":"Point","coordinates":[101.1213,14.1874]}},
{"type":"Feature","properties":{"kind":"label","name":"สระแก้ว","playable":false,"iso":"TH-27"},"geometry":{"type":"Point","coordinates":[102.3198,13.8469]}},
{"type":"Feature","properties":{"kind":"label","name":"นครราชสีมา","playable":false,"iso":"TH-30"},"geometry":{"type":"Point","coordinates":[101.9537,14.9088]}},
{"type":"Feature","properties":{"kind":"label","name":"บุรีรัมย์","playable":false,"iso":"TH-31"},"geometry":{"type":"Point","coordinates":[102.8897,14.6685]}},
{"type":"Feature","properties":{"kind":"label","name":"สุรินทร์","playable":false,"iso":"TH-32"},"geometry":{"type":"Point","coordinates":[103.6394,14.7228]}},
{"type":"Feature","properties":{"kind":"label","name":"ศรีสะเกษ","playable":false,"iso":"TH-33"},"geometry":{"type":"Point","coordinates":[104.4036,14.7335]}},
{"type":"Feature","properties":{"kind":"label","name":"อุบลราชธานี","playable":false,"iso":"TH-34"},"geometry":{"type":"Point","coordinates":[105.1041,15.2433]}},
{"type":"Feature","properties":{"kind":"label","name":"ยโสธร","playable":false,"iso":"TH-35"},"geometry":{"type":"Point","coordinates":[104.2935,15.9893]}},
{"type":"Feature","properties":{"kind":"label","name":"ชัยภูมิ","playable":false,"iso":"TH-36"},"geometry":{"type":"Point","coordinates":[101.8252,16.0859]}},
{"type":"Feature","properties":{"kind":"label","name":"อำนาจเจริญ","playable":false,"iso":"TH-37"},"geometry":{"type":"Point","coordinates":[104.7292,15.8877]}},
{"type":"Feature","properties":{"kind":"label","name":"บึงกาฬ","playable":false,"iso":"TH-38"},"geometry":{"type":"Point","coordinates":[103.8993,18.0958]}},
{"type":"Feature","properties":{"kind":"label","name":"หนองบัวลำภู","playable":false,"iso":"TH-39"},"geometry":{"type":"Point","coordinates":[102.2858,17.1633]}},
{"type":"Feature","properties":{"kind":"label","name":"ขอนแก่น","playable":false,"iso":"TH-40"},"geometry":{"type":"Point","coordinates":[102.6927,16.526]}},
{"type":"Feature","properties":{"kind":"label","name":"อุดรธานี","playable":false,"iso":"TH-41"},"geometry":{"type":"Point","coordinates":[102.9214,17.3387]}},
{"type":"Feature","properties":{"kind":"label","name":"เลย","playable":false,"iso":"TH-42"},"geometry":{"type":"Point","coordinates":[101.6384,17.4248]}},
{"type":"Feature","properties":{"kind":"label","name":"หนองคาย","playable":false,"iso":"TH-43"},"geometry":{"type":"Point","coordinates":[103.1993,18.0036]}},
{"type":"Feature","properties":{"kind":"label","name":"มหาสารคาม","playable":false,"iso":"TH-44"},"geometry":{"type":"Point","coordinates":[103.1688,16.0913]}},
{"type":"Feature","properties":{"kind":"label","name":"ร้อยเอ็ด","playable":false,"iso":"TH-45"},"geometry":{"type":"Point","coordinates":[103.7203,15.7322]}},
{"type":"Feature","properties":{"kind":"label","name":"กาฬสินธุ์","playable":false,"iso":"TH-46"},"geometry":{"type":"Point","coordinates":[103.5104,16.5616]}},
{"type":"Feature","properties":{"kind":"label","name":"สกลนคร","playable":false,"iso":"TH-47"},"geometry":{"type":"Point","coordinates":[103.6965,17.4597]}},
{"type":"Feature","properties":{"kind":"label","name":"นครพนม","playable":false,"iso":"TH-48"},"geometry":{"type":"Point","coordinates":[104.6141,17.307]}},
{"type":"Feature","properties":{"kind":"label","name":"มุกดาหาร","playable":false,"iso":"TH-49"},"geometry":{"type":"Point","coordinates":[104.4957,16.601]}},
{"type":"Feature","properties":{"kind":"label","name":"เชียงใหม่","playable":false,"iso":"TH-50"},"geometry":{"type":"Point","coordinates":[98.9643,19.32]}},
{"type":"Feature","properties":{"kind":"label","name":"ลำพูน","playable":false,"iso":"TH-51"},"geometry":{"type":"Point","coordinates":[99.0118,18.4129]}},
{"type":"Feature","properties":{"kind":"label","name":"ลำปาง","playable":false,"iso":"TH-52"},"geometry":{"type":"Point","coordinates":[99.7153,18.6609]}},
{"type":"Feature","properties":{"kind":"label","name":"อุตรดิตถ์","playable":false,"iso":"TH-53"},"geometry":{"type":"Point","coordinates":[100.272,17.6381]}},
{"type":"Feature","properties":{"kind":"label","name":"แพร่","playable":false,"iso":"TH-54"},"geometry":{"type":"Point","coordinates":[100.1446,18.1859]}},
{"type":"Feature","properties":{"kind":"label","name":"น่าน","playable":false,"iso":"TH-55"},"geometry":{"type":"Point","coordinates":[100.8075,18.7304]}},
{"type":"Feature","properties":{"kind":"label","name":"พะเยา","playable":false,"iso":"TH-56"},"geometry":{"type":"Point","coordinates":[100.1897,19.1596]}},
{"type":"Feature","properties":{"kind":"label","name":"เชียงราย","playable":false,"iso":"TH-57"},"geometry":{"type":"Point","coordinates":[99.9203,19.9121]}},
{"type":"Feature","properties":{"kind":"label","name":"แม่ฮ่องสอน","playable":false,"iso":"TH-58"},"geometry":{"type":"Point","coordinates":[98.1839,19.4173]}},
{"type":"Feature","properties":{"kind":"label","name":"นครสวรรค์","playable":false,"iso":"TH-60"},"geometry":{"type":"Point","coordinates":[100.4013,15.6211]}},
{"type":"Feature","properties":{"kind":"label","name":"อุทัยธานี","playable":false,"iso":"TH-61"},"geometry":{"type":"Point","coordinates":[99.3304,15.3405]}},
{"type":"Feature","properties":{"kind":"label","name":"กำแพงเพชร","playable":false,"iso":"TH-62"},"geometry":{"type":"Point","coordinates":[99.5811,16.3232]}},
{"type":"Feature","properties":{"kind":"label","name":"ตาก","playable":false,"iso":"TH-63"},"geometry":{"type":"Point","coordinates":[98.9295,17.0036]}},
{"type":"Feature","properties":{"kind":"label","name":"สุโขทัย","playable":false,"iso":"TH-64"},"geometry":{"type":"Point","coordinates":[99.6871,17.1255]}},
{"type":"Feature","properties":{"kind":"label","name":"พิษณุโลก","playable":false,"iso":"TH-65"},"geometry":{"type":"Point","coordinates":[100.5561,16.9606]}},
{"type":"Feature","properties":{"kind":"label","name":"พิจิตร","playable":false,"iso":"TH-66"},"geometry":{"type":"Point","coordinates":[100.351,16.256]}},
{"type":"Feature","properties":{"kind":"label","name":"เพชรบูรณ์","playable":false,"iso":"TH-67"},"geometry":{"type":"Point","coordinates":[101.0369,16.2336]}},
{"type":"Feature","properties":{"kind":"label","name":"ราชบุรี","playable":false,"iso":"TH-70"},"geometry":{"type":"Point","coordinates":[99.4825,13.4912]}},
{"type":"Feature","properties":{"kind":"label","name":"กาญจนบุรี","playable":false,"iso":"TH-71"},"geometry":{"type":"Point","coordinates":[99.3524,14.2947]}},
{"type":"Feature","properties":{"kind":"label","name":"สุพรรณบุรี","playable":false,"iso":"TH-72"},"geometry":{"type":"Point","coordinates":[100.041,14.3705]}},
{"type":"Feature","properties":{"kind":"label","name":"นครปฐม","playable":true,"iso":"TH-73"},"geometry":{"type":"Point","coordinates":[100.0967,13.9618]}},
{"type":"Feature","properties":{"kind":"label","name":"สมุทรสาคร","playable":true,"iso":"TH-74"},"geometry":{"type":"Point","coordinates":[100.2353,13.5018]}},
{"type":"Feature","properties":{"kind":"label","name":"สมุทรสงคราม","playable":false,"iso":"TH-75"},"geometry":{"type":"Point","coordinates":[99.986,13.3898]}},
{"type":"Feature","properties":{"kind":"label","name":"เพชรบุรี","playable":false,"iso":"TH-76"},"geometry":{"type":"Point","coordinates":[99.9945,12.947]}},
{"type":"Feature","properties":{"kind":"label","name":"ประจวบคีรีขันธ์","playable":false,"iso":"TH-77"},"geometry":{"type":"Point","coordinates":[99.8769,12.2872]}},
{"type":"Feature","properties":{"kind":"label","name":"นครศรีธรรมราช","playable":false,"iso":"TH-80"},"geometry":{"type":"Point","coordinates":[100.1813,8.545]}},
{"type":"Feature","properties":{"kind":"label","name":"กระบี่","playable":false,"iso":"TH-81"},"geometry":{"type":"Point","coordinates":[98.9886,8.0107]}},
{"type":"Feature","properties":{"kind":"label","name":"พังงา","playable":false,"iso":"TH-82"},"geometry":{"type":"Point","coordinates":[98.3193,8.4816]}},
{"type":"Feature","properties":{"kind":"label","name":"ภูเก็ต","playable":false,"iso":"TH-83"},"geometry":{"type":"Point","coordinates":[98.2804,7.8915]}},
{"type":"Feature","properties":{"kind":"label","name":"สุราษฎร์ธานี","playable":false,"iso":"TH-84"},"geometry":{"type":"Point","coordinates":[99.1469,9.1884]}},
{"type":"Feature","properties":{"kind":"label","name":"ระนอง","playable":false,"iso":"TH-85"},"geometry":{"type":"Point","coordinates":[98.4464,9.5675]}},
{"type":"Feature","properties":{"kind":"label","name":"ชุมพร","playable":false,"iso":"TH-86"},"geometry":{"type":"Point","coordinates":[99.3305,10.169]}},
{"type":"Feature","properties":{"kind":"label","name":"สงขลา","playable":false,"iso":"TH-90"},"geometry":{"type":"Point","coordinates":[100.7903,7.6114]}},
{"type":"Feature","properties":{"kind":"label","name":"สตูล","playable":false,"iso":"TH-91"},"geometry":{"type":"Point","coordinates":[99.8139,6.8243]}},
{"type":"Feature","properties":{"kind":"label","name":"ตรัง","playable":false,"iso":"TH-92"},"geometry":{"type":"Point","coordinates":[99.5474,7.3706]}},
{"type":"Feature","properties":{"kind":"label","name":"พัทลุง","playable":false,"iso":"TH-93"},"geometry":{"type":"Point","coordinates":[100.0204,7.6349]}},
{"type":"Feature","properties":{"kind":"label","name":"ปัตตานี","playable":false,"iso":"TH-94"},"geometry":{"type":"Point","coordinates":[101.6663,7.1949]}},
{"type":"Feature","properties":{"kind":"label","name":"ยะลา","playable":false,"iso":"TH-95"},"geometry":{"type":"Point","coordinates":[101.2155,6.4053]}},
{"type":"Feature","properties":{"kind":"label","name":"นราธิวาส","playable":false,"iso":"TH-96"},"geometry":{"type":"Point","coordinates":[101.7397,6.2323]}}
]}
