{"type":"FeatureCollection","coverage_meta":{"pipeline_version":"1.0.0","data_date":"2026-09-01T20:20:50Z","inputs":{"D1":{"path":"downloads/thailand-260901.osm.pbf","sha256":"e09812904250c8fc5bed7b444546338766317865e741733229fc714d32ab272f"},"D3":{"path":"downloads/geoBoundaries-THA-ADM2.geojson","sha256":"d3496a7a342e6b895afaa7c2b6710afac243cd45359d3ecb0adec487e4bd3d59"}},"config":{"sources":{"area":"config/balance/dungeons.json#area","verification":"config/balance/dungeons.json#verification","coverageFilter":"config/balance/dungeons.json#coverageFilter","pipeline":"tools/coverage/params.json#pipeline"},"area":{"minArea_m2":3000.0,"maxArea_m2":150000.0},"verification":{"v1VerificationMode":"continuous_gps","v1FloorLevel":null},"coverageFilter":{"maxBlockedShare":{"religious":0.02,"health":0.1,"education":0.1,"government":0.1,"military":0.02,"diplomatic":0.02,"cemetery":0.02},"pointBlockerRadius_m":10,"duplicateIoU":0.9,"nestedContainmentShare":0.9,"partialOverlapShare":0.05,"multipartMaxGap_m":30,"repairMaxAreaChangeShare":0.01,"excludeAccessValues":["private","no"],"sizeBandUpper_m2":{"small":10000,"medium":50000},"boundaryCrossCheckMaxDiffShare":0.05,"religiousNamePatterns":["^วัด","^มัสยิด","^โบสถ์","^ศาลเจ้า","^สำนักสงฆ์","^อาราม","(?i)^wat ","(?i)^temple","(?i)^mosque","(?i)^church","(?i)^shrine"],"blocklistTags":{"religious":["amenity=place_of_worship","amenity=monastery","amenity=crematorium","landuse=religious","building=temple","building=church","building=mosque","building=shrine","building=monastery","building=cathedral","building=chapel","building=synagogue","building=religious","historic=wayside_shrine","historic=temple","historic=church","historic=monastery","office=religion","religion=*"],"health":["amenity=hospital","healthcare=hospital","building=hospital","amenity=clinic"],"education":["amenity=school","amenity=kindergarten","amenity=college","amenity=university","building=school","building=university","building=college","building=kindergarten","landuse=education","office=educational_institution"],"government":["office=government","government=*","amenity=townhall","amenity=courthouse","amenity=police","amenity=fire_station","amenity=prison","landuse=government","building=government"],"military":["landuse=military","military=*"],"diplomatic":["office=diplomatic","amenity=embassy","diplomatic=*"],"cemetery":["landuse=cemetery","amenity=grave_yard"]},"blocklistDisabledCategories":[],"blocklistDisabledTags":[],"blocklistAreaOnlyTags":["amenity=clinic"],"reviewOsmIds":[],"reviewTags":["historic=palace"],"reviewNamePatterns":["พระราชวัง","วัง","พระที่นั่ง","ตำหนัก","พระราชฐาน","(?i)palace"],"reviewMinAreaTags":["historic=monument","historic=memorial"],"outdoorBuildingValues":["no","roof"],"privateGardenTypes":["residential","private"],"majorWayTags":["highway=motorway","highway=motorway_link","highway=trunk","highway=trunk_link","highway=primary","highway=primary_link","railway=rail","railway=subway","railway=light_rail","waterway=river","waterway=canal"],"majorWayIgnoreIfTagged":["tunnel","bridge"],"majorWayAction":"flag","majorWayMinInsideLength_m":20}},"counts":{"extract":{"candidate_areas_in_file":16574,"candidates_in_study_area":7028,"blockers_in_study_area":11055,"blocker_areas_in_study_area":8718,"blocker_nodes_in_study_area":2337,"poi_nodes_in_study_area":638,"major_ways_in_study_bbox":20204,"assembly_failed_count":67,"assembly_failed":["osm-w1022952123","osm-w1026588357","osm-w110291983","osm-w1148150064","osm-w1159719652","osm-w1207751537","osm-w1213511871","osm-w1213511873","osm-w123950254","osm-w1305800722","osm-w1326465499","osm-w1348438701","osm-w1351990826","osm-w1360817593","osm-w1413830859","osm-w1443963952","osm-w1476707797","osm-w1551641502","osm-w1551641503","osm-w1551641505","osm-w1551641506","osm-w1551641517","osm-w1551641518","osm-w1551641519","osm-w1551641520","osm-w1551641521","osm-w1551641522","osm-w1551641523","osm-w168945966","osm-w178354005","osm-w201102650","osm-w217407908","osm-w21991714","osm-w235838574","osm-w23610119","osm-w236164677","osm-w27954724","osm-w30760367","osm-w310805872","osm-w31981734","osm-w376926868","osm-w40262304","osm-w407915404","osm-w410767946","osm-w446019911","osm-w462532630","osm-w491005386","osm-w56048973","osm-w56048974","osm-w56048975","osm-w56048977","osm-w56048979","osm-w566023222","osm-w627049525","osm-w627049526","osm-w686092687","osm-w700357948","osm-w735612822","osm-w738897274","osm-w738897332","osm-w738897333","osm-w738897336","osm-w754824716","osm-w755141429","osm-w771383478","osm-w832948770","osm-w872380813"]},"steps":[{"step":"normalize","in":7028,"out":7026,"removed":2},{"step":"area","in":7026,"out":1591,"removed":5435},{"step":"blocklist","in":1591,"out":749,"removed":842},{"step":"overlap","in":749,"out":741,"removed":8}],"normalize":{"repaired":0},"final":{"candidates":741,"excluded":6287,"points_unmatched":572,"district_unassigned":0},"candidates_by_class":{"attraction":8,"garden":115,"historic":10,"marketplace":141,"park":369,"pitch":98},"candidates_by_size_band":{"large":50,"medium":237,"small":454},"candidates_by_province":{"TH-10":459,"TH-11":67,"TH-12":75,"TH-13":76,"TH-73":29,"TH-74":35},"candidate_flags":{"contains_religious_feature":26,"crosses_major_way":51,"multi_district":6,"review_required":11},"excluded_by_reason":{"access_private":1527,"area_too_large":21,"area_too_small":1693,"blocked_cemetery":491,"blocked_diplomatic":24,"blocked_education":898,"blocked_government":152,"blocked_health":31,"blocked_military":295,"blocked_religious":418,"indoor":3,"indoor_market":107,"multipart_disjoint":1,"nested_in":8,"private_garden":474,"religious_inside_heritage":28,"religious_name":2,"religious_self":114},"excluded_reasons_all":{"access_private":1939,"area_too_large":30,"area_too_small":5405,"blocked_cemetery":502,"blocked_diplomatic":24,"blocked_education":1014,"blocked_government":160,"blocked_health":34,"blocked_military":301,"blocked_religious":477,"indoor":3,"indoor_market":108,"multipart_disjoint":2,"nested_in":154,"private_garden":2188,"religious_inside_heritage":61,"religious_name":24,"religious_self":114}},"boundary_cross_check":{"status":"done","compared":79,"warnings":[{"district_osm_id":3147104,"name":"เขตทุ่งครุ","gb_name":"Thung Khru","area_osm_m2":27619697,"area_gb_m2":32001386,"diff_share":0.1586},{"district_osm_id":10958328,"name":"อำเภอพระสมุทรเจดีย์","gb_name":"Phra Samut Chedi","area_osm_m2":166825048,"area_gb_m2":156392657,"diff_share":0.0625}]},"qa_sample":{"seed":20260923,"size":30,"ids":["osm-r17746457","osm-w1010091382","osm-w1028839497","osm-w104264491","osm-w1125558140","osm-w1151915604","osm-w1203501924","osm-w1319861857","osm-w1330406315","osm-w1333681587","osm-w1356082466","osm-w1376759634","osm-w1378299804","osm-w1458423155","osm-w1499360624","osm-w1524810798","osm-w1532679075","osm-w170741520","osm-w176820826","osm-w283724937","osm-w428712702","osm-w473686713","osm-w544274397","osm-w544291968","osm-w556871178","osm-w556903940","osm-w563576754","osm-w657555916","osm-w733670886","osm-w824055698"]},"attribution":"© OpenStreetMap contributors","license":"ODbL-1.0 (https://opendatacommons.org/licenses/odbl/1-0/)"},"features":[
{"type":"Feature","id":"osm-r10904051","properties":{"id":"osm-r10904051","osm_id":10904051,"osm_type":"relation","name":"สวนรมณีนาถ","name_en":"Rommani Nat Park","class":"park","classes_all":["park"],"tags":{"Source":"https://mindtrip.ai/attraction/bangkok-thailand/rommani-nat-park/at-ZaklKIMZ","addr:district":"พระนคร","addr:postcode":"10200","addr:province":"กรุงเทพมหานคร","addr:street":"ถนนมหาไชย","addr:subdistrict":"สำราญราษฎร์","leisure":"park","name":"สวนรมณีนาถ","name:en":"Rommani Nat Park","name:th":"สวนรมณีนาถ","opening_hours":"05:00-21:00","source":"Yahoo","website":"https://minpininteraction.com/bkk_static/park05.asp","wikidata":"Q13022359"},"area_m2":37689.0,"size_band":"medium","district":"เขตพระนคร","district_en":"Phra Nakhon District","district_osm_id":92053,"province":"กรุงเทพมหานคร","province_iso":"TH-10","multi_district":false,"reason_excluded":null,"reasons_all":[],"flags":[],"related_ids":{},"poi_inside":[],"opening_hours":"05:00-21:00","verification_mode":"continuous_gps","floor_level":null,"rep_point":[100.502553,13.749068]},"geometry":{"type":"MultiPolygon","coordinates":[[[[100.501424,13.74804],[100.501658,13.748025],[100.502379,13.747974],[100.502566,13.74796],[100.502667,13.747953],[100.503128,13.74792],[100.5031,13.748078],[100.503259,13.748743],[100.503399,13.749204],[100.503444,13.749196],[100.50357,13.749635],[100.503678,13.749609],[100.503734,13.749832],[100.50328,13.749947],[100.503184,13.749811],[100.502801,13.749873],[100.502757,13.749861],[100.502089,13.749952],[100.502061,13.749986],[100.501846,13.750012],[100.501736,13.748941],[100.501726,13.748845],[100.501666,13.748266],[100.501576,13.748151],[100.501424,13.74804]]]]}},
{"type":"Feature","id":"osm-r11743600","properties":{"id":"osm-r11743600","osm_id":11743600,"osm_type":"relation","name":"สวนสุขภาพลัดโพธิ์","name_en":null,"class":"park","classes_all":["park"],"tags":{"leisure":"park","name":"สวนสุขภาพลัดโพธิ์","name:th":"สวนสุขภาพลัดโพธิ์"},"area_m2":96921.3,"size_band":"large","district":"อำเภอพระประแดง","district_en":"Phra Pradaeng District","district_osm_id":11580984,"province":"จังหวัดสมุทรปราการ","province_iso":"TH-11","multi_district":false,"reason_excluded":null,"reasons_all":[],"flags":[],"related_ids":{},"poi_inside":[],"opening_hours":null,"verification_mode":"continuous_gps","floor_level":null,"rep_point":[100.538153,13.664958]},"geometry":{"type":"MultiPolygon","coordinates":[[[[100.535647,13.664282],[100.536155,13.6642],[100.536668,13.664037],[100.537025,13.663924],[100.537308,13.663881],[100.537733,13.663816],[100.537946,13.663796],[100.538,13.663791],[100.538037,13.66378],[100.538126,13.663741],[100.538367,13.663558],[100.538717,13.662769],[100.538875,13.662167],[100.539154,13.662239],[100.539269,13.662263],[100.539194,13.663143],[100.539166,13.664135],[100.539086,13.665191],[100.538979,13.665254],[100.538973,13.665308],[100.539075,13.665331],[100.539024,13.666004],[100.53896,13.666794],[100.538958,13.666828],[100.538957,13.666867],[100.538894,13.66773],[100.538583,13.667758],[100.538596,13.667689],[100.53839,13.667689],[100.538373,13.667789],[100.538218,13.667789],[100.538227,13.667739],[100.53827,13.667739],[100.538279,13.667697],[100.53803,13.667702],[100.538074,13.667088],[100.538103,13.666734],[100.53809,13.666651],[100.538042,13.666363],[100.537501,13.666372],[100.537007,13.666046],[100.536651,13.665557],[100.536475,13.665261],[100.536292,13.664981],[100.536086,13.664785],[100.535774,13.664593],[100.535647,13.664282]],[[100.536304,13.664349],[100.536307,13.664406],[100.536329,13.664438],[100.536385,13.664457],[100.536514,13.664426],[100.536555,13.66443],[100.536586,13.664457],[100.53661,13.66451],[100.536616,13.664552],[100.536597,13.664628],[100.536434,13.664763],[100.5364,13.66483],[100.536389,13.664884],[100.536394,13.664996],[100.536424,13.665067],[100.536495,13.665129],[100.536701,13.66517],[100.536763,13.665219],[100.536916,13.665201],[100.536956,13.665214],[100.536999,13.665277],[100.537047,13.665274],[100.537098,13.665123],[100.537227,13.664995],[100.537187,13.664935],[100.537055,13.664865],[100.536937,13.664836],[100.536793,13.664842],[100.536723,13.664826],[100.536701,13.664771],[100.536699,13.664654],[100.536752,13.664539],[100.536849,13.664471],[100.536962,13.664438],[100.537037,13.66444],[100.537227,13.66449],[100.537431,13.664484],[100.537506,13.664456],[100.537565,13.664401],[100.537584,13.66437],[100.537592,13.664297],[100.537562,13.664226],[100.537468,13.664177],[100.537321,13.664195],[100.537101,13.664195],[100.536927,13.664127],[100.536817,13.664112],[100.536449,13.664198],[100.536349,13.664243],[100.536304,13.664349]]]]}},
{"type":"Feature","id":"osm-r11900048","properties":{"id":"osm-r11900048","osm_id":11900048,"osm_type":"relation","name":"สวนสมเด็จพระปกเกล้าฯ","name_en":null,"class":"park","classes_all":["park"],"tags":{"leisure":"park","name":"สวนสมเด็จพระปกเกล้าฯ"},"area_m2":18262.2,"size_band":"medium","district":"เขตพระนคร","district_en":"Phra Nakhon District","district_osm_id":92053,"province":"กรุงเทพมหานคร","province_iso":"TH-10","multi_district":false,"reason_excluded":null,"reasons_all":[],"flags":[],"related_ids":{},"poi_inside":[],"opening_hours":null,"verification_mode":"continuous_gps","floor_level":null,"rep_point":[100.499164,13.740629]},"geometry":{"type":"MultiPolygon","coordinates":[[[[100.498673,13.740278],[100.498676,13.740213],[100.49869,13.740151],[100.498732,13.740077],[100.498802,13.740018],[100.498866,13.739987],[100.498944,13.739962],[100.499004,13.739963],[100.499069,13.739979],[100.499129,13.740011],[100.499184,13.740087],[100.499322,13.739993],[100.499428,13.740108],[100.499686,13.740385],[100.499846,13.740518],[100.500033,13.74065],[100.50022,13.740747],[100.500392,13.74081],[100.500595,13.740869],[100.500803,13.740922],[100.500725,13.740959],[100.500625,13.741007],[100.500455,13.741088],[100.500348,13.741156],[100.500298,13.741211],[100.500268,13.741268],[100.500241,13.741329],[100.499342,13.740147],[100.499267,13.740204],[100.499294,13.740241],[100.499432,13.740429],[100.499498,13.740535],[100.499585,13.740738],[100.499617,13.740908],[100.499612,13.741042],[100.499577,13.741139],[100.499544,13.741161],[100.499509,13.741181],[100.499393,13.74122],[100.499264,13.741263],[100.499139,13.741298],[100.4991,13.741288],[100.499027,13.741227],[100.49898,13.74115],[100.498782,13.740608],[100.498673,13.740278]]],[[[100.499442,13.73988],[100.499576,13.739825],[100.499755,13.739781],[100.499838,13.739784],[100.499891,13.739806],[100.499934,13.739826],[100.499977,13.739856],[100.50001,13.739887],[100.500041,13.739924],[100.500073,13.739993],[100.500206,13.740378],[100.500199,13.740428],[100.500168,13.740464],[100.500104,13.740467],[100.500051,13.740453],[100.499994,13.740432],[100.499887,13.740383],[100.499787,13.74032],[100.499647,13.740176],[100.499442,13.73988]]]]}},
{"type":"Feature","id":"osm-r15628415","properties":{"id":"osm-r15628415","osm_id":15628415,"osm_type":"relation","name":null,"name_en":null,"class":"garden","classes_all":["garden"],"tags":{"leisure":"garden"},"area_m2":14324.0,"size_band":"medium","district":"เขตคลองเตย","district_en":"Khlong Toei District","district_osm_id":2938033,"province":"กรุงเทพมหานคร","province_iso":"TH-10","multi_district":false,"reason_excluded":null,"reasons_all":[],"flags":[],"related_ids":{},"poi_inside":[],"opening_hours":null,"verification_mode":"continuous_gps","floor_level":null,"rep_point":[100.556158,13.726209]},"geometry":{"type":"MultiPolygon","coordinates":[[[[100.55556,13.727103],[100.555586,13.726552],[100.555633,13.726554],[100.555631,13.726591],[100.555687,13.726594],[100.555689,13.72656],[100.556138,13.72658],[100.556122,13.726907],[100.55631,13.726915],[100.556314,13.726836],[100.556326,13.726578],[100.556451,13.726584],[100.556537,13.726588],[100.556795,13.7266],[100.556882,13.726604],[100.556879,13.72666],[100.55706,13.726668],[100.557045,13.726985],[100.556865,13.726977],[100.556862,13.727046],[100.556856,13.727162],[100.55556,13.727103]]],[[[100.555586,13.726462],[100.555592,13.726308],[100.555603,13.726064],[100.556002,13.72608],[100.556426,13.726098],[100.556723,13.72611],[100.556713,13.726347],[100.556706,13.726508],[100.556549,13.726502],[100.556031,13.72648],[100.555886,13.726474],[100.555586,13.726462]]],[[[100.55616,13.726754],[100.556161,13.726688],[100.556237,13.726689],[100.556236,13.726754],[100.55616,13.726754]]],[[[100.556897,13.726298],[100.556904,13.72612],[100.557096,13.726127],[100.557089,13.726305],[100.556897,13.726298]]]]}},
{"type":"Feature","id":"osm-r16179381","properties":{"id":"osm-r16179381","osm_id":16179381,"osm_type":"relation","name":"อุทยานเฉลิมพระเกียรติสมเด็จพระศรีนครินทราบรมราชชนนี","name_en":"Princess Mother Memorial Park","class":"park","classes_all":["park"],"tags":{"alt_name":"สวนสมเด็จย่าฯ","alt_name:en":"Suan Somdet Ya","alt_name:th":"สวนสมเด็จย่าฯ","leisure":"park","name":"อุทยานเฉลิมพระเกียรติสมเด็จพระศรีนครินทราบรมราชชนนี","name:en":"Princess Mother Memorial Park","name:th":"อุทยานเฉลิมพระเกียรติสมเด็จพระศรีนครินทราบรมราชชนนี","wikidata":"Q740984"},"area_m2":9001.8,"size_band":"small","district":"เขตคลองสาน","district_en":"Khlong San District","district_osm_id":3147280,"province":"กรุงเทพมหานคร","province_iso":"TH-10","multi_district":false,"reason_excluded":null,"reasons_all":[],"flags":[],"related_ids":{},"poi_inside":[],"opening_hours":null,"verification_mode":"continuous_gps","floor_level":null,"rep_point":[100.49964,13.736365]},"geometry":{"type":"MultiPolygon","coordinates":[[[[100.498946,13.73666],[100.499448,13.736246],[100.49928,13.736036],[100.499485,13.73588],[100.499543,13.735955],[100.500103,13.736485],[100.499823,13.736747],[100.499625,13.736878],[100.499253,13.737055],[100.498946,13.73666]]],[[[100.499576,13.736914],[100.499631,13.736888],[100.499679,13.736854],[100.500116,13.737624],[100.500002,13.737687],[100.499576,13.736914]]]]}},
{"type":"Feature","id":"osm-r17726106","properties":{"id":"osm-r17726106","osm_id":17726106,"osm_type":"relation","name":null,"name_en":null,"class":"park","classes_all":["park"],"tags":{"leisure":"park"},"area_m2":4922.0,"size_band":"small","district":"เขตทุ่งครุ","district_en":"Thung Khru District","district_osm_id":3147104,"province":"กรุงเทพมหานคร","province_iso":"TH-10","multi_district":false,"reason_excluded":null,"reasons_all":[],"flags":[],"related_ids":{},"poi_inside":[],"opening_hours":null,"verification_mode":"continuous_gps","floor_level":null,"rep_point":[100.501645,13.617114]},"geometry":{"type":"MultiPolygon","coordinates":[[[[100.50067,13.61745],[100.500672,13.617219],[100.501189,13.617105],[100.501188,13.617158],[100.501131,13.617256],[100.501125,13.617396],[100.500804,13.61745],[100.50067,13.61745]]],[[[100.501262,13.617138],[100.501269,13.61709],[100.501756,13.616994],[100.501736,13.616898],[100.502035,13.616826],[100.502014,13.617358],[100.501826,13.617358],[100.501315,13.617373],[100.501312,13.617249],[100.501286,13.617199],[100.501262,13.617138]]]]}},
{"type":"Feature","id":"osm-r17746457","properties":{"id":"osm-r17746457","osm_id":17746457,"osm_type":"relation","name":"ตลาดซุโก้ยอีท","name_en":null,"class":"marketplace","classes_all":["marketplace"],"tags":{"amenity":"marketplace","area":"yes","highway":"pedestrian","landuse":"commercial","name":"ตลาดซุโก้ยอีท"},"area_m2":14967.9,"size_band":"medium","district":"เขตทุ่งครุ","district_en":"Thung Khru District","district_osm_id":3147104,"province":"กรุงเทพมหานคร","province_iso":"TH-10","multi_district":false,"reason_excluded":null,"reasons_all":[],"flags":[],"related_ids":{},"poi_inside":[],"opening_hours":null,"verification_mode":"continuous_gps","floor_level":null,"rep_point":[100.514268,13.60552]},"geometry":{"type":"MultiPolygon","coordinates":[[[[100.513851,13.605868],[100.513982,13.60564],[100.514486,13.604764],[100.514641,13.604494],[100.5153,13.604783],[100.515032,13.6054],[100.514636,13.60524],[100.514408,13.605664],[100.514978,13.605894],[100.514702,13.606511],[100.513851,13.605868]]]]}},
{"type":"Feature","id":"osm-r18050303","properties":{"id":"osm-r18050303","osm_id":18050303,"osm_type":"relation","name":"สถานีรถไฟกรุงเทพ","name_en":"Bangkok Railway Station","class":"historic","classes_all":["historic"],"tags":{"addr:district":"ปทุมวัน","addr:postcode":"10330","addr:province":"กรุงเทพมหานคร","addr:subdistrict":"รองเมือง","alt_name:en":"Hua Lamphong","alt_name:th":"สถานีรถไฟหัวลำโพง;สถานีหัวลำโพง;สถานีกรุงเทพ","building":"train_station","historic":"yes","layer":"1","loc_name:en":"Hualamphong","loc_name:th":"หัวลำโพง","name":"สถานีรถไฟกรุงเทพ","name:en":"Bangkok Railway Station","name:he":"תחנת רכבת בנגקוק","name:ko":"방콕기차역-후알람퐁","name:th":"สถานีรถไฟกรุงเทพ","wikidata":"Q125929","wikimedia_commons":"Category:Bangkok Railway Station","wikipedia":"th:สถานีรถไฟกรุงเทพ"},"area_m2":33570.5,"size_band":"medium","district":"เขตปทุมวัน","district_en":"Pathum Wan District","district_osm_id":92063,"province":"กรุงเทพมหานคร","province_iso":"TH-10","multi_district":false,"reason_excluded":null,"reasons_all":[],"flags":["crosses_major_way"],"related_ids":{"major_ways":["osm-w1165313047","osm-w1165313048","osm-w1539120875","osm-w155900734","osm-w408505973","osm-w952685116"]},"poi_inside":[{"id":"osm-n13289318982","osm_id":13289318982,"tag":"historic=locomotive","name":"61"},{"id":"osm-n13289318983","osm_id":13289318983,"tag":"historic=locomotive","name":"54"},{"id":"osm-n13289318984","osm_id":13289318984,"tag":"historic=locomotive","name":"165"},{"id":"osm-n13289318985","osm_id":13289318985,"tag":"historic=locomotive","name":"336"},{"id":"osm-n13289318986","osm_id":13289318986,"tag":"historic=locomotive","name":"537"},{"id":"osm-n13289318987","osm_id":13289318987,"tag":"historic=locomotive","name":"518"},{"id":"osm-n13289318988","osm_id":13289318988,"tag":"historic=locomotive","name":"278"}],"opening_hours":null,"verification_mode":"continuous_gps","floor_level":null,"rep_point":[100.517003,13.740669]},"geometry":{"type":"MultiPolygon","coordinates":[[[[100.516203,13.738979],[100.51624,13.738975],[100.516267,13.738972],[100.516296,13.738969],[100.516288,13.738922],[100.516301,13.73892],[100.516292,13.73886],[100.516275,13.738861],[100.51627,13.738828],[100.516254,13.738701],[100.51624,13.738702],[100.516238,13.738672],[100.516418,13.73865],[100.516416,13.738639],[100.516524,13.738624],[100.516525,13.738634],[100.516644,13.738619],[100.516644,13.738612],[100.516643,13.738596],[100.516765,13.738578],[100.516767,13.738594],[100.516768,13.738601],[100.516901,13.738585],[100.516899,13.738568],[100.51693,13.738564],[100.517022,13.738551],[100.517036,13.738637],[100.517009,13.738641],[100.51694,13.738649],[100.516941,13.738691],[100.516992,13.738685],[100.51701,13.738802],[100.517051,13.738794],[100.51707,13.73891],[100.517038,13.738913],[100.517048,13.739],[100.517061,13.739101],[100.517134,13.739091],[100.517149,13.73919],[100.51713,13.739193],[100.517224,13.739821],[100.51724,13.739928],[100.51727,13.740123],[100.517302,13.740118],[100.517313,13.740186],[100.517307,13.740187],[100.517308,13.740226],[100.517317,13.740225],[100.517318,13.740249],[100.517285,13.740247],[100.517286,13.740312],[100.517296,13.740313],[100.517298,13.740352],[100.51731,13.740351],[100.517313,13.740388],[100.5173,13.740388],[100.517302,13.740414],[100.51728,13.740415],[100.517613,13.742562],[100.517649,13.742899],[100.517652,13.742933],[100.517596,13.74294],[100.517222,13.740531],[100.517193,13.740534],[100.517266,13.741036],[100.517536,13.742907],[100.517472,13.742913],[100.517414,13.74257],[100.51703,13.740018],[100.517016,13.74002],[100.516994,13.740024],[100.51735,13.742566],[100.517278,13.74257],[100.517195,13.742039],[100.517129,13.742042],[100.517001,13.741209],[100.516832,13.740048],[100.516821,13.740049],[100.516791,13.740052],[100.516955,13.741217],[100.517094,13.742122],[100.516986,13.742134],[100.516842,13.741234],[100.516679,13.740069],[100.51665,13.740072],[100.516636,13.740075],[100.516799,13.741239],[100.516928,13.74215],[100.516874,13.742154],[100.516868,13.742112],[100.516855,13.742114],[100.516727,13.741248],[100.516558,13.740099],[100.516547,13.740099],[100.516517,13.740101],[100.516556,13.740375],[100.51665,13.741031],[100.516683,13.741255],[100.516788,13.741986],[100.516721,13.741995],[100.516616,13.741265],[100.516489,13.740377],[100.516461,13.740381],[100.516589,13.741268],[100.516698,13.74203],[100.51672,13.742027],[100.516746,13.742215],[100.516698,13.742222],[100.516691,13.742173],[100.516633,13.742181],[100.516583,13.741837],[100.516504,13.741281],[100.516435,13.740804],[100.516375,13.740388],[100.516248,13.739502],[100.516261,13.7395],[100.516236,13.739294],[100.516231,13.739254],[100.516249,13.739252],[100.516239,13.739171],[100.516235,13.739134],[100.516224,13.739135],[100.516214,13.739064],[100.516203,13.738979]]]]}},
{"type":"Feature","id":"osm-r18290455","properties":{"id":"osm-r18290455","osm_id":18290455,"osm_type":"relation","name":"จ๊อดแฟร์ พระราม 9","name_en":"Jodd Fairs Rama 9","class":"marketplace","classes_all":["marketplace"],"tags":{"amenity":"marketplace","name":"จ๊อดแฟร์ พระราม 9","name:en":"Jodd Fairs Rama 9","name:th":"จ๊อดแฟร์ พระราม 9","opening_hours":"16:00-24:00","operator":"ตลาดนัดรถไฟ"},"area_m2":6479.7,"size_band":"small","district":"เขตห้วยขวาง","district_en":"Huai Khwang District","district_osm_id":2938032,"province":"กรุงเทพมหานคร","province_iso":"TH-10","multi_district":false,"reason_excluded":null,"reasons_all":[],"flags":["contains_religious_feature"],"related_ids":{"blockers":{"religious":{"ids":["osm-n12394163160"],"share":0.0093}},"religious_blockers":["osm-n12394163160"]},"poi_inside":[],"opening_hours":"16:00-24:00","verification_mode":"continuous_gps","floor_level":null,"rep_point":[100.567026,13.758153]},"geometry":{"type":"MultiPolygon","coordinates":[[[[100.566644,13.757739],[100.567188,13.757622],[100.567408,13.758567],[100.566863,13.758687],[100.566644,13.757739]]]]}},
{"type":"Feature","id":"osm-r18778306","properties":{"id":"osm-r18778306","osm_id":18778306,"osm_type":"relation","name":"วงเวียนใหญ่","name_en":"Wongwian Yai","class":"park","classes_all":["park"],"tags":{"leisure":"park","name":"วงเวียนใหญ่","name:en":"Wongwian Yai","name:th":"วงเวียนใหญ่"},"area_m2":14810.1,"size_band":"medium","district":"เขตธนบุรี","district_en":"Thon Buri District","district_osm_id":3147281,"province":"กรุงเทพมหานคร","province_iso":"TH-10","multi_district":false,"reason_excluded":null,"reasons_all":[],"flags":[],"related_ids":{},"poi_inside":[{"id":"osm-n1114352991","osm_id":1114352991,"tag":"historic=monument","name":"พระบรมราชานุสาวรีย์ สมเด็จพระเจ้าตากสินมหาราช"},{"id":"osm-n12633769019","osm_id":12633769019,"tag":"historic=memorial","name":null},{"id":"osm-n12633769020","osm_id":12633769020,"tag":"historic=memorial","name":null},{"id":"osm-n12633769021","osm_id":12633769021,"tag":"historic=memorial","name":null},{"id":"osm-n12633769022","osm_id":12633769022,"tag":"historic=memorial","name":null},{"id":"osm-n12633769023","osm_id":12633769023,"tag":"historic=memorial","name":null},{"id":"osm-n12633769024","osm_id":12633769024,"tag":"historic=memorial","name":null},{"id":"osm-n12633769025","osm_id":12633769025,"tag":"historic=memorial","name":null},{"id":"osm-n12633769026","osm_id":12633769026,"tag":"historic=memorial","name":null},{"id":"osm-n12633769027","osm_id":12633769027,"tag":"historic=memorial","name":null},{"id":"osm-n12633769028","osm_id":12633769028,"tag":"historic=memorial","name":null},{"id":"osm-n12633769029","osm_id":12633769029,"tag":"historic=memorial","name":null},{"id":"osm-n12633769030","osm_id":12633769030,"tag":"historic=memorial","name":null},{"id":"osm-n12633769031","osm_id":12633769031,"tag":"historic=memorial","name":null},{"id":"osm-n12633769032","osm_id":12633769032,"tag":"historic=memorial","name":null},{"id":"osm-n12633769033","osm_id":12633769033,"tag":"historic=memorial","name":null}],"opening_hours":null,"verification_mode":"continuous_gps","floor_level":null,"rep_point":[100.493101,13.726322]},"geometry":{"type":"MultiPolygon","coordinates":[[[[100.492464,13.726303],[100.492473,13.726222],[100.492497,13.726128],[100.492528,13.72605],[100.492566,13.725977],[100.492623,13.725911],[100.492698,13.725825],[100.492772,13.725774],[100.492866,13.725738],[100.492895,13.725728],[100.492977,13.725701],[100.493055,13.725689],[100.493165,13.725688],[100.493247,13.725705],[100.493346,13.725744],[100.493413,13.72578],[100.493511,13.725843],[100.493569,13.725895],[100.49362,13.725954],[100.493653,13.72601],[100.493687,13.726078],[100.493704,13.726118],[100.493708,13.726128],[100.493727,13.726206],[100.493736,13.726294],[100.493736,13.726342],[100.493731,13.726402],[100.49371,13.726489],[100.49368,13.726569],[100.49361,13.726683],[100.493537,13.726764],[100.493464,13.72682],[100.493408,13.72686],[100.493353,13.726888],[100.493304,13.726904],[100.493268,13.726915],[100.49312,13.726935],[100.493032,13.726936],[100.49293,13.726915],[100.492832,13.726876],[100.492726,13.726814],[100.492655,13.726762],[100.4926,13.726698],[100.49254,13.726613],[100.492512,13.726553],[100.492497,13.726511],[100.492486,13.726462],[100.492472,13.726406],[100.492464,13.726303]]]]}},
{"type":"Feature","id":"osm-r19482275","properties":{"id":"osm-r19482275","osm_id":19482275,"osm_type":"relation","name":"สวนสาธารณะวงแหวน-พุทธมณฑล สาย 2","name_en":"Wong Waen-Phutthamonthon Sai 2 Park","class":"park","classes_all":["park"],"tags":{"leisure":"park","name":"สวนสาธารณะวงแหวน-พุทธมณฑล สาย 2","name:en":"Wong Waen-Phutthamonthon Sai 2 Park","name:th":"สวนสาธารณะวงแหวน-พุทธมณฑล สาย 2"},"area_m2":103053.1,"size_band":"large","district":"เขตทวีวัฒนา","district_en":"Thawi Watthana District","district_osm_id":2939955,"province":"กรุงเทพมหานคร","province_iso":"TH-10","multi_district":false,"reason_excluded":null,"reasons_all":[],"flags":["crosses_major_way"],"related_ids":{"major_ways":["osm-w782023775","osm-w847597082","osm-w847597084"]},"poi_inside":[],"opening_hours":null,"verification_mode":"continuous_gps","floor_level":null,"rep_point":[100.401268,13.753762]},"geometry":{"type":"MultiPolygon","coordinates":[[[[100.39538,13.755428],[100.395392,13.754592],[100.395471,13.753499],[100.395522,13.752375],[100.39552,13.751641],[100.395524,13.751478],[100.395477,13.751476],[100.395494,13.751202],[100.395898,13.751146],[100.396061,13.751346],[100.396036,13.75148],[100.396882,13.752368],[100.397496,13.753018],[100.397636,13.753094],[100.397735,13.753132],[100.397792,13.753174],[100.397792,13.7532],[100.397784,13.753216],[100.395648,13.753056],[100.395632,13.753334],[100.39562,13.753579],[100.395679,13.753668],[100.395758,13.753711],[100.395839,13.753702],[100.396069,13.753642],[100.396331,13.753583],[100.397605,13.753698],[100.397417,13.753753],[100.397312,13.753799],[100.396814,13.754219],[100.396196,13.754782],[100.396114,13.754938],[100.395686,13.755208],[100.395535,13.755311],[100.395478,13.755361],[100.395438,13.755407],[100.395407,13.75546],[100.39538,13.755428]]],[[[100.395718,13.75356],[100.39572,13.753081],[100.396049,13.753128],[100.396107,13.753202],[100.401252,13.753604],[100.401602,13.75364],[100.401949,13.753682],[100.40229,13.753734],[100.402629,13.753789],[100.404039,13.754052],[100.404091,13.754058],[100.404149,13.754063],[100.404211,13.754065],[100.404283,13.754066],[100.404366,13.754063],[100.404443,13.754058],[100.404515,13.754052],[100.404579,13.754046],[100.405005,13.753999],[100.405057,13.753996],[100.405108,13.754],[100.405157,13.754016],[100.405193,13.75404],[100.40522,13.754068],[100.405244,13.754099],[100.40526,13.754131],[100.405265,13.75417],[100.405264,13.754208],[100.405255,13.754259],[100.405246,13.75431],[100.405232,13.754355],[100.405218,13.754386],[100.405194,13.754416],[100.40517,13.754438],[100.405139,13.754455],[100.405094,13.75447],[100.405055,13.754474],[100.405011,13.75447],[100.404952,13.754461],[100.402582,13.754025],[100.402248,13.753969],[100.401914,13.753923],[100.401572,13.75388],[100.401232,13.753845],[100.396093,13.753473],[100.395912,13.753597],[100.395718,13.75356]]],[[[100.403664,13.753847],[100.403672,13.753822],[100.403723,13.753815],[100.403916,13.753735],[100.404236,13.753449],[100.404872,13.752868],[100.405293,13.752488],[100.40536,13.752384],[100.405494,13.752147],[100.405516,13.752145],[100.405499,13.75347],[100.40541,13.753725],[100.405492,13.754658],[100.405514,13.754787],[100.405509,13.754907],[100.405501,13.754999],[100.405337,13.754782],[100.405152,13.754611],[100.405092,13.754576],[100.405186,13.754526],[100.405221,13.754509],[100.405284,13.754458],[100.405303,13.754424],[100.405328,13.754273],[100.405328,13.754186],[100.4053,13.754049],[100.405192,13.753956],[100.405059,13.753918],[100.404881,13.753927],[100.404454,13.753986],[100.404336,13.753986],[100.403724,13.753872],[100.40368,13.753867],[100.403664,13.753847]]]]}},
{"type":"Feature","id":"osm-r19654089","properties":{"id":"osm-r19654089","osm_id":19654089,"osm_type":"relation","name":"สวนสาธารณะสะพานพระราม 7","name_en":"Rama VII Bridge Park","class":"park","classes_all":["park"],"tags":{"alt_name":"สวนสาธารณะใต้สะพานพระราม 7","alt_name:th":"สวนสาธารณะใต้สะพานพระราม 7","leisure":"park","name":"สวนสาธารณะสะพานพระราม 7","name:en":"Rama VII Bridge Park","name:th":"สวนสาธารณะสะพานพระราม 7"},"area_m2":38942.0,"size_band":"medium","district":"เขตบางซื่อ","district_en":"Bang Sue District","district_osm_id":1639285,"province":"กรุงเทพมหานคร","province_iso":"TH-10","multi_district":false,"reason_excluded":null,"reasons_all":[],"flags":[],"related_ids":{},"poi_inside":[],"opening_hours":null,"verification_mode":"continuous_gps","floor_level":null,"rep_point":[100.515168,13.816488]},"geometry":{"type":"MultiPolygon","coordinates":[[[[100.51427,13.81557],[100.514864,13.815115],[100.515027,13.815139],[100.515282,13.81536],[100.514848,13.81561],[100.514807,13.81566],[100.514652,13.815943],[100.51427,13.81557]]],[[[100.514738,13.816618],[100.514746,13.816458],[100.514762,13.81636],[100.514795,13.816268],[100.514857,13.81611],[100.514948,13.815993],[100.515048,13.815915],[100.51506,13.815906],[100.515402,13.815664],[100.515457,13.815621],[100.515599,13.815536],[100.515722,13.815484],[100.515739,13.815476],[100.515913,13.815379],[100.516157,13.815268],[100.516215,13.815255],[100.516295,13.815249],[100.516408,13.815268],[100.516482,13.815309],[100.516579,13.815419],[100.516798,13.815754],[100.516843,13.815853],[100.516861,13.815991],[100.516869,13.816067],[100.516825,13.816272],[100.516778,13.816353],[100.516681,13.816438],[100.516559,13.816518],[100.51643,13.816558],[100.516292,13.816567],[100.516166,13.816546],[100.516076,13.81652],[100.515976,13.816458],[100.515888,13.816394],[100.515825,13.816327],[100.515718,13.816203],[100.515503,13.816377],[100.515694,13.816617],[100.515837,13.816858],[100.515875,13.816975],[100.515885,13.817023],[100.515892,13.817092],[100.515901,13.817174],[100.515879,13.817293],[100.515833,13.817384],[100.515757,13.817502],[100.515649,13.817624],[100.515532,13.817673],[100.515433,13.817708],[100.515341,13.817709],[100.515259,13.817685],[100.515233,13.817677],[100.515141,13.817616],[100.515072,13.817508],[100.514925,13.817226],[100.514898,13.817167],[100.514809,13.816978],[100.514764,13.816838],[100.51474,13.816725],[100.514738,13.816618]]]]}},
{"type":"Feature","id":"osm-r20000995","properties":{"id":"osm-r20000995","osm_id":20000995,"osm_type":"relation","name":null,"name_en":null,"class":"garden","classes_all":["garden"],"tags":{"leisure":"garden"},"area_m2":8473.3,"size_band":"small","district":"อำเภอบางพลี","district_en":"Bang Phli District","district_osm_id":11580982,"province":"จังหวัดสมุทรปราการ","province_iso":"TH-11","multi_district":false,"reason_excluded":null,"reasons_all":[],"flags":[],"related_ids":{},"poi_inside":[],"opening_hours":null,"verification_mode":"continuous_gps","floor_level":null,"rep_point":[100.748279,13.69498]},"geometry":{"type":"MultiPolygon","coordinates":[[[[100.747991,13.694301],[100.748017,13.694183],[100.748093,13.694055],[100.74818,13.693928],[100.748226,13.693892],[100.748374,13.693824],[100.748955,13.693647],[100.749028,13.693966],[100.748204,13.694393],[100.748566,13.695568],[100.748717,13.695664],[100.748559,13.695741],[100.748424,13.695752],[100.748372,13.69571],[100.748343,13.69559],[100.748008,13.69439],[100.747991,13.694301]]]]}},
{"type":"Feature","id":"osm-r20081092","properties":{"id":"osm-r20081092","osm_id":20081092,"osm_type":"relation","name":"ไวร์เลส ปาร์","name_en":null,"class":"garden","classes_all":["garden"],"tags":{"leisure":"garden","name":"Wireless Park","name:th":"ไวร์เลส ปาร์"},"area_m2":3425.5,"size_band":"small","district":"เขตปทุมวัน","district_en":"Pathum Wan District","district_osm_id":92063,"province":"กรุงเทพมหานคร","province_iso":"TH-10","multi_district":false,"reason_excluded":null,"reasons_all":[],"flags":[],"related_ids":{},"poi_inside":[],"opening_hours":null,"verification_mode":"continuous_gps","floor_level":null,"rep_point":[100.545026,13.727099]},"geometry":{"type":"MultiPolygon","coordinates":[[[[100.544818,13.726895],[100.54504,13.726858],[100.545036,13.726833],[100.545025,13.726768],[100.545138,13.726748],[100.545247,13.727443],[100.544928,13.72749],[100.544898,13.727302],[100.544818,13.726895]]],[[[100.544962,13.727604],[100.545266,13.727556],[100.545303,13.7278],[100.544997,13.727847],[100.544962,13.727604]]]]}},
{"type":"Feature","id":"osm-r20313115","properties":{"id":"osm-r20313115","osm_id":20313115,"osm_type":"relation","name":"สวนทวีวนารมย์","name_en":"Thawiwanarom Park","class":"park","classes_all":["park"],"tags":{"addr:street":"ถนนเลียบคลองทวีวัฒนา","leisure":"park","name":"สวนทวีวนารมย์","name:en":"Thawiwanarom Park","name:th":"สวนทวีวนารมย์","opening_hours":"05:00-21:00","website":"http://203.155.220.217/office/ppdd/publicpark/thai/2011/park19.asp","wikidata":"Q13022353","wikipedia":"th:สวนทวีวนารมย์"},"area_m2":67864.4,"size_band":"large","district":"เขตทวีวัฒนา","district_en":"Thawi Watthana District","district_osm_id":2939955,"province":"กรุงเทพมหานคร","province_iso":"TH-10","multi_district":false,"reason_excluded":null,"reasons_all":[],"flags":["crosses_major_way"],"related_ids":{"major_ways":["osm-w1301544963"]},"poi_inside":[],"opening_hours":"05:00-21:00","verification_mode":"continuous_gps","floor_level":null,"rep_point":[100.35246,13.744117]},"geometry":{"type":"MultiPolygon","coordinates":[[[[100.351258,13.744616],[100.351378,13.742744],[100.353052,13.742872],[100.353,13.743383],[100.353686,13.743496],[100.353668,13.743699],[100.353574,13.744746],[100.3535,13.745566],[100.353452,13.746157],[100.351745,13.746065],[100.351836,13.744662],[100.351258,13.744616]],[[100.351891,13.74593],[100.352327,13.745941],[100.35236,13.745881],[100.352407,13.744852],[100.352397,13.744677],[100.352448,13.744663],[100.353286,13.74472],[100.353372,13.74466],[100.353312,13.74463],[100.352202,13.744535],[100.351994,13.744536],[100.351958,13.744643],[100.351934,13.744948],[100.351891,13.74593]]]]}},
{"type":"Feature","id":"osm-r20440796","properties":{"id":"osm-r20440796","osm_id":20440796,"osm_type":"relation","name":"ตลาดสำเพ็ง","name_en":"Sampeng Lane Market","class":"marketplace","classes_all":["marketplace","attraction"],"tags":{"amenity":"marketplace","name":"ตลาดสำเพ็ง","name:en":"Sampeng Lane Market","name:he":"שוק סמטת סמפנג","name:th":"ตลาดสำเพ็ง","name:zh":"萨彭巷市场","tourism":"attraction","wikidata":"Q139293171"},"area_m2":18073.5,"size_band":"medium","district":"เขตสัมพันธวงศ์","district_en":"Samphanthawong District","district_osm_id":92056,"province":"กรุงเทพมหานคร","province_iso":"TH-10","multi_district":false,"reason_excluded":null,"reasons_all":[],"flags":[],"related_ids":{},"poi_inside":[],"opening_hours":null,"verification_mode":"continuous_gps","floor_level":null,"rep_point":[100.503299,13.74366]},"geometry":{"type":"MultiPolygon","coordinates":[[[[100.502801,13.743903],[100.503009,13.74376],[100.50313,13.743676],[100.503353,13.743504],[100.503632,13.743283],[100.503691,13.743352],[100.503749,13.743422],[100.503469,13.743644],[100.503241,13.743819],[100.503117,13.743907],[100.502907,13.74405],[100.502854,13.743977],[100.502801,13.743903]]],[[[100.503785,13.743168],[100.504901,13.742318],[100.504924,13.7423],[100.504943,13.742285],[100.505463,13.741894],[100.505609,13.74178],[100.505742,13.74167],[100.505974,13.741479],[100.506122,13.741354],[100.506209,13.741276],[100.506724,13.740854],[100.507104,13.740526],[100.507565,13.740125],[100.507614,13.740076],[100.507656,13.740034],[100.507727,13.739956],[100.50803,13.739605],[100.508341,13.73928],[100.50898,13.738586],[100.509142,13.738357],[100.509218,13.738407],[100.509294,13.738458],[100.509115,13.73871],[100.508477,13.739402],[100.508172,13.73972],[100.507868,13.740073],[100.50784,13.740103],[100.507746,13.740203],[100.507645,13.740296],[100.507227,13.74066],[100.506845,13.74099],[100.506332,13.74141],[100.506245,13.741488],[100.506095,13.741616],[100.505861,13.741807],[100.505727,13.741919],[100.505577,13.742035],[100.505058,13.742426],[100.505041,13.742439],[100.505018,13.742458],[100.503899,13.74331],[100.503857,13.743257],[100.503842,13.743239],[100.503828,13.743223],[100.503785,13.743168]]]]}},
{"type":"Feature","id":"osm-r20443109","properties":{"id":"osm-r20443109","osm_id":20443109,"osm_type":"relation","name":"ตลาดคลองเตย","name_en":"Khlong Toey Market","class":"marketplace","classes_all":["marketplace"],"tags":{"addr:street":"ถนนพระรามที่ 3","amenity":"marketplace","landuse":"retail","name":"ตลาดคลองเตย","name:en":"Khlong Toey Market","name:fr":"Le marché de Khlong Toei","name:ru":"Рынок Кхлонг Тоей","name:th":"ตลาดคลองเตย","wikipedia":"en:Khlong Toei Market"},"area_m2":118839.5,"size_band":"large","district":"เขตคลองเตย","district_en":"Khlong Toei District","district_osm_id":2938033,"province":"กรุงเทพมหานคร","province_iso":"TH-10","multi_district":false,"reason_excluded":null,"reasons_all":[],"flags":[],"related_ids":{},"poi_inside":[],"opening_hours":null,"verification_mode":"continuous_gps","floor_level":null,"rep_point":[100.56072,13.718133]},"geometry":{"type":"MultiPolygon","coordinates":[[[[100.558429,13.717788],[100.558524,13.717551],[100.561572,13.716279],[100.562182,13.717681],[100.564179,13.716862],[100.564439,13.717492],[100.562053,13.718478],[100.561909,13.718546],[100.561831,13.718682],[100.561835,13.718697],[100.561806,13.718708],[100.561812,13.718729],[100.561179,13.718988],[100.561179,13.719004],[100.561179,13.719028],[100.561165,13.719036],[100.561173,13.719052],[100.56114,13.719111],[100.561118,13.71913],[100.560264,13.719484],[100.560055,13.71957],[100.559362,13.719852],[100.559289,13.719882],[100.559157,13.719833],[100.558429,13.717788]]]]}},
{"type":"Feature","id":"osm-r21066484","properties":{"id":"osm-r21066484","osm_id":21066484,"osm_type":"relation","name":null,"name_en":null,"class":"garden","classes_all":["garden"],"tags":{"garden:type":"street_side","leisure":"garden"},"area_m2":9865.4,"size_band":"small","district":"เขตทวีวัฒนา","district_en":"Thawi Watthana District","district_osm_id":2939955,"province":"กรุงเทพมหานคร","province_iso":"TH-10","multi_district":false,"reason_excluded":null,"reasons_all":[],"flags":[],"related_ids":{},"poi_inside":[],"opening_hours":null,"verification_mode":"continuous_gps","floor_level":null,"rep_point":[100.340243,13.777512]},"geometry":{"type":"MultiPolygon","coordinates":[[[[100.337739,13.777548],[100.337745,13.777319],[100.340056,13.77737],[100.340258,13.777375],[100.340421,13.777379],[100.340449,13.777379],[100.340564,13.777384],[100.342606,13.777476],[100.342588,13.777693],[100.340544,13.777618],[100.340427,13.777614],[100.340409,13.777613],[100.340049,13.777605],[100.337739,13.777548]],[[100.338626,13.777456],[100.338628,13.777473],[100.338646,13.777497],[100.338673,13.777498],[100.33867,13.777523],[100.338697,13.777524],[100.338697,13.777539],[100.339538,13.777564],[100.339539,13.777538],[100.339544,13.777411],[100.339545,13.777397],[100.3387,13.777377],[100.338697,13.777407],[100.338668,13.777407],[100.338668,13.777421],[100.338644,13.777421],[100.33863,13.777436],[100.338626,13.777456]],[[100.340942,13.777601],[100.341787,13.777621],[100.34179,13.777591],[100.341819,13.777591],[100.341819,13.777576],[100.341843,13.777576],[100.341857,13.777562],[100.341861,13.777542],[100.341859,13.777525],[100.34184,13.777501],[100.341814,13.777499],[100.341816,13.777475],[100.34179,13.777473],[100.34179,13.777458],[100.340948,13.777434],[100.340948,13.77745],[100.340943,13.777572],[100.340942,13.777601]]]]}},
{"type":"Feature","id":"osm-r21083246","properties":{"id":"osm-r21083246","osm_id":21083246,"osm_type":"relation","name":"สวนบึงกระเทียม","name_en":"Bueng Krathiam Park","class":"park","classes_all":["park"],"tags":{"leisure":"park","name":"สวนบึงกระเทียม","name:en":"Bueng Krathiam Park","name:th":"สวนบึงกระเทียม"},"area_m2":74426.3,"size_band":"large","district":"เขตมีนบุรี","district_en":"Min Buri District","district_osm_id":3146413,"province":"กรุงเทพมหานคร","province_iso":"TH-10","multi_district":false,"reason_excluded":null,"reasons_all":[],"flags":["crosses_major_way"],"related_ids":{"major_ways":["osm-w1391621785","osm-w1391621788","osm-w1391621792","osm-w1391621811"]},"poi_inside":[],"opening_hours":null,"verification_mode":"continuous_gps","floor_level":null,"rep_point":[100.711704,13.807742]},"geometry":{"type":"MultiPolygon","coordinates":[[[[100.706754,13.808247],[100.706794,13.808113],[100.707212,13.808352],[100.707735,13.808842],[100.708428,13.809316],[100.708835,13.809592],[100.709229,13.809894],[100.709592,13.810122],[100.710132,13.810278],[100.710589,13.810406],[100.711159,13.810605],[100.7113,13.810736],[100.711346,13.810808],[100.711465,13.810851],[100.711401,13.81103],[100.711104,13.810934],[100.710607,13.810758],[100.710094,13.810587],[100.709959,13.810534],[100.709507,13.810353],[100.709358,13.810301],[100.709049,13.810052],[100.708691,13.809744],[100.708338,13.809452],[100.707734,13.809028],[100.707361,13.80869],[100.706956,13.808383],[100.706754,13.808247]]],[[[100.706788,13.80802],[100.706987,13.807218],[100.707083,13.806802],[100.707126,13.806599],[100.708045,13.806857],[100.708613,13.807019],[100.709607,13.807192],[100.70984,13.807217],[100.710296,13.807285],[100.710473,13.807241],[100.711927,13.807504],[100.712427,13.807665],[100.712662,13.807756],[100.712875,13.807881],[100.713034,13.807993],[100.713714,13.807104],[100.71404,13.807265],[100.714556,13.807528],[100.715013,13.80818],[100.714744,13.808063],[100.714269,13.80785],[100.713891,13.807669],[100.713718,13.807728],[100.713309,13.808213],[100.713327,13.808228],[100.7144,13.808755],[100.714337,13.808877],[100.71372,13.808696],[100.713377,13.808528],[100.713141,13.808442],[100.712905,13.808383],[100.712692,13.80831],[100.712443,13.808184],[100.711681,13.807854],[100.711095,13.807783],[100.71036,13.807687],[100.709842,13.807588],[100.708902,13.80755],[100.708417,13.807485],[100.707954,13.807369],[100.707139,13.807273],[100.7071,13.807486],[100.707005,13.808134],[100.70681,13.808044],[100.706788,13.80802]]],[[[100.711472,13.811064],[100.711573,13.810832],[100.711606,13.810751],[100.712153,13.810929],[100.712336,13.810991],[100.712548,13.81109],[100.712824,13.811248],[100.712913,13.811334],[100.713104,13.81152],[100.713434,13.811847],[100.71373,13.812184],[100.71396,13.812406],[100.713872,13.812489],[100.71368,13.812481],[100.713369,13.812064],[100.713027,13.811754],[100.712671,13.811512],[100.71218,13.811314],[100.711472,13.811064]]]]}},
{"type":"Feature","id":"osm-r21198582","properties":{"id":"osm-r21198582","osm_id":21198582,"osm_type":"relation","name":"พาเหรด ปาร์ค","name_en":"Parade Park","class":"garden","classes_all":["garden"],"tags":{"leisure":"garden","name":"Parade Park","name:en":"Parade Park","name:th":"พาเหรด ปาร์ค"},"area_m2":11971.2,"size_band":"medium","district":"เขตปทุมวัน","district_en":"Pathum Wan District","district_osm_id":92063,"province":"กรุงเทพมหานคร","province_iso":"TH-10","multi_district":false,"reason_excluded":null,"reasons_all":[],"flags":[],"related_ids":{},"poi_inside":[],"opening_hours":null,"verification_mode":"continuous_gps","floor_level":null,"rep_point":[100.546817,13.725672]},"geometry":{"type":"MultiPolygon","coordinates":[[[[100.54604,13.725817],[100.548071,13.724965],[100.548096,13.725124],[100.548142,13.725526],[100.54806,13.725442],[100.547648,13.725509],[100.54666,13.72591],[100.546243,13.726079],[100.546227,13.726086],[100.546165,13.726111],[100.54604,13.725817]]],[[[100.54811,13.724988],[100.54847,13.724848],[100.54851,13.72493],[100.548538,13.725024],[100.548557,13.725605],[100.548551,13.725919],[100.548532,13.726151],[100.548472,13.725918],[100.548326,13.725402],[100.54811,13.724988]]]]}},
{"type":"Feature","id":"osm-r4265860","properties":{"id":"osm-r4265860","osm_id":4265860,"osm_type":"relation","name":null,"name_en":null,"class":"park","classes_all":["park"],"tags":{"leisure":"park"},"area_m2":14650.5,"size_band":"medium","district":"อำเภอเมืองสมุทรสาคร","district_en":"Mueang Samut Sakhon District","district_osm_id":18935071,"province":"จังหวัดสมุทรสาคร","province_iso":"TH-74","multi_district":false,"reason_excluded":null,"reasons_all":[],"flags":[],"related_ids":{},"poi_inside":[],"opening_hours":null,"verification_mode":"continuous_gps","floor_level":null,"rep_point":[100.341062,13.562664]},"geometry":{"type":"MultiPolygon","coordinates":[[[[100.339448,13.563057],[100.339451,13.562463],[100.339786,13.562458],[100.339786,13.562249],[100.341221,13.562215],[100.341224,13.562419],[100.341518,13.562414],[100.341457,13.563037],[100.339448,13.563057]],[[100.339858,13.562468],[100.339864,13.562872],[100.340634,13.56286],[100.340628,13.562456],[100.339858,13.562468]]]]}},
{"type":"Feature","id":"osm-r7741609","properties":{"id":"osm-r7741609","osm_id":7741609,"osm_type":"relation","name":null,"name_en":null,"class":"park","classes_all":["park"],"tags":{"leisure":"park"},"area_m2":8000.8,"size_band":"small","district":"อำเภอธัญบุรี","district_en":"Thanyaburi District","district_osm_id":2913012,"province":"จังหวัดปทุมธานี","province_iso":"TH-13","multi_district":false,"reason_excluded":null,"reasons_all":[],"flags":[],"related_ids":{},"poi_inside":[],"opening_hours":null,"verification_mode":"continuous_gps","floor_level":null,"rep_point":[100.65053,13.986361]},"geometry":{"type":"MultiPolygon","coordinates":[[[[100.650172,13.986459],[100.650191,13.986204],[100.650282,13.985909],[100.650422,13.985722],[100.650537,13.98567],[100.650639,13.985667],[100.650738,13.985717],[100.650805,13.985813],[100.650864,13.986008],[100.650894,13.986282],[100.650854,13.986505],[100.650746,13.986734],[100.650612,13.986945],[100.650481,13.987002],[100.650371,13.986971],[100.650272,13.986857],[100.650226,13.986722],[100.650172,13.986459]],[[100.650488,13.986751],[100.650651,13.986767],[100.650684,13.986456],[100.650522,13.98644],[100.650488,13.986751]]]]}},
{"type":"Feature","id":"osm-r8008917","properties":{"id":"osm-r8008917","osm_id":8008917,"osm_type":"relation","name":null,"name_en":null,"class":"garden","classes_all":["garden"],"tags":{"leisure":"garden"},"area_m2":4909.9,"size_band":"small","district":"เขตห้วยขวาง","district_en":"Huai Khwang District","district_osm_id":2938032,"province":"กรุงเทพมหานคร","province_iso":"TH-10","multi_district":false,"reason_excluded":null,"reasons_all":[],"flags":[],"related_ids":{"blockers":{"education":{"ids":["osm-w549943482","osm-w549943483"],"share":0.0}}},"poi_inside":[],"opening_hours":null,"verification_mode":"continuous_gps","floor_level":null,"rep_point":[100.588753,13.797229]},"geometry":{"type":"MultiPolygon","coordinates":[[[[100.587879,13.797635],[100.587888,13.797574],[100.587956,13.797579],[100.587975,13.797432],[100.588042,13.797369],[100.588667,13.797442],[100.588723,13.796993],[100.588098,13.79692],[100.58804,13.796823],[100.588017,13.796764],[100.588059,13.79657],[100.588222,13.796602],[100.588184,13.796781],[100.588806,13.796907],[100.588824,13.797089],[100.588797,13.797427],[100.587889,13.797927],[100.587879,13.797635]]]]}},
{"type":"Feature","id":"osm-r8271107","properties":{"id":"osm-r8271107","osm_id":8271107,"osm_type":"relation","name":"สวนกีฬารามอินทรา","name_en":"Ram Indra Sports Park","class":"park","classes_all":["park"],"tags":{"addr:street":"ซอยรามอินทรา 5","leisure":"park","name":"สวนกีฬารามอินทรา","name:en":"Ram Indra Sports Park","opening_hours":"05:00-21:00","website":"http://203.155.220.217/office/ppdd/publicpark/thai/2011/park09.asp"},"area_m2":89011.4,"size_band":"large","district":"เขตบางเขน","district_en":"Bang Khen District","district_osm_id":2938030,"province":"กรุงเทพมหานคร","province_iso":"TH-10","multi_district":false,"reason_excluded":null,"reasons_all":[],"flags":[],"related_ids":{},"poi_inside":[],"opening_hours":"05:00-21:00","verification_mode":"continuous_gps","floor_level":null,"rep_point":[100.619293,13.878417]},"geometry":{"type":"MultiPolygon","coordinates":[[[[100.616809,13.878966],[100.616932,13.877992],[100.617403,13.878018],[100.617434,13.877667],[100.619719,13.877714],[100.620498,13.877779],[100.621541,13.877868],[100.62183,13.878816],[100.621918,13.879104],[100.622014,13.879298],[100.622232,13.879583],[100.621762,13.879526],[100.621721,13.87957],[100.618988,13.879234],[100.618556,13.879181],[100.616809,13.878966]]]]}},
{"type":"Feature","id":"osm-w1003522890","properties":{"id":"osm-w1003522890","osm_id":1003522890,"osm_type":"way","name":"สวนสาธารณะคลองช่องนนทรี","name_en":"Chong Nonsi Canal Park","class":"park","classes_all":["park"],"tags":{"leisure":"park","name":"สวนสาธารณะคลองช่องนนทรี","name:en":"Chong Nonsi Canal Park","name:ko":"청논시운하 공원","name:th":"สวนสาธารณะคลองช่องนนทรี","opening_date":"2021-12-25","wikidata":"Q110270442","wikipedia":"th:สวนสาธารณะคลองช่องนนทรี"},"area_m2":3554.8,"size_band":"small","district":"เขตสาทร","district_en":"Sathon District","district_osm_id":3147425,"province":"กรุงเทพมหานคร","province_iso":"TH-10","multi_district":false,"reason_excluded":null,"reasons_all":[],"flags":["crosses_major_way"],"related_ids":{"major_ways":["osm-w1091752865","osm-w28509259"]},"poi_inside":[],"opening_hours":null,"verification_mode":"continuous_gps","floor_level":null,"rep_point":[100.531072,13.720281]},"geometry":{"type":"MultiPolygon","coordinates":[[[[100.530321,13.721561],[100.531258,13.719676],[100.531305,13.719698],[100.531365,13.719726],[100.531406,13.719746],[100.531444,13.719763],[100.530918,13.720823],[100.530761,13.720799],[100.530371,13.721584],[100.530321,13.721561]]]]}},
{"type":"Feature","id":"osm-w1010088691","properties":{"id":"osm-w1010088691","osm_id":1010088691,"osm_type":"way","name":null,"name_en":null,"class":"park","classes_all":["park"],"tags":{"leisure":"park"},"area_m2":7137.2,"size_band":"small","district":"อำเภอลำลูกกา","district_en":"Lam Luk Ka District","district_osm_id":2913007,"province":"จังหวัดปทุมธานี","province_iso":"TH-13","multi_district":false,"reason_excluded":null,"reasons_all":[],"flags":[],"related_ids":{},"poi_inside":[],"opening_hours":null,"verification_mode":"continuous_gps","floor_level":null,"rep_point":[100.733933,13.94146]},"geometry":{"type":"MultiPolygon","coordinates":[[[[100.733444,13.942199],[100.733476,13.941557],[100.733899,13.941363],[100.734104,13.940896],[100.734394,13.940898],[100.73392,13.942139],[100.733867,13.942207],[100.733444,13.942199]]]]}},
{"type":"Feature","id":"osm-w1010089334","properties":{"id":"osm-w1010089334","osm_id":1010089334,"osm_type":"way","name":null,"name_en":null,"class":"park","classes_all":["park"],"tags":{"leisure":"park"},"area_m2":6190.9,"size_band":"small","district":"อำเภอลำลูกกา","district_en":"Lam Luk Ka District","district_osm_id":2913007,"province":"จังหวัดปทุมธานี","province_iso":"TH-13","multi_district":false,"reason_excluded":null,"reasons_all":[],"flags":[],"related_ids":{},"poi_inside":[],"opening_hours":null,"verification_mode":"continuous_gps","floor_level":null,"rep_point":[100.73415,13.944291]},"geometry":{"type":"MultiPolygon","coordinates":[[[[100.733892,13.943904],[100.733925,13.943794],[100.734047,13.943646],[100.734172,13.943581],[100.734429,13.94357],[100.734316,13.944074],[100.734334,13.944399],[100.734439,13.94474],[100.734439,13.945068],[100.734157,13.945054],[100.734179,13.944813],[100.733928,13.944183],[100.733892,13.943904]]]]}},
{"type":"Feature","id":"osm-w1010091382","properties":{"id":"osm-w1010091382","osm_id":1010091382,"osm_type":"way","name":null,"name_en":null,"class":"park","classes_all":["park"],"tags":{"leisure":"park"},"area_m2":3467.5,"size_band":"small","district":"อำเภอลำลูกกา","district_en":"Lam Luk Ka District","district_osm_id":2913007,"province":"จังหวัดปทุมธานี","province_iso":"TH-13","multi_district":false,"reason_excluded":null,"reasons_all":[],"flags":[],"related_ids":{},"poi_inside":[],"opening_hours":null,"verification_mode":"continuous_gps","floor_level":null,"rep_point":[100.73167,13.945887]},"geometry":{"type":"MultiPolygon","coordinates":[[[[100.731431,13.946374],[100.73144,13.946082],[100.73146,13.945681],[100.731916,13.945693],[100.731845,13.946201],[100.731659,13.946445],[100.731596,13.946401],[100.731431,13.946374]]]]}},
{"type":"Feature","id":"osm-w1020533577","properties":{"id":"osm-w1020533577","osm_id":1020533577,"osm_type":"way","name":null,"name_en":null,"class":"park","classes_all":["park"],"tags":{"leisure":"park"},"area_m2":5120.5,"size_band":"small","district":"เขตยานนาวา","district_en":"Yan Nawa District","district_osm_id":3147456,"province":"กรุงเทพมหานคร","province_iso":"TH-10","multi_district":false,"reason_excluded":null,"reasons_all":[],"flags":[],"related_ids":{},"poi_inside":[],"opening_hours":null,"verification_mode":"continuous_gps","floor_level":null,"rep_point":[100.543501,13.699966]},"geometry":{"type":"MultiPolygon","coordinates":[[[[100.543066,13.700029],[100.543363,13.699538],[100.543447,13.699558],[100.543548,13.699582],[100.543666,13.699642],[100.54367,13.699713],[100.543867,13.699828],[100.543925,13.699903],[100.543765,13.700266],[100.543714,13.700304],[100.543633,13.700444],[100.543511,13.70039],[100.543518,13.700224],[100.543461,13.700256],[100.54311,13.70008],[100.543066,13.700029]]]]}},
{"type":"Feature","id":"osm-w1025964784","properties":{"id":"osm-w1025964784","osm_id":1025964784,"osm_type":"way","name":null,"name_en":null,"class":"pitch","classes_all":["pitch"],"tags":{"leisure":"pitch","sport":"soccer"},"area_m2":6937.4,"size_band":"small","district":"อำเภอบางใหญ่","district_en":"Bang Yai District","district_osm_id":2689553,"province":"จังหวัดนนทบุรี","province_iso":"TH-12","multi_district":false,"reason_excluded":null,"reasons_all":[],"flags":[],"related_ids":{},"poi_inside":[],"opening_hours":null,"verification_mode":"continuous_gps","floor_level":null,"rep_point":[100.441049,13.850767]},"geometry":{"type":"MultiPolygon","coordinates":[[[[100.440643,13.850366],[100.441234,13.850235],[100.441454,13.851168],[100.440863,13.851299],[100.440643,13.850366]]]]}},
{"type":"Feature","id":"osm-w1028839496","properties":{"id":"osm-w1028839496","osm_id":1028839496,"osm_type":"way","name":"สวน","name_en":null,"class":"park","classes_all":["park"],"tags":{"leisure":"park","name":"สวน"},"area_m2":15069.5,"size_band":"medium","district":"อำเภอหนองเสือ","district_en":"Nong Suea District","district_osm_id":2913010,"province":"จังหวัดปทุมธานี","province_iso":"TH-13","multi_district":false,"reason_excluded":null,"reasons_all":[],"flags":[],"related_ids":{},"poi_inside":[],"opening_hours":null,"verification_mode":"continuous_gps","floor_level":null,"rep_point":[100.781673,14.155788]},"geometry":{"type":"MultiPolygon","coordinates":[[[[100.780558,14.155512],[100.78277,14.15551],[100.782795,14.156095],[100.78057,14.156064],[100.780558,14.155512]]]]}},
{"type":"Feature","id":"osm-w1028839497","properties":{"id":"osm-w1028839497","osm_id":1028839497,"osm_type":"way","name":"สวน","name_en":null,"class":"park","classes_all":["park"],"tags":{"leisure":"park","name":"สวน"},"area_m2":14702.3,"size_band":"medium","district":"อำเภอหนองเสือ","district_en":"Nong Suea District","district_osm_id":2913010,"province":"จังหวัดปทุมธานี","province_iso":"TH-13","multi_district":false,"reason_excluded":null,"reasons_all":[],"flags":[],"related_ids":{},"poi_inside":[],"opening_hours":null,"verification_mode":"continuous_gps","floor_level":null,"rep_point":[100.77949,14.155784]},"geometry":{"type":"MultiPolygon","coordinates":[[[[100.778409,14.156056],[100.778422,14.155463],[100.780558,14.155512],[100.78057,14.156064],[100.778409,14.156056]]]]}},
{"type":"Feature","id":"osm-w104264485","properties":{"id":"osm-w104264485","osm_id":104264485,"osm_type":"way","name":"ตลาดล่าง","name_en":null,"class":"marketplace","classes_all":["marketplace"],"tags":{"amenity":"marketplace","name":"ตลาดล่าง"},"area_m2":18520.7,"size_band":"medium","district":"อำเภอเมืองนครปฐม","district_en":"Mueang Nakhon Pathom District","district_osm_id":18931445,"province":"จังหวัดนครปฐม","province_iso":"TH-73","multi_district":false,"reason_excluded":null,"reasons_all":[],"flags":[],"related_ids":{},"poi_inside":[],"opening_hours":null,"verification_mode":"continuous_gps","floor_level":null,"rep_point":[100.060545,13.822456]},"geometry":{"type":"MultiPolygon","coordinates":[[[[100.059689,13.822824],[100.059823,13.82183],[100.061395,13.822088],[100.061286,13.823015],[100.059689,13.822824]]]]}},
{"type":"Feature","id":"osm-w104264491","properties":{"id":"osm-w104264491","osm_id":104264491,"osm_type":"way","name":"ตลาดบน","name_en":null,"class":"marketplace","classes_all":["marketplace"],"tags":{"amenity":"marketplace","name":"ตลาดบน"},"area_m2":25059.5,"size_band":"medium","district":"อำเภอเมืองนครปฐม","district_en":"Mueang Nakhon Pathom District","district_osm_id":18931445,"province":"จังหวัดนครปฐม","province_iso":"TH-73","multi_district":false,"reason_excluded":null,"reasons_all":[],"flags":[],"related_ids":{},"poi_inside":[],"opening_hours":null,"verification_mode":"continuous_gps","floor_level":null,"rep_point":[100.058557,13.822212]},"geometry":{"type":"MultiPolygon","coordinates":[[[[100.057361,13.822536],[100.05754,13.821612],[100.059736,13.821888],[100.059604,13.822814],[100.057361,13.822536]]]]}},
{"type":"Feature","id":"osm-w1052911062","properties":{"id":"osm-w1052911062","osm_id":1052911062,"osm_type":"way","name":"ฉลองกรุง 1 เซิร์ฟสเก็ต","name_en":"Chalong Krung 1 Surf Skate","class":"pitch","classes_all":["pitch"],"tags":{"access":"yes","addr:district":"เขตลาดกระบัง","addr:housenumber":"637/2","addr:postcode":"10250","addr:province":"กรุงเทพมหานคร","addr:street":"ฉลองกรุง 1","addr:subdistrict":"แขวงลาดกระบัง","leisure":"pitch","lit":"yes","name":"ฉลองกรุง 1 เซิร์ฟสเก็ต","name:en":"Chalong Krung 1 Surf Skate","opening_hours":"Mo-Su 15:00-22:00","pets_allowed":"no","phone":"+66 86 347 1024","smoking":"designated","sport":"skateboard","surface":"asphalt"},"area_m2":5389.3,"size_band":"small","district":"เขตลาดกระบัง","district_en":"Lat Krabang District","district_osm_id":3147500,"province":"กรุงเทพมหานคร","province_iso":"TH-10","multi_district":false,"reason_excluded":null,"reasons_all":[],"flags":[],"related_ids":{},"poi_inside":[],"opening_hours":"Mo-Su 15:00-22:00","verification_mode":"continuous_gps","floor_level":null,"rep_point":[100.763695,13.724869]},"geometry":{"type":"MultiPolygon","coordinates":[[[[100.763565,13.724354],[100.763821,13.724353],[100.763826,13.725385],[100.763826,13.725452],[100.763826,13.725486],[100.763824,13.72567],[100.763825,13.725716],[100.763826,13.725906],[100.763825,13.726113],[100.763572,13.726112],[100.763571,13.725905],[100.76357,13.725716],[100.76357,13.725673],[100.763569,13.725486],[100.763565,13.724354]]]]}},
{"type":"Feature","id":"osm-w1056673011","properties":{"id":"osm-w1056673011","osm_id":1056673011,"osm_type":"way","name":"สวนวิภาภิรมณ์","name_en":"Vibhaphirom Park","class":"park","classes_all":["park"],"tags":{"addr:housenumber":"97","addr:postcode":"10900","addr:province":"กรุงเทพมหานคร","addr:street":"Soi Vibhavadi Rangsit 18","leisure":"park","name":"สวนวิภาภิรมณ์","name:en":"Vibhaphirom Park","name:th":"สวนวิภาภิรมณ์","opening_hours":"Mo-Su 05:30-19:00","operator":"Bangkok Metropolitan"},"area_m2":3747.7,"size_band":"small","district":"เขตจตุจักร","district_en":"Chatuchak District","district_osm_id":1639286,"province":"กรุงเทพมหานคร","province_iso":"TH-10","multi_district":false,"reason_excluded":null,"reasons_all":[],"flags":[],"related_ids":{},"poi_inside":[],"opening_hours":"Mo-Su 05:30-19:00","verification_mode":"continuous_gps","floor_level":null,"rep_point":[100.56198,13.800973]},"geometry":{"type":"MultiPolygon","coordinates":[[[[100.561703,13.80125],[100.561748,13.800645],[100.562186,13.800695],[100.562296,13.801312],[100.561703,13.80125]]]]}},
{"type":"Feature","id":"osm-w1061404414","properties":{"id":"osm-w1061404414","osm_id":1061404414,"osm_type":"way","name":"ตลาดเพชรอารี","name_en":"Petch Aree Fresh market","class":"marketplace","classes_all":["marketplace"],"tags":{"amenity":"marketplace","name":"ตลาดเพชรอารี","name:en":"Petch Aree Fresh market","name:th":"ตลาดเพชรอารี"},"area_m2":3673.4,"size_band":"small","district":"อำเภอเมืองสมุทรปราการ","district_en":"Mueang Samut Prakan District","district_osm_id":11580983,"province":"จังหวัดสมุทรปราการ","province_iso":"TH-11","multi_district":false,"reason_excluded":null,"reasons_all":[],"flags":[],"related_ids":{},"poi_inside":[],"opening_hours":null,"verification_mode":"continuous_gps","floor_level":null,"rep_point":[100.690103,13.562828]},"geometry":{"type":"MultiPolygon","coordinates":[[[[100.689892,13.562215],[100.690138,13.562159],[100.690303,13.563441],[100.690077,13.563472],[100.689892,13.562215]]]]}},
{"type":"Feature","id":"osm-w1062823757","properties":{"id":"osm-w1062823757","osm_id":1062823757,"osm_type":"way","name":null,"name_en":null,"class":"park","classes_all":["park"],"tags":{"leisure":"park"},"area_m2":3342.7,"size_band":"small","district":"เขตภาษีเจริญ","district_en":"Phasi Charoen District","district_osm_id":2946807,"province":"กรุงเทพมหานคร","province_iso":"TH-10","multi_district":false,"reason_excluded":null,"reasons_all":[],"flags":[],"related_ids":{},"poi_inside":[],"opening_hours":null,"verification_mode":"continuous_gps","floor_level":null,"rep_point":[100.458101,13.722446]},"geometry":{"type":"MultiPolygon","coordinates":[[[[100.457806,13.722921],[100.458086,13.721924],[100.45821,13.721963],[100.458254,13.722084],[100.458292,13.722286],[100.458234,13.722606],[100.458031,13.722969],[100.457806,13.722921]]]]}},
{"type":"Feature","id":"osm-w1065038011","properties":{"id":"osm-w1065038011","osm_id":1065038011,"osm_type":"way","name":"Terdthai Cricket Ground","name_en":null,"class":"pitch","classes_all":["pitch"],"tags":{"leisure":"pitch","name":"Terdthai Cricket Ground","sport":"cricket"},"area_m2":22086.6,"size_band":"medium","district":"เขตลาดกระบัง","district_en":"Lat Krabang District","district_osm_id":3147500,"province":"กรุงเทพมหานคร","province_iso":"TH-10","multi_district":false,"reason_excluded":null,"reasons_all":[],"flags":[],"related_ids":{},"poi_inside":[],"opening_hours":null,"verification_mode":"continuous_gps","floor_level":null,"rep_point":[100.85156,13.693504]},"geometry":{"type":"MultiPolygon","coordinates":[[[[100.850682,13.693111],[100.850693,13.69309],[100.852026,13.69261],[100.852096,13.69279],[100.852048,13.692806],[100.852431,13.693896],[100.851132,13.69433],[100.850682,13.693111]]]]}},
{"type":"Feature","id":"osm-w1069931134","properties":{"id":"osm-w1069931134","osm_id":1069931134,"osm_type":"way","name":"มิตรมาร์เก็ต ดอนเมือง","name_en":"MITR Market Donmueang","class":"marketplace","classes_all":["marketplace"],"tags":{"amenity":"marketplace","name":"มิตรมาร์เก็ต ดอนเมือง","name:en":"MITR Market Donmueang","name:th":"มิตรมาร์เก็ต ดอนเมือง"},"area_m2":47569.7,"size_band":"medium","district":"เขตดอนเมือง","district_en":"Don Mueang District","district_osm_id":1639287,"province":"กรุงเทพมหานคร","province_iso":"TH-10","multi_district":false,"reason_excluded":null,"reasons_all":[],"flags":[],"related_ids":{},"poi_inside":[],"opening_hours":null,"verification_mode":"continuous_gps","floor_level":null,"rep_point":[100.625164,13.92813]},"geometry":{"type":"MultiPolygon","coordinates":[[[[100.624202,13.92734],[100.626271,13.927257],[100.625929,13.928921],[100.625824,13.929505],[100.624301,13.929548],[100.624202,13.92734]]]]}},
{"type":"Feature","id":"osm-w1071196209","properties":{"id":"osm-w1071196209","osm_id":1071196209,"osm_type":"way","name":"ตลาดคอกม้า","name_en":"Talad Khok Ma","class":"marketplace","classes_all":["marketplace"],"tags":{"amenity":"marketplace","name":"ตลาดคอกม้า","name:en":"Talad Khok Ma","name:th":"ตลาดคอกม้า"},"area_m2":3172.0,"size_band":"small","district":"อำเภอบางกรวย","district_en":"Bang Kruai District","district_osm_id":2688299,"province":"จังหวัดนนทบุรี","province_iso":"TH-12","multi_district":false,"reason_excluded":null,"reasons_all":[],"flags":[],"related_ids":{},"poi_inside":[],"opening_hours":null,"verification_mode":"continuous_gps","floor_level":null,"rep_point":[100.473546,13.826701]},"geometry":{"type":"MultiPolygon","coordinates":[[[[100.473154,13.826649],[100.473457,13.826367],[100.473941,13.826753],[100.473647,13.827065],[100.473154,13.826649]]]]}},
{"type":"Feature","id":"osm-w1087630146","properties":{"id":"osm-w1087630146","osm_id":1087630146,"osm_type":"way","name":null,"name_en":null,"class":"garden","classes_all":["garden"],"tags":{"leisure":"garden","operator":"Tobacco Authority of Thailand","operator:type":"government"},"area_m2":7514.4,"size_band":"small","district":"เขตคลองเตย","district_en":"Khlong Toei District","district_osm_id":2938033,"province":"กรุงเทพมหานคร","province_iso":"TH-10","multi_district":false,"reason_excluded":null,"reasons_all":[],"flags":[],"related_ids":{},"poi_inside":[],"opening_hours":null,"verification_mode":"continuous_gps","floor_level":null,"rep_point":[100.555338,13.723909]},"geometry":{"type":"MultiPolygon","coordinates":[[[[100.554699,13.72418],[100.554752,13.72411],[100.555291,13.723662],[100.555377,13.723634],[100.555427,13.723658],[100.55548,13.723709],[100.555949,13.724172],[100.555974,13.724225],[100.555955,13.724273],[100.555905,13.724325],[100.555808,13.724361],[100.555427,13.724457],[100.555256,13.724455],[100.554811,13.724306],[100.554714,13.724251],[100.554699,13.72418]]]]}},
{"type":"Feature","id":"osm-w108959643","properties":{"id":"osm-w108959643","osm_id":108959643,"osm_type":"way","name":null,"name_en":null,"class":"park","classes_all":["park"],"tags":{"leisure":"park"},"area_m2":5128.2,"size_band":"small","district":"อำเภอคลองหลวง","district_en":"Khlong Luang District","district_osm_id":2913006,"province":"จังหวัดปทุมธานี","province_iso":"TH-13","multi_district":false,"reason_excluded":null,"reasons_all":[],"flags":[],"related_ids":{},"poi_inside":[],"opening_hours":null,"verification_mode":"continuous_gps","floor_level":null,"rep_point":[100.601046,14.077016]},"geometry":{"type":"MultiPolygon","coordinates":[[[[100.600765,14.076726],[100.600801,14.076648],[100.600854,14.076595],[100.600951,14.076556],[100.601272,14.076542],[100.601502,14.076731],[100.601252,14.076741],[100.601258,14.07694],[100.601312,14.07694],[100.601316,14.077091],[100.601203,14.077093],[100.60121,14.077328],[100.601162,14.077336],[100.601074,14.077374],[100.601,14.077441],[100.600956,14.07751],[100.600803,14.077514],[100.600765,14.076726]]]]}},
{"type":"Feature","id":"osm-w108959653","properties":{"id":"osm-w108959653","osm_id":108959653,"osm_type":"way","name":null,"name_en":null,"class":"park","classes_all":["park"],"tags":{"leisure":"park"},"area_m2":3669.2,"size_band":"small","district":"อำเภอคลองหลวง","district_en":"Khlong Luang District","district_osm_id":2913006,"province":"จังหวัดปทุมธานี","province_iso":"TH-13","multi_district":false,"reason_excluded":null,"reasons_all":[],"flags":[],"related_ids":{},"poi_inside":[],"opening_hours":null,"verification_mode":"continuous_gps","floor_level":null,"rep_point":[100.602122,14.076982]},"geometry":{"type":"MultiPolygon","coordinates":[[[[100.601785,14.07671],[100.601961,14.076501],[100.602308,14.076487],[100.602381,14.077375],[100.602373,14.077427],[100.602336,14.077451],[100.602151,14.077457],[100.602132,14.077055],[100.601899,14.077065],[100.601894,14.076909],[100.602064,14.076904],[100.602053,14.076704],[100.601785,14.07671]]]]}},
{"type":"Feature","id":"osm-w1099974569","properties":{"id":"osm-w1099974569","osm_id":1099974569,"osm_type":"way","name":"สวน","name_en":null,"class":"garden","classes_all":["garden"],"tags":{"garden:type":"community","leisure":"garden","name":"สวน"},"area_m2":5738.7,"size_band":"small","district":"อำเภอปากเกร็ด","district_en":"Pak Kret District","district_osm_id":2688301,"province":"จังหวัดนนทบุรี","province_iso":"TH-12","multi_district":false,"reason_excluded":null,"reasons_all":[],"flags":[],"related_ids":{},"poi_inside":[],"opening_hours":null,"verification_mode":"continuous_gps","floor_level":null,"rep_point":[100.531932,13.928394]},"geometry":{"type":"MultiPolygon","coordinates":[[[[100.53125,13.928971],[100.532409,13.927637],[100.532625,13.927818],[100.531458,13.929133],[100.53125,13.928971]]]]}},
{"type":"Feature","id":"osm-w1103806637","properties":{"id":"osm-w1103806637","osm_id":1103806637,"osm_type":"way","name":null,"name_en":null,"class":"park","classes_all":["park"],"tags":{"leisure":"park"},"area_m2":6244.6,"size_band":"small","district":"เขตภาษีเจริญ","district_en":"Phasi Charoen District","district_osm_id":2946807,"province":"กรุงเทพมหานคร","province_iso":"TH-10","multi_district":false,"reason_excluded":null,"reasons_all":[],"flags":[],"related_ids":{},"poi_inside":[],"opening_hours":null,"verification_mode":"continuous_gps","floor_level":null,"rep_point":[100.418843,13.736359]},"geometry":{"type":"MultiPolygon","coordinates":[[[[100.418498,13.735782],[100.418553,13.735761],[100.418656,13.735802],[100.41957,13.735596],[100.419638,13.735789],[100.4191,13.735911],[100.418955,13.736011],[100.418948,13.736137],[100.418952,13.736274],[100.418986,13.736403],[100.419367,13.73699],[100.419192,13.737111],[100.419016,13.736836],[100.41889,13.736639],[100.418683,13.736315],[100.418594,13.736047],[100.418498,13.735782]]]]}},
{"type":"Feature","id":"osm-w1104256797","properties":{"id":"osm-w1104256797","osm_id":1104256797,"osm_type":"way","name":"park","name_en":null,"class":"park","classes_all":["park"],"tags":{"leisure":"park","name":"park"},"area_m2":3845.9,"size_band":"small","district":"อำเภอปากเกร็ด","district_en":"Pak Kret District","district_osm_id":2688301,"province":"จังหวัดนนทบุรี","province_iso":"TH-12","multi_district":false,"reason_excluded":null,"reasons_all":[],"flags":[],"related_ids":{},"poi_inside":[],"opening_hours":null,"verification_mode":"continuous_gps","floor_level":null,"rep_point":[100.530096,13.907609]},"geometry":{"type":"MultiPolygon","coordinates":[[[[100.529658,13.907436],[100.529984,13.907459],[100.530476,13.907388],[100.530522,13.907759],[100.529737,13.907896],[100.529658,13.907436]]]]}},
{"type":"Feature","id":"osm-w1107637826","properties":{"id":"osm-w1107637826","osm_id":1107637826,"osm_type":"way","name":"สวนวัดธรรมจริยาภิรมย์","name_en":null,"class":"park","classes_all":["park"],"tags":{"leisure":"park","name":"สวนวัดธรรมจริยาภิรมย์"},"area_m2":13238.5,"size_band":"medium","district":"อำเภอบ้านแพ้ว","district_en":"Ban Phaeo District","district_osm_id":18931677,"province":"จังหวัดสมุทรสาคร","province_iso":"TH-74","multi_district":false,"reason_excluded":null,"reasons_all":[],"flags":["contains_religious_feature"],"related_ids":{"blockers":{"religious":{"ids":["osm-w592345644"],"share":0.0009}},"religious_blockers":["osm-w592345644"]},"poi_inside":[],"opening_hours":null,"verification_mode":"continuous_gps","floor_level":null,"rep_point":[100.101338,13.585859]},"geometry":{"type":"MultiPolygon","coordinates":[[[[100.100693,13.5864],[100.100768,13.586089],[100.101036,13.585434],[100.101421,13.585612],[100.101578,13.585238],[100.101621,13.585178],[100.102119,13.585381],[100.10209,13.58552],[100.102037,13.58558],[100.101938,13.58563],[100.101339,13.58673],[100.100693,13.5864]]]]}},
{"type":"Feature","id":"osm-w1107637971","properties":{"id":"osm-w1107637971","osm_id":1107637971,"osm_type":"way","name":"สวนสุขภาพบ้านแพ้ว","name_en":null,"class":"park","classes_all":["park"],"tags":{"leisure":"park","name":"สวนสุขภาพบ้านแพ้ว"},"area_m2":12479.3,"size_band":"medium","district":"อำเภอบ้านแพ้ว","district_en":"Ban Phaeo District","district_osm_id":18931677,"province":"จังหวัดสมุทรสาคร","province_iso":"TH-74","multi_district":false,"reason_excluded":null,"reasons_all":[],"flags":["crosses_major_way"],"related_ids":{"major_ways":["osm-w1107923406","osm-w1107923492"]},"poi_inside":[],"opening_hours":null,"verification_mode":"continuous_gps","floor_level":null,"rep_point":[100.104331,13.587304]},"geometry":{"type":"MultiPolygon","coordinates":[[[[100.103559,13.587856],[100.10418,13.5866],[100.104992,13.586976],[100.10457,13.587827],[100.104148,13.587632],[100.10395,13.588037],[100.103559,13.587856]]]]}},
{"type":"Feature","id":"osm-w1107919374","properties":{"id":"osm-w1107919374","osm_id":1107919374,"osm_type":"way","name":null,"name_en":null,"class":"park","classes_all":["park"],"tags":{"leisure":"park"},"area_m2":4191.5,"size_band":"small","district":"อำเภอบ้านแพ้ว","district_en":"Ban Phaeo District","district_osm_id":18931677,"province":"จังหวัดสมุทรสาคร","province_iso":"TH-74","multi_district":false,"reason_excluded":null,"reasons_all":[],"flags":[],"related_ids":{"blockers":{"health":{"ids":["osm-w1107919558"],"share":0.0}}},"poi_inside":[],"opening_hours":null,"verification_mode":"continuous_gps","floor_level":null,"rep_point":[100.104829,13.590927]},"geometry":{"type":"MultiPolygon","coordinates":[[[[100.104473,13.591106],[100.104693,13.59061],[100.105029,13.590748],[100.105229,13.590369],[100.105302,13.590232],[100.105421,13.590286],[100.104926,13.591288],[100.104473,13.591106]]]]}},
{"type":"Feature","id":"osm-w1111750241","properties":{"id":"osm-w1111750241","osm_id":1111750241,"osm_type":"way","name":"พัฒนาภิรมย์","name_en":null,"class":"park","classes_all":["park"],"tags":{"leisure":"park","name":"พัฒนาภิรมย์","operator":"เขตประเวศ"},"area_m2":41808.0,"size_band":"medium","district":"เขตประเวศ","district_en":"Prawet District","district_osm_id":3146414,"province":"กรุงเทพมหานคร","province_iso":"TH-10","multi_district":false,"reason_excluded":null,"reasons_all":[],"flags":["crosses_major_way"],"related_ids":{"major_ways":["osm-w1056828174","osm-w443159465","osm-w443159498","osm-w443159504","osm-w443165470"]},"poi_inside":[],"opening_hours":null,"verification_mode":"continuous_gps","floor_level":null,"rep_point":[100.661082,13.716375]},"geometry":{"type":"MultiPolygon","coordinates":[[[[100.659867,13.717275],[100.660236,13.716554],[100.660314,13.716036],[100.660444,13.715589],[100.660497,13.715463],[100.661024,13.715226],[100.661098,13.7155],[100.661248,13.715772],[100.661516,13.715977],[100.661777,13.716196],[100.662243,13.716871],[100.662298,13.717373],[100.662629,13.717747],[100.659867,13.717275]]]]}},
{"type":"Feature","id":"osm-w1111751465","properties":{"id":"osm-w1111751465","osm_id":1111751465,"osm_type":"way","name":"Setthasiri Pattanakarn Park","name_en":null,"class":"park","classes_all":["park"],"tags":{"leisure":"park","name":"Setthasiri Pattanakarn Park"},"area_m2":3064.8,"size_band":"small","district":"เขตประเวศ","district_en":"Prawet District","district_osm_id":3146414,"province":"กรุงเทพมหานคร","province_iso":"TH-10","multi_district":false,"reason_excluded":null,"reasons_all":[],"flags":[],"related_ids":{},"poi_inside":[],"opening_hours":null,"verification_mode":"continuous_gps","floor_level":null,"rep_point":[100.673916,13.71294]},"geometry":{"type":"MultiPolygon","coordinates":[[[[100.673615,13.712752],[100.673739,13.712645],[100.674587,13.713376],[100.674515,13.713475],[100.674179,13.713362],[100.673885,13.713128],[100.673615,13.712752]]]]}},
{"type":"Feature","id":"osm-w1120518486","properties":{"id":"osm-w1120518486","osm_id":1120518486,"osm_type":"way","name":null,"name_en":null,"class":"pitch","classes_all":["pitch"],"tags":{"leisure":"pitch"},"area_m2":10622.2,"size_band":"medium","district":"อำเภอไทรน้อย","district_en":"Sai Noi District","district_osm_id":2689554,"province":"จังหวัดนนทบุรี","province_iso":"TH-12","multi_district":false,"reason_excluded":null,"reasons_all":[],"flags":[],"related_ids":{},"poi_inside":[],"opening_hours":null,"verification_mode":"continuous_gps","floor_level":null,"rep_point":[100.307102,13.973337]},"geometry":{"type":"MultiPolygon","coordinates":[[[[100.306552,13.973072],[100.306553,13.972996],[100.306571,13.972929],[100.306605,13.972859],[100.306649,13.972803],[100.306708,13.972756],[100.306779,13.972717],[100.306846,13.972706],[100.306914,13.972705],[100.306989,13.972713],[100.307049,13.972735],[100.307108,13.972768],[100.307161,13.972821],[100.307618,13.973487],[100.307657,13.973552],[100.307674,13.973615],[100.30768,13.973678],[100.307674,13.973738],[100.307657,13.973796],[100.307618,13.973857],[100.307571,13.97391],[100.307509,13.973956],[100.307439,13.973986],[100.307379,13.974004],[100.307316,13.974008],[100.307243,13.973997],[100.307178,13.973976],[100.307123,13.973943],[100.307074,13.973904],[100.307032,13.97385],[100.306589,13.973186],[100.306566,13.97313],[100.306552,13.973072]]]]}},
{"type":"Feature","id":"osm-w1121209474","properties":{"id":"osm-w1121209474","osm_id":1121209474,"osm_type":"way","name":null,"name_en":null,"class":"marketplace","classes_all":["marketplace"],"tags":{"amenity":"marketplace"},"area_m2":3648.8,"size_band":"small","district":"เขตบางกะปิ","district_en":"Bang Kapi District","district_osm_id":2939952,"province":"กรุงเทพมหานคร","province_iso":"TH-10","multi_district":false,"reason_excluded":null,"reasons_all":[],"flags":[],"related_ids":{},"poi_inside":[],"opening_hours":null,"verification_mode":"continuous_gps","floor_level":null,"rep_point":[100.663153,13.772241]},"geometry":{"type":"MultiPolygon","coordinates":[[[[100.662791,13.772785],[100.663305,13.771697],[100.663259,13.771677],[100.663328,13.771532],[100.663304,13.771529],[100.66334,13.771453],[100.6634,13.77148],[100.663438,13.7714],[100.663617,13.77148],[100.662965,13.772862],[100.662791,13.772785]]]]}},
{"type":"Feature","id":"osm-w112282900","properties":{"id":"osm-w112282900","osm_id":112282900,"osm_type":"way","name":null,"name_en":null,"class":"pitch","classes_all":["pitch"],"tags":{"leisure":"pitch"},"area_m2":3244.0,"size_band":"small","district":"เขตหนองแขม","district_en":"Nong Khaem District","district_osm_id":2942283,"province":"กรุงเทพมหานคร","province_iso":"TH-10","multi_district":false,"reason_excluded":null,"reasons_all":[],"flags":[],"related_ids":{},"poi_inside":[],"opening_hours":null,"verification_mode":"continuous_gps","floor_level":null,"rep_point":[100.38301,13.680114]},"geometry":{"type":"MultiPolygon","coordinates":[[[[100.38277,13.680302],[100.382778,13.680231],[100.382858,13.679867],[100.38289,13.679806],[100.382924,13.67977],[100.382985,13.679737],[100.383026,13.679727],[100.383096,13.67973],[100.383142,13.679745],[100.383199,13.679785],[100.383237,13.679837],[100.383257,13.67991],[100.383243,13.679996],[100.383174,13.680299],[100.383153,13.680357],[100.383108,13.680423],[100.383033,13.680469],[100.382951,13.680479],[100.382864,13.68045],[100.382829,13.680424],[100.382789,13.68037],[100.38277,13.680302]]]]}},
{"type":"Feature","id":"osm-w1125405864","properties":{"id":"osm-w1125405864","osm_id":1125405864,"osm_type":"way","name":null,"name_en":null,"class":"pitch","classes_all":["pitch"],"tags":{"leisure":"pitch","sport":"soccer"},"area_m2":8981.4,"size_band":"small","district":"เขตคันนายาว","district_en":"Khan Na Yao District","district_osm_id":2946806,"province":"กรุงเทพมหานคร","province_iso":"TH-10","multi_district":false,"reason_excluded":null,"reasons_all":[],"flags":[],"related_ids":{},"poi_inside":[],"opening_hours":null,"verification_mode":"continuous_gps","floor_level":null,"rep_point":[100.668363,13.818921]},"geometry":{"type":"MultiPolygon","coordinates":[[[[100.66796,13.819403],[100.668022,13.818396],[100.668765,13.818439],[100.668703,13.819446],[100.66796,13.819403]]]]}},
{"type":"Feature","id":"osm-w1125405865","properties":{"id":"osm-w1125405865","osm_id":1125405865,"osm_type":"way","name":"Alpine Football Camp Training Bangkok","name_en":null,"class":"pitch","classes_all":["pitch"],"tags":{"leisure":"pitch","name":"Alpine Football Camp Training Bangkok","sport":"soccer"},"area_m2":8981.4,"size_band":"small","district":"เขตคันนายาว","district_en":"Khan Na Yao District","district_osm_id":2946806,"province":"กรุงเทพมหานคร","province_iso":"TH-10","multi_district":false,"reason_excluded":null,"reasons_all":[],"flags":[],"related_ids":{},"poi_inside":[],"opening_hours":null,"verification_mode":"continuous_gps","floor_level":null,"rep_point":[100.66913,13.818961]},"geometry":{"type":"MultiPolygon","coordinates":[[[[100.668727,13.819443],[100.66879,13.818436],[100.669533,13.818479],[100.66947,13.819486],[100.668727,13.819443]]]]}},
{"type":"Feature","id":"osm-w1125558140","properties":{"id":"osm-w1125558140","osm_id":1125558140,"osm_type":"way","name":null,"name_en":null,"class":"marketplace","classes_all":["marketplace"],"tags":{"amenity":"marketplace"},"area_m2":3307.2,"size_band":"small","district":"เขตบึงกุ่ม","district_en":"Bueng Kum District","district_osm_id":2946805,"province":"กรุงเทพมหานคร","province_iso":"TH-10","multi_district":false,"reason_excluded":null,"reasons_all":[],"flags":[],"related_ids":{},"poi_inside":[],"opening_hours":null,"verification_mode":"continuous_gps","floor_level":null,"rep_point":[100.652352,13.811386]},"geometry":{"type":"MultiPolygon","coordinates":[[[[100.651977,13.811284],[100.652565,13.811068],[100.652728,13.811488],[100.652197,13.811683],[100.652162,13.811594],[100.652105,13.811615],[100.651977,13.811284]]]]}},
{"type":"Feature","id":"osm-w1127656890","properties":{"id":"osm-w1127656890","osm_id":1127656890,"osm_type":"way","name":null,"name_en":null,"class":"park","classes_all":["park"],"tags":{"leisure":"park"},"area_m2":6177.5,"size_band":"small","district":"เขตตลิ่งชัน","district_en":"Taling Chan District","district_osm_id":2939954,"province":"กรุงเทพมหานคร","province_iso":"TH-10","multi_district":false,"reason_excluded":null,"reasons_all":[],"flags":[],"related_ids":{},"poi_inside":[],"opening_hours":null,"verification_mode":"continuous_gps","floor_level":null,"rep_point":[100.460168,13.749473]},"geometry":{"type":"MultiPolygon","coordinates":[[[[100.459616,13.749827],[100.459716,13.749681],[100.459891,13.74949],[100.459934,13.749439],[100.460139,13.749095],[100.460215,13.748919],[100.460526,13.748984],[100.46054,13.749038],[100.460436,13.749457],[100.460382,13.749626],[100.460295,13.749832],[100.460242,13.750046],[100.459616,13.749827]]]]}},
{"type":"Feature","id":"osm-w1146828097","properties":{"id":"osm-w1146828097","osm_id":1146828097,"osm_type":"way","name":null,"name_en":null,"class":"pitch","classes_all":["pitch"],"tags":{"leisure":"pitch","sport":"soccer"},"area_m2":7829.7,"size_band":"small","district":"อำเภอเมืองนนทบุรี","district_en":"Mueang Nonthaburi District","district_osm_id":2688300,"province":"จังหวัดนนทบุรี","province_iso":"TH-12","multi_district":false,"reason_excluded":null,"reasons_all":[],"flags":[],"related_ids":{},"poi_inside":[],"opening_hours":null,"verification_mode":"continuous_gps","floor_level":null,"rep_point":[100.544064,13.878993]},"geometry":{"type":"MultiPolygon","coordinates":[[[[100.543667,13.878616],[100.543669,13.878545],[100.544287,13.878448],[100.544316,13.878518],[100.54446,13.87937],[100.54445,13.879443],[100.543844,13.879532],[100.543814,13.879461],[100.543667,13.878616]]]]}},
{"type":"Feature","id":"osm-w1146855182","properties":{"id":"osm-w1146855182","osm_id":1146855182,"osm_type":"way","name":"Aim  Charoen Market","name_en":null,"class":"marketplace","classes_all":["marketplace"],"tags":{"amenity":"marketplace","name":"Aim  Charoen Market"},"area_m2":8023.5,"size_band":"small","district":"อำเภอบางพลี","district_en":"Bang Phli District","district_osm_id":11580982,"province":"จังหวัดสมุทรปราการ","province_iso":"TH-11","multi_district":false,"reason_excluded":null,"reasons_all":[],"flags":[],"related_ids":{},"poi_inside":[],"opening_hours":null,"verification_mode":"continuous_gps","floor_level":null,"rep_point":[100.683343,13.607632]},"geometry":{"type":"MultiPolygon","coordinates":[[[[100.682747,13.607458],[100.683754,13.607196],[100.68395,13.607806],[100.682907,13.608064],[100.682747,13.607458]]]]}},
{"type":"Feature","id":"osm-w1150667466","properties":{"id":"osm-w1150667466","osm_id":1150667466,"osm_type":"way","name":null,"name_en":null,"class":"garden","classes_all":["garden"],"tags":{"leisure":"garden"},"area_m2":4261.2,"size_band":"small","district":"เขตบางรัก","district_en":"Bang Rak District","district_osm_id":92061,"province":"กรุงเทพมหานคร","province_iso":"TH-10","multi_district":false,"reason_excluded":null,"reasons_all":[],"flags":[],"related_ids":{},"poi_inside":[],"opening_hours":null,"verification_mode":"continuous_gps","floor_level":null,"rep_point":[100.539747,13.727617]},"geometry":{"type":"MultiPolygon","coordinates":[[[[100.539216,13.727558],[100.539338,13.727285],[100.539411,13.727315],[100.539606,13.727395],[100.539736,13.727449],[100.539856,13.727498],[100.540348,13.727701],[100.54039,13.727745],[100.539715,13.728026],[100.539677,13.727762],[100.539483,13.727676],[100.539216,13.727558]]]]}},
{"type":"Feature","id":"osm-w1151915604","properties":{"id":"osm-w1151915604","osm_id":1151915604,"osm_type":"way","name":null,"name_en":null,"class":"marketplace","classes_all":["marketplace"],"tags":{"amenity":"marketplace"},"area_m2":3512.3,"size_band":"small","district":"อำเภอเมืองสมุทรปราการ","district_en":"Mueang Samut Prakan District","district_osm_id":11580983,"province":"จังหวัดสมุทรปราการ","province_iso":"TH-11","multi_district":false,"reason_excluded":null,"reasons_all":[],"flags":[],"related_ids":{},"poi_inside":[],"opening_hours":null,"verification_mode":"continuous_gps","floor_level":null,"rep_point":[100.595933,13.593013]},"geometry":{"type":"MultiPolygon","coordinates":[[[[100.595651,13.592804],[100.595852,13.592677],[100.596357,13.593436],[100.59631,13.593521],[100.595785,13.593573],[100.595761,13.593347],[100.59588,13.593335],[100.59593,13.593222],[100.595651,13.592804]]]]}},
{"type":"Feature","id":"osm-w1154795676","properties":{"id":"osm-w1154795676","osm_id":1154795676,"osm_type":"way","name":null,"name_en":null,"class":"pitch","classes_all":["pitch"],"tags":{"leisure":"pitch"},"area_m2":3480.7,"size_band":"small","district":"อำเภอธัญบุรี","district_en":"Thanyaburi District","district_osm_id":2913012,"province":"จังหวัดปทุมธานี","province_iso":"TH-13","multi_district":false,"reason_excluded":null,"reasons_all":[],"flags":[],"related_ids":{},"poi_inside":[],"opening_hours":null,"verification_mode":"continuous_gps","floor_level":null,"rep_point":[100.739344,14.014319]},"geometry":{"type":"MultiPolygon","coordinates":[[[[100.739163,14.013994],[100.739168,14.013946],[100.739192,14.013897],[100.739231,14.013859],[100.739281,14.013837],[100.739336,14.013832],[100.739389,14.013846],[100.739434,14.013876],[100.739466,14.01392],[100.739481,14.013971],[100.739524,14.014643],[100.739521,14.014692],[100.739503,14.014738],[100.73947,14.014776],[100.739427,14.014802],[100.739378,14.014813],[100.739327,14.014809],[100.739281,14.01479],[100.739242,14.014757],[100.739217,14.014715],[100.739206,14.014667],[100.739163,14.013994]]]]}},
{"type":"Feature","id":"osm-w1154797570","properties":{"id":"osm-w1154797570","osm_id":1154797570,"osm_type":"way","name":"สวนเพลินจิต","name_en":"Phloen Chit Park","class":"park","classes_all":["park"],"tags":{"alt_name:en":"Bangkok Linear Park","leisure":"park","name":"สวนเพลินจิต","name:en":"Phloen Chit Park","name:th":"สวนเพลินจิต","opening_hours":"Mo-Su 05:00-22:00"},"area_m2":20401.5,"size_band":"medium","district":"เขตคลองเตย","district_en":"Khlong Toei District","district_osm_id":2938033,"province":"กรุงเทพมหานคร","province_iso":"TH-10","multi_district":true,"reason_excluded":null,"reasons_all":[],"flags":["contains_religious_feature","multi_district"],"related_ids":{"blockers":{"religious":{"ids":["osm-n11945188107"],"share":0.0008}},"districts":[2938033,92063],"religious_blockers":["osm-n11945188107"]},"poi_inside":[],"opening_hours":"Mo-Su 05:00-22:00","verification_mode":"continuous_gps","floor_level":null,"rep_point":[100.551843,13.732901]},"geometry":{"type":"MultiPolygon","coordinates":[[[[100.550734,13.742598],[100.552864,13.723214],[100.552899,13.72297],[100.552946,13.722982],[100.552964,13.723028],[100.552952,13.723186],[100.550824,13.742588],[100.550734,13.742598]]]]}},
{"type":"Feature","id":"osm-w1154800425","properties":{"id":"osm-w1154800425","osm_id":1154800425,"osm_type":"way","name":"ตลาดสิริทรัพย์","name_en":null,"class":"marketplace","classes_all":["marketplace"],"tags":{"amenity":"marketplace","name":"ตลาดสิริทรัพย์"},"area_m2":12458.7,"size_band":"medium","district":"อำเภอลำลูกกา","district_en":"Lam Luk Ka District","district_osm_id":2913007,"province":"จังหวัดปทุมธานี","province_iso":"TH-13","multi_district":false,"reason_excluded":null,"reasons_all":[],"flags":[],"related_ids":{},"poi_inside":[],"opening_hours":null,"verification_mode":"continuous_gps","floor_level":null,"rep_point":[100.632169,13.971283]},"geometry":{"type":"MultiPolygon","coordinates":[[[[100.631513,13.971944],[100.632232,13.9704],[100.632797,13.970621],[100.632182,13.972076],[100.631513,13.971944]]]]}},
{"type":"Feature","id":"osm-w1155750096","properties":{"id":"osm-w1155750096","osm_id":1155750096,"osm_type":"way","name":"ตลาดโบราณบางพลี","name_en":"Bangplee Old Market","class":"marketplace","classes_all":["marketplace"],"tags":{"amenity":"marketplace","name":"ตลาดโบราณบางพลี","name:en":"Bangplee Old Market","name:th":"ตลาดโบราณบางพลี"},"area_m2":7301.3,"size_band":"small","district":"อำเภอบางพลี","district_en":"Bang Phli District","district_osm_id":11580982,"province":"จังหวัดสมุทรปราการ","province_iso":"TH-11","multi_district":false,"reason_excluded":null,"reasons_all":[],"flags":[],"related_ids":{},"poi_inside":[],"opening_hours":null,"verification_mode":"continuous_gps","floor_level":null,"rep_point":[100.709987,13.60397]},"geometry":{"type":"MultiPolygon","coordinates":[[[[100.709518,13.604515],[100.709523,13.604501],[100.709548,13.604439],[100.709583,13.604455],[100.709781,13.60389],[100.710374,13.603397],[100.710983,13.603294],[100.710986,13.603349],[100.711,13.60356],[100.710846,13.603581],[100.710508,13.603575],[100.71033,13.603733],[100.71038,13.603797],[100.710147,13.604051],[100.710058,13.604248],[100.709967,13.604624],[100.709962,13.604644],[100.709674,13.604587],[100.709653,13.604666],[100.70955,13.604657],[100.709573,13.604535],[100.709518,13.604515]]]]}},
{"type":"Feature","id":"osm-w1156864731","properties":{"id":"osm-w1156864731","osm_id":1156864731,"osm_type":"way","name":"ตลาดนัคลาดสวาย","name_en":null,"class":"marketplace","classes_all":["marketplace"],"tags":{"amenity":"marketplace","name:th":"ตลาดนัคลาดสวาย"},"area_m2":3284.9,"size_band":"small","district":"อำเภอลำลูกกา","district_en":"Lam Luk Ka District","district_osm_id":2913007,"province":"จังหวัดปทุมธานี","province_iso":"TH-13","multi_district":false,"reason_excluded":null,"reasons_all":[],"flags":[],"related_ids":{},"poi_inside":[],"opening_hours":null,"verification_mode":"continuous_gps","floor_level":null,"rep_point":[100.680146,13.961179]},"geometry":{"type":"MultiPolygon","coordinates":[[[[100.679441,13.960983],[100.68048,13.960976],[100.680479,13.961103],[100.680476,13.961357],[100.680063,13.961368],[100.680071,13.961232],[100.679814,13.96124],[100.679814,13.961116],[100.679442,13.961126],[100.679441,13.960983]]]]}},
{"type":"Feature","id":"osm-w1159152534","properties":{"id":"osm-w1159152534","osm_id":1159152534,"osm_type":"way","name":null,"name_en":null,"class":"park","classes_all":["park"],"tags":{"leisure":"park"},"area_m2":6873.4,"size_band":"small","district":"เขตบางแค","district_en":"Bang Khae District","district_osm_id":2946804,"province":"กรุงเทพมหานคร","province_iso":"TH-10","multi_district":false,"reason_excluded":null,"reasons_all":[],"flags":[],"related_ids":{},"poi_inside":[],"opening_hours":null,"verification_mode":"continuous_gps","floor_level":null,"rep_point":[100.394128,13.692153]},"geometry":{"type":"MultiPolygon","coordinates":[[[[100.393786,13.693205],[100.394215,13.691045],[100.394455,13.6911],[100.394062,13.693243],[100.393786,13.693205]]]]}},
{"type":"Feature","id":"osm-w1164295390","properties":{"id":"osm-w1164295390","osm_id":1164295390,"osm_type":"way","name":"Sammakorn Market Muang Ake","name_en":null,"class":"marketplace","classes_all":["marketplace"],"tags":{"amenity":"marketplace","name":"Sammakorn Market Muang Ake","opening_hours":"Mo-Su 09:00-21:00"},"area_m2":3643.1,"size_band":"small","district":"อำเภอเมืองปทุมธานี","district_en":"Mueang Pathum Thani District","district_osm_id":2913009,"province":"จังหวัดปทุมธานี","province_iso":"TH-13","multi_district":false,"reason_excluded":null,"reasons_all":[],"flags":[],"related_ids":{},"poi_inside":[],"opening_hours":"Mo-Su 09:00-21:00","verification_mode":"continuous_gps","floor_level":null,"rep_point":[100.594277,13.964378]},"geometry":{"type":"MultiPolygon","coordinates":[[[[100.59397,13.964651],[100.594146,13.964],[100.594588,13.964105],[100.594402,13.964759],[100.59397,13.964651]]]]}},
{"type":"Feature","id":"osm-w1172639710","properties":{"id":"osm-w1172639710","osm_id":1172639710,"osm_type":"way","name":null,"name_en":null,"class":"marketplace","classes_all":["marketplace"],"tags":{"amenity":"marketplace"},"area_m2":4666.8,"size_band":"small","district":"อำเภอเมืองสมุทรสาคร","district_en":"Mueang Samut Sakhon District","district_osm_id":18935071,"province":"จังหวัดสมุทรสาคร","province_iso":"TH-74","multi_district":false,"reason_excluded":null,"reasons_all":[],"flags":[],"related_ids":{},"poi_inside":[],"opening_hours":null,"verification_mode":"continuous_gps","floor_level":null,"rep_point":[100.341521,13.567797]},"geometry":{"type":"MultiPolygon","coordinates":[[[[100.341252,13.567335],[100.341641,13.567279],[100.341791,13.568259],[100.341402,13.568316],[100.341252,13.567335]]]]}},
{"type":"Feature","id":"osm-w1175919536","properties":{"id":"osm-w1175919536","osm_id":1175919536,"osm_type":"way","name":null,"name_en":null,"class":"pitch","classes_all":["pitch"],"tags":{"leisure":"pitch","sport":"soccer"},"area_m2":7174.3,"size_band":"small","district":"อำเภอเมืองนครปฐม","district_en":"Mueang Nakhon Pathom District","district_osm_id":18931445,"province":"จังหวัดนครปฐม","province_iso":"TH-73","multi_district":false,"reason_excluded":null,"reasons_all":[],"flags":[],"related_ids":{},"poi_inside":[],"opening_hours":null,"verification_mode":"continuous_gps","floor_level":null,"rep_point":[100.055453,13.799126]},"geometry":{"type":"MultiPolygon","coordinates":[[[[100.055119,13.799594],[100.055172,13.798619],[100.055786,13.798658],[100.055737,13.799626],[100.055119,13.799594]]]]}},
{"type":"Feature","id":"osm-w1177703907","properties":{"id":"osm-w1177703907","osm_id":1177703907,"osm_type":"way","name":"สวนปิยะภิรมย์","name_en":"Piyapirom Park","class":"park","classes_all":["park"],"tags":{"leisure":"park","name":"สวนปิยะภิรมย์","name:en":"Piyapirom Park","name:th":"สวนปิยะภิรมย์"},"area_m2":17685.1,"size_band":"medium","district":"เขตบางกะปิ","district_en":"Bang Kapi District","district_osm_id":2939952,"province":"กรุงเทพมหานคร","province_iso":"TH-10","multi_district":false,"reason_excluded":null,"reasons_all":[],"flags":["crosses_major_way"],"related_ids":{"major_ways":["osm-w545853801"]},"poi_inside":[],"opening_hours":null,"verification_mode":"continuous_gps","floor_level":null,"rep_point":[100.644312,13.7512]},"geometry":{"type":"MultiPolygon","coordinates":[[[[100.643386,13.752108],[100.643501,13.751949],[100.643554,13.751641],[100.643622,13.751329],[100.643796,13.751071],[100.64412,13.750818],[100.644332,13.750672],[100.644544,13.750432],[100.644576,13.750305],[100.644638,13.75032],[100.645054,13.751641],[100.644364,13.751834],[100.643906,13.751983],[100.643386,13.752108]]]]}},
{"type":"Feature","id":"osm-w1182846804","properties":{"id":"osm-w1182846804","osm_id":1182846804,"osm_type":"way","name":"สวนจากภูผาสู่มหานที","name_en":"Chak Phupha Su Maha Nathee Park","class":"park","classes_all":["park"],"tags":{"leisure":"park","name":"สวนจากภูผาสู่มหานที","name:en":"Chak Phupha Su Maha Nathee Park","name:th":"สวนจากภูผาสู่มหานที","wikidata":"Q135654958","wikipedia":"en:Chak Phupha Su Maha Nathee Park"},"area_m2":48855.3,"size_band":"medium","district":"เขตจตุจักร","district_en":"Chatuchak District","district_osm_id":1639286,"province":"กรุงเทพมหานคร","province_iso":"TH-10","multi_district":false,"reason_excluded":null,"reasons_all":[],"flags":[],"related_ids":{},"poi_inside":[],"opening_hours":null,"verification_mode":"continuous_gps","floor_level":null,"rep_point":[100.552102,13.805762]},"geometry":{"type":"MultiPolygon","coordinates":[[[[100.55103,13.805323],[100.551298,13.804656],[100.552012,13.804255],[100.553172,13.806201],[100.553436,13.806325],[100.55364,13.806209],[100.554108,13.806988],[100.553566,13.807295],[100.553214,13.806708],[100.553048,13.806803],[100.552932,13.806608],[100.551932,13.807174],[100.551617,13.80665],[100.551773,13.806562],[100.55103,13.805323]]]]}},
{"type":"Feature","id":"osm-w1184268295","properties":{"id":"osm-w1184268295","osm_id":1184268295,"osm_type":"way","name":"สวนหย่อมนาวานุเคราะห์","name_en":"Navanunukro Garden","class":"garden","classes_all":["garden"],"tags":{"access":"yes","fee":"no","garden:type":"landscaping","leisure":"garden","name":"สวนหย่อมนาวานุเคราะห์","name:en":"Navanunukro Garden","name:th":"สวนหย่อมนาวานุเคราะห์"},"area_m2":4352.2,"size_band":"small","district":"เขตปทุมวัน","district_en":"Pathum Wan District","district_osm_id":92063,"province":"กรุงเทพมหานคร","province_iso":"TH-10","multi_district":false,"reason_excluded":null,"reasons_all":[],"flags":["crosses_major_way"],"related_ids":{"major_ways":["osm-w28326170"]},"poi_inside":[],"opening_hours":null,"verification_mode":"continuous_gps","floor_level":null,"rep_point":[100.538576,13.729416]},"geometry":{"type":"MultiPolygon","coordinates":[[[[100.538256,13.729992],[100.538498,13.72911],[100.538607,13.729106],[100.538868,13.729722],[100.538734,13.729952],[100.538609,13.730132],[100.538256,13.729992]]]]}},
{"type":"Feature","id":"osm-w1185525874","properties":{"id":"osm-w1185525874","osm_id":1185525874,"osm_type":"way","name":"สวนสาธารณะคลองช่องนนทรี (เฟส 2)","name_en":"Chong Nonsi Canal Park (Phase 2)","class":"park","classes_all":["park"],"tags":{"leisure":"park","name":"สวนสาธารณะคลองช่องนนทรี (เฟส 2)","name:en":"Chong Nonsi Canal Park (Phase 2)","name:th":"สวนสาธารณะคลองช่องนนทรี (เฟส 2)"},"area_m2":4220.3,"size_band":"small","district":"เขตบางรัก","district_en":"Bang Rak District","district_osm_id":92061,"province":"กรุงเทพมหานคร","province_iso":"TH-10","multi_district":false,"reason_excluded":null,"reasons_all":[],"flags":["crosses_major_way"],"related_ids":{"major_ways":["osm-w1101276566","osm-w1101276586"]},"poi_inside":[],"opening_hours":null,"verification_mode":"continuous_gps","floor_level":null,"rep_point":[100.527713,13.726994]},"geometry":{"type":"MultiPolygon","coordinates":[[[[100.527059,13.728084],[100.527918,13.726394],[100.528069,13.726461],[100.527558,13.727526],[100.527239,13.728175],[100.527059,13.728084]]]]}},
{"type":"Feature","id":"osm-w1188059621","properties":{"id":"osm-w1188059621","osm_id":1188059621,"osm_type":"way","name":"ลานลีลาวดี","name_en":"Leelawadee Lawn","class":"garden","classes_all":["garden"],"tags":{"leisure":"garden","name":"ลานลีลาวดี","name:en":"Leelawadee Lawn","name:th":"ลานลีลาวดี"},"area_m2":3076.4,"size_band":"small","district":"เขตปทุมวัน","district_en":"Pathum Wan District","district_osm_id":92063,"province":"กรุงเทพมหานคร","province_iso":"TH-10","multi_district":false,"reason_excluded":null,"reasons_all":[],"flags":[],"related_ids":{},"poi_inside":[],"opening_hours":null,"verification_mode":"continuous_gps","floor_level":null,"rep_point":[100.539779,13.731012]},"geometry":{"type":"MultiPolygon","coordinates":[[[[100.539232,13.730672],[100.539414,13.730663],[100.53945,13.730675],[100.5399,13.73082],[100.540002,13.730874],[100.540026,13.730903],[100.54007,13.731048],[100.539898,13.731037],[100.539781,13.731132],[100.539727,13.731243],[100.539595,13.731321],[100.539445,13.731271],[100.539433,13.731191],[100.539477,13.731113],[100.539504,13.730986],[100.539442,13.730863],[100.539315,13.730761],[100.539232,13.730672]]]]}},
{"type":"Feature","id":"osm-w1189209076","properties":{"id":"osm-w1189209076","osm_id":1189209076,"osm_type":"way","name":"ชุมชนตลาดสดเพชรพลอย","name_en":"Phet Ploy Market Community","class":"marketplace","classes_all":["marketplace"],"tags":{"amenity":"marketplace","landuse":"commercial","name":"ชุมชนตลาดสดเพชรพลอย","name:en":"Phet Ploy Market Community","name:th":"ชุมชนตลาดสดเพชรพลอย"},"area_m2":10745.6,"size_band":"medium","district":"เขตบางรัก","district_en":"Bang Rak District","district_osm_id":92061,"province":"กรุงเทพมหานคร","province_iso":"TH-10","multi_district":false,"reason_excluded":null,"reasons_all":[],"flags":["contains_religious_feature"],"related_ids":{"blockers":{"religious":{"ids":["osm-n11775661185","osm-w1189209084"],"share":0.0131}},"religious_blockers":["osm-n11775661185","osm-w1189209084"]},"poi_inside":[],"opening_hours":null,"verification_mode":"continuous_gps","floor_level":null,"rep_point":[100.519366,13.729293]},"geometry":{"type":"MultiPolygon","coordinates":[[[[100.518446,13.729383],[100.518512,13.728985],[100.518745,13.729032],[100.519276,13.729138],[100.519602,13.729203],[100.519668,13.728894],[100.520323,13.729026],[100.520192,13.729706],[100.519649,13.729602],[100.519032,13.72948],[100.518446,13.729383]]]]}},
{"type":"Feature","id":"osm-w1189689545","properties":{"id":"osm-w1189689545","osm_id":1189689545,"osm_type":"way","name":"สวนสุขภาพ รฟม.","name_en":"MRTA Health Park","class":"park","classes_all":["park"],"tags":{"alt_name":"สวน รฟม.พระราม 9","alt_name:en":"MRTA Rama 9 Park","alt_name:th":"สวน รฟม.พระราม 9","leisure":"park","name":"สวนสุขภาพ รฟม.","name:en":"MRTA Health Park","name:th":"สวนสุขภาพ รฟม."},"area_m2":73059.5,"size_band":"large","district":"เขตห้วยขวาง","district_en":"Huai Khwang District","district_osm_id":2938032,"province":"กรุงเทพมหานคร","province_iso":"TH-10","multi_district":false,"reason_excluded":null,"reasons_all":[],"flags":["crosses_major_way"],"related_ids":{"major_ways":["osm-w1189695824"]},"poi_inside":[],"opening_hours":null,"verification_mode":"continuous_gps","floor_level":null,"rep_point":[100.577464,13.75871]},"geometry":{"type":"MultiPolygon","coordinates":[[[[100.576164,13.757288],[100.576166,13.757236],[100.576201,13.757193],[100.578591,13.757008],[100.578685,13.757962],[100.578666,13.758483],[100.578532,13.758939],[100.57817,13.759926],[100.578126,13.760008],[100.578054,13.760056],[100.577949,13.760062],[100.577866,13.760028],[100.577887,13.759967],[100.57655,13.759534],[100.576529,13.759595],[100.576361,13.759552],[100.576342,13.759488],[100.576314,13.759449],[100.576278,13.759428],[100.57634,13.759204],[100.576356,13.758937],[100.576285,13.758343],[100.576164,13.757288]]]]}},
{"type":"Feature","id":"osm-w1193692162","properties":{"id":"osm-w1193692162","osm_id":1193692162,"osm_type":"way","name":null,"name_en":null,"class":"park","classes_all":["park"],"tags":{"leisure":"park"},"area_m2":4885.0,"size_band":"small","district":"เขตปทุมวัน","district_en":"Pathum Wan District","district_osm_id":92063,"province":"กรุงเทพมหานคร","province_iso":"TH-10","multi_district":false,"reason_excluded":null,"reasons_all":[],"flags":[],"related_ids":{},"poi_inside":[],"opening_hours":null,"verification_mode":"continuous_gps","floor_level":null,"rep_point":[100.543268,13.736941]},"geometry":{"type":"MultiPolygon","coordinates":[[[[100.543007,13.736378],[100.543376,13.736329],[100.54353,13.737469],[100.543165,13.737519],[100.543172,13.737409],[100.543168,13.737179],[100.543106,13.736995],[100.543047,13.736887],[100.543046,13.736789],[100.543061,13.736697],[100.543058,13.73651],[100.543007,13.736378]]]]}},
{"type":"Feature","id":"osm-w1193776536","properties":{"id":"osm-w1193776536","osm_id":1193776536,"osm_type":"way","name":"วังประมวล","name_en":"Wang Pramuan","class":"historic","classes_all":["historic"],"tags":{"addr:district":"บางรัก","addr:district:en":"Bang Rak","addr:district:th":"บางรัก","addr:postcode":"10500","addr:province":"กรุงเทพมหานคร","addr:subdistrict":"สีลม","building":"house","castle_type":"palace","historic":"castle","name":"วังประมวล","name:en":"Wang Pramuan","name:th":"วังประมวล","wikidata":"Q13020602","wikipedia":"th:วังประมวญ"},"area_m2":6680.3,"size_band":"small","district":"เขตบางรัก","district_en":"Bang Rak District","district_osm_id":92061,"province":"กรุงเทพมหานคร","province_iso":"TH-10","multi_district":false,"reason_excluded":null,"reasons_all":[],"flags":["review_required"],"related_ids":{"review_reasons":["review_name"]},"poi_inside":[],"opening_hours":null,"verification_mode":"continuous_gps","floor_level":null,"rep_point":[100.522563,13.722381]},"geometry":{"type":"MultiPolygon","coordinates":[[[[100.522092,13.722636],[100.522225,13.721972],[100.523035,13.722126],[100.522901,13.72279],[100.522092,13.722636]]]]}},
{"type":"Feature","id":"osm-w1196400138","properties":{"id":"osm-w1196400138","osm_id":1196400138,"osm_type":"way","name":"สวนสานสาธารณะ","name_en":"Sansatarana Park","class":"park","classes_all":["park"],"tags":{"leisure":"park","name":"สวนสานสาธารณะ","name:en":"Sansatarana Park","name:th":"สวนสานสาธารณะ","operator":"สำนักงานคณะกรรมการสุขภาพแห่งชาติ (สช.)","operator:type":"public","website":"https://wepark.co/parks/sansatarana"},"area_m2":3766.9,"size_band":"small","district":"เขตคลองสาน","district_en":"Khlong San District","district_osm_id":3147280,"province":"กรุงเทพมหานคร","province_iso":"TH-10","multi_district":false,"reason_excluded":null,"reasons_all":[],"flags":["contains_religious_feature"],"related_ids":{"blockers":{"religious":{"ids":["osm-w1196397061"],"share":0.0146}},"religious_blockers":["osm-w1196397061"]},"poi_inside":[],"opening_hours":null,"verification_mode":"continuous_gps","floor_level":null,"rep_point":[100.501776,13.73679]},"geometry":{"type":"MultiPolygon","coordinates":[[[[100.501414,13.736684],[100.501702,13.736438],[100.502127,13.736897],[100.502374,13.737164],[100.501972,13.737228],[100.501414,13.736684]]]]}},
{"type":"Feature","id":"osm-w1196405769","properties":{"id":"osm-w1196405769","osm_id":1196405769,"osm_type":"way","name":"สำเพ็ง ท่าดินแดง","name_en":"Samphen Tha-Din Daeng","class":"marketplace","classes_all":["marketplace"],"tags":{"amenity":"marketplace","landuse":"retail","name":"สำเพ็ง ท่าดินแดง","name:en":"Samphen Tha-Din Daeng","name:th":"สำเพ็ง ท่าดินแดง"},"area_m2":12947.4,"size_band":"medium","district":"เขตคลองสาน","district_en":"Khlong San District","district_osm_id":3147280,"province":"กรุงเทพมหานคร","province_iso":"TH-10","multi_district":false,"reason_excluded":null,"reasons_all":[],"flags":[],"related_ids":{},"poi_inside":[],"opening_hours":null,"verification_mode":"continuous_gps","floor_level":null,"rep_point":[100.504099,13.736105]},"geometry":{"type":"MultiPolygon","coordinates":[[[[100.503415,13.735274],[100.503615,13.735207],[100.504012,13.735539],[100.504234,13.735694],[100.504355,13.735599],[100.504599,13.735883],[100.504422,13.73601],[100.504697,13.736374],[100.504791,13.736572],[100.504598,13.736561],[100.50445,13.736643],[100.503968,13.73685],[100.503934,13.736758],[100.503737,13.736201],[100.503529,13.735614],[100.503415,13.735274]]]]}},
{"type":"Feature","id":"osm-w1203025125","properties":{"id":"osm-w1203025125","osm_id":1203025125,"osm_type":"way","name":"ตลาด ส.รุ่งเรือง","name_en":"S. Rungrueang Market","class":"marketplace","classes_all":["marketplace"],"tags":{"amenity":"marketplace","name":"ตลาด ส.รุ่งเรือง","name:en":"S. Rungrueang Market"},"area_m2":14368.5,"size_band":"medium","district":"อำเภอเมืองปทุมธานี","district_en":"Mueang Pathum Thani District","district_osm_id":2913009,"province":"จังหวัดปทุมธานี","province_iso":"TH-13","multi_district":false,"reason_excluded":null,"reasons_all":[],"flags":["crosses_major_way"],"related_ids":{"major_ways":["osm-w201814950"]},"poi_inside":[],"opening_hours":null,"verification_mode":"continuous_gps","floor_level":null,"rep_point":[100.491064,13.955222]},"geometry":{"type":"MultiPolygon","coordinates":[[[[100.490066,13.955823],[100.491171,13.954621],[100.491596,13.954612],[100.491397,13.956014],[100.490066,13.955823]]]]}},
{"type":"Feature","id":"osm-w1203034856","properties":{"id":"osm-w1203034856","osm_id":1203034856,"osm_type":"way","name":null,"name_en":null,"class":"marketplace","classes_all":["marketplace"],"tags":{"amenity":"marketplace"},"area_m2":11553.0,"size_band":"medium","district":"อำเภอเมืองปทุมธานี","district_en":"Mueang Pathum Thani District","district_osm_id":2913009,"province":"จังหวัดปทุมธานี","province_iso":"TH-13","multi_district":false,"reason_excluded":null,"reasons_all":[],"flags":["crosses_major_way"],"related_ids":{"major_ways":["osm-w170263937"]},"poi_inside":[],"opening_hours":null,"verification_mode":"continuous_gps","floor_level":null,"rep_point":[100.491362,13.956937]},"geometry":{"type":"MultiPolygon","coordinates":[[[[100.490575,13.957192],[100.491199,13.956675],[100.491044,13.956452],[100.491974,13.956541],[100.491941,13.956624],[100.492075,13.956681],[100.491052,13.957795],[100.490872,13.957602],[100.490751,13.957464],[100.490575,13.957192]]]]}},
{"type":"Feature","id":"osm-w1203501924","properties":{"id":"osm-w1203501924","osm_id":1203501924,"osm_type":"way","name":null,"name_en":null,"class":"park","classes_all":["park"],"tags":{"leisure":"park"},"area_m2":5789.5,"size_band":"small","district":"อำเภอเมืองปทุมธานี","district_en":"Mueang Pathum Thani District","district_osm_id":2913009,"province":"จังหวัดปทุมธานี","province_iso":"TH-13","multi_district":false,"reason_excluded":null,"reasons_all":[],"flags":[],"related_ids":{},"poi_inside":[],"opening_hours":null,"verification_mode":"continuous_gps","floor_level":null,"rep_point":[100.492265,13.952859]},"geometry":{"type":"MultiPolygon","coordinates":[[[[100.491734,13.953054],[100.49175,13.953027],[100.491794,13.953038],[100.49184,13.953027],[100.491927,13.952945],[100.492084,13.952773],[100.492685,13.952187],[100.492912,13.952429],[100.492036,13.953402],[100.491734,13.953054]]]]}},
{"type":"Feature","id":"osm-w1204504023","properties":{"id":"osm-w1204504023","osm_id":1204504023,"osm_type":"way","name":"สวนบางกอกใหญ่","name_en":"Bangkok Yai Park","class":"park","classes_all":["park"],"tags":{"leisure":"park","name":"สวนบางกอกใหญ่","name:en":"Bangkok Yai Park"},"area_m2":3197.9,"size_band":"small","district":"เขตบางกอกใหญ่","district_en":"Bangkok Yai District","district_osm_id":2939953,"province":"กรุงเทพมหานคร","province_iso":"TH-10","multi_district":false,"reason_excluded":null,"reasons_all":[],"flags":[],"related_ids":{},"poi_inside":[],"opening_hours":null,"verification_mode":"continuous_gps","floor_level":null,"rep_point":[100.478396,13.731558]},"geometry":{"type":"MultiPolygon","coordinates":[[[[100.478059,13.731851],[100.478477,13.73109],[100.478516,13.731081],[100.478687,13.731208],[100.478766,13.731266],[100.478288,13.73199],[100.47827,13.731979],[100.478059,13.731851]]]]}},
{"type":"Feature","id":"osm-w1210022607","properties":{"id":"osm-w1210022607","osm_id":1210022607,"osm_type":"way","name":"ช่างชุ่ย","name_en":"Chang Chui Market","class":"attraction","classes_all":["attraction"],"tags":{"landuse":"retail","name":"ช่างชุ่ย","name:en":"Chang Chui Market","name:th":"ช่างชุ่ย","tourism":"attraction"},"area_m2":25709.4,"size_band":"medium","district":"เขตบางพลัด","district_en":"Bang Phlat District","district_osm_id":2942281,"province":"กรุงเทพมหานคร","province_iso":"TH-10","multi_district":false,"reason_excluded":null,"reasons_all":[],"flags":[],"related_ids":{},"poi_inside":[],"opening_hours":null,"verification_mode":"continuous_gps","floor_level":null,"rep_point":[100.470214,13.789183]},"geometry":{"type":"MultiPolygon","coordinates":[[[[100.469223,13.789217],[100.469427,13.788994],[100.469734,13.788777],[100.470323,13.788518],[100.470355,13.788391],[100.471202,13.788582],[100.471188,13.788703],[100.471225,13.788882],[100.471228,13.788992],[100.471239,13.789149],[100.471136,13.789202],[100.471244,13.789368],[100.471531,13.789254],[100.471853,13.789163],[100.471933,13.789419],[100.472064,13.789984],[100.46927,13.789266],[100.469223,13.789217]]]]}},
{"type":"Feature","id":"osm-w1212191659","properties":{"id":"osm-w1212191659","osm_id":1212191659,"osm_type":"way","name":null,"name_en":null,"class":"park","classes_all":["park"],"tags":{"leisure":"park"},"area_m2":7638.5,"size_band":"small","district":"อำเภอบางใหญ่","district_en":"Bang Yai District","district_osm_id":2689553,"province":"จังหวัดนนทบุรี","province_iso":"TH-12","multi_district":false,"reason_excluded":null,"reasons_all":[],"flags":[],"related_ids":{},"poi_inside":[],"opening_hours":null,"verification_mode":"continuous_gps","floor_level":null,"rep_point":[100.401998,13.879317]},"geometry":{"type":"MultiPolygon","coordinates":[[[[100.401504,13.87901],[100.402151,13.878766],[100.402493,13.879624],[100.401845,13.879867],[100.401504,13.87901]]]]}},
{"type":"Feature","id":"osm-w121239921","properties":{"id":"osm-w121239921","osm_id":121239921,"osm_type":"way","name":"จตุจักรพลาซ่า","name_en":"JatuJak Plaza","class":"attraction","classes_all":["attraction"],"tags":{"landuse":"retail","name":"จตุจักรพลาซ่า","name:en":"JatuJak Plaza","name:es":"Plaza Chatuchak","name:km":"ចតុចក្រផ្លាហ្សា","tourism":"attraction"},"area_m2":21571.3,"size_band":"medium","district":"เขตจตุจักร","district_en":"Chatuchak District","district_osm_id":1639286,"province":"กรุงเทพมหานคร","province_iso":"TH-10","multi_district":false,"reason_excluded":null,"reasons_all":[],"flags":[],"related_ids":{},"poi_inside":[{"id":"osm-n4536966589","osm_id":4536966589,"tag":"tourism=attraction","name":null}],"opening_hours":null,"verification_mode":"continuous_gps","floor_level":null,"rep_point":[100.549304,13.80066]},"geometry":{"type":"MultiPolygon","coordinates":[[[[100.548488,13.80134],[100.548541,13.800218],[100.549854,13.80022],[100.550322,13.8011],[100.549851,13.801383],[100.548488,13.80134]]]]}},
{"type":"Feature","id":"osm-w1220585394","properties":{"id":"osm-w1220585394","osm_id":1220585394,"osm_type":"way","name":"ซอยคาวบอย","name_en":"Soi Cowboy","class":"attraction","classes_all":["attraction"],"tags":{"landuse":"retail","name":"ซอยคาวบอย","name:en":"Soi Cowboy","name:ja":"ソイ カウボーイ","name:th":"ซอยคาวบอย","tourism":"attraction"},"area_m2":6686.0,"size_band":"small","district":"วัฒนา","district_en":"Vadhana District","district_osm_id":2938036,"province":"กรุงเทพมหานคร","province_iso":"TH-10","multi_district":false,"reason_excluded":null,"reasons_all":[],"flags":[],"related_ids":{},"poi_inside":[],"opening_hours":null,"verification_mode":"continuous_gps","floor_level":null,"rep_point":[100.562157,13.737029]},"geometry":{"type":"MultiPolygon","coordinates":[[[[100.561503,13.736896],[100.561701,13.736795],[100.56275,13.736706],[100.562801,13.737161],[100.561571,13.737259],[100.561503,13.736896]]]]}},
{"type":"Feature","id":"osm-w1222676252","properties":{"id":"osm-w1222676252","osm_id":1222676252,"osm_type":"way","name":"ตลาดนางลิ้นจี่","name_en":"Nang Linchi Fresh Market","class":"marketplace","classes_all":["marketplace"],"tags":{"amenity":"marketplace","name":"ตลาดนางลิ้นจี่","name:en":"Nang Linchi Fresh Market","name:th":"ตลาดนางลิ้นจี่"},"area_m2":6201.7,"size_band":"small","district":"เขตยานนาวา","district_en":"Yan Nawa District","district_osm_id":3147456,"province":"กรุงเทพมหานคร","province_iso":"TH-10","multi_district":false,"reason_excluded":null,"reasons_all":[],"flags":["contains_religious_feature"],"related_ids":{"blockers":{"health":{"ids":["osm-w1222892296"],"share":0.0116},"religious":{"ids":["osm-w1222889202"],"share":0.0044}},"religious_blockers":["osm-w1222889202"]},"poi_inside":[],"opening_hours":null,"verification_mode":"continuous_gps","floor_level":null,"rep_point":[100.5435,13.70783]},"geometry":{"type":"MultiPolygon","coordinates":[[[[100.543093,13.708172],[100.54358,13.707231],[100.543603,13.707242],[100.543625,13.707253],[100.544103,13.707617],[100.5441,13.707621],[100.54401,13.707746],[100.54366,13.707547],[100.543549,13.70773],[100.543882,13.707913],[100.543851,13.707969],[100.543642,13.708262],[100.54349,13.70846],[100.543245,13.708283],[100.543093,13.708172]]]]}},
{"type":"Feature","id":"osm-w1223261190","properties":{"id":"osm-w1223261190","osm_id":1223261190,"osm_type":"way","name":"สวนศิวาลัย","name_en":"Siwalai Garden","class":"garden","classes_all":["garden"],"tags":{"alt_name":"สวนขวา","alt_name:th":"สวนขวา","leisure":"garden","name":"สวนศิวาลัย","name:en":"Siwalai Garden","name:th":"สวนศิวาลัย"},"area_m2":9965.4,"size_band":"small","district":"เขตพระนคร","district_en":"Phra Nakhon District","district_osm_id":92053,"province":"กรุงเทพมหานคร","province_iso":"TH-10","multi_district":false,"reason_excluded":null,"reasons_all":[],"flags":[],"related_ids":{},"poi_inside":[],"opening_hours":null,"verification_mode":"continuous_gps","floor_level":null,"rep_point":[100.492991,13.749644]},"geometry":{"type":"MultiPolygon","coordinates":[[[[100.492471,13.750008],[100.492495,13.749218],[100.493546,13.749259],[100.493554,13.74928],[100.493437,13.750071],[100.493421,13.75009],[100.493391,13.750104],[100.493199,13.750084],[100.4931,13.750073],[100.492471,13.750008]]]]}},
{"type":"Feature","id":"osm-w1223261198","properties":{"id":"osm-w1223261198","osm_id":1223261198,"osm_type":"way","name":null,"name_en":null,"class":"garden","classes_all":["garden"],"tags":{"leisure":"garden"},"area_m2":3456.1,"size_band":"small","district":"เขตพระนคร","district_en":"Phra Nakhon District","district_osm_id":92053,"province":"กรุงเทพมหานคร","province_iso":"TH-10","multi_district":false,"reason_excluded":null,"reasons_all":[],"flags":[],"related_ids":{},"poi_inside":[],"opening_hours":null,"verification_mode":"continuous_gps","floor_level":null,"rep_point":[100.490903,13.74908]},"geometry":{"type":"MultiPolygon","coordinates":[[[[100.490667,13.749205],[100.490699,13.748898],[100.490815,13.748852],[100.490881,13.748848],[100.491121,13.74887],[100.491129,13.748788],[100.491658,13.748827],[100.491642,13.749253],[100.491642,13.749364],[100.491591,13.74936],[100.491605,13.749132],[100.49149,13.749117],[100.491494,13.748979],[100.491228,13.748975],[100.491187,13.749009],[100.491184,13.749061],[100.491126,13.749058],[100.491124,13.749107],[100.491026,13.749099],[100.491013,13.74933],[100.490982,13.749328],[100.490934,13.749316],[100.490906,13.749304],[100.490867,13.749252],[100.490825,13.749212],[100.490785,13.749213],[100.490751,13.749223],[100.490667,13.749205]]]]}},
{"type":"Feature","id":"osm-w1224439620","properties":{"id":"osm-w1224439620","osm_id":1224439620,"osm_type":"way","name":"ป้อมผีเสื้อสมุทร","name_en":"Phi Suea Samut Fort","class":"park","classes_all":["park","historic"],"tags":{"fee":"yes","historic":"fort","leisure":"park","name":"ป้อมผีเสื้อสมุทร","name:en":"Phi Suea Samut Fort","name:th":"ป้อมผีเสื้อสมุทร","tourism":"museum","wikidata":"Q16304359","wikipedia":"th:ป้อมผีเสื้อสมุทร"},"area_m2":21559.6,"size_band":"medium","district":"อำเภอพระสมุทรเจดีย์","district_en":"Phra Samut Chedi District","district_osm_id":10958328,"province":"จังหวัดสมุทรปราการ","province_iso":"TH-11","multi_district":false,"reason_excluded":null,"reasons_all":[],"flags":["contains_religious_feature","crosses_major_way"],"related_ids":{"blockers":{"religious":{"ids":["osm-w1224445650"],"share":0.0012}},"major_ways":["osm-w1224439619"],"religious_blockers":["osm-w1224445650"]},"poi_inside":[{"id":"osm-n11355625919","osm_id":11355625919,"tag":"tourism=attraction","name":"กำแพงเก่า"},{"id":"osm-n11355625920","osm_id":11355625920,"tag":"historic=cannon","name":"หลุมปืนเสือหมอบ"},{"id":"osm-n11355625921","osm_id":11355625921,"tag":"historic=cannon","name":"หลุมปืนเสือหมอบ"},{"id":"osm-n11355625922","osm_id":11355625922,"tag":"historic=cannon","name":"หลุมปืนเสือหมอบ"},{"id":"osm-n11355625950","osm_id":11355625950,"tag":"historic=yes","name":"โขนเรือโบราณ"}],"opening_hours":null,"verification_mode":"continuous_gps","floor_level":null,"rep_point":[100.587542,13.595293]},"geometry":{"type":"MultiPolygon","coordinates":[[[[100.586709,13.595564],[100.586726,13.59548],[100.586769,13.595364],[100.586795,13.595222],[100.586788,13.595187],[100.586769,13.595097],[100.586821,13.59503],[100.587044,13.595013],[100.587138,13.59493],[100.587276,13.594771],[100.587391,13.594627],[100.587417,13.594625],[100.587804,13.594851],[100.588056,13.594806],[100.588132,13.594678],[100.588155,13.59469],[100.588168,13.594668],[100.58819,13.59468],[100.588206,13.594653],[100.588358,13.594739],[100.588342,13.594765],[100.588369,13.594781],[100.588356,13.594802],[100.588382,13.594817],[100.588315,13.594928],[100.588371,13.595182],[100.58828,13.595199],[100.588401,13.595708],[100.588392,13.59579],[100.588361,13.595841],[100.588314,13.595869],[100.58819,13.595871],[100.587015,13.596083],[100.586942,13.595933],[100.586896,13.595762],[100.586746,13.595788],[100.586735,13.595756],[100.586709,13.595564]]]]}},
{"type":"Feature","id":"osm-w1226419521","properties":{"id":"osm-w1226419521","osm_id":1226419521,"osm_type":"way","name":null,"name_en":null,"class":"garden","classes_all":["garden"],"tags":{"leisure":"garden"},"area_m2":5942.8,"size_band":"small","district":"เขตบึงกุ่ม","district_en":"Bueng Kum District","district_osm_id":2946805,"province":"กรุงเทพมหานคร","province_iso":"TH-10","multi_district":false,"reason_excluded":null,"reasons_all":[],"flags":[],"related_ids":{},"poi_inside":[],"opening_hours":null,"verification_mode":"continuous_gps","floor_level":null,"rep_point":[100.632698,13.835168]},"geometry":{"type":"MultiPolygon","coordinates":[[[[100.632235,13.835245],[100.632271,13.8352],[100.632302,13.835135],[100.632336,13.83499],[100.632336,13.83489],[100.632346,13.834807],[100.632418,13.834781],[100.632537,13.834777],[100.633016,13.834821],[100.63316,13.834834],[100.633101,13.835228],[100.632983,13.835288],[100.632432,13.835568],[100.632235,13.835245]]]]}},
{"type":"Feature","id":"osm-w1227092303","properties":{"id":"osm-w1227092303","osm_id":1227092303,"osm_type":"way","name":"สวนลุงสรณ์","name_en":"Uncle Sorn's Park","class":"garden","classes_all":["garden"],"tags":{"description":"พื้นที่สีเขียวประเภทสวน ลุงศรณ์ เป็นชาวสวนคนเดียวในบางกอกใหญ่ที่ลงทะเบียนเป็นเกษตรกรในเขตบางกอกใหญ่ ในพื้นที่สวนมีศาลาที่สามารถสัมนาอบรมเล็กๆเพื่อให้ความรู้เกี่ยวกับสวนและวิถีเกษตรในเมืองด้วย","garden:type":"community","leisure":"garden","name":"สวนลุงสรณ์","name:en":"Uncle Sorn's Park"},"area_m2":7921.5,"size_band":"small","district":"เขตบางกอกใหญ่","district_en":"Bangkok Yai District","district_osm_id":2939953,"province":"กรุงเทพมหานคร","province_iso":"TH-10","multi_district":false,"reason_excluded":null,"reasons_all":[],"flags":[],"related_ids":{},"poi_inside":[],"opening_hours":null,"verification_mode":"continuous_gps","floor_level":null,"rep_point":[100.466153,13.737825]},"geometry":{"type":"MultiPolygon","coordinates":[[[[100.465561,13.738119],[100.465586,13.737514],[100.465986,13.737501],[100.466595,13.737511],[100.466595,13.737672],[100.46671,13.737676],[100.466711,13.737739],[100.466736,13.73774],[100.46673,13.737911],[100.466658,13.737913],[100.466652,13.738043],[100.466554,13.738046],[100.466553,13.738121],[100.465561,13.738119]]]]}},
{"type":"Feature","id":"osm-w1229625907","properties":{"id":"osm-w1229625907","osm_id":1229625907,"osm_type":"way","name":null,"name_en":null,"class":"marketplace","classes_all":["marketplace"],"tags":{"amenity":"marketplace"},"area_m2":47085.1,"size_band":"medium","district":"เขตทวีวัฒนา","district_en":"Thawi Watthana District","district_osm_id":2939955,"province":"กรุงเทพมหานคร","province_iso":"TH-10","multi_district":false,"reason_excluded":null,"reasons_all":[],"flags":[],"related_ids":{},"poi_inside":[{"id":"osm-n11497369669","osm_id":11497369669,"tag":"tourism=attraction","name":null}],"opening_hours":null,"verification_mode":"continuous_gps","floor_level":null,"rep_point":[100.397321,13.785616]},"geometry":{"type":"MultiPolygon","coordinates":[[[[100.396206,13.785224],[100.396238,13.784641],[100.398272,13.784416],[100.39843,13.786338],[100.398213,13.786348],[100.398182,13.786008],[100.396897,13.786128],[100.396933,13.78711],[100.396263,13.787],[100.396221,13.786599],[100.396247,13.786143],[100.396356,13.786113],[100.396206,13.785224]]]]}},
{"type":"Feature","id":"osm-w1229625948","properties":{"id":"osm-w1229625948","osm_id":1229625948,"osm_type":"way","name":null,"name_en":null,"class":"garden","classes_all":["garden"],"tags":{"leisure":"garden"},"area_m2":5353.9,"size_band":"small","district":"เขตทวีวัฒนา","district_en":"Thawi Watthana District","district_osm_id":2939955,"province":"กรุงเทพมหานคร","province_iso":"TH-10","multi_district":false,"reason_excluded":null,"reasons_all":[],"flags":[],"related_ids":{},"poi_inside":[],"opening_hours":null,"verification_mode":"continuous_gps","floor_level":null,"rep_point":[100.356244,13.778196]},"geometry":{"type":"MultiPolygon","coordinates":[[[[100.355204,13.778271],[100.355214,13.778056],[100.357286,13.778122],[100.357271,13.778338],[100.355204,13.778271]]]]}},
{"type":"Feature","id":"osm-w1229625984","properties":{"id":"osm-w1229625984","osm_id":1229625984,"osm_type":"way","name":null,"name_en":null,"class":"pitch","classes_all":["pitch"],"tags":{"leisure":"pitch","sport":"soccer"},"area_m2":7493.2,"size_band":"small","district":"เขตทวีวัฒนา","district_en":"Thawi Watthana District","district_osm_id":2939955,"province":"กรุงเทพมหานคร","province_iso":"TH-10","multi_district":false,"reason_excluded":null,"reasons_all":[],"flags":[],"related_ids":{},"poi_inside":[],"opening_hours":null,"verification_mode":"continuous_gps","floor_level":null,"rep_point":[100.337456,13.781464]},"geometry":{"type":"MultiPolygon","coordinates":[[[[100.336929,13.781718],[100.33702,13.78108],[100.337983,13.781209],[100.337892,13.781848],[100.336929,13.781718]]]]}},
{"type":"Feature","id":"osm-w1229911130","properties":{"id":"osm-w1229911130","osm_id":1229911130,"osm_type":"way","name":"ตลาดหัวถนน","name_en":null,"class":"marketplace","classes_all":["marketplace"],"tags":{"amenity":"marketplace","name":"ตลาดหัวถนน"},"area_m2":41520.5,"size_band":"medium","district":"อำเภอบางพลี","district_en":"Bang Phli District","district_osm_id":11580982,"province":"จังหวัดสมุทรปราการ","province_iso":"TH-11","multi_district":false,"reason_excluded":null,"reasons_all":[],"flags":[],"related_ids":{},"poi_inside":[],"opening_hours":null,"verification_mode":"continuous_gps","floor_level":null,"rep_point":[100.676347,13.607899]},"geometry":{"type":"MultiPolygon","coordinates":[[[[100.675378,13.60723],[100.676408,13.60681],[100.676539,13.607235],[100.676634,13.607277],[100.676828,13.607292],[100.677213,13.608505],[100.677475,13.609418],[100.676129,13.60973],[100.675787,13.609021],[100.676089,13.608847],[100.675378,13.60723]]]]}},
{"type":"Feature","id":"osm-w1229911131","properties":{"id":"osm-w1229911131","osm_id":1229911131,"osm_type":"way","name":"ตลาดรถไฟขจรวิทย์","name_en":null,"class":"marketplace","classes_all":["marketplace"],"tags":{"amenity":"marketplace","name":"ตลาดรถไฟขจรวิทย์"},"area_m2":5525.4,"size_band":"small","district":"อำเภอบางพลี","district_en":"Bang Phli District","district_osm_id":11580982,"province":"จังหวัดสมุทรปราการ","province_iso":"TH-11","multi_district":false,"reason_excluded":null,"reasons_all":[],"flags":[],"related_ids":{},"poi_inside":[],"opening_hours":null,"verification_mode":"continuous_gps","floor_level":null,"rep_point":[100.675677,13.60877]},"geometry":{"type":"MultiPolygon","coordinates":[[[[100.675373,13.608716],[100.675724,13.608606],[100.675391,13.607845],[100.675542,13.607796],[100.675982,13.608825],[100.675728,13.608956],[100.675716,13.609011],[100.676027,13.609754],[100.67585,13.609816],[100.675373,13.608716]]]]}},
{"type":"Feature","id":"osm-w1231698744","properties":{"id":"osm-w1231698744","osm_id":1231698744,"osm_type":"way","name":"สวนเฉลิมพัฒน์","name_en":"Chaloem Pat Park","class":"park","classes_all":["park"],"tags":{"leisure":"park","name":"สวนเฉลิมพัฒน์","name:en":"Chaloem Pat Park","name:th":"สวนเฉลิมพัฒน์"},"area_m2":4209.9,"size_band":"small","district":"เขตประเวศ","district_en":"Prawet District","district_osm_id":3146414,"province":"กรุงเทพมหานคร","province_iso":"TH-10","multi_district":false,"reason_excluded":null,"reasons_all":[],"flags":[],"related_ids":{},"poi_inside":[],"opening_hours":null,"verification_mode":"continuous_gps","floor_level":null,"rep_point":[100.674969,13.699657]},"geometry":{"type":"MultiPolygon","coordinates":[[[[100.674719,13.699942],[100.674722,13.699787],[100.674821,13.699336],[100.67489,13.69907],[100.67494,13.698926],[100.674966,13.699152],[100.675005,13.699249],[100.675143,13.699533],[100.675233,13.699781],[100.675239,13.699861],[100.675214,13.69992],[100.675166,13.699978],[100.674972,13.70012],[100.674894,13.700164],[100.674829,13.700118],[100.674751,13.700039],[100.674719,13.699942]]]]}},
{"type":"Feature","id":"osm-w1232602701","properties":{"id":"osm-w1232602701","osm_id":1232602701,"osm_type":"way","name":"สนามจักรยาน","name_en":"Bicycle Pitch","class":"pitch","classes_all":["pitch"],"tags":{"leisure":"pitch","name":"สนามจักรยาน","name:en":"Bicycle Pitch","name:th":"สนามจักรยาน","sport":"athletics;soccer;boules"},"area_m2":6743.9,"size_band":"small","district":"เขตบางกะปิ","district_en":"Bang Kapi District","district_osm_id":2939952,"province":"กรุงเทพมหานคร","province_iso":"TH-10","multi_district":false,"reason_excluded":null,"reasons_all":[],"flags":[],"related_ids":{},"poi_inside":[],"opening_hours":null,"verification_mode":"continuous_gps","floor_level":null,"rep_point":[100.625869,13.757788]},"geometry":{"type":"MultiPolygon","coordinates":[[[[100.62556,13.758195],[100.625564,13.758134],[100.62562,13.757671],[100.62564,13.757512],[100.625671,13.757415],[100.625722,13.757346],[100.625782,13.757299],[100.625866,13.757271],[100.62595,13.757276],[100.626013,13.757298],[100.626074,13.757343],[100.626123,13.757404],[100.626146,13.757471],[100.626158,13.757539],[100.62612,13.757904],[100.626104,13.758048],[100.62608,13.758231],[100.626056,13.758308],[100.626009,13.758383],[100.625954,13.758428],[100.625896,13.758456],[100.625832,13.758473],[100.625775,13.758468],[100.625717,13.758447],[100.62566,13.758414],[100.625622,13.758367],[100.625593,13.758323],[100.62557,13.758263],[100.62556,13.758195]]]]}},
{"type":"Feature","id":"osm-w1233468944","properties":{"id":"osm-w1233468944","osm_id":1233468944,"osm_type":"way","name":"สวนส่งเสริมสุขภาพ GLO Park","name_en":null,"class":"park","classes_all":["park"],"tags":{"leisure":"park","name":"สวนส่งเสริมสุขภาพ GLO Park","opening_hours":"Mo-Fr 05:30-19:30","operator":"สำนักงานสลากกินแบ่งรัฐบาล","operator:type":"government","website":"https://www.facebook.com/profile.php?id=61551001562199"},"area_m2":39118.7,"size_band":"medium","district":"อำเภอเมืองนนทบุรี","district_en":"Mueang Nonthaburi District","district_osm_id":2688300,"province":"จังหวัดนนทบุรี","province_iso":"TH-12","multi_district":false,"reason_excluded":null,"reasons_all":[],"flags":[],"related_ids":{},"poi_inside":[],"opening_hours":"Mo-Fr 05:30-19:30","verification_mode":"continuous_gps","floor_level":null,"rep_point":[100.50537,13.885153]},"geometry":{"type":"MultiPolygon","coordinates":[[[[100.503729,13.886],[100.50445,13.885743],[100.504332,13.885275],[100.504981,13.885108],[100.504869,13.884811],[100.504995,13.884782],[100.504855,13.884368],[100.505011,13.884318],[100.506537,13.88383],[100.506583,13.883817],[100.506909,13.884901],[100.506234,13.885021],[100.505832,13.885198],[100.505504,13.885402],[100.505649,13.88586],[100.503789,13.886428],[100.503774,13.88629],[100.503729,13.886]]]]}},
{"type":"Feature","id":"osm-w1236048266","properties":{"id":"osm-w1236048266","osm_id":1236048266,"osm_type":"way","name":null,"name_en":null,"class":"pitch","classes_all":["pitch"],"tags":{"leisure":"pitch"},"area_m2":3481.7,"size_band":"small","district":"อำเภอเมืองนครปฐม","district_en":"Mueang Nakhon Pathom District","district_osm_id":18931445,"province":"จังหวัดนครปฐม","province_iso":"TH-73","multi_district":false,"reason_excluded":null,"reasons_all":[],"flags":[],"related_ids":{},"poi_inside":[],"opening_hours":null,"verification_mode":"continuous_gps","floor_level":null,"rep_point":[100.104125,13.813832]},"geometry":{"type":"MultiPolygon","coordinates":[[[[100.103889,13.813521],[100.104353,13.813515],[100.104362,13.814142],[100.103898,13.814149],[100.103889,13.813521]]]]}},
{"type":"Feature","id":"osm-w1236287963","properties":{"id":"osm-w1236287963","osm_id":1236287963,"osm_type":"way","name":"ศูนย์เรียนรู้ป่าชายเลนบางขุนเทียน","name_en":null,"class":"park","classes_all":["park"],"tags":{"leisure":"park","name":"ศูนย์เรียนรู้ป่าชายเลนบางขุนเทียน","name:th":"ศูนย์เรียนรู้ป่าชายเลนบางขุนเทียน","natural":"wetland","wetland":"mangrove"},"area_m2":141868.4,"size_band":"large","district":"เขตบางขุนเทียน","district_en":"Bang Khun Thian District","district_osm_id":3147313,"province":"กรุงเทพมหานคร","province_iso":"TH-10","multi_district":false,"reason_excluded":null,"reasons_all":[],"flags":[],"related_ids":{},"poi_inside":[],"opening_hours":null,"verification_mode":"continuous_gps","floor_level":null,"rep_point":[100.424602,13.496463]},"geometry":{"type":"MultiPolygon","coordinates":[[[[100.42151,13.494861],[100.42388,13.49523],[100.42731,13.495766],[100.427275,13.496177],[100.427266,13.496286],[100.427191,13.49664],[100.426431,13.49727],[100.426332,13.49734],[100.425992,13.497582],[100.425648,13.497912],[100.42498,13.497747],[100.423801,13.497824],[100.422742,13.49733],[100.422434,13.497297],[100.422417,13.497712],[100.422386,13.497721],[100.422367,13.497714],[100.422359,13.497684],[100.42237,13.497568],[100.42237,13.497444],[100.422355,13.497291],[100.422097,13.497273],[100.421954,13.497262],[100.421956,13.497184],[100.421969,13.49672],[100.421983,13.496242],[100.421989,13.496001],[100.421764,13.495973],[100.421521,13.494956],[100.42151,13.494861]]]]}},
{"type":"Feature","id":"osm-w1238901157","properties":{"id":"osm-w1238901157","osm_id":1238901157,"osm_type":"way","name":null,"name_en":null,"class":"garden","classes_all":["garden"],"tags":{"leisure":"garden"},"area_m2":4610.3,"size_band":"small","district":"เขตบางคอแหลม","district_en":"Bang Kho Laem District","district_osm_id":3147455,"province":"กรุงเทพมหานคร","province_iso":"TH-10","multi_district":false,"reason_excluded":null,"reasons_all":[],"flags":[],"related_ids":{},"poi_inside":[],"opening_hours":null,"verification_mode":"continuous_gps","floor_level":null,"rep_point":[100.520899,13.693004]},"geometry":{"type":"MultiPolygon","coordinates":[[[[100.520489,13.692569],[100.520752,13.69242],[100.52099,13.692811],[100.520969,13.692832],[100.521371,13.693554],[100.521098,13.693676],[100.520883,13.69327],[100.520838,13.693267],[100.520795,13.693213],[100.52083,13.693176],[100.520489,13.692569]]]]}},
{"type":"Feature","id":"osm-w1239043273","properties":{"id":"osm-w1239043273","osm_id":1239043273,"osm_type":"way","name":null,"name_en":null,"class":"pitch","classes_all":["pitch"],"tags":{"access":"customers","covered":"yes","leisure":"pitch","lit":"yes","sport":"soccer","surface":"artificial_turf"},"area_m2":4860.7,"size_band":"small","district":"เขตยานนาวา","district_en":"Yan Nawa District","district_osm_id":3147456,"province":"กรุงเทพมหานคร","province_iso":"TH-10","multi_district":false,"reason_excluded":null,"reasons_all":[],"flags":[],"related_ids":{},"poi_inside":[],"opening_hours":null,"verification_mode":"continuous_gps","floor_level":null,"rep_point":[100.522208,13.683908]},"geometry":{"type":"MultiPolygon","coordinates":[[[[100.521724,13.683971],[100.522383,13.683465],[100.522692,13.683845],[100.522033,13.684351],[100.521724,13.683971]]]]}},
{"type":"Feature","id":"osm-w1239453468","properties":{"id":"osm-w1239453468","osm_id":1239453468,"osm_type":"way","name":"สวนชนบท","name_en":null,"class":"garden","classes_all":["garden"],"tags":{"leisure":"garden","name":"สวนชนบท","name:th":"สวนชนบท"},"area_m2":12676.8,"size_band":"medium","district":"อำเภอบางพลี","district_en":"Bang Phli District","district_osm_id":11580982,"province":"จังหวัดสมุทรปราการ","province_iso":"TH-11","multi_district":false,"reason_excluded":null,"reasons_all":[],"flags":[],"related_ids":{},"poi_inside":[],"opening_hours":null,"verification_mode":"continuous_gps","floor_level":null,"rep_point":[100.747826,13.693101]},"geometry":{"type":"MultiPolygon","coordinates":[[[[100.747296,13.692528],[100.748021,13.692348],[100.748068,13.692524],[100.748082,13.692578],[100.748311,13.693445],[100.748328,13.693509],[100.748373,13.69368],[100.748304,13.693712],[100.747628,13.693876],[100.747346,13.692758],[100.747296,13.692528]]]]}},
{"type":"Feature","id":"osm-w1240215870","properties":{"id":"osm-w1240215870","osm_id":1240215870,"osm_type":"way","name":null,"name_en":null,"class":"pitch","classes_all":["pitch"],"tags":{"leisure":"pitch"},"area_m2":4121.5,"size_band":"small","district":"อำเภอเมืองสมุทรปราการ","district_en":"Mueang Samut Prakan District","district_osm_id":11580983,"province":"จังหวัดสมุทรปราการ","province_iso":"TH-11","multi_district":false,"reason_excluded":null,"reasons_all":[],"flags":[],"related_ids":{},"poi_inside":[],"opening_hours":null,"verification_mode":"continuous_gps","floor_level":null,"rep_point":[100.620693,13.626067]},"geometry":{"type":"MultiPolygon","coordinates":[[[[100.620258,13.626019],[100.620905,13.625695],[100.621128,13.626115],[100.620481,13.626439],[100.620258,13.626019]]]]}},
{"type":"Feature","id":"osm-w1241150600","properties":{"id":"osm-w1241150600","osm_id":1241150600,"osm_type":"way","name":null,"name_en":null,"class":"garden","classes_all":["garden"],"tags":{"access":"yes","fee":"yes","garden:type":"community","leisure":"garden"},"area_m2":64738.0,"size_band":"large","district":"อำเภอพระประแดง","district_en":"Phra Pradaeng District","district_osm_id":11580984,"province":"จังหวัดสมุทรปราการ","province_iso":"TH-11","multi_district":false,"reason_excluded":null,"reasons_all":[],"flags":["crosses_major_way"],"related_ids":{"major_ways":["osm-w153714078"]},"poi_inside":[],"opening_hours":null,"verification_mode":"continuous_gps","floor_level":null,"rep_point":[100.540673,13.647473]},"geometry":{"type":"MultiPolygon","coordinates":[[[[100.539486,13.64766],[100.539622,13.646824],[100.540222,13.64627],[100.540709,13.646129],[100.541297,13.645982],[100.541807,13.645935],[100.541839,13.645977],[100.541678,13.646357],[100.541699,13.646707],[100.541721,13.646874],[100.541844,13.647285],[100.541796,13.64789],[100.541654,13.648556],[100.541125,13.649287],[100.541072,13.649245],[100.539956,13.648291],[100.539765,13.648112],[100.539486,13.64766]]]]}},
{"type":"Feature","id":"osm-w1241667805","properties":{"id":"osm-w1241667805","osm_id":1241667805,"osm_type":"way","name":"เซพวันโก","name_en":"Save One Go Market","class":"marketplace","classes_all":["marketplace"],"tags":{"amenity":"marketplace","name":"เซพวันโก","name:en":"Save One Go Market"},"area_m2":63574.5,"size_band":"large","district":"เขตสายไหม","district_en":"Sai Mai District","district_osm_id":2938035,"province":"กรุงเทพมหานคร","province_iso":"TH-10","multi_district":false,"reason_excluded":null,"reasons_all":[],"flags":[],"related_ids":{"blockers":{"military":{"ids":["osm-r20046431"],"share":0.0}}},"poi_inside":[],"opening_hours":null,"verification_mode":"continuous_gps","floor_level":null,"rep_point":[100.628314,13.926475]},"geometry":{"type":"MultiPolygon","coordinates":[[[[100.626689,13.925896],[100.62847,13.924987],[100.628574,13.925431],[100.627774,13.9258],[100.627999,13.926309],[100.629785,13.926219],[100.629903,13.92732],[100.629769,13.927678],[100.626954,13.927656],[100.626855,13.927583],[100.626788,13.927416],[100.626807,13.927234],[100.626839,13.926864],[100.626831,13.926625],[100.626802,13.926325],[100.626742,13.926018],[100.626689,13.925896]]]]}},
{"type":"Feature","id":"osm-w1243380787","properties":{"id":"osm-w1243380787","osm_id":1243380787,"osm_type":"way","name":"ตลาดคลองเชิงตาแพ","name_en":"Khlong Chenrg Ta Phae Marketplace","class":"marketplace","classes_all":["marketplace"],"tags":{"amenity":"marketplace","landuse":"retail","name":"ตลาดคลองเชิงตาแพ","name:en":"Khlong Chenrg Ta Phae Marketplace","name:th":"ตลาดคลองเชิงตาแพ"},"area_m2":8228.9,"size_band":"small","district":"เขตบางขุนเทียน","district_en":"Bang Khun Thian District","district_osm_id":3147313,"province":"กรุงเทพมหานคร","province_iso":"TH-10","multi_district":false,"reason_excluded":null,"reasons_all":[],"flags":[],"related_ids":{},"poi_inside":[],"opening_hours":null,"verification_mode":"continuous_gps","floor_level":null,"rep_point":[100.419505,13.558062]},"geometry":{"type":"MultiPolygon","coordinates":[[[[100.419172,13.558834],[100.41918,13.558763],[100.419318,13.55832],[100.419354,13.557959],[100.41941,13.557544],[100.419487,13.557552],[100.419504,13.557338],[100.419336,13.55733],[100.419455,13.556932],[100.41965,13.556963],[100.419766,13.556971],[100.419742,13.557276],[100.419657,13.558164],[100.419616,13.559123],[100.41957,13.559122],[100.4195,13.559088],[100.419514,13.558912],[100.419378,13.55891],[100.419381,13.558882],[100.41919,13.55886],[100.419192,13.558834],[100.419172,13.558834]]]]}},
{"type":"Feature","id":"osm-w1244115828","properties":{"id":"osm-w1244115828","osm_id":1244115828,"osm_type":"way","name":null,"name_en":null,"class":"park","classes_all":["park"],"tags":{"leisure":"park"},"area_m2":4711.7,"size_band":"small","district":"เขตบึงกุ่ม","district_en":"Bueng Kum District","district_osm_id":2946805,"province":"กรุงเทพมหานคร","province_iso":"TH-10","multi_district":false,"reason_excluded":null,"reasons_all":[],"flags":[],"related_ids":{},"poi_inside":[],"opening_hours":null,"verification_mode":"continuous_gps","floor_level":null,"rep_point":[100.652386,13.798727]},"geometry":{"type":"MultiPolygon","coordinates":[[[[100.651954,13.798907],[100.65239,13.798251],[100.652411,13.798286],[100.652608,13.798605],[100.652787,13.798848],[100.652426,13.799206],[100.651954,13.798907]]]]}},
{"type":"Feature","id":"osm-w1244631352","properties":{"id":"osm-w1244631352","osm_id":1244631352,"osm_type":"way","name":"สวนเฉลิมพระเกียรติสมเด็จย่า","name_en":"Somdej Ya Chaloem Phrakiat Park","class":"park","classes_all":["park"],"tags":{"leisure":"park","name":"สวนเฉลิมพระเกียรติสมเด็จย่า","name:en":"Somdej Ya Chaloem Phrakiat Park","name:th":"สวนเฉลิมพระเกียรติสมเด็จย่า"},"area_m2":13899.7,"size_band":"medium","district":"เขตคลองเตย","district_en":"Khlong Toei District","district_osm_id":2938033,"province":"กรุงเทพมหานคร","province_iso":"TH-10","multi_district":false,"reason_excluded":null,"reasons_all":[],"flags":[],"related_ids":{},"poi_inside":[],"opening_hours":null,"verification_mode":"continuous_gps","floor_level":null,"rep_point":[100.555254,13.71588]},"geometry":{"type":"MultiPolygon","coordinates":[[[[100.554674,13.716513],[100.554696,13.716363],[100.554782,13.71612],[100.554848,13.715925],[100.55494,13.715742],[100.55499,13.715568],[100.555047,13.715382],[100.555074,13.715276],[100.555057,13.714968],[100.555035,13.714836],[100.55503,13.714792],[100.555069,13.71479],[100.555326,13.715075],[100.55559,13.71535],[100.555637,13.715441],[100.555658,13.715593],[100.55566,13.715608],[100.555645,13.715836],[100.5556,13.716088],[100.555471,13.716355],[100.555112,13.71676],[100.554955,13.716879],[100.554879,13.716917],[100.554826,13.716921],[100.554781,13.716881],[100.554748,13.716813],[100.554709,13.716704],[100.554674,13.716587],[100.554674,13.716513]]]]}},
{"type":"Feature","id":"osm-w1247208993","properties":{"id":"osm-w1247208993","osm_id":1247208993,"osm_type":"way","name":"สวนเฉลิมพระเกียรติฯ 80 พรรษา","name_en":"80th Anniversary Celebration Garden","class":"park","classes_all":["park"],"tags":{"leisure":"park","name":"สวนเฉลิมพระเกียรติฯ 80 พรรษา","name:en":"80th Anniversary Celebration Garden","name:th":"สวนเฉลิมพระเกียรติฯ 80 พรรษา"},"area_m2":73988.0,"size_band":"large","district":"อำเภอพระประแดง","district_en":"Phra Pradaeng District","district_osm_id":11580984,"province":"จังหวัดสมุทรปราการ","province_iso":"TH-11","multi_district":false,"reason_excluded":null,"reasons_all":[],"flags":[],"related_ids":{},"poi_inside":[],"opening_hours":null,"verification_mode":"continuous_gps","floor_level":null,"rep_point":[100.550446,13.661414]},"geometry":{"type":"MultiPolygon","coordinates":[[[[100.548711,13.661314],[100.548826,13.661268],[100.548868,13.661264],[100.548954,13.661214],[100.549028,13.661175],[100.549063,13.661225],[100.549114,13.661258],[100.549162,13.661307],[100.549182,13.661362],[100.549294,13.66135],[100.549272,13.661246],[100.549217,13.66115],[100.549226,13.661008],[100.54932,13.661016],[100.54944,13.660991],[100.549509,13.660958],[100.549652,13.661067],[100.549732,13.6611],[100.549784,13.661033],[100.549767,13.660926],[100.549801,13.660792],[100.549887,13.660724],[100.549916,13.660708],[100.549998,13.660659],[100.550127,13.660608],[100.550318,13.660441],[100.550443,13.660394],[100.550544,13.660387],[100.550603,13.660279],[100.550825,13.660191],[100.551113,13.660191],[100.551305,13.660085],[100.551484,13.660036],[100.551586,13.660057],[100.551748,13.660165],[100.551998,13.660152],[100.552046,13.66015],[100.552078,13.660283],[100.552246,13.660989],[100.552167,13.661326],[100.552125,13.661505],[100.551975,13.662394],[100.551305,13.662351],[100.551178,13.662342],[100.551165,13.662266],[100.550015,13.662772],[100.549733,13.662817],[100.549673,13.662744],[100.549258,13.662244],[100.549085,13.66177],[100.548911,13.661584],[100.548763,13.661465],[100.548711,13.661314]]]]}},
{"type":"Feature","id":"osm-w1250152337","properties":{"id":"osm-w1250152337","osm_id":1250152337,"osm_type":"way","name":"ตลาดนัดปากซอยพัฒนาชนบท 3","name_en":null,"class":"marketplace","classes_all":["marketplace"],"tags":{"amenity":"marketplace","landuse":"residential","name":"ตลาดนัดปากซอยพัฒนาชนบท 3","name:th":"ตลาดนัดปากซอยพัฒนาชนบท 3"},"area_m2":9592.7,"size_band":"small","district":"เขตลาดกระบัง","district_en":"Lat Krabang District","district_osm_id":3147500,"province":"กรุงเทพมหานคร","province_iso":"TH-10","multi_district":false,"reason_excluded":null,"reasons_all":[],"flags":[],"related_ids":{},"poi_inside":[],"opening_hours":null,"verification_mode":"continuous_gps","floor_level":null,"rep_point":[100.715372,13.732392]},"geometry":{"type":"MultiPolygon","coordinates":[[[[100.714534,13.732592],[100.714536,13.732519],[100.714543,13.732238],[100.714548,13.732205],[100.71546,13.732236],[100.715822,13.732264],[100.71585,13.73191],[100.716232,13.731923],[100.716189,13.732684],[100.714534,13.732592]]]]}},
{"type":"Feature","id":"osm-w1251537586","properties":{"id":"osm-w1251537586","osm_id":1251537586,"osm_type":"way","name":null,"name_en":null,"class":"garden","classes_all":["garden"],"tags":{"leisure":"garden"},"area_m2":5097.9,"size_band":"small","district":"เขตวังทองหลาง","district_en":"Wang Thonglang District","district_osm_id":2939956,"province":"กรุงเทพมหานคร","province_iso":"TH-10","multi_district":false,"reason_excluded":null,"reasons_all":[],"flags":[],"related_ids":{},"poi_inside":[],"opening_hours":null,"verification_mode":"continuous_gps","floor_level":null,"rep_point":[100.602949,13.760695]},"geometry":{"type":"MultiPolygon","coordinates":[[[[100.600432,13.762725],[100.601363,13.761965],[100.602388,13.761105],[100.603568,13.760132],[100.603508,13.75995],[100.603069,13.759175],[100.60273,13.75883],[100.602957,13.758677],[100.603301,13.759397],[100.603647,13.760098],[100.60365,13.760178],[100.603524,13.760285],[100.600455,13.762742],[100.600432,13.762725]]]]}},
{"type":"Feature","id":"osm-w1251921011","properties":{"id":"osm-w1251921011","osm_id":1251921011,"osm_type":"way","name":null,"name_en":null,"class":"garden","classes_all":["garden"],"tags":{"leisure":"garden"},"area_m2":27674.8,"size_band":"medium","district":"เขตลาดกระบัง","district_en":"Lat Krabang District","district_osm_id":3147500,"province":"กรุงเทพมหานคร","province_iso":"TH-10","multi_district":false,"reason_excluded":null,"reasons_all":[],"flags":[],"related_ids":{},"poi_inside":[],"opening_hours":null,"verification_mode":"continuous_gps","floor_level":null,"rep_point":[100.758629,13.730926]},"geometry":{"type":"MultiPolygon","coordinates":[[[[100.756903,13.730152],[100.757102,13.730152],[100.757258,13.730151],[100.757348,13.730149],[100.757532,13.730156],[100.75772,13.730171],[100.757852,13.730183],[100.757984,13.730201],[100.758112,13.730221],[100.758292,13.730254],[100.758179,13.73028],[100.7581,13.730307],[100.758048,13.730336],[100.758007,13.730362],[100.758037,13.730402],[100.75808,13.730458],[100.75812,13.730434],[100.758154,13.730416],[100.758186,13.730402],[100.758252,13.730384],[100.758324,13.730375],[100.758393,13.730373],[100.758472,13.730376],[100.758562,13.730388],[100.75864,13.730404],[100.758723,13.730424],[100.758872,13.730462],[100.759109,13.730525],[100.759238,13.730557],[100.759326,13.730578],[100.759403,13.730594],[100.759499,13.730614],[100.759647,13.730632],[100.759729,13.73064],[100.75986,13.730662],[100.759643,13.730806],[100.75961,13.730968],[100.759557,13.731023],[100.759496,13.731098],[100.759408,13.731231],[100.759314,13.731352],[100.759229,13.73145],[100.759152,13.731522],[100.759052,13.731585],[100.758935,13.731641],[100.758777,13.731685],[100.75865,13.731699],[100.758533,13.731699],[100.758448,13.731692],[100.758335,13.731669],[100.758192,13.731623],[100.758054,13.731549],[100.757974,13.73149],[100.757899,13.731415],[100.757838,13.731341],[100.757793,13.731272],[100.757738,13.731178],[100.7577,13.73109],[100.757654,13.730971],[100.757625,13.730884],[100.757603,13.730815],[100.757542,13.730676],[100.757466,13.730524],[100.75741,13.73043],[100.757313,13.730324],[100.757178,13.730239],[100.757127,13.730208],[100.757062,13.730187],[100.756903,13.730152]]]]}},
{"type":"Feature","id":"osm-w1251921059","properties":{"id":"osm-w1251921059","osm_id":1251921059,"osm_type":"way","name":null,"name_en":null,"class":"garden","classes_all":["garden"],"tags":{"leisure":"garden"},"area_m2":3284.5,"size_band":"small","district":"เขตลาดกระบัง","district_en":"Lat Krabang District","district_osm_id":3147500,"province":"กรุงเทพมหานคร","province_iso":"TH-10","multi_district":false,"reason_excluded":null,"reasons_all":[],"flags":[],"related_ids":{},"poi_inside":[],"opening_hours":null,"verification_mode":"continuous_gps","floor_level":null,"rep_point":[100.75584,13.729094]},"geometry":{"type":"MultiPolygon","coordinates":[[[[100.755448,13.728758],[100.755747,13.728736],[100.756098,13.728742],[100.756125,13.728829],[100.756113,13.729025],[100.756155,13.729173],[100.755671,13.729164],[100.755671,13.729332],[100.755616,13.729324],[100.755448,13.728758]]]]}},
{"type":"Feature","id":"osm-w1252867017","properties":{"id":"osm-w1252867017","osm_id":1252867017,"osm_type":"way","name":null,"name_en":null,"class":"park","classes_all":["park"],"tags":{"leisure":"park"},"area_m2":3484.2,"size_band":"small","district":"เขตสะพานสูง","district_en":"Saphan Sung District","district_osm_id":3146415,"province":"กรุงเทพมหานคร","province_iso":"TH-10","multi_district":false,"reason_excluded":null,"reasons_all":[],"flags":[],"related_ids":{},"poi_inside":[],"opening_hours":null,"verification_mode":"continuous_gps","floor_level":null,"rep_point":[100.684462,13.757537]},"geometry":{"type":"MultiPolygon","coordinates":[[[[100.684091,13.757408],[100.68489,13.757221],[100.684611,13.757914],[100.684503,13.757875],[100.68435,13.757776],[100.68423,13.757666],[100.684091,13.757408]]]]}},
{"type":"Feature","id":"osm-w1253282999","properties":{"id":"osm-w1253282999","osm_id":1253282999,"osm_type":"way","name":null,"name_en":null,"class":"marketplace","classes_all":["marketplace"],"tags":{"amenity":"marketplace"},"area_m2":7929.2,"size_band":"small","district":"อำเภอบางพลี","district_en":"Bang Phli District","district_osm_id":11580982,"province":"จังหวัดสมุทรปราการ","province_iso":"TH-11","multi_district":false,"reason_excluded":null,"reasons_all":[],"flags":[],"related_ids":{},"poi_inside":[],"opening_hours":null,"verification_mode":"continuous_gps","floor_level":null,"rep_point":[100.666251,13.625524]},"geometry":{"type":"MultiPolygon","coordinates":[[[[100.665709,13.625462],[100.665862,13.624981],[100.666088,13.625047],[100.666336,13.625118],[100.6664,13.625101],[100.666426,13.625056],[100.66653,13.625075],[100.666529,13.625134],[100.666675,13.62517],[100.666723,13.625182],[100.666447,13.626075],[100.665968,13.625923],[100.666062,13.625586],[100.665709,13.625462]]]]}},
{"type":"Feature","id":"osm-w1253286053","properties":{"id":"osm-w1253286053","osm_id":1253286053,"osm_type":"way","name":null,"name_en":null,"class":"marketplace","classes_all":["marketplace"],"tags":{"amenity":"marketplace"},"area_m2":3092.4,"size_band":"small","district":"อำเภอบางพลี","district_en":"Bang Phli District","district_osm_id":11580982,"province":"จังหวัดสมุทรปราการ","province_iso":"TH-11","multi_district":false,"reason_excluded":null,"reasons_all":[],"flags":[],"related_ids":{},"poi_inside":[],"opening_hours":null,"verification_mode":"continuous_gps","floor_level":null,"rep_point":[100.656558,13.650706]},"geometry":{"type":"MultiPolygon","coordinates":[[[[100.6562,13.650624],[100.6567,13.650377],[100.656915,13.650788],[100.656415,13.651035],[100.6562,13.650624]]]]}},
{"type":"Feature","id":"osm-w1254566932","properties":{"id":"osm-w1254566932","osm_id":1254566932,"osm_type":"way","name":"สนามฟุตบอลสุวรรณภูมิ","name_en":"Suvarnabhumi Soccer Field","class":"pitch","classes_all":["pitch"],"tags":{"leisure":"pitch","name":"สนามฟุตบอลสุวรรณภูมิ","name:en":"Suvarnabhumi Soccer Field","name:th":"สนามฟุตบอลสุวรรณภูมิ","sport":"soccer"},"area_m2":10754.1,"size_band":"medium","district":"อำเภอบางพลี","district_en":"Bang Phli District","district_osm_id":11580982,"province":"จังหวัดสมุทรปราการ","province_iso":"TH-11","multi_district":false,"reason_excluded":null,"reasons_all":[],"flags":[],"related_ids":{},"poi_inside":[],"opening_hours":null,"verification_mode":"continuous_gps","floor_level":null,"rep_point":[100.771349,13.698359]},"geometry":{"type":"MultiPolygon","coordinates":[[[[100.770817,13.697917],[100.771602,13.697724],[100.771882,13.6988],[100.771097,13.698993],[100.770817,13.697917]]]]}},
{"type":"Feature","id":"osm-w1254688297","properties":{"id":"osm-w1254688297","osm_id":1254688297,"osm_type":"way","name":null,"name_en":null,"class":"park","classes_all":["park"],"tags":{"leisure":"park"},"area_m2":23033.2,"size_band":"medium","district":"เขตลาดกระบัง","district_en":"Lat Krabang District","district_osm_id":3147500,"province":"กรุงเทพมหานคร","province_iso":"TH-10","multi_district":false,"reason_excluded":null,"reasons_all":[],"flags":[],"related_ids":{},"poi_inside":[],"opening_hours":null,"verification_mode":"continuous_gps","floor_level":null,"rep_point":[100.745023,13.730123]},"geometry":{"type":"MultiPolygon","coordinates":[[[[100.74369,13.7302],[100.743738,13.730025],[100.743853,13.7299],[100.74396,13.729871],[100.744148,13.729851],[100.744416,13.729845],[100.744416,13.729637],[100.746404,13.729728],[100.74635,13.730054],[100.746321,13.730192],[100.746254,13.730361],[100.746128,13.730458],[100.745996,13.730494],[100.743974,13.730466],[100.743818,13.730419],[100.743711,13.730333],[100.74369,13.7302]]]]}},
{"type":"Feature","id":"osm-w1254688306","properties":{"id":"osm-w1254688306","osm_id":1254688306,"osm_type":"way","name":null,"name_en":null,"class":"garden","classes_all":["garden"],"tags":{"leisure":"garden"},"area_m2":13556.6,"size_band":"medium","district":"เขตลาดกระบัง","district_en":"Lat Krabang District","district_osm_id":3147500,"province":"กรุงเทพมหานคร","province_iso":"TH-10","multi_district":false,"reason_excluded":null,"reasons_all":[],"flags":["crosses_major_way"],"related_ids":{"major_ways":["osm-w90404342"]},"poi_inside":[],"opening_hours":null,"verification_mode":"continuous_gps","floor_level":null,"rep_point":[100.742885,13.730064]},"geometry":{"type":"MultiPolygon","coordinates":[[[[100.740787,13.729626],[100.74215,13.729692],[100.74369,13.729796],[100.743893,13.729806],[100.743703,13.729908],[100.743628,13.730022],[100.743577,13.730119],[100.743553,13.730286],[100.743574,13.730377],[100.743692,13.730492],[100.743757,13.730536],[100.743703,13.730544],[100.743196,13.730392],[100.742869,13.730372],[100.742662,13.730361],[100.742276,13.730226],[100.742268,13.730106],[100.742027,13.73001],[100.741463,13.729812],[100.74126,13.729728],[100.740787,13.729626]]]]}},
{"type":"Feature","id":"osm-w125755441","properties":{"id":"osm-w125755441","osm_id":125755441,"osm_type":"way","name":"The Stadium","name_en":null,"class":"pitch","classes_all":["pitch"],"tags":{"leisure":"pitch","name":"The Stadium"},"area_m2":4512.0,"size_band":"small","district":"อำเภอปากเกร็ด","district_en":"Pak Kret District","district_osm_id":2688301,"province":"จังหวัดนนทบุรี","province_iso":"TH-12","multi_district":false,"reason_excluded":null,"reasons_all":[],"flags":[],"related_ids":{},"poi_inside":[],"opening_hours":null,"verification_mode":"continuous_gps","floor_level":null,"rep_point":[100.513993,13.920466]},"geometry":{"type":"MultiPolygon","coordinates":[[[[100.51356,13.920347],[100.513988,13.920261],[100.514344,13.920191],[100.514439,13.920651],[100.514083,13.920721],[100.51367,13.92082],[100.513609,13.920586],[100.51356,13.920347]]]]}},
{"type":"Feature","id":"osm-w1258388324","properties":{"id":"osm-w1258388324","osm_id":1258388324,"osm_type":"way","name":"สวนบางโปรง","name_en":"Bangprong Park","class":"park","classes_all":["park"],"tags":{"leisure":"park","name":"สวนบางโปรง","name:en":"Bangprong Park","name:th":"สวนบางโปรง"},"area_m2":38997.2,"size_band":"medium","district":"อำเภอเมืองสมุทรปราการ","district_en":"Mueang Samut Prakan District","district_osm_id":11580983,"province":"จังหวัดสมุทรปราการ","province_iso":"TH-11","multi_district":false,"reason_excluded":null,"reasons_all":[],"flags":["crosses_major_way"],"related_ids":{"major_ways":["osm-w1258388323","osm-w1258388354"]},"poi_inside":[],"opening_hours":null,"verification_mode":"continuous_gps","floor_level":null,"rep_point":[100.558348,13.622876]},"geometry":{"type":"MultiPolygon","coordinates":[[[[100.556526,13.622329],[100.557473,13.621823],[100.557485,13.621849],[100.557894,13.622619],[100.558502,13.622292],[100.559092,13.622014],[100.55943,13.621902],[100.559636,13.621808],[100.560052,13.622352],[100.560248,13.622238],[100.560278,13.622268],[100.56021,13.622317],[100.559971,13.622463],[100.559379,13.622724],[100.559756,13.623327],[100.559676,13.623387],[100.559375,13.62351],[100.559393,13.623551],[100.558998,13.623693],[100.559098,13.623912],[100.558872,13.624007],[100.558685,13.623615],[100.558944,13.623506],[100.558723,13.623097],[100.558067,13.623458],[100.557802,13.623048],[100.557692,13.623015],[100.557457,13.623015],[100.557306,13.622972],[100.557138,13.622781],[100.556955,13.62256],[100.556845,13.622463],[100.556526,13.622329]]]]}},
{"type":"Feature","id":"osm-w1263211001","properties":{"id":"osm-w1263211001","osm_id":1263211001,"osm_type":"way","name":null,"name_en":null,"class":"pitch","classes_all":["pitch"],"tags":{"leisure":"pitch","sport":"soccer"},"area_m2":8017.0,"size_band":"small","district":"เขตลาดกระบัง","district_en":"Lat Krabang District","district_osm_id":3147500,"province":"กรุงเทพมหานคร","province_iso":"TH-10","multi_district":false,"reason_excluded":null,"reasons_all":[],"flags":[],"related_ids":{},"poi_inside":[],"opening_hours":null,"verification_mode":"continuous_gps","floor_level":null,"rep_point":[100.836134,13.758645]},"geometry":{"type":"MultiPolygon","coordinates":[[[[100.835525,13.758761],[100.835754,13.758168],[100.836743,13.758528],[100.836514,13.759122],[100.835525,13.758761]]]]}},
{"type":"Feature","id":"osm-w1263211002","properties":{"id":"osm-w1263211002","osm_id":1263211002,"osm_type":"way","name":null,"name_en":null,"class":"pitch","classes_all":["pitch"],"tags":{"leisure":"pitch","sport":"soccer"},"area_m2":7928.7,"size_band":"small","district":"เขตลาดกระบัง","district_en":"Lat Krabang District","district_osm_id":3147500,"province":"กรุงเทพมหานคร","province_iso":"TH-10","multi_district":false,"reason_excluded":null,"reasons_all":[],"flags":[],"related_ids":{},"poi_inside":[],"opening_hours":null,"verification_mode":"continuous_gps","floor_level":null,"rep_point":[100.837449,13.759128]},"geometry":{"type":"MultiPolygon","coordinates":[[[[100.836833,13.759224],[100.837067,13.758649],[100.838064,13.759032],[100.837831,13.759607],[100.836833,13.759224]]]]}},
{"type":"Feature","id":"osm-w1263618470","properties":{"id":"osm-w1263618470","osm_id":1263618470,"osm_type":"way","name":"ตลาดนัดลุงออม","name_en":null,"class":"marketplace","classes_all":["marketplace"],"tags":{"amenity":"marketplace","name":"ตลาดนัดลุงออม"},"area_m2":4478.9,"size_band":"small","district":"อำเภอบางกรวย","district_en":"Bang Kruai District","district_osm_id":2688299,"province":"จังหวัดนนทบุรี","province_iso":"TH-12","multi_district":false,"reason_excluded":null,"reasons_all":[],"flags":[],"related_ids":{},"poi_inside":[],"opening_hours":null,"verification_mode":"continuous_gps","floor_level":null,"rep_point":[100.391473,13.814165]},"geometry":{"type":"MultiPolygon","coordinates":[[[[100.391076,13.814388],[100.391388,13.813747],[100.391852,13.813847],[100.391847,13.813942],[100.391622,13.814526],[100.391076,13.814388]]]]}},
{"type":"Feature","id":"osm-w1264750405","properties":{"id":"osm-w1264750405","osm_id":1264750405,"osm_type":"way","name":null,"name_en":null,"class":"garden","classes_all":["garden"],"tags":{"leisure":"garden"},"area_m2":15729.7,"size_band":"medium","district":"อำเภอเมืองสมุทรสาคร","district_en":"Mueang Samut Sakhon District","district_osm_id":18935071,"province":"จังหวัดสมุทรสาคร","province_iso":"TH-74","multi_district":false,"reason_excluded":null,"reasons_all":[],"flags":["crosses_major_way"],"related_ids":{"major_ways":["osm-w1552218882"]},"poi_inside":[],"opening_hours":null,"verification_mode":"continuous_gps","floor_level":null,"rep_point":[100.261474,13.538325]},"geometry":{"type":"MultiPolygon","coordinates":[[[[100.260739,13.539131],[100.260836,13.53879],[100.260927,13.538718],[100.261022,13.538306],[100.261065,13.537869],[100.261061,13.5376],[100.261282,13.537301],[100.261489,13.537318],[100.26142,13.537406],[100.261532,13.537751],[100.261554,13.53785],[100.261576,13.537953],[100.261948,13.538344],[100.261697,13.538878],[100.261498,13.539345],[100.260948,13.539181],[100.260739,13.539131]]]]}},
{"type":"Feature","id":"osm-w1265017397","properties":{"id":"osm-w1265017397","osm_id":1265017397,"osm_type":"way","name":null,"name_en":null,"class":"garden","classes_all":["garden"],"tags":{"leisure":"garden"},"area_m2":5335.6,"size_band":"small","district":"อำเภอกระทุ่มแบน","district_en":"Krathum Baen District","district_osm_id":18934962,"province":"จังหวัดสมุทรสาคร","province_iso":"TH-74","multi_district":false,"reason_excluded":null,"reasons_all":[],"flags":[],"related_ids":{},"poi_inside":[],"opening_hours":null,"verification_mode":"continuous_gps","floor_level":null,"rep_point":[100.234414,13.662115]},"geometry":{"type":"MultiPolygon","coordinates":[[[[100.23396,13.662227],[100.234212,13.661657],[100.234281,13.661694],[100.234861,13.662004],[100.234747,13.662299],[100.234696,13.662416],[100.234675,13.66245],[100.234617,13.662427],[100.234557,13.662529],[100.23426,13.662368],[100.23396,13.662227]]]]}},
{"type":"Feature","id":"osm-w1265039244","properties":{"id":"osm-w1265039244","osm_id":1265039244,"osm_type":"way","name":"สวนธรรมรัต","name_en":null,"class":"garden","classes_all":["garden"],"tags":{"leisure":"garden","name":"สวนธรรมรัต","name:th":"สวนธรรมรัต"},"area_m2":21023.8,"size_band":"medium","district":"อำเภอกระทุ่มแบน","district_en":"Krathum Baen District","district_osm_id":18934962,"province":"จังหวัดสมุทรสาคร","province_iso":"TH-74","multi_district":false,"reason_excluded":null,"reasons_all":[],"flags":[],"related_ids":{},"poi_inside":[],"opening_hours":null,"verification_mode":"continuous_gps","floor_level":null,"rep_point":[100.270324,13.66624]},"geometry":{"type":"MultiPolygon","coordinates":[[[[100.269516,13.665764],[100.27097,13.665437],[100.271131,13.666816],[100.270492,13.66689],[100.270488,13.666716],[100.269658,13.666756],[100.269516,13.665764]]]]}},
{"type":"Feature","id":"osm-w1265659955","properties":{"id":"osm-w1265659955","osm_id":1265659955,"osm_type":"way","name":null,"name_en":null,"class":"garden","classes_all":["garden"],"tags":{"leisure":"garden"},"area_m2":5523.2,"size_band":"small","district":"อำเภอกระทุ่มแบน","district_en":"Krathum Baen District","district_osm_id":18934962,"province":"จังหวัดสมุทรสาคร","province_iso":"TH-74","multi_district":false,"reason_excluded":null,"reasons_all":[],"flags":[],"related_ids":{},"poi_inside":[],"opening_hours":null,"verification_mode":"continuous_gps","floor_level":null,"rep_point":[100.231766,13.645669]},"geometry":{"type":"MultiPolygon","coordinates":[[[[100.231326,13.645115],[100.23164,13.64506],[100.231994,13.64504],[100.231994,13.645199],[100.232066,13.645199],[100.232049,13.645566],[100.231944,13.645567],[100.231957,13.645757],[100.232033,13.645748],[100.232036,13.646089],[100.231806,13.646164],[100.231544,13.64559],[100.23174,13.645576],[100.231735,13.645385],[100.23147,13.645428],[100.231326,13.645115]]]]}},
{"type":"Feature","id":"osm-w1266067466","properties":{"id":"osm-w1266067466","osm_id":1266067466,"osm_type":"way","name":"Tipgaysorn","name_en":null,"class":"marketplace","classes_all":["marketplace"],"tags":{"amenity":"marketplace","name":"Tipgaysorn"},"area_m2":16000.3,"size_band":"medium","district":"อำเภอบางพลี","district_en":"Bang Phli District","district_osm_id":11580982,"province":"จังหวัดสมุทรปราการ","province_iso":"TH-11","multi_district":false,"reason_excluded":null,"reasons_all":[],"flags":[],"related_ids":{},"poi_inside":[],"opening_hours":null,"verification_mode":"continuous_gps","floor_level":null,"rep_point":[100.770664,13.635835]},"geometry":{"type":"MultiPolygon","coordinates":[[[[100.769186,13.636604],[100.769198,13.636569],[100.769371,13.63646],[100.769464,13.636397],[100.769911,13.636038],[100.771074,13.635092],[100.771091,13.635115],[100.771259,13.635336],[100.771477,13.635632],[100.769631,13.636837],[100.769449,13.636926],[100.769371,13.636911],[100.769186,13.636604]]]]}},
{"type":"Feature","id":"osm-w1268414736","properties":{"id":"osm-w1268414736","osm_id":1268414736,"osm_type":"way","name":null,"name_en":null,"class":"marketplace","classes_all":["marketplace"],"tags":{"amenity":"marketplace"},"area_m2":3355.6,"size_band":"small","district":"อำเภอเมืองสมุทรปราการ","district_en":"Mueang Samut Prakan District","district_osm_id":11580983,"province":"จังหวัดสมุทรปราการ","province_iso":"TH-11","multi_district":false,"reason_excluded":null,"reasons_all":[],"flags":[],"related_ids":{},"poi_inside":[],"opening_hours":null,"verification_mode":"continuous_gps","floor_level":null,"rep_point":[100.595823,13.632783]},"geometry":{"type":"MultiPolygon","coordinates":[[[[100.59553,13.632556],[100.595946,13.632358],[100.596112,13.63301],[100.595686,13.633118],[100.59553,13.632556]]]]}},
{"type":"Feature","id":"osm-w1270657191","properties":{"id":"osm-w1270657191","osm_id":1270657191,"osm_type":"way","name":"สวนกัลปพฤกษ์","name_en":"Kanlapaphruek Park","class":"park","classes_all":["park"],"tags":{"leisure":"park","name":"สวนกัลปพฤกษ์","name:en":"Kanlapaphruek Park","name:th":"สวนกัลปพฤกษ์"},"area_m2":72321.2,"size_band":"large","district":"เขตภาษีเจริญ","district_en":"Phasi Charoen District","district_osm_id":2946807,"province":"กรุงเทพมหานคร","province_iso":"TH-10","multi_district":true,"reason_excluded":null,"reasons_all":[],"flags":["crosses_major_way","multi_district"],"related_ids":{"districts":[2946807,3147007],"major_ways":["osm-w1147216852","osm-w1201039427","osm-w441761363","osm-w441761364","osm-w441761365","osm-w830066192","osm-w858898618","osm-w858898620","osm-w96068319","osm-w96068325","osm-w96068331","osm-w96322067","osm-w96322187","osm-w96323071"]},"poi_inside":[],"opening_hours":null,"verification_mode":"continuous_gps","floor_level":null,"rep_point":[100.461577,13.713445]},"geometry":{"type":"MultiPolygon","coordinates":[[[[100.459123,13.71225],[100.459256,13.712282],[100.459494,13.712274],[100.460056,13.712275],[100.460764,13.712237],[100.461373,13.712228],[100.461334,13.712337],[100.461599,13.712378],[100.46218,13.712635],[100.463395,13.714127],[100.463277,13.714253],[100.462942,13.714307],[100.462654,13.714379],[100.462348,13.714454],[100.461816,13.714588],[100.461547,13.714653],[100.461225,13.714746],[100.460871,13.714875],[100.460445,13.715102],[100.460248,13.715189],[100.460272,13.715128],[100.460422,13.714468],[100.460329,13.713752],[100.4603,13.713137],[100.459865,13.712607],[100.459123,13.71225]]]]}},
{"type":"Feature","id":"osm-w1271366547","properties":{"id":"osm-w1271366547","osm_id":1271366547,"osm_type":"way","name":"Park Nantawan krungtep kreetha","name_en":null,"class":"park","classes_all":["park"],"tags":{"addr:postcode":"10240","addr:province":"กรุงเทพมหานคร","addr:street":"NANTAWAN พระราม9 กรุงเทพกรีฑาตัดใหม่ Saphan Sung","leisure":"park","name":"Park Nantawan krungtep kreetha"},"area_m2":3689.4,"size_band":"small","district":"เขตสะพานสูง","district_en":"Saphan Sung District","district_osm_id":3146415,"province":"กรุงเทพมหานคร","province_iso":"TH-10","multi_district":false,"reason_excluded":null,"reasons_all":[],"flags":[],"related_ids":{},"poi_inside":[],"opening_hours":null,"verification_mode":"continuous_gps","floor_level":null,"rep_point":[100.691392,13.757988]},"geometry":{"type":"MultiPolygon","coordinates":[[[[100.690878,13.758725],[100.690894,13.7587],[100.69142,13.757603],[100.691616,13.757603],[100.691622,13.757691],[100.691735,13.757742],[100.691365,13.758235],[100.691109,13.758676],[100.691047,13.758807],[100.690878,13.758725]]]]}},
{"type":"Feature","id":"osm-w1273251593","properties":{"id":"osm-w1273251593","osm_id":1273251593,"osm_type":"way","name":null,"name_en":null,"class":"garden","classes_all":["garden"],"tags":{"leisure":"garden"},"area_m2":3602.9,"size_band":"small","district":"เขตจตุจักร","district_en":"Chatuchak District","district_osm_id":1639286,"province":"กรุงเทพมหานคร","province_iso":"TH-10","multi_district":false,"reason_excluded":null,"reasons_all":[],"flags":[],"related_ids":{},"poi_inside":[],"opening_hours":null,"verification_mode":"continuous_gps","floor_level":null,"rep_point":[100.563819,13.801139]},"geometry":{"type":"MultiPolygon","coordinates":[[[[100.563519,13.800865],[100.564071,13.800868],[100.564105,13.801409],[100.563716,13.801432],[100.563589,13.801466],[100.563519,13.800865]]]]}},
{"type":"Feature","id":"osm-w1280098713","properties":{"id":"osm-w1280098713","osm_id":1280098713,"osm_type":"way","name":null,"name_en":null,"class":"park","classes_all":["park"],"tags":{"leisure":"park"},"area_m2":3903.0,"size_band":"small","district":"อำเภอปากเกร็ด","district_en":"Pak Kret District","district_osm_id":2688301,"province":"จังหวัดนนทบุรี","province_iso":"TH-12","multi_district":false,"reason_excluded":null,"reasons_all":[],"flags":[],"related_ids":{},"poi_inside":[],"opening_hours":null,"verification_mode":"continuous_gps","floor_level":null,"rep_point":[100.451544,13.940276]},"geometry":{"type":"MultiPolygon","coordinates":[[[[100.450661,13.940536],[100.45132,13.940364],[100.451293,13.940071],[100.451329,13.940006],[100.45135,13.939968],[100.45182,13.940188],[100.45156,13.940718],[100.451297,13.940606],[100.451012,13.940575],[100.450661,13.940536]]]]}},
{"type":"Feature","id":"osm-w1280098763","properties":{"id":"osm-w1280098763","osm_id":1280098763,"osm_type":"way","name":null,"name_en":null,"class":"park","classes_all":["park"],"tags":{"leisure":"park"},"area_m2":3686.4,"size_band":"small","district":"อำเภอปากเกร็ด","district_en":"Pak Kret District","district_osm_id":2688301,"province":"จังหวัดนนทบุรี","province_iso":"TH-12","multi_district":false,"reason_excluded":null,"reasons_all":[],"flags":[],"related_ids":{},"poi_inside":[],"opening_hours":null,"verification_mode":"continuous_gps","floor_level":null,"rep_point":[100.448058,13.938817]},"geometry":{"type":"MultiPolygon","coordinates":[[[[100.447588,13.9386],[100.447654,13.938568],[100.447676,13.938551],[100.447686,13.93854],[100.447696,13.938523],[100.447721,13.938531],[100.447748,13.938531],[100.447772,13.938523],[100.447794,13.938508],[100.44781,13.938491],[100.448392,13.938732],[100.448315,13.938902],[100.448308,13.939154],[100.448084,13.939215],[100.447608,13.938625],[100.447588,13.9386]]]]}},
{"type":"Feature","id":"osm-w1280098785","properties":{"id":"osm-w1280098785","osm_id":1280098785,"osm_type":"way","name":null,"name_en":null,"class":"park","classes_all":["park"],"tags":{"leisure":"park"},"area_m2":3018.8,"size_band":"small","district":"อำเภอปากเกร็ด","district_en":"Pak Kret District","district_osm_id":2688301,"province":"จังหวัดนนทบุรี","province_iso":"TH-12","multi_district":false,"reason_excluded":null,"reasons_all":[],"flags":[],"related_ids":{},"poi_inside":[],"opening_hours":null,"verification_mode":"continuous_gps","floor_level":null,"rep_point":[100.454146,13.937403]},"geometry":{"type":"MultiPolygon","coordinates":[[[[100.453766,13.93736],[100.453908,13.937165],[100.454138,13.937282],[100.454164,13.937248],[100.454824,13.937577],[100.454675,13.937627],[100.454498,13.937649],[100.454404,13.937657],[100.454256,13.937626],[100.453938,13.93754],[100.453839,13.937425],[100.453795,13.937382],[100.453766,13.93736]]]]}},
{"type":"Feature","id":"osm-w1285082417","properties":{"id":"osm-w1285082417","osm_id":1285082417,"osm_type":"way","name":null,"name_en":null,"class":"garden","classes_all":["garden"],"tags":{"leisure":"garden","natural":"wetland","wetland":"mangrove"},"area_m2":3849.9,"size_band":"small","district":"เขตบางขุนเทียน","district_en":"Bang Khun Thian District","district_osm_id":3147313,"province":"กรุงเทพมหานคร","province_iso":"TH-10","multi_district":false,"reason_excluded":null,"reasons_all":[],"flags":[],"related_ids":{},"poi_inside":[],"opening_hours":null,"verification_mode":"continuous_gps","floor_level":null,"rep_point":[100.42187,13.573593]},"geometry":{"type":"MultiPolygon","coordinates":[[[[100.421452,13.573406],[100.421707,13.573228],[100.421831,13.57313],[100.421889,13.573175],[100.421889,13.57331],[100.421809,13.573392],[100.421762,13.573445],[100.421879,13.573545],[100.421974,13.573576],[100.422129,13.573453],[100.422201,13.573406],[100.422256,13.573449],[100.422267,13.573526],[100.42212,13.57364],[100.42204,13.573722],[100.422114,13.573919],[100.422021,13.573956],[100.421901,13.573924],[100.421731,13.574023],[100.42169,13.573959],[100.421772,13.573863],[100.421772,13.573802],[100.421595,13.57393],[100.421534,13.573892],[100.421567,13.573829],[100.421685,13.573746],[100.42157,13.573611],[100.421452,13.573406]]]]}},
{"type":"Feature","id":"osm-w1285921512","properties":{"id":"osm-w1285921512","osm_id":1285921512,"osm_type":"way","name":"ตลาดสดสำโรง","name_en":null,"class":"marketplace","classes_all":["marketplace"],"tags":{"amenity":"marketplace","name":"ตลาดสดสำโรง"},"area_m2":4848.1,"size_band":"small","district":"อำเภอเมืองสมุทรปราการ","district_en":"Mueang Samut Prakan District","district_osm_id":11580983,"province":"จังหวัดสมุทรปราการ","province_iso":"TH-11","multi_district":false,"reason_excluded":null,"reasons_all":[],"flags":[],"related_ids":{},"poi_inside":[],"opening_hours":null,"verification_mode":"continuous_gps","floor_level":null,"rep_point":[100.59689,13.648281]},"geometry":{"type":"MultiPolygon","coordinates":[[[[100.596542,13.647922],[100.596836,13.647786],[100.597322,13.648721],[100.597356,13.648696],[100.597476,13.648641],[100.597528,13.648786],[100.59724,13.648918],[100.597185,13.648786],[100.59713,13.648663],[100.596883,13.648768],[100.596542,13.647922]]]]}},
{"type":"Feature","id":"osm-w1285921516","properties":{"id":"osm-w1285921516","osm_id":1285921516,"osm_type":"way","name":"ตลาดคลองถมสำโรง","name_en":null,"class":"marketplace","classes_all":["marketplace"],"tags":{"amenity":"marketplace","name":"ตลาดคลองถมสำโรง"},"area_m2":4824.2,"size_band":"small","district":"อำเภอเมืองสมุทรปราการ","district_en":"Mueang Samut Prakan District","district_osm_id":11580983,"province":"จังหวัดสมุทรปราการ","province_iso":"TH-11","multi_district":false,"reason_excluded":null,"reasons_all":[],"flags":[],"related_ids":{},"poi_inside":[],"opening_hours":null,"verification_mode":"continuous_gps","floor_level":null,"rep_point":[100.596173,13.64922]},"geometry":{"type":"MultiPolygon","coordinates":[[[[100.595675,13.649178],[100.59651,13.648862],[100.596513,13.64887],[100.596674,13.649262],[100.596679,13.649273],[100.595826,13.649601],[100.595675,13.649178]]]]}},
{"type":"Feature","id":"osm-w1286295744","properties":{"id":"osm-w1286295744","osm_id":1286295744,"osm_type":"way","name":"สวนสุขภาพหัวหมาก","name_en":"Hua Mak Health Park","class":"park","classes_all":["park"],"tags":{"addr:city":"แขวงทับช้าง","addr:postcode":"10250","addr:street":"ซอยนักกีฬาแหลมทอง","leisure":"park","name":"สวนสุขภาพหัวหมาก","name:en":"Hua Mak Health Park","name:th":"สวนสุขภาพหัวหมาก"},"area_m2":22907.4,"size_band":"medium","district":"เขตสะพานสูง","district_en":"Saphan Sung District","district_osm_id":3146415,"province":"กรุงเทพมหานคร","province_iso":"TH-10","multi_district":false,"reason_excluded":null,"reasons_all":[],"flags":[],"related_ids":{},"poi_inside":[],"opening_hours":null,"verification_mode":"continuous_gps","floor_level":null,"rep_point":[100.694225,13.741996]},"geometry":{"type":"MultiPolygon","coordinates":[[[[100.693087,13.742458],[100.693792,13.742315],[100.693821,13.742243],[100.693825,13.742111],[100.693816,13.741935],[100.693797,13.741818],[100.693798,13.741693],[100.693768,13.741574],[100.693747,13.741495],[100.693758,13.741383],[100.693774,13.741325],[100.693749,13.74121],[100.693745,13.741159],[100.693694,13.740998],[100.693765,13.740981],[100.693818,13.740962],[100.693858,13.740946],[100.693891,13.74093],[100.69392,13.740926],[100.693997,13.740862],[100.694063,13.740979],[100.694173,13.741175],[100.694243,13.7413],[100.694318,13.741435],[100.694439,13.741647],[100.694555,13.741857],[100.694584,13.74191],[100.694664,13.742057],[100.694753,13.742224],[100.694755,13.742228],[100.694788,13.742291],[100.694821,13.742353],[100.694921,13.74254],[100.69495,13.742594],[100.695002,13.742692],[100.694545,13.742818],[100.693242,13.7431],[100.693087,13.742458]]]]}},
{"type":"Feature","id":"osm-w1287037724","properties":{"id":"osm-w1287037724","osm_id":1287037724,"osm_type":"way","name":null,"name_en":null,"class":"garden","classes_all":["garden"],"tags":{"leisure":"garden"},"area_m2":75645.8,"size_band":"large","district":"เขตหนองจอก","district_en":"Nong Chok District","district_osm_id":3147501,"province":"กรุงเทพมหานคร","province_iso":"TH-10","multi_district":false,"reason_excluded":null,"reasons_all":[],"flags":[],"related_ids":{},"poi_inside":[],"opening_hours":null,"verification_mode":"continuous_gps","floor_level":null,"rep_point":[100.889249,13.938002]},"geometry":{"type":"MultiPolygon","coordinates":[[[[100.884622,13.938719],[100.885654,13.938242],[100.885857,13.938216],[100.886281,13.93832],[100.886448,13.938342],[100.887142,13.937778],[100.887962,13.93745],[100.888697,13.937183],[100.889166,13.937113],[100.889608,13.937104],[100.890419,13.937227],[100.891154,13.937485],[100.893733,13.937437],[100.89379,13.937904],[100.893643,13.937889],[100.893635,13.938142],[100.8926,13.937894],[100.890751,13.938101],[100.890334,13.938159],[100.887769,13.938452],[100.885483,13.938747],[100.88465,13.938882],[100.884622,13.938719]]]]}},
{"type":"Feature","id":"osm-w1287277910","properties":{"id":"osm-w1287277910","osm_id":1287277910,"osm_type":"way","name":null,"name_en":null,"class":"garden","classes_all":["garden"],"tags":{"leisure":"garden"},"area_m2":4804.5,"size_band":"small","district":"เขตหนองจอก","district_en":"Nong Chok District","district_osm_id":3147501,"province":"กรุงเทพมหานคร","province_iso":"TH-10","multi_district":false,"reason_excluded":null,"reasons_all":[],"flags":[],"related_ids":{},"poi_inside":[],"opening_hours":null,"verification_mode":"continuous_gps","floor_level":null,"rep_point":[100.874592,13.935564]},"geometry":{"type":"MultiPolygon","coordinates":[[[[100.874262,13.935232],[100.874627,13.935199],[100.874937,13.93517],[100.874955,13.935459],[100.874807,13.93567],[100.874488,13.935993],[100.87437,13.936092],[100.87435,13.935934],[100.874262,13.935232]]]]}},
{"type":"Feature","id":"osm-w1287616956","properties":{"id":"osm-w1287616956","osm_id":1287616956,"osm_type":"way","name":"ตลาดเทิดไทย","name_en":"Terdthai Market","class":"marketplace","classes_all":["marketplace"],"tags":{"amenity":"marketplace","name":"ตลาดเทิดไทย","name:en":"Terdthai Market","name:th":"ตลาดเทิดไทย"},"area_m2":5051.4,"size_band":"small","district":"เขตลาดกระบัง","district_en":"Lat Krabang District","district_osm_id":3147500,"province":"กรุงเทพมหานคร","province_iso":"TH-10","multi_district":false,"reason_excluded":null,"reasons_all":[],"flags":[],"related_ids":{},"poi_inside":[],"opening_hours":null,"verification_mode":"continuous_gps","floor_level":null,"rep_point":[100.851476,13.697302]},"geometry":{"type":"MultiPolygon","coordinates":[[[[100.851005,13.697233],[100.852002,13.696835],[100.852052,13.696954],[100.851811,13.69705],[100.851947,13.697371],[100.85119,13.697673],[100.851005,13.697233]]]]}},
{"type":"Feature","id":"osm-w1292133220","properties":{"id":"osm-w1292133220","osm_id":1292133220,"osm_type":"way","name":null,"name_en":null,"class":"park","classes_all":["park"],"tags":{"leisure":"park"},"area_m2":5147.9,"size_band":"small","district":"เขตลาดกระบัง","district_en":"Lat Krabang District","district_osm_id":3147500,"province":"กรุงเทพมหานคร","province_iso":"TH-10","multi_district":false,"reason_excluded":null,"reasons_all":[],"flags":[],"related_ids":{},"poi_inside":[],"opening_hours":null,"verification_mode":"continuous_gps","floor_level":null,"rep_point":[100.714618,13.761419]},"geometry":{"type":"MultiPolygon","coordinates":[[[[100.713763,13.76174],[100.71378,13.761725],[100.714031,13.761581],[100.714671,13.761258],[100.71473,13.761226],[100.714967,13.761106],[100.71521,13.760981],[100.715261,13.760991],[100.7153,13.761],[100.715358,13.761076],[100.715382,13.761116],[100.715382,13.761151],[100.714492,13.761631],[100.714092,13.761872],[100.713935,13.761975],[100.713773,13.761767],[100.713763,13.76174]]]]}},
{"type":"Feature","id":"osm-w1292602392","properties":{"id":"osm-w1292602392","osm_id":1292602392,"osm_type":"way","name":null,"name_en":null,"class":"park","classes_all":["park"],"tags":{"leisure":"park"},"area_m2":5694.7,"size_band":"small","district":"เขตบางขุนเทียน","district_en":"Bang Khun Thian District","district_osm_id":3147313,"province":"กรุงเทพมหานคร","province_iso":"TH-10","multi_district":false,"reason_excluded":null,"reasons_all":[],"flags":[],"related_ids":{},"poi_inside":[],"opening_hours":null,"verification_mode":"continuous_gps","floor_level":null,"rep_point":[100.455035,13.631186]},"geometry":{"type":"MultiPolygon","coordinates":[[[[100.454656,13.631638],[100.454662,13.63115],[100.454849,13.631141],[100.454834,13.630717],[100.455487,13.630687],[100.455522,13.630759],[100.455242,13.630954],[100.455406,13.631176],[100.455412,13.631197],[100.454752,13.631681],[100.454689,13.631681],[100.454656,13.631638]]]]}},
{"type":"Feature","id":"osm-w1292602403","properties":{"id":"osm-w1292602403","osm_id":1292602403,"osm_type":"way","name":null,"name_en":null,"class":"park","classes_all":["park"],"tags":{"leisure":"park"},"area_m2":3172.1,"size_band":"small","district":"เขตบางขุนเทียน","district_en":"Bang Khun Thian District","district_osm_id":3147313,"province":"กรุงเทพมหานคร","province_iso":"TH-10","multi_district":false,"reason_excluded":null,"reasons_all":[],"flags":[],"related_ids":{},"poi_inside":[],"opening_hours":null,"verification_mode":"continuous_gps","floor_level":null,"rep_point":[100.451247,13.634092]},"geometry":{"type":"MultiPolygon","coordinates":[[[[100.450926,13.634413],[100.451046,13.634233],[100.451029,13.633906],[100.451085,13.633951],[100.451355,13.633711],[100.451387,13.633713],[100.451426,13.633748],[100.451464,13.633872],[100.451442,13.634449],[100.450926,13.634413]]]]}},
{"type":"Feature","id":"osm-w1292786439","properties":{"id":"osm-w1292786439","osm_id":1292786439,"osm_type":"way","name":null,"name_en":null,"class":"park","classes_all":["park"],"tags":{"leisure":"park"},"area_m2":4499.7,"size_band":"small","district":"เขตทุ่งครุ","district_en":"Thung Khru District","district_osm_id":3147104,"province":"กรุงเทพมหานคร","province_iso":"TH-10","multi_district":false,"reason_excluded":null,"reasons_all":[],"flags":[],"related_ids":{},"poi_inside":[],"opening_hours":null,"verification_mode":"continuous_gps","floor_level":null,"rep_point":[100.515766,13.60584]},"geometry":{"type":"MultiPolygon","coordinates":[[[[100.515477,13.606126],[100.515501,13.606048],[100.515572,13.605913],[100.51568,13.605767],[100.51597,13.605116],[100.515997,13.605063],[100.516138,13.605118],[100.516158,13.605136],[100.516178,13.605178],[100.5158,13.606099],[100.515786,13.606204],[100.515778,13.60648],[100.515766,13.606505],[100.515674,13.60652],[100.515554,13.606523],[100.515541,13.606488],[100.515477,13.606126]]]]}},
{"type":"Feature","id":"osm-w1292786443","properties":{"id":"osm-w1292786443","osm_id":1292786443,"osm_type":"way","name":null,"name_en":null,"class":"park","classes_all":["park"],"tags":{"leisure":"park"},"area_m2":6181.2,"size_band":"small","district":"เขตทุ่งครุ","district_en":"Thung Khru District","district_osm_id":3147104,"province":"กรุงเทพมหานคร","province_iso":"TH-10","multi_district":false,"reason_excluded":null,"reasons_all":[],"flags":[],"related_ids":{},"poi_inside":[],"opening_hours":null,"verification_mode":"continuous_gps","floor_level":null,"rep_point":[100.517847,13.609084]},"geometry":{"type":"MultiPolygon","coordinates":[[[[100.517632,13.608179],[100.51766,13.608154],[100.517838,13.608165],[100.518098,13.608189],[100.518106,13.608214],[100.517943,13.609389],[100.517869,13.609908],[100.517778,13.609902],[100.517665,13.609883],[100.517726,13.608778],[100.517717,13.608615],[100.517686,13.608402],[100.517644,13.60823],[100.517632,13.608179]]]]}},
{"type":"Feature","id":"osm-w1292786473","properties":{"id":"osm-w1292786473","osm_id":1292786473,"osm_type":"way","name":"ตลาดเศรษฐี","name_en":"Setthi Flea Market","class":"marketplace","classes_all":["marketplace"],"tags":{"amenity":"marketplace","landuse":"retail","name":"ตลาดเศรษฐี","name:en":"Setthi Flea Market","name:th":"ตลาดเศรษฐี"},"area_m2":13740.5,"size_band":"medium","district":"เขตทุ่งครุ","district_en":"Thung Khru District","district_osm_id":3147104,"province":"กรุงเทพมหานคร","province_iso":"TH-10","multi_district":false,"reason_excluded":null,"reasons_all":[],"flags":["contains_religious_feature"],"related_ids":{"blockers":{"religious":{"ids":["osm-n11984964677"],"share":0.0181}},"religious_blockers":["osm-n11984964677"]},"poi_inside":[],"opening_hours":null,"verification_mode":"continuous_gps","floor_level":null,"rep_point":[100.513654,13.607601]},"geometry":{"type":"MultiPolygon","coordinates":[[[[100.512924,13.607652],[100.512925,13.607619],[100.512926,13.60759],[100.51293,13.607582],[100.513179,13.60709],[100.513313,13.606824],[100.514396,13.607613],[100.514243,13.607776],[100.513685,13.608356],[100.512924,13.607652]]]]}},
{"type":"Feature","id":"osm-w1292795432","properties":{"id":"osm-w1292795432","osm_id":1292795432,"osm_type":"way","name":null,"name_en":null,"class":"park","classes_all":["park"],"tags":{"leisure":"park"},"area_m2":8400.0,"size_band":"small","district":"เขตทุ่งครุ","district_en":"Thung Khru District","district_osm_id":3147104,"province":"กรุงเทพมหานคร","province_iso":"TH-10","multi_district":false,"reason_excluded":null,"reasons_all":[],"flags":[],"related_ids":{},"poi_inside":[],"opening_hours":null,"verification_mode":"continuous_gps","floor_level":null,"rep_point":[100.514367,13.614643]},"geometry":{"type":"MultiPolygon","coordinates":[[[[100.513329,13.614589],[100.513626,13.614466],[100.513687,13.614576],[100.51416,13.61449],[100.514194,13.614519],[100.514316,13.614551],[100.514982,13.614248],[100.515036,13.614338],[100.515001,13.614356],[100.514986,13.614416],[100.514991,13.614475],[100.515038,13.614508],[100.515075,13.614506],[100.515123,13.614493],[100.515155,13.614434],[100.515112,13.614282],[100.515221,13.614225],[100.515416,13.614634],[100.515334,13.614654],[100.515058,13.614652],[100.514891,13.614744],[100.514736,13.614866],[100.51466,13.615051],[100.5146,13.614782],[100.514559,13.614751],[100.513557,13.614944],[100.513506,13.614935],[100.513472,13.61489],[100.513329,13.614589]]]]}},
{"type":"Feature","id":"osm-w1292814962","properties":{"id":"osm-w1292814962","osm_id":1292814962,"osm_type":"way","name":null,"name_en":null,"class":"park","classes_all":["park"],"tags":{"leisure":"park"},"area_m2":15633.4,"size_band":"medium","district":"เขตทุ่งครุ","district_en":"Thung Khru District","district_osm_id":3147104,"province":"กรุงเทพมหานคร","province_iso":"TH-10","multi_district":false,"reason_excluded":null,"reasons_all":[],"flags":[],"related_ids":{},"poi_inside":[],"opening_hours":null,"verification_mode":"continuous_gps","floor_level":null,"rep_point":[100.481303,13.621231]},"geometry":{"type":"MultiPolygon","coordinates":[[[[100.47999,13.621354],[100.480005,13.621269],[100.481883,13.620852],[100.482062,13.620779],[100.482093,13.620887],[100.482861,13.620706],[100.482611,13.621192],[100.481365,13.621455],[100.4814,13.621601],[100.481289,13.621622],[100.481259,13.621484],[100.480222,13.621716],[100.480082,13.621736],[100.47999,13.621354]]]]}},
{"type":"Feature","id":"osm-w1292851901","properties":{"id":"osm-w1292851901","osm_id":1292851901,"osm_type":"way","name":null,"name_en":null,"class":"park","classes_all":["park"],"tags":{"leisure":"park"},"area_m2":3402.2,"size_band":"small","district":"เขตทุ่งครุ","district_en":"Thung Khru District","district_osm_id":3147104,"province":"กรุงเทพมหานคร","province_iso":"TH-10","multi_district":false,"reason_excluded":null,"reasons_all":[],"flags":[],"related_ids":{},"poi_inside":[],"opening_hours":null,"verification_mode":"continuous_gps","floor_level":null,"rep_point":[100.503152,13.619551]},"geometry":{"type":"MultiPolygon","coordinates":[[[[100.502997,13.619877],[100.503014,13.619226],[100.503062,13.618946],[100.503096,13.618915],[100.503238,13.618906],[100.503257,13.618948],[100.50332,13.619875],[100.503315,13.619938],[100.503282,13.61996],[100.503066,13.619972],[100.503042,13.619924],[100.502997,13.619877]]]]}},
{"type":"Feature","id":"osm-w1292856038","properties":{"id":"osm-w1292856038","osm_id":1292856038,"osm_type":"way","name":null,"name_en":null,"class":"park","classes_all":["park"],"tags":{"leisure":"park"},"area_m2":4615.4,"size_band":"small","district":"เขตทุ่งครุ","district_en":"Thung Khru District","district_osm_id":3147104,"province":"กรุงเทพมหานคร","province_iso":"TH-10","multi_district":false,"reason_excluded":null,"reasons_all":[],"flags":[],"related_ids":{},"poi_inside":[],"opening_hours":null,"verification_mode":"continuous_gps","floor_level":null,"rep_point":[100.501638,13.62018]},"geometry":{"type":"MultiPolygon","coordinates":[[[[100.50118,13.619854],[100.501943,13.619862],[100.501939,13.62003],[100.501928,13.620523],[100.501495,13.620489],[100.501452,13.62029],[100.501398,13.620236],[100.501281,13.620124],[100.501186,13.619958],[100.50118,13.619854]]]]}},
{"type":"Feature","id":"osm-w1292856052","properties":{"id":"osm-w1292856052","osm_id":1292856052,"osm_type":"way","name":null,"name_en":null,"class":"park","classes_all":["park"],"tags":{"leisure":"park"},"area_m2":7485.8,"size_band":"small","district":"เขตทุ่งครุ","district_en":"Thung Khru District","district_osm_id":3147104,"province":"กรุงเทพมหานคร","province_iso":"TH-10","multi_district":false,"reason_excluded":null,"reasons_all":[],"flags":[],"related_ids":{},"poi_inside":[],"opening_hours":null,"verification_mode":"continuous_gps","floor_level":null,"rep_point":[100.505172,13.618671]},"geometry":{"type":"MultiPolygon","coordinates":[[[[100.504448,13.618661],[100.504464,13.618625],[100.505142,13.618592],[100.5053,13.618534],[100.505667,13.618313],[100.505736,13.61832],[100.505954,13.618578],[100.505938,13.618625],[100.505887,13.618681],[100.505364,13.618986],[100.505012,13.619032],[100.504478,13.619037],[100.504448,13.618661]]]]}},
{"type":"Feature","id":"osm-w1292884945","properties":{"id":"osm-w1292884945","osm_id":1292884945,"osm_type":"way","name":null,"name_en":null,"class":"park","classes_all":["park"],"tags":{"leisure":"park"},"area_m2":5642.4,"size_band":"small","district":"เขตทุ่งครุ","district_en":"Thung Khru District","district_osm_id":3147104,"province":"กรุงเทพมหานคร","province_iso":"TH-10","multi_district":false,"reason_excluded":null,"reasons_all":[],"flags":[],"related_ids":{},"poi_inside":[],"opening_hours":null,"verification_mode":"continuous_gps","floor_level":null,"rep_point":[100.497657,13.627089]},"geometry":{"type":"MultiPolygon","coordinates":[[[[100.497299,13.626445],[100.497314,13.626403],[100.497354,13.62636],[100.497428,13.626347],[100.497763,13.626343],[100.497805,13.626852],[100.49784,13.627198],[100.498006,13.627639],[100.497807,13.627675],[100.497737,13.627575],[100.497608,13.627326],[100.497428,13.626979],[100.497371,13.626752],[100.497319,13.62656],[100.497299,13.626445]]]]}},
{"type":"Feature","id":"osm-w1292884974","properties":{"id":"osm-w1292884974","osm_id":1292884974,"osm_type":"way","name":null,"name_en":null,"class":"park","classes_all":["park"],"tags":{"leisure":"park"},"area_m2":3654.9,"size_band":"small","district":"เขตทุ่งครุ","district_en":"Thung Khru District","district_osm_id":3147104,"province":"กรุงเทพมหานคร","province_iso":"TH-10","multi_district":false,"reason_excluded":null,"reasons_all":[],"flags":[],"related_ids":{},"poi_inside":[],"opening_hours":null,"verification_mode":"continuous_gps","floor_level":null,"rep_point":[100.49647,13.63405]},"geometry":{"type":"MultiPolygon","coordinates":[[[[100.496118,13.633904],[100.496145,13.63387],[100.496612,13.63369],[100.496632,13.633736],[100.496825,13.634195],[100.496811,13.634226],[100.49636,13.634385],[100.496303,13.634366],[100.496118,13.633904]]]]}},
{"type":"Feature","id":"osm-w1292893537","properties":{"id":"osm-w1292893537","osm_id":1292893537,"osm_type":"way","name":null,"name_en":null,"class":"garden","classes_all":["garden"],"tags":{"leisure":"garden"},"area_m2":6338.7,"size_band":"small","district":"เขตทุ่งครุ","district_en":"Thung Khru District","district_osm_id":3147104,"province":"กรุงเทพมหานคร","province_iso":"TH-10","multi_district":false,"reason_excluded":null,"reasons_all":[],"flags":[],"related_ids":{},"poi_inside":[],"opening_hours":null,"verification_mode":"continuous_gps","floor_level":null,"rep_point":[100.480819,13.630112]},"geometry":{"type":"MultiPolygon","coordinates":[[[[100.480265,13.629924],[100.480555,13.62951],[100.480667,13.629621],[100.481361,13.6303],[100.481337,13.630358],[100.481031,13.630631],[100.480265,13.629924]]]]}},
{"type":"Feature","id":"osm-w1292897332","properties":{"id":"osm-w1292897332","osm_id":1292897332,"osm_type":"way","name":null,"name_en":null,"class":"park","classes_all":["park"],"tags":{"leisure":"park"},"area_m2":4761.2,"size_band":"small","district":"อำเภอพระประแดง","district_en":"Phra Pradaeng District","district_osm_id":11580984,"province":"จังหวัดสมุทรปราการ","province_iso":"TH-11","multi_district":false,"reason_excluded":null,"reasons_all":[],"flags":[],"related_ids":{},"poi_inside":[],"opening_hours":null,"verification_mode":"continuous_gps","floor_level":null,"rep_point":[100.521534,13.6161]},"geometry":{"type":"MultiPolygon","coordinates":[[[[100.520886,13.616301],[100.52109,13.616002],[100.521213,13.615863],[100.521361,13.615802],[100.521522,13.61582],[100.52203,13.616068],[100.522059,13.616133],[100.522041,13.616218],[100.521972,13.616235],[100.521896,13.616235],[100.52173,13.616181],[100.521661,13.616285],[100.521573,13.616342],[100.52143,13.616362],[100.521258,13.616346],[100.521094,13.616285],[100.521036,13.616285],[100.520953,13.616305],[100.520886,13.616301]]]]}},
{"type":"Feature","id":"osm-w1293428261","properties":{"id":"osm-w1293428261","osm_id":1293428261,"osm_type":"way","name":null,"name_en":null,"class":"park","classes_all":["park"],"tags":{"leisure":"park"},"area_m2":50238.4,"size_band":"large","district":"อำเภอบางพลี","district_en":"Bang Phli District","district_osm_id":11580982,"province":"จังหวัดสมุทรปราการ","province_iso":"TH-11","multi_district":false,"reason_excluded":null,"reasons_all":[],"flags":[],"related_ids":{},"poi_inside":[],"opening_hours":null,"verification_mode":"continuous_gps","floor_level":null,"rep_point":[100.662618,13.651445]},"geometry":{"type":"MultiPolygon","coordinates":[[[[100.661263,13.651646],[100.662157,13.651243],[100.662392,13.650866],[100.662714,13.64959],[100.662851,13.649521],[100.663098,13.649588],[100.663201,13.649815],[100.663057,13.65045],[100.663695,13.651802],[100.6647,13.652264],[100.664946,13.65272],[100.665032,13.652752],[100.665142,13.653076],[100.664803,13.653208],[100.664361,13.653389],[100.663974,13.652642],[100.663597,13.652732],[100.663487,13.652952],[100.663359,13.652896],[100.663236,13.65254],[100.662897,13.651802],[100.662404,13.651729],[100.661497,13.652121],[100.661263,13.651646]]]]}},
{"type":"Feature","id":"osm-w1293690812","properties":{"id":"osm-w1293690812","osm_id":1293690812,"osm_type":"way","name":null,"name_en":null,"class":"park","classes_all":["park"],"tags":{"leisure":"park"},"area_m2":7219.9,"size_band":"small","district":"เขตบางขุนเทียน","district_en":"Bang Khun Thian District","district_osm_id":3147313,"province":"กรุงเทพมหานคร","province_iso":"TH-10","multi_district":false,"reason_excluded":null,"reasons_all":[],"flags":[],"related_ids":{},"poi_inside":[],"opening_hours":null,"verification_mode":"continuous_gps","floor_level":null,"rep_point":[100.462159,13.632333]},"geometry":{"type":"MultiPolygon","coordinates":[[[[100.46181,13.632562],[100.46199,13.631756],[100.462047,13.631727],[100.462092,13.631677],[100.462917,13.631693],[100.462946,13.631708],[100.462957,13.631727],[100.462949,13.631894],[100.462513,13.631832],[100.462413,13.632156],[100.462499,13.632182],[100.462413,13.632483],[100.46233,13.632708],[100.46181,13.632562]]]]}},
{"type":"Feature","id":"osm-w1293690825","properties":{"id":"osm-w1293690825","osm_id":1293690825,"osm_type":"way","name":null,"name_en":null,"class":"park","classes_all":["park"],"tags":{"leisure":"park"},"area_m2":6105.0,"size_band":"small","district":"เขตบางขุนเทียน","district_en":"Bang Khun Thian District","district_osm_id":3147313,"province":"กรุงเทพมหานคร","province_iso":"TH-10","multi_district":false,"reason_excluded":null,"reasons_all":[],"flags":[],"related_ids":{},"poi_inside":[],"opening_hours":null,"verification_mode":"continuous_gps","floor_level":null,"rep_point":[100.45171,13.638495]},"geometry":{"type":"MultiPolygon","coordinates":[[[[100.451455,13.638734],[100.451534,13.638416],[100.451595,13.638209],[100.451639,13.638184],[100.45173,13.638125],[100.452477,13.638103],[100.452527,13.638142],[100.45252,13.638379],[100.451912,13.638374],[100.4519,13.638574],[100.451911,13.638697],[100.451872,13.639031],[100.451471,13.63902],[100.451455,13.638734]]]]}},
{"type":"Feature","id":"osm-w1294700148","properties":{"id":"osm-w1294700148","osm_id":1294700148,"osm_type":"way","name":null,"name_en":null,"class":"park","classes_all":["park"],"tags":{"leisure":"park"},"area_m2":4107.4,"size_band":"small","district":"เขตทุ่งครุ","district_en":"Thung Khru District","district_osm_id":3147104,"province":"กรุงเทพมหานคร","province_iso":"TH-10","multi_district":false,"reason_excluded":null,"reasons_all":[],"flags":[],"related_ids":{},"poi_inside":[],"opening_hours":null,"verification_mode":"continuous_gps","floor_level":null,"rep_point":[100.512441,13.611903]},"geometry":{"type":"MultiPolygon","coordinates":[[[[100.512125,13.611543],[100.512128,13.611513],[100.51215,13.611508],[100.513031,13.612263],[100.512998,13.612327],[100.512806,13.612418],[100.512528,13.612536],[100.512125,13.611543]]]]}},
{"type":"Feature","id":"osm-w1294798133","properties":{"id":"osm-w1294798133","osm_id":1294798133,"osm_type":"way","name":null,"name_en":null,"class":"park","classes_all":["park"],"tags":{"leisure":"park"},"area_m2":6531.4,"size_band":"small","district":"เขตบางขุนเทียน","district_en":"Bang Khun Thian District","district_osm_id":3147313,"province":"กรุงเทพมหานคร","province_iso":"TH-10","multi_district":false,"reason_excluded":null,"reasons_all":[],"flags":[],"related_ids":{},"poi_inside":[],"opening_hours":null,"verification_mode":"continuous_gps","floor_level":null,"rep_point":[100.447105,13.624201]},"geometry":{"type":"MultiPolygon","coordinates":[[[[100.446168,13.62525],[100.446339,13.62465],[100.446393,13.624624],[100.446709,13.624679],[100.447066,13.624616],[100.447026,13.623826],[100.446962,13.623104],[100.447053,13.623091],[100.447106,13.623529],[100.44713,13.623824],[100.447149,13.624082],[100.447179,13.624319],[100.447214,13.624572],[100.447173,13.624627],[100.447165,13.62483],[100.446911,13.624869],[100.446626,13.624934],[100.446632,13.625028],[100.446511,13.625229],[100.446487,13.62538],[100.446358,13.625385],[100.446278,13.62538],[100.446168,13.62525]]]]}},
{"type":"Feature","id":"osm-w1296084300","properties":{"id":"osm-w1296084300","osm_id":1296084300,"osm_type":"way","name":null,"name_en":null,"class":"park","classes_all":["park"],"tags":{"leisure":"park"},"area_m2":4921.3,"size_band":"small","district":"อำเภอพระสมุทรเจดีย์","district_en":"Phra Samut Chedi District","district_osm_id":10958328,"province":"จังหวัดสมุทรปราการ","province_iso":"TH-11","multi_district":false,"reason_excluded":null,"reasons_all":[],"flags":[],"related_ids":{},"poi_inside":[],"opening_hours":null,"verification_mode":"continuous_gps","floor_level":null,"rep_point":[100.504474,13.602177]},"geometry":{"type":"MultiPolygon","coordinates":[[[[100.504047,13.602161],[100.504062,13.602126],[100.50491,13.602018],[100.50547,13.601962],[100.505784,13.601904],[100.505659,13.602042],[100.505283,13.602473],[100.504899,13.602155],[100.504852,13.602212],[100.504776,13.602208],[100.504707,13.602296],[100.504664,13.602281],[100.504566,13.60239],[100.504088,13.602193],[100.504047,13.602161]]]]}},
{"type":"Feature","id":"osm-w1296084301","properties":{"id":"osm-w1296084301","osm_id":1296084301,"osm_type":"way","name":null,"name_en":null,"class":"park","classes_all":["park"],"tags":{"leisure":"park"},"area_m2":9367.1,"size_band":"small","district":"อำเภอพระสมุทรเจดีย์","district_en":"Phra Samut Chedi District","district_osm_id":10958328,"province":"จังหวัดสมุทรปราการ","province_iso":"TH-11","multi_district":false,"reason_excluded":null,"reasons_all":[],"flags":[],"related_ids":{},"poi_inside":[],"opening_hours":null,"verification_mode":"continuous_gps","floor_level":null,"rep_point":[100.499704,13.603178]},"geometry":{"type":"MultiPolygon","coordinates":[[[[100.499055,13.603603],[100.49906,13.603549],[100.499418,13.603386],[100.499293,13.602958],[100.500531,13.602644],[100.500541,13.602742],[100.500484,13.602784],[100.500145,13.603066],[100.499957,13.60329],[100.499872,13.603434],[100.499716,13.603745],[100.499676,13.603889],[100.499629,13.603914],[100.49924,13.60387],[100.499171,13.603833],[100.499055,13.603603]]]]}},
{"type":"Feature","id":"osm-w1296084310","properties":{"id":"osm-w1296084310","osm_id":1296084310,"osm_type":"way","name":null,"name_en":null,"class":"park","classes_all":["park"],"tags":{"leisure":"park"},"area_m2":3232.0,"size_band":"small","district":"อำเภอพระสมุทรเจดีย์","district_en":"Phra Samut Chedi District","district_osm_id":10958328,"province":"จังหวัดสมุทรปราการ","province_iso":"TH-11","multi_district":false,"reason_excluded":null,"reasons_all":[],"flags":[],"related_ids":{},"poi_inside":[],"opening_hours":null,"verification_mode":"continuous_gps","floor_level":null,"rep_point":[100.49695,13.605104]},"geometry":{"type":"MultiPolygon","coordinates":[[[[100.49678,13.605388],[100.49682,13.604691],[100.496859,13.604644],[100.497263,13.60468],[100.497118,13.605014],[100.49709,13.605195],[100.497083,13.605433],[100.497065,13.605467],[100.496808,13.605458],[100.49678,13.605388]]]]}},
{"type":"Feature","id":"osm-w1296606515","properties":{"id":"osm-w1296606515","osm_id":1296606515,"osm_type":"way","name":null,"name_en":null,"class":"pitch","classes_all":["pitch"],"tags":{"leisure":"pitch"},"area_m2":5826.7,"size_band":"small","district":"เขตบางเขน","district_en":"Bang Khen District","district_osm_id":2938030,"province":"กรุงเทพมหานคร","province_iso":"TH-10","multi_district":false,"reason_excluded":null,"reasons_all":[],"flags":[],"related_ids":{},"poi_inside":[],"opening_hours":null,"verification_mode":"continuous_gps","floor_level":null,"rep_point":[100.649728,13.86632]},"geometry":{"type":"MultiPolygon","coordinates":[[[[100.649322,13.865935],[100.650115,13.865906],[100.650131,13.866229],[100.650129,13.866595],[100.649655,13.86661],[100.64963,13.866416],[100.649327,13.866411],[100.649322,13.865935]]]]}},
{"type":"Feature","id":"osm-w1303835962","properties":{"id":"osm-w1303835962","osm_id":1303835962,"osm_type":"way","name":"ตลาดบุญเรือง","name_en":"Boonruang Market","class":"marketplace","classes_all":["marketplace"],"tags":{"amenity":"marketplace","name":"ตลาดบุญเรือง","name:en":"Boonruang Market","name:th":"ตลาดบุญเรือง"},"area_m2":10434.6,"size_band":"medium","district":"เขตประเวศ","district_en":"Prawet District","district_osm_id":3146414,"province":"กรุงเทพมหานคร","province_iso":"TH-10","multi_district":false,"reason_excluded":null,"reasons_all":[],"flags":[],"related_ids":{"blockers":{"religious":{"ids":["osm-w1303835961"],"share":0.0}}},"poi_inside":[],"opening_hours":null,"verification_mode":"continuous_gps","floor_level":null,"rep_point":[100.663319,13.677297]},"geometry":{"type":"MultiPolygon","coordinates":[[[[100.662685,13.677038],[100.663462,13.676616],[100.663952,13.677556],[100.663787,13.67762],[100.663696,13.677646],[100.663104,13.677843],[100.662685,13.677038]]]]}},
{"type":"Feature","id":"osm-w1305541221","properties":{"id":"osm-w1305541221","osm_id":1305541221,"osm_type":"way","name":"สวนสุขใจ","name_en":"Suan Suk Jai","class":"park","classes_all":["park"],"tags":{"leisure":"park","name":"สวนสุขใจ","name:en":"Suan Suk Jai","name:th":"สวนสุขใจ"},"area_m2":21585.4,"size_band":"medium","district":"อำเภอบางเสาธง","district_en":"Bang Sao Thong District","district_osm_id":11580981,"province":"จังหวัดสมุทรปราการ","province_iso":"TH-11","multi_district":false,"reason_excluded":null,"reasons_all":[],"flags":[],"related_ids":{},"poi_inside":[],"opening_hours":null,"verification_mode":"continuous_gps","floor_level":null,"rep_point":[100.796505,13.583525]},"geometry":{"type":"MultiPolygon","coordinates":[[[[100.795642,13.582562],[100.795841,13.582504],[100.796556,13.5823],[100.797137,13.583208],[100.796975,13.583842],[100.796231,13.584262],[100.796152,13.584131],[100.795642,13.582562]]]]}},
{"type":"Feature","id":"osm-w1305541222","properties":{"id":"osm-w1305541222","osm_id":1305541222,"osm_type":"way","name":"สวนหย่อมเทศบาล","name_en":null,"class":"park","classes_all":["park"],"tags":{"leisure":"park","name":"สวนหย่อมเทศบาล"},"area_m2":4895.1,"size_band":"small","district":"อำเภอบางเสาธง","district_en":"Bang Sao Thong District","district_osm_id":11580981,"province":"จังหวัดสมุทรปราการ","province_iso":"TH-11","multi_district":false,"reason_excluded":null,"reasons_all":[],"flags":[],"related_ids":{},"poi_inside":[],"opening_hours":null,"verification_mode":"continuous_gps","floor_level":null,"rep_point":[100.796122,13.581636]},"geometry":{"type":"MultiPolygon","coordinates":[[[[100.795723,13.581974],[100.796095,13.581298],[100.796212,13.581253],[100.79645,13.581995],[100.796401,13.582072],[100.795818,13.58223],[100.795723,13.581974]]]]}},
{"type":"Feature","id":"osm-w1305579334","properties":{"id":"osm-w1305579334","osm_id":1305579334,"osm_type":"way","name":"แปลงเพาะชำกล้าไม้ชุมชน","name_en":null,"class":"garden","classes_all":["garden"],"tags":{"garden:type":"community","landuse":"plant_nursery","leisure":"garden","name":"แปลงเพาะชำกล้าไม้ชุมชน","name:th":"แปลงเพาะชำกล้าไม้ชุมชน"},"area_m2":5350.5,"size_band":"small","district":"อำเภอพระประแดง","district_en":"Phra Pradaeng District","district_osm_id":11580984,"province":"จังหวัดสมุทรปราการ","province_iso":"TH-11","multi_district":false,"reason_excluded":null,"reasons_all":[],"flags":[],"related_ids":{"blockers":{"religious":{"ids":["osm-w1271227441"],"share":0.0}}},"poi_inside":[],"opening_hours":null,"verification_mode":"continuous_gps","floor_level":null,"rep_point":[100.548201,13.663632]},"geometry":{"type":"MultiPolygon","coordinates":[[[[100.547627,13.663667],[100.547858,13.663554],[100.548228,13.663428],[100.54861,13.663275],[100.548656,13.66323],[100.548689,13.663214],[100.548903,13.663525],[100.548786,13.663598],[100.547842,13.664005],[100.547627,13.663667]]]]}},
{"type":"Feature","id":"osm-w1310012206","properties":{"id":"osm-w1310012206","osm_id":1310012206,"osm_type":"way","name":null,"name_en":null,"class":"garden","classes_all":["garden"],"tags":{"leisure":"garden"},"area_m2":3102.7,"size_band":"small","district":"เขตทวีวัฒนา","district_en":"Thawi Watthana District","district_osm_id":2939955,"province":"กรุงเทพมหานคร","province_iso":"TH-10","multi_district":false,"reason_excluded":null,"reasons_all":[],"flags":[],"related_ids":{},"poi_inside":[],"opening_hours":null,"verification_mode":"continuous_gps","floor_level":null,"rep_point":[100.334301,13.776407]},"geometry":{"type":"MultiPolygon","coordinates":[[[[100.33409,13.776903],[100.334267,13.775867],[100.334516,13.77591],[100.334332,13.776934],[100.33409,13.776903]]]]}},
{"type":"Feature","id":"osm-w1312281461","properties":{"id":"osm-w1312281461","osm_id":1312281461,"osm_type":"way","name":null,"name_en":null,"class":"garden","classes_all":["garden"],"tags":{"leisure":"garden"},"area_m2":3764.6,"size_band":"small","district":"เขตพระนคร","district_en":"Phra Nakhon District","district_osm_id":92053,"province":"กรุงเทพมหานคร","province_iso":"TH-10","multi_district":false,"reason_excluded":null,"reasons_all":[],"flags":[],"related_ids":{},"poi_inside":[],"opening_hours":null,"verification_mode":"continuous_gps","floor_level":null,"rep_point":[100.493485,13.748552]},"geometry":{"type":"MultiPolygon","coordinates":[[[[100.492803,13.748398],[100.492828,13.748146],[100.493676,13.74822],[100.493561,13.748948],[100.493435,13.748934],[100.493455,13.748656],[100.493339,13.748646],[100.493355,13.748458],[100.493166,13.748443],[100.492976,13.748426],[100.492807,13.748412],[100.492803,13.748398]]]]}},
{"type":"Feature","id":"osm-w1312392464","properties":{"id":"osm-w1312392464","osm_id":1312392464,"osm_type":"way","name":null,"name_en":null,"class":"garden","classes_all":["garden"],"tags":{"leisure":"garden"},"area_m2":4248.2,"size_band":"small","district":"เขตดุสิต","district_en":"Dusit District","district_osm_id":92069,"province":"กรุงเทพมหานคร","province_iso":"TH-10","multi_district":false,"reason_excluded":null,"reasons_all":[],"flags":["crosses_major_way"],"related_ids":{"major_ways":["osm-w1372647986"]},"poi_inside":[],"opening_hours":null,"verification_mode":"continuous_gps","floor_level":null,"rep_point":[100.515839,13.791899]},"geometry":{"type":"MultiPolygon","coordinates":[[[[100.515468,13.792037],[100.515629,13.791962],[100.515824,13.791556],[100.51602,13.791456],[100.516675,13.79225],[100.516649,13.792286],[100.516443,13.792393],[100.516142,13.791836],[100.515509,13.792159],[100.51547,13.792096],[100.515468,13.792037]]]]}},
{"type":"Feature","id":"osm-w1312398252","properties":{"id":"osm-w1312398252","osm_id":1312398252,"osm_type":"way","name":"สวนหย่อมคลองบางซื่อ","name_en":null,"class":"park","classes_all":["park"],"tags":{"leisure":"park","name":"สวนหย่อมคลองบางซื่อ","name:th":"สวนหย่อมคลองบางซื่อ"},"area_m2":3998.7,"size_band":"small","district":"เขตดุสิต","district_en":"Dusit District","district_osm_id":92069,"province":"กรุงเทพมหานคร","province_iso":"TH-10","multi_district":false,"reason_excluded":null,"reasons_all":[],"flags":[],"related_ids":{"blockers":{"military":{"ids":["osm-w897169111"],"share":0.0}}},"poi_inside":[],"opening_hours":null,"verification_mode":"continuous_gps","floor_level":null,"rep_point":[100.521509,13.798536]},"geometry":{"type":"MultiPolygon","coordinates":[[[[100.521422,13.79983],[100.521445,13.798223],[100.521461,13.797522],[100.521468,13.797441],[100.521498,13.797366],[100.521566,13.797287],[100.521622,13.797231],[100.521668,13.797231],[100.521676,13.797266],[100.521665,13.797396],[100.521608,13.798112],[100.521553,13.798848],[100.521515,13.799242],[100.521482,13.799831],[100.521422,13.79983]]]]}},
{"type":"Feature","id":"osm-w1313952865","properties":{"id":"osm-w1313952865","osm_id":1313952865,"osm_type":"way","name":"ตลาดเลียบทางด่วน รามอินทรา","name_en":"Liab Duan Night Market","class":"marketplace","classes_all":["marketplace"],"tags":{"amenity":"marketplace","name":"ตลาดเลียบทางด่วน รามอินทรา","name:en":"Liab Duan Night Market"},"area_m2":30995.4,"size_band":"medium","district":"เขตบางเขน","district_en":"Bang Khen District","district_osm_id":2938030,"province":"กรุงเทพมหานคร","province_iso":"TH-10","multi_district":false,"reason_excluded":null,"reasons_all":[],"flags":[],"related_ids":{},"poi_inside":[],"opening_hours":null,"verification_mode":"continuous_gps","floor_level":null,"rep_point":[100.639134,13.846535]},"geometry":{"type":"MultiPolygon","coordinates":[[[[100.63761,13.845316],[100.637695,13.845327],[100.637798,13.845339],[100.637868,13.845339],[100.637941,13.845318],[100.637962,13.845297],[100.638369,13.845584],[100.638686,13.845806],[100.638986,13.846038],[100.639142,13.846122],[100.639365,13.84622],[100.639538,13.846266],[100.639786,13.84634],[100.640015,13.846422],[100.63995,13.846647],[100.639829,13.847015],[100.639752,13.847249],[100.640332,13.847356],[100.640332,13.847425],[100.640132,13.847442],[100.63992,13.847464],[100.639696,13.847499],[100.63925,13.847593],[100.639049,13.847637],[100.638948,13.847624],[100.638865,13.84756],[100.638715,13.847311],[100.638518,13.84696],[100.638369,13.846694],[100.638136,13.846251],[100.63761,13.845316]]]]}},
{"type":"Feature","id":"osm-w1314008705","properties":{"id":"osm-w1314008705","osm_id":1314008705,"osm_type":"way","name":null,"name_en":null,"class":"garden","classes_all":["garden"],"tags":{"leisure":"garden"},"area_m2":4166.8,"size_band":"small","district":"เขตบางขุนเทียน","district_en":"Bang Khun Thian District","district_osm_id":3147313,"province":"กรุงเทพมหานคร","province_iso":"TH-10","multi_district":false,"reason_excluded":null,"reasons_all":[],"flags":[],"related_ids":{},"poi_inside":[],"opening_hours":null,"verification_mode":"continuous_gps","floor_level":null,"rep_point":[100.435205,13.602105]},"geometry":{"type":"MultiPolygon","coordinates":[[[[100.434843,13.601947],[100.435269,13.601812],[100.435423,13.601764],[100.43556,13.602262],[100.43533,13.602346],[100.435347,13.602418],[100.435267,13.602477],[100.435036,13.602551],[100.434843,13.601947]]]]}},
{"type":"Feature","id":"osm-w1314835550","properties":{"id":"osm-w1314835550","osm_id":1314835550,"osm_type":"way","name":null,"name_en":null,"class":"park","classes_all":["park"],"tags":{"leisure":"park"},"area_m2":12670.2,"size_band":"medium","district":"เขตหนองแขม","district_en":"Nong Khaem District","district_osm_id":2942283,"province":"กรุงเทพมหานคร","province_iso":"TH-10","multi_district":false,"reason_excluded":null,"reasons_all":[],"flags":[],"related_ids":{},"poi_inside":[],"opening_hours":null,"verification_mode":"continuous_gps","floor_level":null,"rep_point":[100.36294,13.720355]},"geometry":{"type":"MultiPolygon","coordinates":[[[[100.3625,13.719811],[100.363338,13.720101],[100.363345,13.720608],[100.363704,13.72061],[100.363708,13.721298],[100.362575,13.720859],[100.3625,13.719811]]]]}},
{"type":"Feature","id":"osm-w1316235918","properties":{"id":"osm-w1316235918","osm_id":1316235918,"osm_type":"way","name":null,"name_en":null,"class":"garden","classes_all":["garden"],"tags":{"leisure":"garden"},"area_m2":19002.6,"size_band":"medium","district":"เขตบางขุนเทียน","district_en":"Bang Khun Thian District","district_osm_id":3147313,"province":"กรุงเทพมหานคร","province_iso":"TH-10","multi_district":false,"reason_excluded":null,"reasons_all":[],"flags":[],"related_ids":{},"poi_inside":[],"opening_hours":null,"verification_mode":"continuous_gps","floor_level":null,"rep_point":[100.439645,13.615624]},"geometry":{"type":"MultiPolygon","coordinates":[[[[100.438991,13.615081],[100.439502,13.614965],[100.439543,13.615103],[100.440037,13.615031],[100.440341,13.616417],[100.439853,13.616543],[100.439853,13.616656],[100.439642,13.616667],[100.43937,13.616657],[100.439248,13.616146],[100.438991,13.615081]]]]}},
{"type":"Feature","id":"osm-w1316235972","properties":{"id":"osm-w1316235972","osm_id":1316235972,"osm_type":"way","name":"สวนเทียนทะเลพัฒนาพฤกษาภิรมย์","name_en":null,"class":"park","classes_all":["park"],"tags":{"leisure":"park","name":"สวนเทียนทะเลพัฒนาพฤกษาภิรมย์","name:th":"สวนเทียนทะเลพัฒนาพฤกษาภิรมย์","operator":"กรุงเทพมหานคร","operator:type":"public"},"area_m2":59739.3,"size_band":"large","district":"เขตบางขุนเทียน","district_en":"Bang Khun Thian District","district_osm_id":3147313,"province":"กรุงเทพมหานคร","province_iso":"TH-10","multi_district":false,"reason_excluded":null,"reasons_all":[],"flags":[],"related_ids":{"blockers":{"government":{"ids":["osm-w1320706306"],"share":0.0}}},"poi_inside":[],"opening_hours":null,"verification_mode":"continuous_gps","floor_level":null,"rep_point":[100.440349,13.618976]},"geometry":{"type":"MultiPolygon","coordinates":[[[[100.43812,13.620669],[100.438267,13.619446],[100.439154,13.619538],[100.439205,13.619504],[100.439359,13.619044],[100.439724,13.6191],[100.440089,13.619178],[100.440178,13.619139],[100.440231,13.619011],[100.440259,13.618942],[100.4397,13.618295],[100.439514,13.618336],[100.439204,13.618309],[100.439038,13.617867],[100.438922,13.617557],[100.438904,13.617508],[100.440066,13.617088],[100.440156,13.617055],[100.440199,13.617064],[100.440936,13.617702],[100.439737,13.620866],[100.43812,13.620669]]]]}},
{"type":"Feature","id":"osm-w1316341576","properties":{"id":"osm-w1316341576","osm_id":1316341576,"osm_type":"way","name":null,"name_en":null,"class":"marketplace","classes_all":["marketplace"],"tags":{"amenity":"marketplace"},"area_m2":3914.5,"size_band":"small","district":"เขตบางขุนเทียน","district_en":"Bang Khun Thian District","district_osm_id":3147313,"province":"กรุงเทพมหานคร","province_iso":"TH-10","multi_district":false,"reason_excluded":null,"reasons_all":[],"flags":[],"related_ids":{},"poi_inside":[{"id":"osm-n6108554835","osm_id":6108554835,"tag":"amenity=marketplace","name":"ตลาดนัดกรีนเดย์ไนท์"}],"opening_hours":null,"verification_mode":"continuous_gps","floor_level":null,"rep_point":[100.441404,13.664487]},"geometry":{"type":"MultiPolygon","coordinates":[[[[100.441052,13.664589],[100.441351,13.664033],[100.441794,13.664303],[100.441753,13.664385],[100.441555,13.664775],[100.441546,13.664793],[100.441397,13.664801],[100.441291,13.664736],[100.441052,13.664589]]]]}},
{"type":"Feature","id":"osm-w1319566307","properties":{"id":"osm-w1319566307","osm_id":1319566307,"osm_type":"way","name":"ตลาดอินดี้ ดาวคะนอง","name_en":null,"class":"marketplace","classes_all":["marketplace"],"tags":{"amenity":"marketplace","name":"ตลาดอินดี้ ดาวคะนอง"},"area_m2":12310.5,"size_band":"medium","district":"เขตจอมทอง","district_en":"Chom Thong District","district_osm_id":3147007,"province":"กรุงเทพมหานคร","province_iso":"TH-10","multi_district":false,"reason_excluded":null,"reasons_all":[],"flags":[],"related_ids":{},"poi_inside":[],"opening_hours":null,"verification_mode":"continuous_gps","floor_level":null,"rep_point":[100.480236,13.690783]},"geometry":{"type":"MultiPolygon","coordinates":[[[[100.479382,13.690561],[100.479725,13.690526],[100.479757,13.69068],[100.480807,13.690468],[100.480805,13.690405],[100.481192,13.690354],[100.481096,13.690677],[100.481053,13.690886],[100.481034,13.691101],[100.479426,13.691191],[100.479382,13.690561]]]]}},
{"type":"Feature","id":"osm-w1319847528","properties":{"id":"osm-w1319847528","osm_id":1319847528,"osm_type":"way","name":"สวนดินแดง 3","name_en":"Dindaeng 3 Park","class":"park","classes_all":["park"],"tags":{"leisure":"park","name":"สวนดินแดง 3","name:en":"Dindaeng 3 Park","name:th":"สวนดินแดง 3"},"area_m2":7204.0,"size_band":"small","district":"เขตดินแดง","district_en":"Din Daeng District","district_osm_id":2938031,"province":"กรุงเทพมหานคร","province_iso":"TH-10","multi_district":false,"reason_excluded":null,"reasons_all":[],"flags":[],"related_ids":{},"poi_inside":[],"opening_hours":null,"verification_mode":"continuous_gps","floor_level":null,"rep_point":[100.553071,13.758549]},"geometry":{"type":"MultiPolygon","coordinates":[[[[100.552572,13.75828],[100.553177,13.757907],[100.553548,13.758818],[100.552924,13.759002],[100.552572,13.75828]]]]}},
{"type":"Feature","id":"osm-w1319861814","properties":{"id":"osm-w1319861814","osm_id":1319861814,"osm_type":"way","name":null,"name_en":null,"class":"garden","classes_all":["garden"],"tags":{"leisure":"garden"},"area_m2":3638.8,"size_band":"small","district":"เขตดินแดง","district_en":"Din Daeng District","district_osm_id":2938031,"province":"กรุงเทพมหานคร","province_iso":"TH-10","multi_district":false,"reason_excluded":null,"reasons_all":[],"flags":[],"related_ids":{},"poi_inside":[],"opening_hours":null,"verification_mode":"continuous_gps","floor_level":null,"rep_point":[100.555486,13.769296]},"geometry":{"type":"MultiPolygon","coordinates":[[[[100.554794,13.769534],[100.555606,13.769138],[100.555773,13.769453],[100.555251,13.76971],[100.555114,13.769709],[100.555008,13.769731],[100.554959,13.769747],[100.554905,13.769766],[100.554794,13.769534]]]]}},
{"type":"Feature","id":"osm-w1319861815","properties":{"id":"osm-w1319861815","osm_id":1319861815,"osm_type":"way","name":null,"name_en":null,"class":"garden","classes_all":["garden"],"tags":{"leisure":"garden"},"area_m2":3681.7,"size_band":"small","district":"เขตดินแดง","district_en":"Din Daeng District","district_osm_id":2938031,"province":"กรุงเทพมหานคร","province_iso":"TH-10","multi_district":false,"reason_excluded":null,"reasons_all":[],"flags":[],"related_ids":{},"poi_inside":[],"opening_hours":null,"verification_mode":"continuous_gps","floor_level":null,"rep_point":[100.555843,13.770427]},"geometry":{"type":"MultiPolygon","coordinates":[[[[100.555314,13.770569],[100.555324,13.770563],[100.555367,13.770535],[100.55548,13.77046],[100.555543,13.770348],[100.5557,13.770257],[100.555752,13.770232],[100.556091,13.770072],[100.556255,13.770395],[100.555438,13.770791],[100.555314,13.770569]]]]}},
{"type":"Feature","id":"osm-w1319861846","properties":{"id":"osm-w1319861846","osm_id":1319861846,"osm_type":"way","name":null,"name_en":null,"class":"garden","classes_all":["garden"],"tags":{"leisure":"garden"},"area_m2":6776.8,"size_band":"small","district":"เขตดินแดง","district_en":"Din Daeng District","district_osm_id":2938031,"province":"กรุงเทพมหานคร","province_iso":"TH-10","multi_district":false,"reason_excluded":null,"reasons_all":[],"flags":[],"related_ids":{},"poi_inside":[],"opening_hours":null,"verification_mode":"continuous_gps","floor_level":null,"rep_point":[100.553928,13.771995]},"geometry":{"type":"MultiPolygon","coordinates":[[[[100.55326,13.771202],[100.55332,13.771169],[100.553559,13.771409],[100.553679,13.771497],[100.553874,13.7714],[100.553907,13.771461],[100.554378,13.77233],[100.553945,13.772541],[100.553914,13.772493],[100.55349,13.77166],[100.55326,13.771202]]]]}},
{"type":"Feature","id":"osm-w1319861857","properties":{"id":"osm-w1319861857","osm_id":1319861857,"osm_type":"way","name":null,"name_en":null,"class":"pitch","classes_all":["pitch"],"tags":{"leisure":"pitch"},"area_m2":9382.7,"size_band":"small","district":"เขตดินแดง","district_en":"Din Daeng District","district_osm_id":2938031,"province":"กรุงเทพมหานคร","province_iso":"TH-10","multi_district":false,"reason_excluded":null,"reasons_all":[],"flags":[],"related_ids":{},"poi_inside":[],"opening_hours":null,"verification_mode":"continuous_gps","floor_level":null,"rep_point":[100.5545,13.77172]},"geometry":{"type":"MultiPolygon","coordinates":[[[[100.553907,13.771461],[100.554643,13.771117],[100.555087,13.771979],[100.554378,13.77233],[100.553907,13.771461]]]]}},
{"type":"Feature","id":"osm-w1319867501","properties":{"id":"osm-w1319867501","osm_id":1319867501,"osm_type":"way","name":"ตลาดดินแดง","name_en":"Din","class":"marketplace","classes_all":["marketplace"],"tags":{"amenity":"marketplace","name":"ตลาดดินแดง","name:en":"Din","name:th":"ตลาดดินแดง"},"area_m2":6450.9,"size_band":"small","district":"เขตดินแดง","district_en":"Din Daeng District","district_osm_id":2938031,"province":"กรุงเทพมหานคร","province_iso":"TH-10","multi_district":false,"reason_excluded":null,"reasons_all":[],"flags":[],"related_ids":{},"poi_inside":[],"opening_hours":null,"verification_mode":"continuous_gps","floor_level":null,"rep_point":[100.556522,13.765115]},"geometry":{"type":"MultiPolygon","coordinates":[[[[100.555097,13.765957],[100.555773,13.765685],[100.555947,13.765622],[100.55648,13.765419],[100.556237,13.764812],[100.556525,13.764704],[100.556828,13.765486],[100.556525,13.765604],[100.555176,13.766129],[100.555097,13.765957]]]]}},
{"type":"Feature","id":"osm-w1320414549","properties":{"id":"osm-w1320414549","osm_id":1320414549,"osm_type":"way","name":null,"name_en":null,"class":"garden","classes_all":["garden"],"tags":{"leisure":"garden"},"area_m2":5163.2,"size_band":"small","district":"เขตสาทร","district_en":"Sathon District","district_osm_id":3147425,"province":"กรุงเทพมหานคร","province_iso":"TH-10","multi_district":false,"reason_excluded":null,"reasons_all":[],"flags":[],"related_ids":{},"poi_inside":[],"opening_hours":null,"verification_mode":"continuous_gps","floor_level":null,"rep_point":[100.510534,13.713217]},"geometry":{"type":"MultiPolygon","coordinates":[[[[100.510123,13.712885],[100.510494,13.712724],[100.510922,13.71364],[100.511382,13.71355],[100.511392,13.713679],[100.511335,13.713693],[100.511157,13.713759],[100.510792,13.713826],[100.510738,13.713813],[100.510123,13.712885]]]]}},
{"type":"Feature","id":"osm-w1320414550","properties":{"id":"osm-w1320414550","osm_id":1320414550,"osm_type":"way","name":null,"name_en":null,"class":"garden","classes_all":["garden"],"tags":{"leisure":"garden"},"area_m2":5943.9,"size_band":"small","district":"เขตสาทร","district_en":"Sathon District","district_osm_id":3147425,"province":"กรุงเทพมหานคร","province_iso":"TH-10","multi_district":false,"reason_excluded":null,"reasons_all":[],"flags":[],"related_ids":{},"poi_inside":[],"opening_hours":null,"verification_mode":"continuous_gps","floor_level":null,"rep_point":[100.510421,13.711587]},"geometry":{"type":"MultiPolygon","coordinates":[[[[100.509758,13.711725],[100.51044,13.711345],[100.510667,13.711263],[100.511016,13.711223],[100.51109,13.711448],[100.50993,13.712078],[100.509758,13.711725]]]]}},
{"type":"Feature","id":"osm-w1320417888","properties":{"id":"osm-w1320417888","osm_id":1320417888,"osm_type":"way","name":null,"name_en":null,"class":"garden","classes_all":["garden"],"tags":{"leisure":"garden"},"area_m2":3467.2,"size_band":"small","district":"เขตบางคอแหลม","district_en":"Bang Kho Laem District","district_osm_id":3147455,"province":"กรุงเทพมหานคร","province_iso":"TH-10","multi_district":false,"reason_excluded":null,"reasons_all":[],"flags":[],"related_ids":{"blockers":{"education":{"ids":["osm-w342563914"],"share":0.0}}},"poi_inside":[],"opening_hours":null,"verification_mode":"continuous_gps","floor_level":null,"rep_point":[100.509037,13.711252]},"geometry":{"type":"MultiPolygon","coordinates":[[[[100.508608,13.711188],[100.509076,13.710946],[100.5092,13.710905],[100.509433,13.711316],[100.509019,13.711565],[100.508608,13.711188]]]]}},
{"type":"Feature","id":"osm-w1320422003","properties":{"id":"osm-w1320422003","osm_id":1320422003,"osm_type":"way","name":null,"name_en":null,"class":"garden","classes_all":["garden"],"tags":{"leisure":"garden"},"area_m2":4303.4,"size_band":"small","district":"เขตบางรัก","district_en":"Bang Rak District","district_osm_id":92061,"province":"กรุงเทพมหานคร","province_iso":"TH-10","multi_district":false,"reason_excluded":null,"reasons_all":[],"flags":[],"related_ids":{},"poi_inside":[],"opening_hours":null,"verification_mode":"continuous_gps","floor_level":null,"rep_point":[100.513652,13.721095]},"geometry":{"type":"MultiPolygon","coordinates":[[[[100.513317,13.720845],[100.513415,13.720669],[100.513571,13.720631],[100.513849,13.720958],[100.51392,13.72106],[100.513905,13.721305],[100.513756,13.721429],[100.513461,13.721608],[100.513396,13.721465],[100.51346,13.721366],[100.513399,13.721279],[100.513371,13.72113],[100.51341,13.721042],[100.51342,13.720923],[100.513415,13.720845],[100.513317,13.720845]]]]}},
{"type":"Feature","id":"osm-w1320697040","properties":{"id":"osm-w1320697040","osm_id":1320697040,"osm_type":"way","name":"ตลาดสินทวี","name_en":null,"class":"marketplace","classes_all":["marketplace"],"tags":{"amenity":"marketplace","name":"ตลาดสินทวี","name:th":"ตลาดสินทวี"},"area_m2":8658.7,"size_band":"small","district":"เขตจอมทอง","district_en":"Chom Thong District","district_osm_id":3147007,"province":"กรุงเทพมหานคร","province_iso":"TH-10","multi_district":false,"reason_excluded":null,"reasons_all":[],"flags":[],"related_ids":{},"poi_inside":[],"opening_hours":null,"verification_mode":"continuous_gps","floor_level":null,"rep_point":[100.45795,13.665887]},"geometry":{"type":"MultiPolygon","coordinates":[[[[100.457444,13.666185],[100.457516,13.665394],[100.457547,13.665424],[100.458436,13.66558],[100.458449,13.665588],[100.458398,13.666326],[100.457444,13.666185]]]]}},
{"type":"Feature","id":"osm-w1321795645","properties":{"id":"osm-w1321795645","osm_id":1321795645,"osm_type":"way","name":null,"name_en":null,"class":"pitch","classes_all":["pitch"],"tags":{"leisure":"pitch","sport":"soccer","surface":"grass"},"area_m2":6040.0,"size_band":"small","district":"เขตบางขุนเทียน","district_en":"Bang Khun Thian District","district_osm_id":3147313,"province":"กรุงเทพมหานคร","province_iso":"TH-10","multi_district":false,"reason_excluded":null,"reasons_all":[],"flags":[],"related_ids":{},"poi_inside":[],"opening_hours":null,"verification_mode":"continuous_gps","floor_level":null,"rep_point":[100.464321,13.626811]},"geometry":{"type":"MultiPolygon","coordinates":[[[[100.4638,13.626745],[100.464211,13.626312],[100.464841,13.626878],[100.46443,13.62731],[100.4638,13.626745]]]]}},
{"type":"Feature","id":"osm-w1321842558","properties":{"id":"osm-w1321842558","osm_id":1321842558,"osm_type":"way","name":null,"name_en":null,"class":"marketplace","classes_all":["marketplace"],"tags":{"amenity":"marketplace"},"area_m2":7522.4,"size_band":"small","district":"เขตบางขุนเทียน","district_en":"Bang Khun Thian District","district_osm_id":3147313,"province":"กรุงเทพมหานคร","province_iso":"TH-10","multi_district":false,"reason_excluded":null,"reasons_all":[],"flags":[],"related_ids":{},"poi_inside":[],"opening_hours":null,"verification_mode":"continuous_gps","floor_level":null,"rep_point":[100.450415,13.619931]},"geometry":{"type":"MultiPolygon","coordinates":[[[[100.449974,13.620368],[100.449992,13.620252],[100.450036,13.619981],[100.450352,13.619894],[100.450337,13.619812],[100.450377,13.619411],[100.450644,13.619501],[100.450528,13.619868],[100.450662,13.619968],[100.451227,13.620148],[100.451134,13.620487],[100.450944,13.620464],[100.450478,13.62041],[100.45032,13.620397],[100.450162,13.620384],[100.449974,13.620368]]]]}},
{"type":"Feature","id":"osm-w1322075529","properties":{"id":"osm-w1322075529","osm_id":1322075529,"osm_type":"way","name":null,"name_en":null,"class":"garden","classes_all":["garden"],"tags":{"leisure":"garden"},"area_m2":4176.1,"size_band":"small","district":"เขตทุ่งครุ","district_en":"Thung Khru District","district_osm_id":3147104,"province":"กรุงเทพมหานคร","province_iso":"TH-10","multi_district":false,"reason_excluded":null,"reasons_all":[],"flags":[],"related_ids":{},"poi_inside":[],"opening_hours":null,"verification_mode":"continuous_gps","floor_level":null,"rep_point":[100.474684,13.626331]},"geometry":{"type":"MultiPolygon","coordinates":[[[[100.474268,13.625952],[100.474571,13.625838],[100.475102,13.626711],[100.474885,13.626925],[100.47485,13.626917],[100.474268,13.625952]]]]}},
{"type":"Feature","id":"osm-w1322531957","properties":{"id":"osm-w1322531957","osm_id":1322531957,"osm_type":"way","name":"สวนสาธารณะประปานคร","name_en":null,"class":"park","classes_all":["park"],"tags":{"leisure":"park","name":"สวนสาธารณะประปานคร","name:th":"สวนสาธารณะประปานคร"},"area_m2":124211.6,"size_band":"large","district":"อำเภอเมืองนครปฐม","district_en":"Mueang Nakhon Pathom District","district_osm_id":18931445,"province":"จังหวัดนครปฐม","province_iso":"TH-73","multi_district":false,"reason_excluded":null,"reasons_all":[],"flags":[],"related_ids":{},"poi_inside":[],"opening_hours":null,"verification_mode":"continuous_gps","floor_level":null,"rep_point":[100.056423,13.830929]},"geometry":{"type":"MultiPolygon","coordinates":[[[[100.0542,13.82986],[100.055754,13.829077],[100.056374,13.829909],[100.057644,13.829447],[100.058588,13.83195],[100.058022,13.832154],[100.05814,13.832507],[100.056388,13.832546],[100.05564,13.832703],[100.055414,13.832784],[100.0542,13.82986]]]]}},
{"type":"Feature","id":"osm-w1326472099","properties":{"id":"osm-w1326472099","osm_id":1326472099,"osm_type":"way","name":null,"name_en":null,"class":"garden","classes_all":["garden"],"tags":{"leisure":"garden"},"area_m2":7689.8,"size_band":"small","district":"เขตดินแดง","district_en":"Din Daeng District","district_osm_id":2938031,"province":"กรุงเทพมหานคร","province_iso":"TH-10","multi_district":false,"reason_excluded":null,"reasons_all":[],"flags":[],"related_ids":{},"poi_inside":[],"opening_hours":null,"verification_mode":"continuous_gps","floor_level":null,"rep_point":[100.551852,13.767626]},"geometry":{"type":"MultiPolygon","coordinates":[[[[100.55143,13.767425],[100.551822,13.767228],[100.55187,13.767312],[100.551983,13.767274],[100.552312,13.767892],[100.552354,13.76797],[100.552283,13.768006],[100.552299,13.768073],[100.552336,13.768129],[100.5528,13.7679],[100.552784,13.767871],[100.552869,13.767827],[100.552902,13.767902],[100.552893,13.767938],[100.551931,13.768403],[100.55143,13.767425]]]]}},
{"type":"Feature","id":"osm-w1328095238","properties":{"id":"osm-w1328095238","osm_id":1328095238,"osm_type":"way","name":"วัน แบงค็อก พาร์ค","name_en":"One Bangkok Park","class":"park","classes_all":["park"],"tags":{"leisure":"park","name":"One Bangkok Park","name:en":"One Bangkok Park","name:th":"วัน แบงค็อก พาร์ค"},"area_m2":10701.1,"size_band":"medium","district":"เขตปทุมวัน","district_en":"Pathum Wan District","district_osm_id":92063,"province":"กรุงเทพมหานคร","province_iso":"TH-10","multi_district":false,"reason_excluded":null,"reasons_all":[],"flags":[],"related_ids":{},"poi_inside":[],"opening_hours":null,"verification_mode":"continuous_gps","floor_level":null,"rep_point":[100.547285,13.727055]},"geometry":{"type":"MultiPolygon","coordinates":[[[[100.546724,13.726684],[100.547687,13.726524],[100.547846,13.727426],[100.547738,13.727444],[100.547368,13.727506],[100.547317,13.727514],[100.546954,13.727575],[100.546884,13.727587],[100.546724,13.726684]]]]}},
{"type":"Feature","id":"osm-w1330370652","properties":{"id":"osm-w1330370652","osm_id":1330370652,"osm_type":"way","name":"ตลาดขวัญพัฒนา 2","name_en":null,"class":"marketplace","classes_all":["marketplace"],"tags":{"amenity":"marketplace","name":"ตลาดขวัญพัฒนา 2","name:th":"ตลาดขวัญพัฒนา 2"},"area_m2":6691.5,"size_band":"small","district":"เขตดินแดง","district_en":"Din Daeng District","district_osm_id":2938031,"province":"กรุงเทพมหานคร","province_iso":"TH-10","multi_district":false,"reason_excluded":null,"reasons_all":[],"flags":["contains_religious_feature"],"related_ids":{"blockers":{"religious":{"ids":["osm-w1330370656"],"share":0.002}},"religious_blockers":["osm-w1330370656"]},"poi_inside":[],"opening_hours":null,"verification_mode":"continuous_gps","floor_level":null,"rep_point":[100.558065,13.75623]},"geometry":{"type":"MultiPolygon","coordinates":[[[[100.557661,13.755817],[100.558,13.755806],[100.55825,13.755817],[100.558463,13.756644],[100.557958,13.756902],[100.557661,13.755817]]]]}},
{"type":"Feature","id":"osm-w1330406315","properties":{"id":"osm-w1330406315","osm_id":1330406315,"osm_type":"way","name":null,"name_en":null,"class":"park","classes_all":["park"],"tags":{"leisure":"park"},"area_m2":5505.9,"size_band":"small","district":"อำเภอเมืองสมุทรปราการ","district_en":"Mueang Samut Prakan District","district_osm_id":11580983,"province":"จังหวัดสมุทรปราการ","province_iso":"TH-11","multi_district":false,"reason_excluded":null,"reasons_all":[],"flags":[],"related_ids":{},"poi_inside":[],"opening_hours":null,"verification_mode":"continuous_gps","floor_level":null,"rep_point":[100.682006,13.516277]},"geometry":{"type":"MultiPolygon","coordinates":[[[[100.681366,13.515945],[100.681916,13.51585],[100.682062,13.515853],[100.682129,13.515922],[100.682436,13.516793],[100.682318,13.516851],[100.682155,13.516803],[100.681884,13.51641],[100.681632,13.516145],[100.681565,13.516082],[100.68139,13.51604],[100.681366,13.515945]]]]}},
{"type":"Feature","id":"osm-w1330850468","properties":{"id":"osm-w1330850468","osm_id":1330850468,"osm_type":"way","name":"เค อเวนิว รังสิต","name_en":"K-avenue Rangsit","class":"marketplace","classes_all":["marketplace"],"tags":{"amenity":"marketplace","name":"K-avenue Rangsit","name:en":"K-avenue Rangsit","name:th":"เค อเวนิว รังสิต"},"area_m2":34791.5,"size_band":"medium","district":"อำเภอลำลูกกา","district_en":"Lam Luk Ka District","district_osm_id":2913007,"province":"จังหวัดปทุมธานี","province_iso":"TH-13","multi_district":false,"reason_excluded":null,"reasons_all":[],"flags":[],"related_ids":{},"poi_inside":[],"opening_hours":null,"verification_mode":"continuous_gps","floor_level":null,"rep_point":[100.631,13.969405]},"geometry":{"type":"MultiPolygon","coordinates":[[[[100.629513,13.971491],[100.631934,13.967107],[100.632425,13.967318],[100.630174,13.97163],[100.629513,13.971491]]]]}},
{"type":"Feature","id":"osm-w1331925616","properties":{"id":"osm-w1331925616","osm_id":1331925616,"osm_type":"way","name":"จ๊อดแฟร์ รัชดา","name_en":"Jodd Fairs Ratchada","class":"marketplace","classes_all":["marketplace"],"tags":{"amenity":"marketplace","name":"จ๊อดแฟร์ รัชดา","name:en":"Jodd Fairs Ratchada","name:th":"จ๊อดแฟร์ รัชดา"},"area_m2":8956.0,"size_band":"small","district":"เขตดินแดง","district_en":"Din Daeng District","district_osm_id":2938031,"province":"กรุงเทพมหานคร","province_iso":"TH-10","multi_district":false,"reason_excluded":null,"reasons_all":[],"flags":[],"related_ids":{},"poi_inside":[],"opening_hours":null,"verification_mode":"continuous_gps","floor_level":null,"rep_point":[100.570918,13.768168]},"geometry":{"type":"MultiPolygon","coordinates":[[[[100.57029,13.767968],[100.571157,13.767807],[100.571588,13.768367],[100.570776,13.768843],[100.57029,13.767968]]]]}},
{"type":"Feature","id":"osm-w1331925688","properties":{"id":"osm-w1331925688","osm_id":1331925688,"osm_type":"way","name":null,"name_en":null,"class":"park","classes_all":["park"],"tags":{"leisure":"park"},"area_m2":11474.9,"size_band":"medium","district":"เขตห้วยขวาง","district_en":"Huai Khwang District","district_osm_id":2938032,"province":"กรุงเทพมหานคร","province_iso":"TH-10","multi_district":false,"reason_excluded":null,"reasons_all":[],"flags":[],"related_ids":{},"poi_inside":[],"opening_hours":null,"verification_mode":"continuous_gps","floor_level":null,"rep_point":[100.575423,13.766179]},"geometry":{"type":"MultiPolygon","coordinates":[[[[100.574785,13.766647],[100.574823,13.766584],[100.574883,13.766394],[100.574971,13.765765],[100.575001,13.76573],[100.575752,13.765711],[100.575758,13.765819],[100.575763,13.765908],[100.575971,13.76588],[100.575971,13.765938],[100.575924,13.765964],[100.575949,13.766634],[100.576012,13.766587],[100.576018,13.766745],[100.576043,13.766745],[100.576049,13.766796],[100.575872,13.766802],[100.575871,13.766696],[100.575468,13.766712],[100.575468,13.76668],[100.57539,13.766607],[100.575334,13.766556],[100.57529,13.766592],[100.575255,13.766622],[100.574942,13.766637],[100.574785,13.766647]]]]}},
{"type":"Feature","id":"osm-w1333668162","properties":{"id":"osm-w1333668162","osm_id":1333668162,"osm_type":"way","name":"สวนร่มเกล้าชาวทาง","name_en":null,"class":"park","classes_all":["park"],"tags":{"leisure":"park","name":"สวนร่มเกล้าชาวทาง","name:th":"สวนร่มเกล้าชาวทาง"},"area_m2":18333.6,"size_band":"medium","district":"เขตตลิ่งชัน","district_en":"Taling Chan District","district_osm_id":2939954,"province":"กรุงเทพมหานคร","province_iso":"TH-10","multi_district":false,"reason_excluded":null,"reasons_all":[],"flags":[],"related_ids":{},"poi_inside":[],"opening_hours":null,"verification_mode":"continuous_gps","floor_level":null,"rep_point":[100.410848,13.784146]},"geometry":{"type":"MultiPolygon","coordinates":[[[[100.409913,13.783518],[100.410204,13.783483],[100.410605,13.783483],[100.410884,13.783514],[100.411035,13.783556],[100.411256,13.783672],[100.411486,13.783929],[100.411554,13.784103],[100.411583,13.784263],[100.411571,13.7844],[100.411525,13.784504],[100.411438,13.784603],[100.411324,13.78469],[100.41118,13.78473],[100.410967,13.784747],[100.410819,13.784737],[100.410459,13.784575],[100.410316,13.784438],[100.410221,13.784322],[100.410148,13.784188],[100.409913,13.783518]]]]}},
{"type":"Feature","id":"osm-w1333677836","properties":{"id":"osm-w1333677836","osm_id":1333677836,"osm_type":"way","name":"สวน 15 นาทียูเทิร์นเดินใจ","name_en":null,"class":"park","classes_all":["park"],"tags":{"leisure":"park","name":"สวน 15 นาทียูเทิร์นเดินใจ"},"area_m2":9046.4,"size_band":"small","district":"เขตตลิ่งชัน","district_en":"Taling Chan District","district_osm_id":2939954,"province":"กรุงเทพมหานคร","province_iso":"TH-10","multi_district":true,"reason_excluded":null,"reasons_all":[],"flags":["crosses_major_way","multi_district"],"related_ids":{"districts":[2939954,2942282],"major_ways":["osm-w29798315","osm-w396462939"]},"poi_inside":[],"opening_hours":null,"verification_mode":"continuous_gps","floor_level":null,"rep_point":[100.460232,13.754084]},"geometry":{"type":"MultiPolygon","coordinates":[[[[100.458515,13.753681],[100.458538,13.75354],[100.459295,13.753722],[100.45935,13.753604],[100.459852,13.753734],[100.460389,13.753862],[100.460407,13.753821],[100.460828,13.753897],[100.460646,13.754419],[100.46019,13.754306],[100.460222,13.754205],[100.45918,13.753964],[100.459216,13.75385],[100.458515,13.753681]]]]}},
{"type":"Feature","id":"osm-w1333681587","properties":{"id":"osm-w1333681587","osm_id":1333681587,"osm_type":"way","name":"สวนน้ำตลิ่งชัน","name_en":null,"class":"park","classes_all":["park"],"tags":{"leisure":"park","name":"สวนน้ำตลิ่งชัน","name:th":"สวนน้ำตลิ่งชัน"},"area_m2":20377.3,"size_band":"medium","district":"เขตตลิ่งชัน","district_en":"Taling Chan District","district_osm_id":2939954,"province":"กรุงเทพมหานคร","province_iso":"TH-10","multi_district":false,"reason_excluded":null,"reasons_all":[],"flags":[],"related_ids":{},"poi_inside":[],"opening_hours":null,"verification_mode":"continuous_gps","floor_level":null,"rep_point":[100.426512,13.754591]},"geometry":{"type":"MultiPolygon","coordinates":[[[[100.425955,13.75399],[100.427044,13.753839],[100.427076,13.753909],[100.426948,13.755774],[100.426632,13.755798],[100.426351,13.75549],[100.426223,13.755374],[100.426034,13.755193],[100.425955,13.75399]]]]}},
{"type":"Feature","id":"osm-w1338999783","properties":{"id":"osm-w1338999783","osm_id":1338999783,"osm_type":"way","name":null,"name_en":null,"class":"park","classes_all":["park"],"tags":{"leisure":"park"},"area_m2":7791.1,"size_band":"small","district":"อำเภอบางกรวย","district_en":"Bang Kruai District","district_osm_id":2688299,"province":"จังหวัดนนทบุรี","province_iso":"TH-12","multi_district":false,"reason_excluded":null,"reasons_all":[],"flags":[],"related_ids":{},"poi_inside":[],"opening_hours":null,"verification_mode":"continuous_gps","floor_level":null,"rep_point":[100.341706,13.816977]},"geometry":{"type":"MultiPolygon","coordinates":[[[[100.340799,13.817628],[100.340813,13.817495],[100.341158,13.817481],[100.341326,13.81738],[100.341297,13.817029],[100.34128,13.816924],[100.341347,13.816812],[100.341741,13.816553],[100.341783,13.816437],[100.341791,13.816297],[100.34215,13.816287],[100.342174,13.816619],[100.342104,13.817124],[100.3415,13.817128],[100.341467,13.81715],[100.341457,13.817495],[100.341233,13.817528],[100.341218,13.817613],[100.341102,13.817659],[100.340799,13.817628]]]]}},
{"type":"Feature","id":"osm-w1340233065","properties":{"id":"osm-w1340233065","osm_id":1340233065,"osm_type":"way","name":null,"name_en":null,"class":"garden","classes_all":["garden"],"tags":{"leisure":"garden"},"area_m2":5068.7,"size_band":"small","district":"อำเภอเมืองสมุทรปราการ","district_en":"Mueang Samut Prakan District","district_osm_id":11580983,"province":"จังหวัดสมุทรปราการ","province_iso":"TH-11","multi_district":false,"reason_excluded":null,"reasons_all":[],"flags":[],"related_ids":{},"poi_inside":[{"id":"osm-n9283439909","osm_id":9283439909,"tag":"tourism=attraction","name":"Garden of the Gods (043)"}],"opening_hours":null,"verification_mode":"continuous_gps","floor_level":null,"rep_point":[100.632427,13.549492]},"geometry":{"type":"MultiPolygon","coordinates":[[[[100.631601,13.548871],[100.631623,13.548819],[100.631679,13.548808],[100.631744,13.548824],[100.631765,13.548897],[100.631822,13.548964],[100.631874,13.548986],[100.631892,13.549005],[100.631934,13.549028],[100.631982,13.549051],[100.632149,13.54916],[100.632315,13.549249],[100.632362,13.549264],[100.632425,13.549283],[100.63246,13.549332],[100.632562,13.549512],[100.632688,13.549653],[100.632784,13.549721],[100.632838,13.549797],[100.632908,13.54987],[100.632916,13.549937],[100.632876,13.549997],[100.632731,13.550034],[100.63268,13.550128],[100.632613,13.550196],[100.632503,13.550214],[100.632457,13.550081],[100.632484,13.549971],[100.63247,13.549786],[100.63246,13.549698],[100.632425,13.549601],[100.632347,13.549525],[100.632277,13.549471],[100.632151,13.549416],[100.632017,13.549366],[100.631953,13.549309],[100.631862,13.549207],[100.631746,13.54914],[100.631702,13.549056],[100.631676,13.549009],[100.631615,13.548918],[100.631601,13.548871]]]]}},
{"type":"Feature","id":"osm-w1341525513","properties":{"id":"osm-w1341525513","osm_id":1341525513,"osm_type":"way","name":null,"name_en":null,"class":"park","classes_all":["park"],"tags":{"leisure":"park"},"area_m2":23980.6,"size_band":"medium","district":"เขตจตุจักร","district_en":"Chatuchak District","district_osm_id":1639286,"province":"กรุงเทพมหานคร","province_iso":"TH-10","multi_district":false,"reason_excluded":null,"reasons_all":[],"flags":[],"related_ids":{},"poi_inside":[],"opening_hours":null,"verification_mode":"continuous_gps","floor_level":null,"rep_point":[100.573395,13.856627]},"geometry":{"type":"MultiPolygon","coordinates":[[[[100.567326,13.855772],[100.567344,13.855686],[100.56919,13.856044],[100.569799,13.856121],[100.572306,13.856342],[100.572949,13.856457],[100.574846,13.856834],[100.576413,13.857142],[100.576882,13.857196],[100.578145,13.857263],[100.579103,13.85741],[100.580038,13.857525],[100.581215,13.857644],[100.583409,13.85769],[100.583408,13.857764],[100.583367,13.857769],[100.583162,13.857804],[100.582366,13.857802],[100.581787,13.857838],[100.581547,13.857808],[100.58133,13.857791],[100.579463,13.857557],[100.579093,13.857551],[100.578815,13.857521],[100.577984,13.857378],[100.576985,13.857326],[100.57631,13.857283],[100.575824,13.857235],[100.575259,13.857012],[100.574464,13.856862],[100.573912,13.856812],[100.573815,13.856805],[100.573615,13.856804],[100.573354,13.856769],[100.572613,13.856486],[100.572294,13.856436],[100.572055,13.85643],[100.571481,13.856358],[100.571387,13.856334],[100.570204,13.85625],[100.569779,13.856234],[100.569436,13.856199],[100.568794,13.856071],[100.567326,13.855772]]]]}},
{"type":"Feature","id":"osm-w1342286869","properties":{"id":"osm-w1342286869","osm_id":1342286869,"osm_type":"way","name":"ตลาดท้ายบ้าน","name_en":null,"class":"marketplace","classes_all":["marketplace"],"tags":{"amenity":"marketplace","name":"ตลาดท้ายบ้าน","name:th":"ตลาดท้ายบ้าน"},"area_m2":39250.5,"size_band":"medium","district":"อำเภอเมืองสมุทรปราการ","district_en":"Mueang Samut Prakan District","district_osm_id":11580983,"province":"จังหวัดสมุทรปราการ","province_iso":"TH-11","multi_district":false,"reason_excluded":null,"reasons_all":[],"flags":[],"related_ids":{},"poi_inside":[],"opening_hours":null,"verification_mode":"continuous_gps","floor_level":null,"rep_point":[100.594564,13.581737]},"geometry":{"type":"MultiPolygon","coordinates":[[[[100.593189,13.581565],[100.595572,13.580643],[100.595888,13.582093],[100.594567,13.582699],[100.594265,13.582752],[100.593448,13.581908],[100.593189,13.581565]]]]}},
{"type":"Feature","id":"osm-w1342842266","properties":{"id":"osm-w1342842266","osm_id":1342842266,"osm_type":"way","name":null,"name_en":null,"class":"pitch","classes_all":["pitch"],"tags":{"leisure":"pitch"},"area_m2":10380.7,"size_band":"medium","district":"เขตห้วยขวาง","district_en":"Huai Khwang District","district_osm_id":2938032,"province":"กรุงเทพมหานคร","province_iso":"TH-10","multi_district":false,"reason_excluded":null,"reasons_all":[],"flags":[],"related_ids":{},"poi_inside":[],"opening_hours":null,"verification_mode":"continuous_gps","floor_level":null,"rep_point":[100.566485,13.75021]},"geometry":{"type":"MultiPolygon","coordinates":[[[[100.565757,13.750265],[100.565786,13.750179],[100.565837,13.750105],[100.565908,13.750044],[100.565995,13.749999],[100.566832,13.74983],[100.566929,13.749842],[100.567018,13.74987],[100.567083,13.749916],[100.567151,13.749997],[100.567184,13.750085],[100.567193,13.750174],[100.567195,13.750241],[100.567158,13.750346],[100.567103,13.750417],[100.567021,13.750465],[100.566143,13.750649],[100.566044,13.750645],[100.565958,13.750616],[100.565864,13.750558],[100.565786,13.750451],[100.565757,13.750348],[100.565757,13.750265]]]]}},
{"type":"Feature","id":"osm-w1347119077","properties":{"id":"osm-w1347119077","osm_id":1347119077,"osm_type":"way","name":"ตลาดไชยฉิมพลี","name_en":"Chai Chimphli Market","class":"marketplace","classes_all":["marketplace"],"tags":{"alt_name":"ตลาดนัดวัดชัยฉิมพลี","amenity":"marketplace","name":"ตลาดไชยฉิมพลี","name:en":"Chai Chimphli Market","name:th":"ตลาดไชยฉิมพลี"},"area_m2":6364.4,"size_band":"small","district":"เขตภาษีเจริญ","district_en":"Phasi Charoen District","district_osm_id":2946807,"province":"กรุงเทพมหานคร","province_iso":"TH-10","multi_district":false,"reason_excluded":null,"reasons_all":[],"flags":[],"related_ids":{"blockers":{"religious":{"ids":["osm-w1003480953"],"share":0.0}}},"poi_inside":[],"opening_hours":null,"verification_mode":"continuous_gps","floor_level":null,"rep_point":[100.432358,13.735796]},"geometry":{"type":"MultiPolygon","coordinates":[[[[100.431994,13.735402],[100.432695,13.735389],[100.432705,13.73546],[100.432725,13.736154],[100.432009,13.736133],[100.431995,13.735414],[100.431994,13.735402]]]]}},
{"type":"Feature","id":"osm-w1349586326","properties":{"id":"osm-w1349586326","osm_id":1349586326,"osm_type":"way","name":"ตลาดเทพประทาน","name_en":null,"class":"marketplace","classes_all":["marketplace"],"tags":{"amenity":"marketplace","name":"ตลาดเทพประทาน"},"area_m2":3054.0,"size_band":"small","district":"อำเภอเมืองสมุทรปราการ","district_en":"Mueang Samut Prakan District","district_osm_id":11580983,"province":"จังหวัดสมุทรปราการ","province_iso":"TH-11","multi_district":false,"reason_excluded":null,"reasons_all":[],"flags":[],"related_ids":{},"poi_inside":[],"opening_hours":null,"verification_mode":"continuous_gps","floor_level":null,"rep_point":[100.649602,13.617321]},"geometry":{"type":"MultiPolygon","coordinates":[[[[100.649331,13.6165],[100.649427,13.61648],[100.649476,13.616772],[100.649622,13.616742],[100.649766,13.617612],[100.649646,13.61763],[100.649674,13.617831],[100.649681,13.617882],[100.649573,13.617896],[100.649567,13.617857],[100.649443,13.617031],[100.649331,13.6165]]]]}},
{"type":"Feature","id":"osm-w1350378971","properties":{"id":"osm-w1350378971","osm_id":1350378971,"osm_type":"way","name":"JD ARENA","name_en":null,"class":"pitch","classes_all":["pitch"],"tags":{"leisure":"pitch","name":"JD ARENA","sport":"soccer"},"area_m2":4260.1,"size_band":"small","district":"อำเภอเมืองนครปฐม","district_en":"Mueang Nakhon Pathom District","district_osm_id":18931445,"province":"จังหวัดนครปฐม","province_iso":"TH-73","multi_district":false,"reason_excluded":null,"reasons_all":[],"flags":[],"related_ids":{},"poi_inside":[],"opening_hours":null,"verification_mode":"continuous_gps","floor_level":null,"rep_point":[100.071865,13.825943]},"geometry":{"type":"MultiPolygon","coordinates":[[[[100.071649,13.826385],[100.071685,13.825486],[100.072081,13.825501],[100.072044,13.8264],[100.071649,13.826385]]]]}},
{"type":"Feature","id":"osm-w1352051889","properties":{"id":"osm-w1352051889","osm_id":1352051889,"osm_type":"way","name":null,"name_en":null,"class":"garden","classes_all":["garden"],"tags":{"access":"customers","leisure":"garden"},"area_m2":4721.1,"size_band":"small","district":"เขตยานนาวา","district_en":"Yan Nawa District","district_osm_id":3147456,"province":"กรุงเทพมหานคร","province_iso":"TH-10","multi_district":false,"reason_excluded":null,"reasons_all":[],"flags":[],"related_ids":{},"poi_inside":[],"opening_hours":null,"verification_mode":"continuous_gps","floor_level":null,"rep_point":[100.548261,13.676399]},"geometry":{"type":"MultiPolygon","coordinates":[[[[100.547737,13.676088],[100.54798,13.675922],[100.54811,13.675874],[100.548433,13.676312],[100.548485,13.676279],[100.548652,13.676486],[100.548361,13.67668],[100.548328,13.676702],[100.548246,13.676744],[100.548189,13.676782],[100.547737,13.676088]]]]}},
{"type":"Feature","id":"osm-w1352051896","properties":{"id":"osm-w1352051896","osm_id":1352051896,"osm_type":"way","name":"ตลาดครูหวี","name_en":null,"class":"marketplace","classes_all":["marketplace"],"tags":{"amenity":"marketplace","building":"roof","name":"ตลาดครูหวี","name:th":"ตลาดครูหวี"},"area_m2":12425.0,"size_band":"medium","district":"เขตยานนาวา","district_en":"Yan Nawa District","district_osm_id":3147456,"province":"กรุงเทพมหานคร","province_iso":"TH-10","multi_district":false,"reason_excluded":null,"reasons_all":[],"flags":[],"related_ids":{},"poi_inside":[],"opening_hours":null,"verification_mode":"continuous_gps","floor_level":null,"rep_point":[100.546328,13.676185]},"geometry":{"type":"MultiPolygon","coordinates":[[[[100.5456,13.676087],[100.546053,13.675791],[100.546101,13.675769],[100.546464,13.675447],[100.546609,13.675602],[100.547081,13.676325],[100.547112,13.676305],[100.547186,13.676414],[100.546525,13.676801],[100.54642,13.67656],[100.546309,13.676608],[100.546199,13.676548],[100.546082,13.6765],[100.54606,13.676474],[100.546011,13.67636],[100.545978,13.676282],[100.545794,13.676368],[100.5456,13.676087]]]]}},
{"type":"Feature","id":"osm-w1353397346","properties":{"id":"osm-w1353397346","osm_id":1353397346,"osm_type":"way","name":"สวนศิลาฤกษ์","name_en":null,"class":"park","classes_all":["park"],"tags":{"leisure":"park","name":"สวนศิลาฤกษ์","name:th":"สวนศิลาฤกษ์"},"area_m2":17712.8,"size_band":"medium","district":"เขตยานนาวา","district_en":"Yan Nawa District","district_osm_id":3147456,"province":"กรุงเทพมหานคร","province_iso":"TH-10","multi_district":false,"reason_excluded":null,"reasons_all":[],"flags":[],"related_ids":{},"poi_inside":[{"id":"osm-n12522993125","osm_id":12522993125,"tag":"historic=monument","name":"ศิลาฤกษ์"}],"opening_hours":null,"verification_mode":"continuous_gps","floor_level":null,"rep_point":[100.538781,13.672088]},"geometry":{"type":"MultiPolygon","coordinates":[[[[100.538143,13.67051],[100.538584,13.670473],[100.538813,13.670451],[100.538863,13.67085],[100.539003,13.671523],[100.539108,13.672545],[100.539062,13.672657],[100.539029,13.672786],[100.539026,13.672834],[100.539024,13.672878],[100.538573,13.672892],[100.538457,13.671614],[100.538288,13.67163],[100.538178,13.67078],[100.538143,13.67051]]]]}},
{"type":"Feature","id":"osm-w1354719768","properties":{"id":"osm-w1354719768","osm_id":1354719768,"osm_type":"way","name":null,"name_en":null,"class":"garden","classes_all":["garden"],"tags":{"garden:type":"community","leisure":"garden"},"area_m2":3108.0,"size_band":"small","district":"เขตมีนบุรี","district_en":"Min Buri District","district_osm_id":3146413,"province":"กรุงเทพมหานคร","province_iso":"TH-10","multi_district":false,"reason_excluded":null,"reasons_all":[],"flags":[],"related_ids":{"blockers":{"education":{"ids":["osm-w1354719767"],"share":0.0}}},"poi_inside":[],"opening_hours":null,"verification_mode":"continuous_gps","floor_level":null,"rep_point":[100.73385,13.813677]},"geometry":{"type":"MultiPolygon","coordinates":[[[[100.732993,13.813233],[100.733026,13.813171],[100.735478,13.814526],[100.73544,13.81462],[100.734398,13.814043],[100.733118,13.81331],[100.732993,13.813233]]]]}},
{"type":"Feature","id":"osm-w1355621920","properties":{"id":"osm-w1355621920","osm_id":1355621920,"osm_type":"way","name":null,"name_en":null,"class":"park","classes_all":["park"],"tags":{"leisure":"park"},"area_m2":28812.4,"size_band":"medium","district":"เขตคันนายาว","district_en":"Khan Na Yao District","district_osm_id":2946806,"province":"กรุงเทพมหานคร","province_iso":"TH-10","multi_district":false,"reason_excluded":null,"reasons_all":[],"flags":[],"related_ids":{},"poi_inside":[],"opening_hours":null,"verification_mode":"continuous_gps","floor_level":null,"rep_point":[100.678726,13.804894]},"geometry":{"type":"MultiPolygon","coordinates":[[[[100.677634,13.806451],[100.678094,13.805358],[100.678579,13.804429],[100.679347,13.803386],[100.679574,13.803166],[100.679317,13.804183],[100.678579,13.806797],[100.678192,13.806718],[100.678231,13.806584],[100.677634,13.806451]]]]}},
{"type":"Feature","id":"osm-w1355621955","properties":{"id":"osm-w1355621955","osm_id":1355621955,"osm_type":"way","name":null,"name_en":null,"class":"garden","classes_all":["garden"],"tags":{"leisure":"garden"},"area_m2":8026.8,"size_band":"small","district":"เขตคันนายาว","district_en":"Khan Na Yao District","district_osm_id":2946806,"province":"กรุงเทพมหานคร","province_iso":"TH-10","multi_district":false,"reason_excluded":null,"reasons_all":[],"flags":[],"related_ids":{},"poi_inside":[],"opening_hours":null,"verification_mode":"continuous_gps","floor_level":null,"rep_point":[100.677876,13.820407]},"geometry":{"type":"MultiPolygon","coordinates":[[[[100.677386,13.820917],[100.677777,13.819896],[100.67781,13.819844],[100.677877,13.819815],[100.677959,13.819617],[100.678141,13.819662],[100.67811,13.819783],[100.678381,13.819868],[100.678334,13.819998],[100.677978,13.820886],[100.677916,13.820871],[100.677873,13.820855],[100.677814,13.820881],[100.677751,13.820841],[100.677726,13.820816],[100.677683,13.82086],[100.677683,13.82092],[100.677598,13.820892],[100.677579,13.820989],[100.677386,13.820917]]]]}},
{"type":"Feature","id":"osm-w1355986410","properties":{"id":"osm-w1355986410","osm_id":1355986410,"osm_type":"way","name":null,"name_en":null,"class":"park","classes_all":["park"],"tags":{"leisure":"park"},"area_m2":11730.4,"size_band":"medium","district":"เขตพระโขนง","district_en":"Phra Khanong District","district_osm_id":3146642,"province":"กรุงเทพมหานคร","province_iso":"TH-10","multi_district":false,"reason_excluded":null,"reasons_all":[],"flags":[],"related_ids":{},"poi_inside":[],"opening_hours":null,"verification_mode":"continuous_gps","floor_level":null,"rep_point":[100.627195,13.696237]},"geometry":{"type":"MultiPolygon","coordinates":[[[[100.626649,13.696874],[100.627164,13.695368],[100.62773,13.695558],[100.627757,13.6956],[100.627234,13.697025],[100.627191,13.697043],[100.626649,13.696874]]]]}},
{"type":"Feature","id":"osm-w1356082466","properties":{"id":"osm-w1356082466","osm_id":1356082466,"osm_type":"way","name":null,"name_en":null,"class":"pitch","classes_all":["pitch"],"tags":{"leisure":"pitch","sport":"soccer"},"area_m2":4698.9,"size_band":"small","district":"อำเภอลำลูกกา","district_en":"Lam Luk Ka District","district_osm_id":2913007,"province":"จังหวัดปทุมธานี","province_iso":"TH-13","multi_district":false,"reason_excluded":null,"reasons_all":[],"flags":[],"related_ids":{},"poi_inside":[],"opening_hours":null,"verification_mode":"continuous_gps","floor_level":null,"rep_point":[100.702713,13.929852]},"geometry":{"type":"MultiPolygon","coordinates":[[[[100.702423,13.930199],[100.702448,13.929493],[100.703,13.929505],[100.702981,13.930216],[100.702896,13.930213],[100.702629,13.930205],[100.702423,13.930199]]]]}},
{"type":"Feature","id":"osm-w1356233464","properties":{"id":"osm-w1356233464","osm_id":1356233464,"osm_type":"way","name":"ตลาดไทรน้อย","name_en":null,"class":"marketplace","classes_all":["marketplace"],"tags":{"amenity":"marketplace","name":"ตลาดไทรน้อย","name:th":"ตลาดไทรน้อย"},"area_m2":7532.4,"size_band":"small","district":"อำเภอไทรน้อย","district_en":"Sai Noi District","district_osm_id":2689554,"province":"จังหวัดนนทบุรี","province_iso":"TH-12","multi_district":false,"reason_excluded":null,"reasons_all":[],"flags":[],"related_ids":{},"poi_inside":[],"opening_hours":null,"verification_mode":"continuous_gps","floor_level":null,"rep_point":[100.320989,13.982175]},"geometry":{"type":"MultiPolygon","coordinates":[[[[100.32055,13.981766],[100.32088,13.981589],[100.321431,13.982584],[100.32168,13.983034],[100.32136,13.983244],[100.32055,13.981766]]]]}},
{"type":"Feature","id":"osm-w1356233491","properties":{"id":"osm-w1356233491","osm_id":1356233491,"osm_type":"way","name":null,"name_en":null,"class":"park","classes_all":["park"],"tags":{"leisure":"park"},"area_m2":12353.7,"size_band":"medium","district":"อำเภอไทรน้อย","district_en":"Sai Noi District","district_osm_id":2689554,"province":"จังหวัดนนทบุรี","province_iso":"TH-12","multi_district":false,"reason_excluded":null,"reasons_all":[],"flags":[],"related_ids":{"blockers":{"health":{"ids":["osm-w1356233501"],"share":0.0}}},"poi_inside":[],"opening_hours":null,"verification_mode":"continuous_gps","floor_level":null,"rep_point":[100.324848,13.983279]},"geometry":{"type":"MultiPolygon","coordinates":[[[[100.324161,13.983205],[100.324209,13.98319],[100.325237,13.982647],[100.325368,13.982873],[100.325573,13.982762],[100.32578,13.983104],[100.325378,13.983352],[100.325429,13.983429],[100.324531,13.983906],[100.324161,13.983205]]]]}},
{"type":"Feature","id":"osm-w1357220468","properties":{"id":"osm-w1357220468","osm_id":1357220468,"osm_type":"way","name":null,"name_en":null,"class":"park","classes_all":["park"],"tags":{"leisure":"park"},"area_m2":3087.4,"size_band":"small","district":"อำเภอธัญบุรี","district_en":"Thanyaburi District","district_osm_id":2913012,"province":"จังหวัดปทุมธานี","province_iso":"TH-13","multi_district":false,"reason_excluded":null,"reasons_all":[],"flags":[],"related_ids":{},"poi_inside":[],"opening_hours":null,"verification_mode":"continuous_gps","floor_level":null,"rep_point":[100.604045,13.993922]},"geometry":{"type":"MultiPolygon","coordinates":[[[[100.603648,13.994034],[100.603706,13.993692],[100.604442,13.99381],[100.604385,13.994151],[100.603648,13.994034]]]]}},
{"type":"Feature","id":"osm-w1358535462","properties":{"id":"osm-w1358535462","osm_id":1358535462,"osm_type":"way","name":"ตลาดตรงข้ามหมู่บ้านเสรี","name_en":null,"class":"marketplace","classes_all":["marketplace"],"tags":{"amenity":"marketplace","name":"ตลาดตรงข้ามหมู่บ้านเสรี"},"area_m2":4336.9,"size_band":"small","district":"เขตประเวศ","district_en":"Prawet District","district_osm_id":3146414,"province":"กรุงเทพมหานคร","province_iso":"TH-10","multi_district":false,"reason_excluded":null,"reasons_all":[],"flags":[],"related_ids":{},"poi_inside":[],"opening_hours":null,"verification_mode":"continuous_gps","floor_level":null,"rep_point":[100.653779,13.716829]},"geometry":{"type":"MultiPolygon","coordinates":[[[[100.65346,13.716986],[100.653523,13.716396],[100.654168,13.716503],[100.654125,13.716673],[100.654009,13.717086],[100.65346,13.716986]]]]}},
{"type":"Feature","id":"osm-w1359344777","properties":{"id":"osm-w1359344777","osm_id":1359344777,"osm_type":"way","name":"ตลาด SW1","name_en":"SW1 Market","class":"marketplace","classes_all":["marketplace"],"tags":{"amenity":"marketplace","name":"ตลาด SW1","name:en":"SW1 Market","name:th":"ตลาด SW1"},"area_m2":3628.5,"size_band":"small","district":"เขตคลองเตย","district_en":"Khlong Toei District","district_osm_id":2938033,"province":"กรุงเทพมหานคร","province_iso":"TH-10","multi_district":false,"reason_excluded":null,"reasons_all":[],"flags":["contains_religious_feature"],"related_ids":{"blockers":{"religious":{"ids":["osm-n12582360317"],"share":0.0163}},"religious_blockers":["osm-n12582360317"]},"poi_inside":[],"opening_hours":null,"verification_mode":"continuous_gps","floor_level":null,"rep_point":[100.558351,13.737952]},"geometry":{"type":"MultiPolygon","coordinates":[[[[100.558044,13.737469],[100.558241,13.737453],[100.558381,13.737442],[100.558407,13.737741],[100.558669,13.738096],[100.558298,13.738344],[100.558205,13.738123],[100.558084,13.737808],[100.558063,13.73774],[100.558055,13.737683],[100.558044,13.737469]]]]}},
{"type":"Feature","id":"osm-w1363080161","properties":{"id":"osm-w1363080161","osm_id":1363080161,"osm_type":"way","name":null,"name_en":null,"class":"pitch","classes_all":["pitch"],"tags":{"leisure":"pitch"},"area_m2":3463.6,"size_band":"small","district":"อำเภอปากเกร็ด","district_en":"Pak Kret District","district_osm_id":2688301,"province":"จังหวัดนนทบุรี","province_iso":"TH-12","multi_district":false,"reason_excluded":null,"reasons_all":[],"flags":[],"related_ids":{},"poi_inside":[],"opening_hours":null,"verification_mode":"continuous_gps","floor_level":null,"rep_point":[100.508101,13.922534]},"geometry":{"type":"MultiPolygon","coordinates":[[[[100.507702,13.922431],[100.508307,13.922197],[100.508505,13.922638],[100.507848,13.922801],[100.507702,13.922431]]]]}},
{"type":"Feature","id":"osm-w1363614856","properties":{"id":"osm-w1363614856","osm_id":1363614856,"osm_type":"way","name":null,"name_en":null,"class":"park","classes_all":["park"],"tags":{"leisure":"park"},"area_m2":5332.1,"size_band":"small","district":"เขตคลองสามวา","district_en":"Khlong Sam Wa District","district_osm_id":2997412,"province":"กรุงเทพมหานคร","province_iso":"TH-10","multi_district":false,"reason_excluded":null,"reasons_all":[],"flags":[],"related_ids":{},"poi_inside":[],"opening_hours":null,"verification_mode":"continuous_gps","floor_level":null,"rep_point":[100.691739,13.912555]},"geometry":{"type":"MultiPolygon","coordinates":[[[[100.69069,13.911985],[100.690825,13.911812],[100.691062,13.911981],[100.691427,13.912226],[100.691761,13.912463],[100.692044,13.912648],[100.692402,13.912889],[100.692652,13.913063],[100.69296,13.913253],[100.692848,13.913391],[100.692584,13.913182],[100.692374,13.913046],[100.692052,13.912836],[100.691734,13.912654],[100.691396,13.912445],[100.691083,13.912225],[100.69069,13.911985]]]]}},
{"type":"Feature","id":"osm-w1364029936","properties":{"id":"osm-w1364029936","osm_id":1364029936,"osm_type":"way","name":"ตลาดนกฮูก","name_en":"The Owl Market","class":"marketplace","classes_all":["marketplace","attraction"],"tags":{"amenity":"marketplace","name":"ตลาดนกฮูก","name:en":"The Owl Market","name:th":"ตลาดนกฮูก","name:th-Latn":"Talad Nokhook","opening_hours":"Mo-Su 17:00-00:00","tourism":"attraction"},"area_m2":94137.0,"size_band":"large","district":"อำเภอเมืองนนทบุรี","district_en":"Mueang Nonthaburi District","district_osm_id":2688300,"province":"จังหวัดนนทบุรี","province_iso":"TH-12","multi_district":false,"reason_excluded":null,"reasons_all":[],"flags":[],"related_ids":{},"poi_inside":[],"opening_hours":"Mo-Su 17:00-00:00","verification_mode":"continuous_gps","floor_level":null,"rep_point":[100.494319,13.869705]},"geometry":{"type":"MultiPolygon","coordinates":[[[[100.492132,13.868535],[100.493322,13.868213],[100.49369,13.868244],[100.495022,13.867922],[100.495285,13.868426],[100.495729,13.869446],[100.495835,13.86977],[100.495804,13.87038],[100.495162,13.870395],[100.494257,13.870869],[100.494293,13.871289],[100.493462,13.871484],[100.492813,13.869673],[100.492636,13.869738],[100.492573,13.869482],[100.493132,13.869268],[100.493073,13.869126],[100.492423,13.86936],[100.492132,13.868535]]]]}},
{"type":"Feature","id":"osm-w1364058029","properties":{"id":"osm-w1364058029","osm_id":1364058029,"osm_type":"way","name":null,"name_en":null,"class":"garden","classes_all":["garden"],"tags":{"leisure":"garden"},"area_m2":4650.6,"size_band":"small","district":"เขตดินแดง","district_en":"Din Daeng District","district_osm_id":2938031,"province":"กรุงเทพมหานคร","province_iso":"TH-10","multi_district":false,"reason_excluded":null,"reasons_all":[],"flags":[],"related_ids":{"blockers":{"education":{"ids":["osm-w605778962"],"share":0.0},"government":{"ids":["osm-w1364058027"],"share":0.0}}},"poi_inside":[],"opening_hours":null,"verification_mode":"continuous_gps","floor_level":null,"rep_point":[100.550145,13.764111]},"geometry":{"type":"MultiPolygon","coordinates":[[[[100.549539,13.764045],[100.549806,13.763918],[100.549913,13.764086],[100.550487,13.763793],[100.550519,13.763776],[100.550549,13.76382],[100.550577,13.763842],[100.550727,13.764137],[100.55036,13.764315],[100.550302,13.764345],[100.550224,13.764205],[100.550219,13.764207],[100.550067,13.764286],[100.549779,13.764436],[100.549756,13.764449],[100.549539,13.764045]]]]}},
{"type":"Feature","id":"osm-w1367611741","properties":{"id":"osm-w1367611741","osm_id":1367611741,"osm_type":"way","name":"สวนเมือง","name_en":null,"class":"garden","classes_all":["garden"],"tags":{"leisure":"garden","name":"สวนเมือง","name:th":"สวนเมือง"},"area_m2":16129.6,"size_band":"medium","district":"อำเภอบางพลี","district_en":"Bang Phli District","district_osm_id":11580982,"province":"จังหวัดสมุทรปราการ","province_iso":"TH-11","multi_district":false,"reason_excluded":null,"reasons_all":[],"flags":[],"related_ids":{},"poi_inside":[],"opening_hours":null,"verification_mode":"continuous_gps","floor_level":null,"rep_point":[100.753595,13.691631]},"geometry":{"type":"MultiPolygon","coordinates":[[[[100.752953,13.691107],[100.753909,13.690869],[100.75423,13.692156],[100.754224,13.692208],[100.753307,13.692449],[100.752953,13.691107]]]]}},
{"type":"Feature","id":"osm-w1370279246","properties":{"id":"osm-w1370279246","osm_id":1370279246,"osm_type":"way","name":"สวนบางแคภิรมย์","name_en":null,"class":"park","classes_all":["park"],"tags":{"leisure":"park","name":"สวนบางแคภิรมย์","name:th":"สวนบางแคภิรมย์"},"area_m2":107561.0,"size_band":"large","district":"เขตบางแค","district_en":"Bang Khae District","district_osm_id":2946804,"province":"กรุงเทพมหานคร","province_iso":"TH-10","multi_district":false,"reason_excluded":null,"reasons_all":[],"flags":[],"related_ids":{},"poi_inside":[],"opening_hours":null,"verification_mode":"continuous_gps","floor_level":null,"rep_point":[100.386479,13.68583]},"geometry":{"type":"MultiPolygon","coordinates":[[[[100.384388,13.686227],[100.384605,13.685048],[100.384913,13.685103],[100.385163,13.684009],[100.38863,13.685433],[100.388263,13.686531],[100.38803,13.687278],[100.387949,13.68759],[100.387913,13.687728],[100.385956,13.686898],[100.385121,13.68654],[100.384388,13.686227]]]]}},
{"type":"Feature","id":"osm-w1370480464","properties":{"id":"osm-w1370480464","osm_id":1370480464,"osm_type":"way","name":"สวนเกษตร","name_en":null,"class":"garden","classes_all":["garden"],"tags":{"leisure":"garden","name":"สวนเกษตร","name:th":"สวนเกษตร"},"area_m2":3591.9,"size_band":"small","district":"เขตบางบอน","district_en":"Bang Bon District","district_osm_id":3147312,"province":"กรุงเทพมหานคร","province_iso":"TH-10","multi_district":false,"reason_excluded":null,"reasons_all":[],"flags":[],"related_ids":{},"poi_inside":[],"opening_hours":null,"verification_mode":"continuous_gps","floor_level":null,"rep_point":[100.397266,13.652115]},"geometry":{"type":"MultiPolygon","coordinates":[[[[100.396864,13.652213],[100.396984,13.651924],[100.397068,13.651965],[100.397147,13.651964],[100.39727,13.651939],[100.397372,13.651872],[100.397394,13.651852],[100.397687,13.651979],[100.397669,13.652017],[100.397496,13.652418],[100.397466,13.652449],[100.397432,13.652456],[100.397372,13.652449],[100.39703,13.652275],[100.396864,13.652213]]]]}},
{"type":"Feature","id":"osm-w1370480465","properties":{"id":"osm-w1370480465","osm_id":1370480465,"osm_type":"way","name":"สวนร้อยมาลัย","name_en":null,"class":"garden","classes_all":["garden"],"tags":{"leisure":"garden","name":"สวนร้อยมาลัย","name:th":"สวนร้อยมาลัย"},"area_m2":5207.5,"size_band":"small","district":"เขตบางบอน","district_en":"Bang Bon District","district_osm_id":3147312,"province":"กรุงเทพมหานคร","province_iso":"TH-10","multi_district":false,"reason_excluded":null,"reasons_all":[],"flags":[],"related_ids":{},"poi_inside":[],"opening_hours":null,"verification_mode":"continuous_gps","floor_level":null,"rep_point":[100.397919,13.652429]},"geometry":{"type":"MultiPolygon","coordinates":[[[[100.397469,13.65257],[100.397483,13.652533],[100.397592,13.652325],[100.397744,13.65201],[100.398366,13.652287],[100.398095,13.652866],[100.398043,13.652848],[100.397469,13.65257]]]]}},
{"type":"Feature","id":"osm-w1370480493","properties":{"id":"osm-w1370480493","osm_id":1370480493,"osm_type":"way","name":"สวนสุขภาพ","name_en":"Health Garden","class":"garden","classes_all":["garden"],"tags":{"leisure":"garden","name":"สวนสุขภาพ","name:en":"Health Garden","name:th":"สวนสุขภาพ"},"area_m2":3167.6,"size_band":"small","district":"เขตบางบอน","district_en":"Bang Bon District","district_osm_id":3147312,"province":"กรุงเทพมหานคร","province_iso":"TH-10","multi_district":false,"reason_excluded":null,"reasons_all":[],"flags":[],"related_ids":{},"poi_inside":[],"opening_hours":null,"verification_mode":"continuous_gps","floor_level":null,"rep_point":[100.394846,13.649571]},"geometry":{"type":"MultiPolygon","coordinates":[[[[100.394239,13.649851],[100.394248,13.649813],[100.394279,13.649769],[100.394343,13.649719],[100.3944,13.649698],[100.394532,13.649673],[100.394642,13.649632],[100.394787,13.64951],[100.394905,13.649321],[100.394927,13.649235],[100.394954,13.64918],[100.395027,13.649115],[100.395082,13.649104],[100.395125,13.649104],[100.395213,13.649144],[100.39507,13.649435],[100.394887,13.649702],[100.394444,13.65],[100.394418,13.649997],[100.394287,13.649984],[100.39425,13.649901],[100.394239,13.649851]]]]}},
{"type":"Feature","id":"osm-w1370480502","properties":{"id":"osm-w1370480502","osm_id":1370480502,"osm_type":"way","name":"สวนพลังงาน","name_en":"Energy Garden","class":"garden","classes_all":["garden"],"tags":{"leisure":"garden","name":"สวนพลังงาน","name:en":"Energy Garden","name:th":"สวนพลังงาน"},"area_m2":6912.0,"size_band":"small","district":"เขตบางบอน","district_en":"Bang Bon District","district_osm_id":3147312,"province":"กรุงเทพมหานคร","province_iso":"TH-10","multi_district":false,"reason_excluded":null,"reasons_all":[],"flags":[],"related_ids":{},"poi_inside":[],"opening_hours":null,"verification_mode":"continuous_gps","floor_level":null,"rep_point":[100.394467,13.64933]},"geometry":{"type":"MultiPolygon","coordinates":[[[[100.39387,13.649743],[100.394271,13.649059],[100.394303,13.649026],[100.394574,13.648946],[100.394673,13.648928],[100.39471,13.648911],[100.394746,13.648856],[100.39478,13.648792],[100.395274,13.649015],[100.395251,13.64908],[100.395086,13.649031],[100.39496,13.649068],[100.394907,13.64913],[100.394836,13.649286],[100.394806,13.649373],[100.394727,13.649471],[100.39463,13.649557],[100.394504,13.649607],[100.394408,13.649616],[100.394274,13.649673],[100.394221,13.649724],[100.394185,13.6498],[100.394148,13.649878],[100.39387,13.649743]]]]}},
{"type":"Feature","id":"osm-w1373241764","properties":{"id":"osm-w1373241764","osm_id":1373241764,"osm_type":"way","name":null,"name_en":null,"class":"park","classes_all":["park"],"tags":{"leisure":"park"},"area_m2":14468.2,"size_band":"medium","district":"เขตคลองสามวา","district_en":"Khlong Sam Wa District","district_osm_id":2997412,"province":"กรุงเทพมหานคร","province_iso":"TH-10","multi_district":false,"reason_excluded":null,"reasons_all":[],"flags":[],"related_ids":{},"poi_inside":[],"opening_hours":null,"verification_mode":"continuous_gps","floor_level":null,"rep_point":[100.7179,13.866312]},"geometry":{"type":"MultiPolygon","coordinates":[[[[100.71776,13.869087],[100.717772,13.86815],[100.717786,13.867569],[100.717814,13.866713],[100.717838,13.866037],[100.717876,13.864265],[100.717886,13.863789],[100.718025,13.86382],[100.718418,13.864062],[100.71837,13.864099],[100.718108,13.864116],[100.718065,13.864156],[100.718004,13.865332],[100.717964,13.866587],[100.71788,13.868132],[100.718563,13.868136],[100.718555,13.8687],[100.717976,13.868674],[100.717972,13.868756],[100.717966,13.868986],[100.717874,13.868984],[100.717868,13.869096],[100.71776,13.869087]]]]}},
{"type":"Feature","id":"osm-w1374897253","properties":{"id":"osm-w1374897253","osm_id":1374897253,"osm_type":"way","name":null,"name_en":null,"class":"park","classes_all":["park"],"tags":{"leisure":"park"},"area_m2":3865.4,"size_band":"small","district":"เขตพญาไท","district_en":"Phaya Thai District","district_osm_id":92068,"province":"กรุงเทพมหานคร","province_iso":"TH-10","multi_district":false,"reason_excluded":null,"reasons_all":[],"flags":[],"related_ids":{},"poi_inside":[],"opening_hours":null,"verification_mode":"continuous_gps","floor_level":null,"rep_point":[100.534595,13.785604]},"geometry":{"type":"MultiPolygon","coordinates":[[[[100.534347,13.785528],[100.534583,13.78531],[100.534865,13.785131],[100.53499,13.785243],[100.535085,13.785332],[100.534809,13.785431],[100.5348,13.785456],[100.534867,13.78568],[100.534666,13.785745],[100.534766,13.786056],[100.534666,13.786069],[100.534572,13.78602],[100.534427,13.785909],[100.534365,13.785796],[100.534347,13.785692],[100.534347,13.785528]]]]}},
{"type":"Feature","id":"osm-w1375532271","properties":{"id":"osm-w1375532271","osm_id":1375532271,"osm_type":"way","name":null,"name_en":null,"class":"park","classes_all":["park"],"tags":{"leisure":"park"},"area_m2":4937.6,"size_band":"small","district":"อำเภอเมืองสมุทรสาคร","district_en":"Mueang Samut Sakhon District","district_osm_id":18935071,"province":"จังหวัดสมุทรสาคร","province_iso":"TH-74","multi_district":false,"reason_excluded":null,"reasons_all":[],"flags":["crosses_major_way"],"related_ids":{"major_ways":["osm-w1375532268"]},"poi_inside":[],"opening_hours":null,"verification_mode":"continuous_gps","floor_level":null,"rep_point":[100.37717,13.58011]},"geometry":{"type":"MultiPolygon","coordinates":[[[[100.376489,13.579962],[100.37785,13.579956],[100.377852,13.580259],[100.37649,13.580265],[100.376489,13.579962]]]]}},
{"type":"Feature","id":"osm-w1376436069","properties":{"id":"osm-w1376436069","osm_id":1376436069,"osm_type":"way","name":null,"name_en":null,"class":"garden","classes_all":["garden"],"tags":{"leisure":"garden"},"area_m2":8781.5,"size_band":"small","district":"เขตคันนายาว","district_en":"Khan Na Yao District","district_osm_id":2946806,"province":"กรุงเทพมหานคร","province_iso":"TH-10","multi_district":false,"reason_excluded":null,"reasons_all":[],"flags":[],"related_ids":{},"poi_inside":[],"opening_hours":null,"verification_mode":"continuous_gps","floor_level":null,"rep_point":[100.684217,13.831909]},"geometry":{"type":"MultiPolygon","coordinates":[[[[100.683274,13.83257],[100.683338,13.83244],[100.683462,13.832212],[100.683603,13.832024],[100.683688,13.831947],[100.683842,13.83186],[100.684043,13.831791],[100.684324,13.831699],[100.684649,13.83155],[100.684769,13.831477],[100.684909,13.831348],[100.685021,13.831241],[100.68505,13.831216],[100.685072,13.831227],[100.685075,13.83125],[100.685062,13.831274],[100.685007,13.831366],[100.684896,13.831556],[100.684824,13.831706],[100.684712,13.83187],[100.684587,13.83201],[100.68444,13.832105],[100.684223,13.832209],[100.683847,13.832422],[100.68351,13.832606],[100.683418,13.832676],[100.683389,13.832643],[100.683373,13.832625],[100.683334,13.832598],[100.683321,13.832589],[100.683274,13.83257]]]]}},
{"type":"Feature","id":"osm-w1376436082","properties":{"id":"osm-w1376436082","osm_id":1376436082,"osm_type":"way","name":null,"name_en":null,"class":"garden","classes_all":["garden"],"tags":{"leisure":"garden"},"area_m2":7535.2,"size_band":"small","district":"เขตคันนายาว","district_en":"Khan Na Yao District","district_osm_id":2946806,"province":"กรุงเทพมหานคร","province_iso":"TH-10","multi_district":false,"reason_excluded":null,"reasons_all":[],"flags":[],"related_ids":{},"poi_inside":[],"opening_hours":null,"verification_mode":"continuous_gps","floor_level":null,"rep_point":[100.686171,13.830507]},"geometry":{"type":"MultiPolygon","coordinates":[[[[100.685129,13.831116],[100.685132,13.831093],[100.685237,13.830916],[100.685349,13.830755],[100.685489,13.830632],[100.685606,13.830541],[100.685762,13.830435],[100.685929,13.830333],[100.686025,13.830295],[100.686223,13.830245],[100.686334,13.830235],[100.686525,13.830197],[100.68663,13.830172],[100.686825,13.830076],[100.686936,13.829994],[100.68706,13.829881],[100.687091,13.829858],[100.687117,13.829857],[100.687119,13.829877],[100.687065,13.830034],[100.686944,13.830264],[100.686856,13.830371],[100.68673,13.830476],[100.68664,13.830537],[100.686493,13.830619],[100.686244,13.830667],[100.685952,13.830714],[100.685808,13.830745],[100.685687,13.830786],[100.685355,13.830976],[100.685191,13.831118],[100.685166,13.831138],[100.685143,13.831134],[100.685129,13.831116]]]]}},
{"type":"Feature","id":"osm-w1376759634","properties":{"id":"osm-w1376759634","osm_id":1376759634,"osm_type":"way","name":null,"name_en":null,"class":"park","classes_all":["park"],"tags":{"leisure":"park"},"area_m2":33338.4,"size_band":"medium","district":"เขตคันนายาว","district_en":"Khan Na Yao District","district_osm_id":2946806,"province":"กรุงเทพมหานคร","province_iso":"TH-10","multi_district":false,"reason_excluded":null,"reasons_all":[],"flags":["crosses_major_way"],"related_ids":{"major_ways":["osm-w1376759633"]},"poi_inside":[],"opening_hours":null,"verification_mode":"continuous_gps","floor_level":null,"rep_point":[100.692953,13.817669]},"geometry":{"type":"MultiPolygon","coordinates":[[[[100.689768,13.817574],[100.689895,13.816861],[100.691132,13.817148],[100.69133,13.817161],[100.691926,13.817167],[100.692754,13.817281],[100.693187,13.817414],[100.693556,13.817603],[100.694369,13.818038],[100.694784,13.818238],[100.694697,13.818486],[100.694638,13.818508],[100.693652,13.818297],[100.693332,13.818229],[100.693055,13.818117],[100.692889,13.81803],[100.692482,13.817772],[100.692146,13.817637],[100.691968,13.817597],[100.691768,13.81758],[100.691235,13.817597],[100.690643,13.817694],[100.690272,13.817701],[100.689939,13.817644],[100.689878,13.817635],[100.689768,13.817574]]]]}},
{"type":"Feature","id":"osm-w1378299804","properties":{"id":"osm-w1378299804","osm_id":1378299804,"osm_type":"way","name":null,"name_en":null,"class":"marketplace","classes_all":["marketplace"],"tags":{"amenity":"marketplace"},"area_m2":4215.1,"size_band":"small","district":"อำเภอพระสมุทรเจดีย์","district_en":"Phra Samut Chedi District","district_osm_id":10958328,"province":"จังหวัดสมุทรปราการ","province_iso":"TH-11","multi_district":false,"reason_excluded":null,"reasons_all":[],"flags":[],"related_ids":{},"poi_inside":[],"opening_hours":null,"verification_mode":"continuous_gps","floor_level":null,"rep_point":[100.563563,13.580177]},"geometry":{"type":"MultiPolygon","coordinates":[[[[100.563021,13.580382],[100.563705,13.579973],[100.563824,13.580388],[100.563227,13.580783],[100.563111,13.58079],[100.563088,13.58071],[100.563021,13.580382]]]]}},
{"type":"Feature","id":"osm-w1378585698","properties":{"id":"osm-w1378585698","osm_id":1378585698,"osm_type":"way","name":null,"name_en":"Manthana Plaibang Central Park","class":"park","classes_all":["park"],"tags":{"leisure":"park","name:en":"Manthana Plaibang Central Park"},"area_m2":11125.5,"size_band":"medium","district":"อำเภอบางกรวย","district_en":"Bang Kruai District","district_osm_id":2688299,"province":"จังหวัดนนทบุรี","province_iso":"TH-12","multi_district":false,"reason_excluded":null,"reasons_all":[],"flags":[],"related_ids":{},"poi_inside":[],"opening_hours":null,"verification_mode":"continuous_gps","floor_level":null,"rep_point":[100.397216,13.822305]},"geometry":{"type":"MultiPolygon","coordinates":[[[[100.396423,13.82228],[100.396597,13.821918],[100.396745,13.821986],[100.396828,13.821994],[100.396941,13.821952],[100.397075,13.82184],[100.397217,13.82172],[100.397311,13.821832],[100.397421,13.821968],[100.397693,13.821942],[100.397811,13.822227],[100.397859,13.822226],[100.397903,13.822274],[100.397976,13.822275],[100.398004,13.822349],[100.397943,13.822386],[100.398023,13.822502],[100.398064,13.822641],[100.398139,13.822634],[100.398175,13.822741],[100.397837,13.822924],[100.397818,13.822868],[100.397863,13.822844],[100.397816,13.822697],[100.397729,13.82249],[100.39748,13.822582],[100.397118,13.822596],[100.396823,13.822499],[100.396466,13.82233],[100.396423,13.82228]]]]}},
{"type":"Feature","id":"osm-w1380195640","properties":{"id":"osm-w1380195640","osm_id":1380195640,"osm_type":"way","name":null,"name_en":null,"class":"park","classes_all":["park"],"tags":{"leisure":"park"},"area_m2":3403.9,"size_band":"small","district":"อำเภอลำลูกกา","district_en":"Lam Luk Ka District","district_osm_id":2913007,"province":"จังหวัดปทุมธานี","province_iso":"TH-13","multi_district":false,"reason_excluded":null,"reasons_all":[],"flags":[],"related_ids":{},"poi_inside":[],"opening_hours":null,"verification_mode":"continuous_gps","floor_level":null,"rep_point":[100.74036,13.940356]},"geometry":{"type":"MultiPolygon","coordinates":[[[[100.740026,13.940026],[100.74004,13.939958],[100.740069,13.939885],[100.740109,13.939834],[100.740158,13.939826],[100.740282,13.939911],[100.740404,13.940039],[100.740474,13.94014],[100.740516,13.940319],[100.740494,13.940443],[100.740448,13.940572],[100.740395,13.940924],[100.740352,13.940925],[100.740279,13.940898],[100.740244,13.940848],[100.740238,13.940806],[100.740244,13.940568],[100.740242,13.940461],[100.740228,13.940394],[100.740185,13.940302],[100.740125,13.940248],[100.740035,13.940125],[100.740026,13.940026]]]]}},
{"type":"Feature","id":"osm-w1381216739","properties":{"id":"osm-w1381216739","osm_id":1381216739,"osm_type":"way","name":null,"name_en":null,"class":"garden","classes_all":["garden"],"tags":{"access":"yes","fee":"no","garden:type":"street_side","leisure":"garden","operator":"กรุงเทพมหานคร","operator:type":"public"},"area_m2":4609.7,"size_band":"small","district":"เขตบางคอแหลม","district_en":"Bang Kho Laem District","district_osm_id":3147455,"province":"กรุงเทพมหานคร","province_iso":"TH-10","multi_district":false,"reason_excluded":null,"reasons_all":[],"flags":[],"related_ids":{},"poi_inside":[],"opening_hours":null,"verification_mode":"continuous_gps","floor_level":null,"rep_point":[100.510954,13.692133]},"geometry":{"type":"MultiPolygon","coordinates":[[[[100.510259,13.691243],[100.510264,13.691202],[100.510293,13.691161],[100.510338,13.691124],[100.510384,13.691118],[100.510428,13.691121],[100.510457,13.691137],[100.510478,13.69117],[100.511048,13.692114],[100.511478,13.692929],[100.511552,13.693078],[100.511561,13.693149],[100.511493,13.693103],[100.510863,13.692153],[100.510432,13.69154],[100.510279,13.691288],[100.510259,13.691243]]]]}},
{"type":"Feature","id":"osm-w1381216740","properties":{"id":"osm-w1381216740","osm_id":1381216740,"osm_type":"way","name":null,"name_en":null,"class":"garden","classes_all":["garden"],"tags":{"leisure":"garden"},"area_m2":7316.7,"size_band":"small","district":"เขตบางคอแหลม","district_en":"Bang Kho Laem District","district_osm_id":3147455,"province":"กรุงเทพมหานคร","province_iso":"TH-10","multi_district":false,"reason_excluded":null,"reasons_all":[],"flags":[],"related_ids":{},"poi_inside":[],"opening_hours":null,"verification_mode":"continuous_gps","floor_level":null,"rep_point":[100.513312,13.696394]},"geometry":{"type":"MultiPolygon","coordinates":[[[[100.511635,13.693366],[100.511635,13.693288],[100.511709,13.693338],[100.511753,13.693397],[100.512076,13.693979],[100.512828,13.695342],[100.513091,13.69585],[100.513513,13.696705],[100.513846,13.697387],[100.514187,13.698032],[100.514501,13.698598],[100.514869,13.699275],[100.515084,13.69965],[100.515253,13.699939],[100.515253,13.699961],[100.515233,13.699975],[100.515212,13.699975],[100.515202,13.699965],[100.514907,13.699486],[100.514682,13.699091],[100.514244,13.698317],[100.513688,13.697262],[100.513111,13.696083],[100.512747,13.695371],[100.512251,13.694447],[100.511712,13.693493],[100.511635,13.693366]]]]}},
{"type":"Feature","id":"osm-w1382638055","properties":{"id":"osm-w1382638055","osm_id":1382638055,"osm_type":"way","name":"ตลาดส่งเสริมเกษตรไทย","name_en":"I.C.P. Flower market","class":"marketplace","classes_all":["marketplace"],"tags":{"amenity":"marketplace","name":"ตลาดส่งเสริมเกษตรไทย","name:en":"I.C.P. Flower market","name:th":"ตลาดส่งเสริมเกษตรไทย"},"area_m2":27759.1,"size_band":"medium","district":"เขตพระนคร","district_en":"Phra Nakhon District","district_osm_id":92053,"province":"กรุงเทพมหานคร","province_iso":"TH-10","multi_district":false,"reason_excluded":null,"reasons_all":[],"flags":[],"related_ids":{},"poi_inside":[],"opening_hours":null,"verification_mode":"continuous_gps","floor_level":null,"rep_point":[100.496516,13.743448]},"geometry":{"type":"MultiPolygon","coordinates":[[[[100.495268,13.742781],[100.495314,13.742694],[100.496976,13.74217],[100.497224,13.744171],[100.496598,13.744248],[100.496527,13.744114],[100.495268,13.742781]]]]}},
{"type":"Feature","id":"osm-w1382955988","properties":{"id":"osm-w1382955988","osm_id":1382955988,"osm_type":"way","name":"ตลาดนครชัยศรี","name_en":null,"class":"marketplace","classes_all":["marketplace"],"tags":{"amenity":"marketplace","name":"ตลาดนครชัยศรี","name:th":"ตลาดนครชัยศรี"},"area_m2":4195.5,"size_band":"small","district":"เขตดุสิต","district_en":"Dusit District","district_osm_id":92069,"province":"กรุงเทพมหานคร","province_iso":"TH-10","multi_district":false,"reason_excluded":null,"reasons_all":[],"flags":[],"related_ids":{},"poi_inside":[],"opening_hours":null,"verification_mode":"continuous_gps","floor_level":null,"rep_point":[100.512224,13.785457]},"geometry":{"type":"MultiPolygon","coordinates":[[[[100.5119,13.785439],[100.511916,13.78535],[100.512515,13.785024],[100.51252,13.78503],[100.512536,13.785035],[100.512573,13.785104],[100.512607,13.785166],[100.512559,13.785193],[100.512535,13.785206],[100.512521,13.785222],[100.512433,13.785272],[100.512545,13.785475],[100.512634,13.785645],[100.512562,13.785687],[100.512213,13.785887],[100.5119,13.785439]]]]}},
{"type":"Feature","id":"osm-w1382955989","properties":{"id":"osm-w1382955989","osm_id":1382955989,"osm_type":"way","name":"ตลาดศรีย่าน","name_en":null,"class":"marketplace","classes_all":["marketplace"],"tags":{"amenity":"marketplace","name":"ตลาดศรีย่าน","name:th":"ตลาดศรีย่าน"},"area_m2":10411.5,"size_band":"medium","district":"เขตดุสิต","district_en":"Dusit District","district_osm_id":92069,"province":"กรุงเทพมหานคร","province_iso":"TH-10","multi_district":false,"reason_excluded":null,"reasons_all":[],"flags":[],"related_ids":{},"poi_inside":[],"opening_hours":null,"verification_mode":"continuous_gps","floor_level":null,"rep_point":[100.51212,13.784688]},"geometry":{"type":"MultiPolygon","coordinates":[[[[100.511367,13.78441],[100.511815,13.784192],[100.511991,13.784106],[100.512113,13.784351],[100.512226,13.784293],[100.512304,13.78444],[100.512513,13.784344],[100.51261,13.78449],[100.512641,13.784517],[100.512676,13.784533],[100.512723,13.784624],[100.512747,13.784751],[100.511844,13.785251],[100.511773,13.785228],[100.511367,13.78441]]]]}},
{"type":"Feature","id":"osm-w1383747525","properties":{"id":"osm-w1383747525","osm_id":1383747525,"osm_type":"way","name":"สวนสาธารณะท่าโขลง","name_en":null,"class":"park","classes_all":["park"],"tags":{"leisure":"park","name":"สวนสาธารณะท่าโขลง","name:th":"สวนสาธารณะท่าโขลง"},"area_m2":64161.4,"size_band":"large","district":"อำเภอคลองหลวง","district_en":"Khlong Luang District","district_osm_id":2913006,"province":"จังหวัดปทุมธานี","province_iso":"TH-13","multi_district":false,"reason_excluded":null,"reasons_all":[],"flags":[],"related_ids":{},"poi_inside":[],"opening_hours":null,"verification_mode":"continuous_gps","floor_level":null,"rep_point":[100.628913,14.103836]},"geometry":{"type":"MultiPolygon","coordinates":[[[[100.626558,14.104401],[100.626599,14.103256],[100.631252,14.103272],[100.631244,14.104428],[100.626558,14.104401]]]]}},
{"type":"Feature","id":"osm-w1386057109","properties":{"id":"osm-w1386057109","osm_id":1386057109,"osm_type":"way","name":"ศูนย์การค้าลาซาลสแควร์","name_en":null,"class":"marketplace","classes_all":["marketplace"],"tags":{"amenity":"marketplace","landuse":"retail","name":"ศูนย์การค้าลาซาลสแควร์","name:th":"ศูนย์การค้าลาซาลสแควร์","shop":"mall"},"area_m2":34092.2,"size_band":"medium","district":"เขตบางนา","district_en":"Bang Na District","district_osm_id":3146412,"province":"กรุงเทพมหานคร","province_iso":"TH-10","multi_district":false,"reason_excluded":null,"reasons_all":[],"flags":[],"related_ids":{},"poi_inside":[],"opening_hours":null,"verification_mode":"continuous_gps","floor_level":null,"rep_point":[100.638362,13.659326]},"geometry":{"type":"MultiPolygon","coordinates":[[[[100.637716,13.65753],[100.638539,13.657296],[100.638705,13.658427],[100.639022,13.660285],[100.638107,13.660535],[100.63794,13.659992],[100.637897,13.659798],[100.637833,13.658854],[100.637716,13.65753]]]]}},
{"type":"Feature","id":"osm-w1392039114","properties":{"id":"osm-w1392039114","osm_id":1392039114,"osm_type":"way","name":"ตลาด เอ.ซ๊.สายไหม","name_en":null,"class":"marketplace","classes_all":["marketplace"],"tags":{"amenity":"marketplace","landuse":"commercial","name":"ตลาด เอ.ซ๊.สายไหม","name:th":"ตลาด เอ.ซ๊.สายไหม"},"area_m2":60876.4,"size_band":"large","district":"เขตสายไหม","district_en":"Sai Mai District","district_osm_id":2938035,"province":"กรุงเทพมหานคร","province_iso":"TH-10","multi_district":false,"reason_excluded":null,"reasons_all":[],"flags":[],"related_ids":{},"poi_inside":[],"opening_hours":null,"verification_mode":"continuous_gps","floor_level":null,"rep_point":[100.642915,13.924759]},"geometry":{"type":"MultiPolygon","coordinates":[[[[100.642264,13.921996],[100.643455,13.921977],[100.643471,13.92231],[100.643316,13.922326],[100.643425,13.924184],[100.643514,13.926717],[100.643515,13.926754],[100.643377,13.926761],[100.64327,13.926766],[100.643088,13.926775],[100.642469,13.926796],[100.642462,13.926514],[100.642409,13.925333],[100.642292,13.922613],[100.642264,13.921996]]]]}},
{"type":"Feature","id":"osm-w1392392958","properties":{"id":"osm-w1392392958","osm_id":1392392958,"osm_type":"way","name":null,"name_en":null,"class":"pitch","classes_all":["pitch"],"tags":{"leisure":"pitch","sport":"soccer"},"area_m2":6896.5,"size_band":"small","district":"อำเภอเมืองสมุทรปราการ","district_en":"Mueang Samut Prakan District","district_osm_id":11580983,"province":"จังหวัดสมุทรปราการ","province_iso":"TH-11","multi_district":false,"reason_excluded":null,"reasons_all":[],"flags":[],"related_ids":{},"poi_inside":[],"opening_hours":null,"verification_mode":"continuous_gps","floor_level":null,"rep_point":[100.614698,13.566936]},"geometry":{"type":"MultiPolygon","coordinates":[[[[100.61415,13.566943],[100.614604,13.566411],[100.615245,13.566929],[100.614792,13.56746],[100.61415,13.566943]]]]}},
{"type":"Feature","id":"osm-w1394902604","properties":{"id":"osm-w1394902604","osm_id":1394902604,"osm_type":"way","name":null,"name_en":null,"class":"park","classes_all":["park"],"tags":{"leisure":"park"},"area_m2":79590.2,"size_band":"large","district":"เขตสะพานสูง","district_en":"Saphan Sung District","district_osm_id":3146415,"province":"กรุงเทพมหานคร","province_iso":"TH-10","multi_district":false,"reason_excluded":null,"reasons_all":[],"flags":["contains_religious_feature"],"related_ids":{"blockers":{"religious":{"ids":["osm-n12606896301"],"share":0.0039}},"religious_blockers":["osm-n12606896301"]},"poi_inside":[],"opening_hours":null,"verification_mode":"continuous_gps","floor_level":null,"rep_point":[100.678679,13.770613]},"geometry":{"type":"MultiPolygon","coordinates":[[[[100.677214,13.770411],[100.677459,13.770403],[100.677546,13.770296],[100.677563,13.770179],[100.677519,13.76988],[100.677522,13.769282],[100.679655,13.768948],[100.679694,13.769204],[100.679959,13.769174],[100.680152,13.770814],[100.68015,13.770863],[100.680123,13.770898],[100.679024,13.771004],[100.67893,13.771047],[100.678881,13.771124],[100.678621,13.771532],[100.678128,13.772359],[100.677961,13.772663],[100.677451,13.772549],[100.677276,13.771137],[100.677214,13.770411]]]]}},
{"type":"Feature","id":"osm-w1394902665","properties":{"id":"osm-w1394902665","osm_id":1394902665,"osm_type":"way","name":null,"name_en":null,"class":"pitch","classes_all":["pitch"],"tags":{"leisure":"pitch","sport":"soccer"},"area_m2":8103.9,"size_band":"small","district":"เขตสะพานสูง","district_en":"Saphan Sung District","district_osm_id":3146415,"province":"กรุงเทพมหานคร","province_iso":"TH-10","multi_district":false,"reason_excluded":null,"reasons_all":[],"flags":[],"related_ids":{},"poi_inside":[],"opening_hours":null,"verification_mode":"continuous_gps","floor_level":null,"rep_point":[100.682509,13.766494]},"geometry":{"type":"MultiPolygon","coordinates":[[[[100.682003,13.766842],[100.682004,13.766794],[100.682367,13.765962],[100.682398,13.765931],[100.683013,13.766193],[100.682625,13.767083],[100.682601,13.767092],[100.682003,13.766842]]]]}},
{"type":"Feature","id":"osm-w1395669324","properties":{"id":"osm-w1395669324","osm_id":1395669324,"osm_type":"way","name":null,"name_en":null,"class":"park","classes_all":["park"],"tags":{"leisure":"park"},"area_m2":3512.9,"size_band":"small","district":"เขตสวนหลวง","district_en":"Suan Luang District","district_osm_id":3146643,"province":"กรุงเทพมหานคร","province_iso":"TH-10","multi_district":false,"reason_excluded":null,"reasons_all":[],"flags":[],"related_ids":{},"poi_inside":[],"opening_hours":null,"verification_mode":"continuous_gps","floor_level":null,"rep_point":[100.640712,13.734754]},"geometry":{"type":"MultiPolygon","coordinates":[[[[100.64052,13.734191],[100.640918,13.734159],[100.640861,13.734669],[100.640795,13.734838],[100.640786,13.734999],[100.640792,13.735122],[100.640822,13.735303],[100.640822,13.735394],[100.640786,13.735498],[100.640736,13.735507],[100.640561,13.734573],[100.64052,13.734191]]]]}},
{"type":"Feature","id":"osm-w1396131808","properties":{"id":"osm-w1396131808","osm_id":1396131808,"osm_type":"way","name":null,"name_en":null,"class":"garden","classes_all":["garden"],"tags":{"garden:type":"street_side","leisure":"garden"},"area_m2":22959.7,"size_band":"medium","district":"เขตบางแค","district_en":"Bang Khae District","district_osm_id":2946804,"province":"กรุงเทพมหานคร","province_iso":"TH-10","multi_district":false,"reason_excluded":null,"reasons_all":[],"flags":[],"related_ids":{},"poi_inside":[],"opening_hours":null,"verification_mode":"continuous_gps","floor_level":null,"rep_point":[100.407104,13.711872]},"geometry":{"type":"MultiPolygon","coordinates":[[[[100.406207,13.710792],[100.407025,13.710853],[100.407118,13.710868],[100.407188,13.710879],[100.407311,13.710939],[100.407486,13.711077],[100.407627,13.711229],[100.407695,13.711354],[100.407697,13.71145],[100.407644,13.711627],[100.407585,13.711779],[100.407523,13.711849],[100.407455,13.711896],[100.407297,13.711936],[100.407348,13.712043],[100.407497,13.711977],[100.407646,13.711823],[100.407738,13.71164],[100.407774,13.711472],[100.407756,13.711329],[100.40766,13.711122],[100.40742,13.710913],[100.408053,13.71097],[100.408038,13.711201],[100.408004,13.711442],[100.407962,13.711547],[100.40782,13.711821],[100.407635,13.712043],[100.407412,13.712271],[100.407179,13.712461],[100.406962,13.712632],[100.406758,13.712848],[100.406615,13.713],[100.406568,13.712971],[100.406778,13.712512],[100.406786,13.71243],[100.406922,13.712418],[100.407051,13.71235],[100.407108,13.712288],[100.407179,13.712067],[100.406922,13.712016],[100.406843,13.712387],[100.406806,13.712387],[100.40681,13.71217],[100.406803,13.712052],[100.406776,13.711963],[100.406674,13.711802],[100.406526,13.711603],[100.406268,13.711461],[100.406207,13.710792]]]]}},
{"type":"Feature","id":"osm-w1396734623","properties":{"id":"osm-w1396734623","osm_id":1396734623,"osm_type":"way","name":"ตลาดหลังกระทรวงการคลัง","name_en":"Ministry of Finance Back Flea Market","class":"marketplace","classes_all":["marketplace"],"tags":{"amenity":"marketplace","name":"ตลาดหลังกระทรวงการคลัง","name:en":"Ministry of Finance Back Flea Market","name:th":"ตลาดหลังกระทรวงการคลัง"},"area_m2":6852.8,"size_band":"small","district":"เขตพญาไท","district_en":"Phaya Thai District","district_osm_id":92068,"province":"กรุงเทพมหานคร","province_iso":"TH-10","multi_district":false,"reason_excluded":null,"reasons_all":[],"flags":[],"related_ids":{"blockers":{"government":{"ids":["osm-w1373238511"],"share":0.0}}},"poi_inside":[],"opening_hours":null,"verification_mode":"continuous_gps","floor_level":null,"rep_point":[100.536636,13.782315]},"geometry":{"type":"MultiPolygon","coordinates":[[[[100.535907,13.782863],[100.536035,13.782789],[100.536167,13.782713],[100.536447,13.78254],[100.536489,13.782515],[100.536498,13.78251],[100.536385,13.78228],[100.536798,13.782074],[100.537802,13.781574],[100.53784,13.781623],[100.537862,13.781651],[100.53776,13.781735],[100.537206,13.782079],[100.536821,13.78235],[100.536909,13.782547],[100.536753,13.782621],[100.536723,13.782727],[100.536004,13.783053],[100.535977,13.783061],[100.535919,13.782909],[100.535907,13.782863]]]]}},
{"type":"Feature","id":"osm-w1411094633","properties":{"id":"osm-w1411094633","osm_id":1411094633,"osm_type":"way","name":"สวนเปรมประชาวนารักษ์","name_en":"Prem Pracha Vana Rak Park","class":"park","classes_all":["park"],"tags":{"dog":"leashed","leisure":"park","name":"สวนเปรมประชาวนารักษ์","name:en":"Prem Pracha Vana Rak Park","name:th":"สวนเปรมประชาวนารักษ์"},"area_m2":23610.3,"size_band":"medium","district":"เขตหลักสี่","district_en":"Lak Si District","district_osm_id":1639288,"province":"กรุงเทพมหานคร","province_iso":"TH-10","multi_district":false,"reason_excluded":null,"reasons_all":[],"flags":[],"related_ids":{},"poi_inside":[],"opening_hours":null,"verification_mode":"continuous_gps","floor_level":null,"rep_point":[100.564518,13.856]},"geometry":{"type":"MultiPolygon","coordinates":[[[[100.563538,13.855297],[100.56363,13.855312],[100.563765,13.855505],[100.563872,13.855438],[100.563893,13.855306],[100.564479,13.855394],[100.564447,13.855596],[100.564917,13.855667],[100.565279,13.856332],[100.565668,13.857109],[100.565672,13.857196],[100.565624,13.857234],[100.565429,13.857306],[100.565308,13.857066],[100.565221,13.857107],[100.565004,13.857206],[100.564905,13.857235],[100.564805,13.857265],[100.564683,13.857017],[100.564561,13.85708],[100.564282,13.856605],[100.563538,13.855297]]]]}},
{"type":"Feature","id":"osm-w1414218667","properties":{"id":"osm-w1414218667","osm_id":1414218667,"osm_type":"way","name":"สวนสุนันทา","name_en":null,"class":"garden","classes_all":["garden"],"tags":{"leisure":"garden","name":"สวนสุนันทา","name:th":"สวนสุนันทา"},"area_m2":5027.0,"size_band":"small","district":"เขตดุสิต","district_en":"Dusit District","district_osm_id":92069,"province":"กรุงเทพมหานคร","province_iso":"TH-10","multi_district":false,"reason_excluded":null,"reasons_all":[],"flags":[],"related_ids":{},"poi_inside":[],"opening_hours":null,"verification_mode":"continuous_gps","floor_level":null,"rep_point":[100.508519,13.773646]},"geometry":{"type":"MultiPolygon","coordinates":[[[[100.508129,13.773695],[100.508142,13.773616],[100.508168,13.773547],[100.508302,13.773327],[100.508441,13.773248],[100.508535,13.773214],[100.508595,13.77327],[100.508771,13.773439],[100.508846,13.773544],[100.508917,13.773676],[100.508933,13.773734],[100.508902,13.773761],[100.508239,13.774054],[100.508203,13.774059],[100.508173,13.773987],[100.508152,13.773916],[100.508134,13.773775],[100.508129,13.773695]]]]}},
{"type":"Feature","id":"osm-w1414218668","properties":{"id":"osm-w1414218668","osm_id":1414218668,"osm_type":"way","name":null,"name_en":null,"class":"garden","classes_all":["garden"],"tags":{"leisure":"garden"},"area_m2":3704.6,"size_band":"small","district":"เขตดุสิต","district_en":"Dusit District","district_osm_id":92069,"province":"กรุงเทพมหานคร","province_iso":"TH-10","multi_district":false,"reason_excluded":null,"reasons_all":[],"flags":[],"related_ids":{},"poi_inside":[],"opening_hours":null,"verification_mode":"continuous_gps","floor_level":null,"rep_point":[100.508663,13.774108]},"geometry":{"type":"MultiPolygon","coordinates":[[[[100.508296,13.774126],[100.508314,13.77409],[100.508339,13.774056],[100.508793,13.77386],[100.508962,13.773782],[100.508985,13.773794],[100.509019,13.773865],[100.509026,13.77404],[100.509017,13.774158],[100.508998,13.774232],[100.508973,13.774278],[100.508571,13.774444],[100.508507,13.774467],[100.508471,13.774461],[100.508296,13.774126]]]]}},
{"type":"Feature","id":"osm-w1415327221","properties":{"id":"osm-w1415327221","osm_id":1415327221,"osm_type":"way","name":"เขากบ","name_en":null,"class":"garden","classes_all":["garden"],"tags":{"leisure":"garden","name":"เขากบ","name:th":"เขากบ"},"area_m2":6323.1,"size_band":"small","district":"เขตดุสิต","district_en":"Dusit District","district_osm_id":92069,"province":"กรุงเทพมหานคร","province_iso":"TH-10","multi_district":false,"reason_excluded":null,"reasons_all":[],"flags":[],"related_ids":{},"poi_inside":[],"opening_hours":null,"verification_mode":"continuous_gps","floor_level":null,"rep_point":[100.516128,13.769999]},"geometry":{"type":"MultiPolygon","coordinates":[[[[100.515717,13.770242],[100.515736,13.770175],[100.515848,13.770039],[100.515874,13.769958],[100.515873,13.769865],[100.515837,13.769653],[100.515804,13.769596],[100.515733,13.769572],[100.515928,13.769485],[100.516077,13.769462],[100.516547,13.770256],[100.51639,13.770354],[100.516338,13.770341],[100.516289,13.770346],[100.515971,13.770594],[100.515913,13.770594],[100.515865,13.770564],[100.51572,13.770309],[100.515717,13.770242]]]]}},
{"type":"Feature","id":"osm-w1415327222","properties":{"id":"osm-w1415327222","osm_id":1415327222,"osm_type":"way","name":"เขาดิน","name_en":null,"class":"garden","classes_all":["garden"],"tags":{"leisure":"garden","name":"เขาดิน","name:th":"เขาดิน"},"area_m2":7825.3,"size_band":"small","district":"เขตดุสิต","district_en":"Dusit District","district_osm_id":92069,"province":"กรุงเทพมหานคร","province_iso":"TH-10","multi_district":false,"reason_excluded":null,"reasons_all":[],"flags":[],"related_ids":{},"poi_inside":[],"opening_hours":null,"verification_mode":"continuous_gps","floor_level":null,"rep_point":[100.516251,13.771569]},"geometry":{"type":"MultiPolygon","coordinates":[[[[100.515706,13.771491],[100.515833,13.7714],[100.516027,13.771146],[100.516134,13.771095],[100.516253,13.771086],[100.51639,13.77111],[100.516497,13.771172],[100.51674,13.771518],[100.516774,13.771619],[100.516771,13.771719],[100.516748,13.77179],[100.516681,13.771836],[100.51634,13.771948],[100.516323,13.771971],[100.516211,13.771994],[100.515996,13.771896],[100.515834,13.771741],[100.515706,13.771491]]]]}},
{"type":"Feature","id":"osm-w1415647515","properties":{"id":"osm-w1415647515","osm_id":1415647515,"osm_type":"way","name":"ตลาดเอราวัล","name_en":null,"class":"marketplace","classes_all":["marketplace"],"tags":{"amenity":"marketplace","name":"ตลาดเอราวัล"},"area_m2":33254.1,"size_band":"medium","district":"อำเภอเมืองสมุทรปราการ","district_en":"Mueang Samut Prakan District","district_osm_id":11580983,"province":"จังหวัดสมุทรปราการ","province_iso":"TH-11","multi_district":false,"reason_excluded":null,"reasons_all":[],"flags":[],"related_ids":{},"poi_inside":[],"opening_hours":null,"verification_mode":"continuous_gps","floor_level":null,"rep_point":[100.591808,13.62127]},"geometry":{"type":"MultiPolygon","coordinates":[[[[100.590351,13.621485],[100.590706,13.620473],[100.593316,13.621054],[100.592728,13.622053],[100.59052,13.621526],[100.590351,13.621485]]]]}},
{"type":"Feature","id":"osm-w142576745","properties":{"id":"osm-w142576745","osm_id":142576745,"osm_type":"way","name":"สวนสาธารณะกัลปพฤกษ์","name_en":null,"class":"park","classes_all":["park"],"tags":{"leisure":"park","name":"สวนสาธารณะกัลปพฤกษ์"},"area_m2":43857.8,"size_band":"medium","district":"เขตบางแค","district_en":"Bang Khae District","district_osm_id":2946804,"province":"กรุงเทพมหานคร","province_iso":"TH-10","multi_district":false,"reason_excluded":null,"reasons_all":[],"flags":["crosses_major_way"],"related_ids":{"major_ways":["osm-w438488908","osm-w438489902","osm-w97550041"]},"poi_inside":[],"opening_hours":null,"verification_mode":"continuous_gps","floor_level":null,"rep_point":[100.408265,13.683577]},"geometry":{"type":"MultiPolygon","coordinates":[[[[100.407176,13.682463],[100.407212,13.682179],[100.407223,13.682038],[100.407214,13.681881],[100.407194,13.681661],[100.407273,13.6818],[100.407324,13.68187],[100.407366,13.681918],[100.40753,13.682089],[100.407828,13.682324],[100.408162,13.682566],[100.408472,13.682841],[100.408688,13.68297],[100.408909,13.683079],[100.409138,13.683174],[100.40938,13.683236],[100.409694,13.683286],[100.410208,13.683308],[100.40967,13.683431],[100.409489,13.683488],[100.40909,13.683666],[100.40892,13.683753],[100.408705,13.683898],[100.408463,13.684086],[100.408239,13.684289],[100.407881,13.684682],[100.40771,13.684896],[100.407606,13.685066],[100.407487,13.685291],[100.407394,13.685577],[100.407335,13.684583],[100.407267,13.68393],[100.407204,13.683068],[100.40718,13.682616],[100.407176,13.682463]]]]}},
{"type":"Feature","id":"osm-w1427083286","properties":{"id":"osm-w1427083286","osm_id":1427083286,"osm_type":"way","name":"สวนดุสิตอรุณ","name_en":"Dusit Arun Garden","class":"garden","classes_all":["garden"],"tags":{"leisure":"garden","location":"roof","name":"สวนดุสิตอรุณ","name:en":"Dusit Arun Garden","name:th":"สวนดุสิตอรุณ","opening_hours":"Mo-Su 06:00-22:00"},"area_m2":5088.1,"size_band":"small","district":"เขตบางรัก","district_en":"Bang Rak District","district_osm_id":92061,"province":"กรุงเทพมหานคร","province_iso":"TH-10","multi_district":false,"reason_excluded":null,"reasons_all":[],"flags":[],"related_ids":{},"poi_inside":[],"opening_hours":"Mo-Su 06:00-22:00","verification_mode":"continuous_gps","floor_level":null,"rep_point":[100.537462,13.72857]},"geometry":{"type":"MultiPolygon","coordinates":[[[[100.536881,13.728951],[100.537164,13.728245],[100.537881,13.728487],[100.537899,13.728653],[100.537023,13.72901],[100.536881,13.728951]]]]}},
{"type":"Feature","id":"osm-w1429512181","properties":{"id":"osm-w1429512181","osm_id":1429512181,"osm_type":"way","name":"สวนป่าเอกมัย","name_en":null,"class":"garden","classes_all":["garden"],"tags":{"leisure":"garden","name":"สวนป่าเอกมัย","name:th":"สวนป่าเอกมัย"},"area_m2":5931.1,"size_band":"small","district":"วัฒนา","district_en":"Vadhana District","district_osm_id":2938036,"province":"กรุงเทพมหานคร","province_iso":"TH-10","multi_district":false,"reason_excluded":null,"reasons_all":[],"flags":[],"related_ids":{},"poi_inside":[],"opening_hours":null,"verification_mode":"continuous_gps","floor_level":null,"rep_point":[100.59063,13.741831]},"geometry":{"type":"MultiPolygon","coordinates":[[[[100.590217,13.741779],[100.590241,13.741636],[100.590306,13.741536],[100.590377,13.741478],[100.590458,13.741436],[100.590623,13.741404],[100.590772,13.741445],[100.590864,13.741516],[100.590964,13.741655],[100.59111,13.74204],[100.5904,13.742174],[100.590318,13.74219],[100.59024,13.741883],[100.590217,13.741779]]]]}},
{"type":"Feature","id":"osm-w1429708149","properties":{"id":"osm-w1429708149","osm_id":1429708149,"osm_type":"way","name":"ตลาดเดินเล่นกรุงเทพกรีฑา","name_en":null,"class":"marketplace","classes_all":["marketplace"],"tags":{"amenity":"marketplace","name":"ตลาดเดินเล่นกรุงเทพกรีฑา","name:th":"ตลาดเดินเล่นกรุงเทพกรีฑา"},"area_m2":21313.6,"size_band":"medium","district":"เขตบางกะปิ","district_en":"Bang Kapi District","district_osm_id":2939952,"province":"กรุงเทพมหานคร","province_iso":"TH-10","multi_district":false,"reason_excluded":null,"reasons_all":[],"flags":[],"related_ids":{},"poi_inside":[],"opening_hours":null,"verification_mode":"continuous_gps","floor_level":null,"rep_point":[100.674522,13.751689]},"geometry":{"type":"MultiPolygon","coordinates":[[[[100.67389,13.751058],[100.674376,13.750937],[100.674282,13.750538],[100.67532,13.750654],[100.674726,13.752633],[100.674731,13.752697],[100.674595,13.752762],[100.674468,13.75254],[100.674063,13.751753],[100.674041,13.751764],[100.674028,13.751622],[100.673923,13.751625],[100.67389,13.751058]]]]}},
{"type":"Feature","id":"osm-w1429709416","properties":{"id":"osm-w1429709416","osm_id":1429709416,"osm_type":"way","name":"ตลาดศาลาน้ำเย็น","name_en":null,"class":"marketplace","classes_all":["marketplace"],"tags":{"amenity":"marketplace","name":"ตลาดศาลาน้ำเย็น"},"area_m2":5518.5,"size_band":"small","district":"เขตบางกอกน้อย","district_en":"Bangkok Noi District","district_osm_id":2942282,"province":"กรุงเทพมหานคร","province_iso":"TH-10","multi_district":false,"reason_excluded":null,"reasons_all":[],"flags":[],"related_ids":{},"poi_inside":[],"opening_hours":null,"verification_mode":"continuous_gps","floor_level":null,"rep_point":[100.474557,13.760662]},"geometry":{"type":"MultiPolygon","coordinates":[[[[100.474069,13.760236],[100.474325,13.760066],[100.474613,13.760494],[100.47496,13.76083],[100.475109,13.761023],[100.474669,13.761275],[100.474506,13.760957],[100.474069,13.760236]]]]}},
{"type":"Feature","id":"osm-w1431671105","properties":{"id":"osm-w1431671105","osm_id":1431671105,"osm_type":"way","name":"ตลาดมิ่งขวัญบ้านนา","name_en":null,"class":"marketplace","classes_all":["marketplace"],"tags":{"amenity":"marketplace","name":"ตลาดมิ่งขวัญบ้านนา","name:th":"ตลาดมิ่งขวัญบ้านนา","short_name":"ตลาดมิ่งขวัญ"},"area_m2":9353.7,"size_band":"small","district":"เขตพญาไท","district_en":"Phaya Thai District","district_osm_id":92068,"province":"กรุงเทพมหานคร","province_iso":"TH-10","multi_district":false,"reason_excluded":null,"reasons_all":[],"flags":[],"related_ids":{},"poi_inside":[],"opening_hours":null,"verification_mode":"continuous_gps","floor_level":null,"rep_point":[100.55864,13.788896]},"geometry":{"type":"MultiPolygon","coordinates":[[[[100.557797,13.789109],[100.557816,13.788682],[100.557832,13.788659],[100.558245,13.788666],[100.559136,13.788682],[100.559484,13.788682],[100.55946,13.789174],[100.557797,13.789109]]]]}},
{"type":"Feature","id":"osm-w1431706434","properties":{"id":"osm-w1431706434","osm_id":1431706434,"osm_type":"way","name":"ตลาดทุ่งเศรษฐี","name_en":null,"class":"marketplace","classes_all":["marketplace"],"tags":{"amenity":"marketplace","name":"ตลาดทุ่งเศรษฐี"},"area_m2":14764.2,"size_band":"medium","district":"เขตประเวศ","district_en":"Prawet District","district_osm_id":3146414,"province":"กรุงเทพมหานคร","province_iso":"TH-10","multi_district":false,"reason_excluded":null,"reasons_all":[],"flags":[],"related_ids":{},"poi_inside":[],"opening_hours":null,"verification_mode":"continuous_gps","floor_level":null,"rep_point":[100.697874,13.667582]},"geometry":{"type":"MultiPolygon","coordinates":[[[[100.696773,13.667928],[100.698172,13.667236],[100.698446,13.668146],[100.697774,13.668455],[100.697371,13.668583],[100.696773,13.667928]]]]}},
{"type":"Feature","id":"osm-w1431983264","properties":{"id":"osm-w1431983264","osm_id":1431983264,"osm_type":"way","name":null,"name_en":null,"class":"garden","classes_all":["garden"],"tags":{"leisure":"garden"},"area_m2":3394.8,"size_band":"small","district":"เขตประเวศ","district_en":"Prawet District","district_osm_id":3146414,"province":"กรุงเทพมหานคร","province_iso":"TH-10","multi_district":false,"reason_excluded":null,"reasons_all":[],"flags":[],"related_ids":{},"poi_inside":[],"opening_hours":null,"verification_mode":"continuous_gps","floor_level":null,"rep_point":[100.683519,13.713726]},"geometry":{"type":"MultiPolygon","coordinates":[[[[100.683065,13.713818],[100.683347,13.713634],[100.683321,13.713603],[100.683253,13.713525],[100.683464,13.713346],[100.683474,13.713337],[100.683988,13.713896],[100.683846,13.713953],[100.683672,13.713966],[100.683556,13.713956],[100.683387,13.713911],[100.683065,13.713818]]]]}},
{"type":"Feature","id":"osm-w1434428291","properties":{"id":"osm-w1434428291","osm_id":1434428291,"osm_type":"way","name":null,"name_en":null,"class":"pitch","classes_all":["pitch"],"tags":{"leisure":"pitch","sport":"soccer"},"area_m2":5805.4,"size_band":"small","district":"เขตจตุจักร","district_en":"Chatuchak District","district_osm_id":1639286,"province":"กรุงเทพมหานคร","province_iso":"TH-10","multi_district":false,"reason_excluded":null,"reasons_all":[],"flags":[],"related_ids":{},"poi_inside":[],"opening_hours":null,"verification_mode":"continuous_gps","floor_level":null,"rep_point":[100.541805,13.831386]},"geometry":{"type":"MultiPolygon","coordinates":[[[[100.541339,13.831625],[100.541789,13.830874],[100.542271,13.831146],[100.541821,13.831898],[100.541339,13.831625]]]]}},
{"type":"Feature","id":"osm-w1434553943","properties":{"id":"osm-w1434553943","osm_id":1434553943,"osm_type":"way","name":null,"name_en":null,"class":"park","classes_all":["park"],"tags":{"leisure":"park"},"area_m2":3703.7,"size_band":"small","district":"เขตจตุจักร","district_en":"Chatuchak District","district_osm_id":1639286,"province":"กรุงเทพมหานคร","province_iso":"TH-10","multi_district":false,"reason_excluded":null,"reasons_all":[],"flags":[],"related_ids":{},"poi_inside":[],"opening_hours":null,"verification_mode":"continuous_gps","floor_level":null,"rep_point":[100.540032,13.82998]},"geometry":{"type":"MultiPolygon","coordinates":[[[[100.53932,13.829944],[100.539416,13.829916],[100.539899,13.829856],[100.540214,13.829863],[100.540626,13.829923],[100.540808,13.830015],[100.540703,13.830052],[100.539358,13.830169],[100.53932,13.829944]]]]}},
{"type":"Feature","id":"osm-w1434626418","properties":{"id":"osm-w1434626418","osm_id":1434626418,"osm_type":"way","name":null,"name_en":null,"class":"pitch","classes_all":["pitch"],"tags":{"leisure":"pitch","sport":"soccer"},"area_m2":8292.1,"size_band":"small","district":"เขตจตุจักร","district_en":"Chatuchak District","district_osm_id":1639286,"province":"กรุงเทพมหานคร","province_iso":"TH-10","multi_district":false,"reason_excluded":null,"reasons_all":[],"flags":[],"related_ids":{},"poi_inside":[],"opening_hours":null,"verification_mode":"continuous_gps","floor_level":null,"rep_point":[100.546747,13.837681]},"geometry":{"type":"MultiPolygon","coordinates":[[[[100.546237,13.837341],[100.546769,13.837071],[100.546804,13.837095],[100.546845,13.837139],[100.547237,13.837925],[100.547248,13.837972],[100.547247,13.838021],[100.546723,13.838282],[100.546692,13.838257],[100.546656,13.838218],[100.546625,13.838168],[100.546255,13.837438],[100.546242,13.837381],[100.546237,13.837341]]]]}},
{"type":"Feature","id":"osm-w1436724045","properties":{"id":"osm-w1436724045","osm_id":1436724045,"osm_type":"way","name":"ตลาดสดลาซาล 2000","name_en":"Lasalle 2K Market","class":"marketplace","classes_all":["marketplace"],"tags":{"amenity":"marketplace","area":"yes","name":"ตลาดสดลาซาล 2000","name:en":"Lasalle 2K Market","name:th":"ตลาดสดลาซาล 2000"},"area_m2":5479.2,"size_band":"small","district":"เขตบางนา","district_en":"Bang Na District","district_osm_id":3146412,"province":"กรุงเทพมหานคร","province_iso":"TH-10","multi_district":false,"reason_excluded":null,"reasons_all":[],"flags":[],"related_ids":{},"poi_inside":[],"opening_hours":null,"verification_mode":"continuous_gps","floor_level":null,"rep_point":[100.61638,13.663593]},"geometry":{"type":"MultiPolygon","coordinates":[[[[100.616013,13.663199],[100.616533,13.663077],[100.616584,13.663285],[100.616729,13.6639],[100.616203,13.66403],[100.616013,13.663199]]]]}},
{"type":"Feature","id":"osm-w1436724059","properties":{"id":"osm-w1436724059","osm_id":1436724059,"osm_type":"way","name":"ตลาดดวงพลอย","name_en":"Duangploy Market","class":"marketplace","classes_all":["marketplace"],"tags":{"amenity":"marketplace","name":"ตลาดดวงพลอย","name:en":"Duangploy Market","name:th":"ตลาดดวงพลอย"},"area_m2":4388.8,"size_band":"small","district":"เขตบางนา","district_en":"Bang Na District","district_osm_id":3146412,"province":"กรุงเทพมหานคร","province_iso":"TH-10","multi_district":false,"reason_excluded":null,"reasons_all":[],"flags":[],"related_ids":{},"poi_inside":[],"opening_hours":null,"verification_mode":"continuous_gps","floor_level":null,"rep_point":[100.618569,13.663096]},"geometry":{"type":"MultiPolygon","coordinates":[[[[100.618277,13.662632],[100.618725,13.662499],[100.618757,13.662921],[100.618802,13.663271],[100.618824,13.663527],[100.618658,13.663559],[100.618625,13.663309],[100.618403,13.663345],[100.618277,13.662632]]]]}},
{"type":"Feature","id":"osm-w1441990308","properties":{"id":"osm-w1441990308","osm_id":1441990308,"osm_type":"way","name":"สวนสาธารณะบึงคำพร้อย ปทุมธานี","name_en":null,"class":"garden","classes_all":["garden"],"tags":{"garden:type":"community","leisure":"garden","name":"สวนสาธารณะบึงคำพร้อย ปทุมธานี"},"area_m2":39531.7,"size_band":"medium","district":"อำเภอลำลูกกา","district_en":"Lam Luk Ka District","district_osm_id":2913007,"province":"จังหวัดปทุมธานี","province_iso":"TH-13","multi_district":false,"reason_excluded":null,"reasons_all":[],"flags":[],"related_ids":{},"poi_inside":[],"opening_hours":null,"verification_mode":"continuous_gps","floor_level":null,"rep_point":[100.720954,13.960495]},"geometry":{"type":"MultiPolygon","coordinates":[[[[100.719729,13.959822],[100.722148,13.959795],[100.722155,13.961168],[100.720885,13.961168],[100.720882,13.961222],[100.719785,13.961204],[100.719729,13.959822]]]]}},
{"type":"Feature","id":"osm-w1441991429","properties":{"id":"osm-w1441991429","osm_id":1441991429,"osm_type":"way","name":"ตลาดปากซอย(หทัยราษฎร์)","name_en":null,"class":"marketplace","classes_all":["marketplace"],"tags":{"amenity":"marketplace","name":"ตลาดปากซอย(หทัยราษฎร์)"},"area_m2":15574.8,"size_band":"medium","district":"เขตมีนบุรี","district_en":"Min Buri District","district_osm_id":3146413,"province":"กรุงเทพมหานคร","province_iso":"TH-10","multi_district":false,"reason_excluded":null,"reasons_all":[],"flags":[],"related_ids":{},"poi_inside":[],"opening_hours":null,"verification_mode":"continuous_gps","floor_level":null,"rep_point":[100.720842,13.817442]},"geometry":{"type":"MultiPolygon","coordinates":[[[[100.720057,13.818525],[100.721264,13.815991],[100.721606,13.816358],[100.720553,13.818668],[100.720057,13.818525]]]]}},
{"type":"Feature","id":"osm-w1444676512","properties":{"id":"osm-w1444676512","osm_id":1444676512,"osm_type":"way","name":null,"name_en":null,"class":"garden","classes_all":["garden"],"tags":{"access":"yes","garden:type":"street_side","leisure":"garden"},"area_m2":11675.0,"size_band":"medium","district":"เขตบางซื่อ","district_en":"Bang Sue District","district_osm_id":1639285,"province":"กรุงเทพมหานคร","province_iso":"TH-10","multi_district":false,"reason_excluded":null,"reasons_all":[],"flags":[],"related_ids":{},"poi_inside":[],"opening_hours":null,"verification_mode":"continuous_gps","floor_level":null,"rep_point":[100.542526,13.844919]},"geometry":{"type":"MultiPolygon","coordinates":[[[[100.541308,13.839994],[100.541331,13.839964],[100.541358,13.839952],[100.541418,13.839982],[100.541585,13.840693],[100.543493,13.848796],[100.543494,13.848809],[100.543393,13.848831],[100.543372,13.84882],[100.54305,13.847411],[100.541894,13.842428],[100.541618,13.841301],[100.541308,13.839994]]]]}},
{"type":"Feature","id":"osm-w1444687129","properties":{"id":"osm-w1444687129","osm_id":1444687129,"osm_type":"way","name":null,"name_en":null,"class":"garden","classes_all":["garden"],"tags":{"access":"yes","garden:type":"street_side","leisure":"garden"},"area_m2":11130.3,"size_band":"medium","district":"เขตบางซื่อ","district_en":"Bang Sue District","district_osm_id":1639285,"province":"กรุงเทพมหานคร","province_iso":"TH-10","multi_district":false,"reason_excluded":null,"reasons_all":[],"flags":[],"related_ids":{},"poi_inside":[],"opening_hours":null,"verification_mode":"continuous_gps","floor_level":null,"rep_point":[100.540648,13.836938]},"geometry":{"type":"MultiPolygon","coordinates":[[[[100.539258,13.831181],[100.53934,13.83116],[100.541367,13.839769],[100.541288,13.839776],[100.54126,13.83975],[100.539932,13.834127],[100.539579,13.83272],[100.539263,13.83125],[100.539258,13.831181]]]]}},
{"type":"Feature","id":"osm-w1444930242","properties":{"id":"osm-w1444930242","osm_id":1444930242,"osm_type":"way","name":"อมรพันธ์","name_en":"Amon Phan","class":"marketplace","classes_all":["marketplace"],"tags":{"amenity":"marketplace","name":"อมรพันธ์","name:en":"Amon Phan","name:th":"อมรพันธ์"},"area_m2":26420.7,"size_band":"medium","district":"เขตจตุจักร","district_en":"Chatuchak District","district_osm_id":1639286,"province":"กรุงเทพมหานคร","province_iso":"TH-10","multi_district":false,"reason_excluded":null,"reasons_all":[],"flags":[],"related_ids":{"blockers":{"government":{"ids":["osm-r5972129","osm-w1444930251"],"share":0.0}}},"poi_inside":[],"opening_hours":null,"verification_mode":"continuous_gps","floor_level":null,"rep_point":[100.574102,13.839464]},"geometry":{"type":"MultiPolygon","coordinates":[[[[100.572556,13.839966],[100.572575,13.839848],[100.572765,13.839769],[100.572939,13.839652],[100.572873,13.839149],[100.572785,13.838982],[100.572794,13.838827],[100.572843,13.838834],[100.57299,13.838857],[100.573111,13.838881],[100.57455,13.839164],[100.574942,13.839262],[100.575156,13.839286],[100.575253,13.839385],[100.575326,13.839544],[100.575337,13.839594],[100.575293,13.839649],[100.574943,13.839838],[100.574501,13.840084],[100.573397,13.839869],[100.573379,13.839866],[100.573303,13.839868],[100.573221,13.839911],[100.57305,13.84003],[100.572734,13.84025],[100.572635,13.84012],[100.572556,13.839966]]]]}},
{"type":"Feature","id":"osm-w1445095840","properties":{"id":"osm-w1445095840","osm_id":1445095840,"osm_type":"way","name":"โคลัมเบีย","name_en":"Columbia","class":"marketplace","classes_all":["marketplace"],"tags":{"amenity":"marketplace","name":"โคลัมเบีย","name:en":"Columbia","name:th":"โคลัมเบีย"},"area_m2":22176.7,"size_band":"medium","district":"เขตจตุจักร","district_en":"Chatuchak District","district_osm_id":1639286,"province":"กรุงเทพมหานคร","province_iso":"TH-10","multi_district":false,"reason_excluded":null,"reasons_all":[],"flags":[],"related_ids":{},"poi_inside":[],"opening_hours":null,"verification_mode":"continuous_gps","floor_level":null,"rep_point":[100.570941,13.833661]},"geometry":{"type":"MultiPolygon","coordinates":[[[[100.569985,13.834133],[100.570049,13.833283],[100.570316,13.833308],[100.570729,13.83335],[100.570823,13.83336],[100.571546,13.833146],[100.572045,13.833962],[100.571037,13.83449],[100.570233,13.834195],[100.570221,13.834218],[100.569985,13.834133]]]]}},
{"type":"Feature","id":"osm-w1448269862","properties":{"id":"osm-w1448269862","osm_id":1448269862,"osm_type":"way","name":"สวนบวรประชานันท์","name_en":null,"class":"park","classes_all":["park"],"tags":{"leisure":"park","name":"สวนบวรประชานันท์","name:th":"สวนบวรประชานันท์"},"area_m2":8767.8,"size_band":"small","district":"เขตบางขุนเทียน","district_en":"Bang Khun Thian District","district_osm_id":3147313,"province":"กรุงเทพมหานคร","province_iso":"TH-10","multi_district":false,"reason_excluded":null,"reasons_all":[],"flags":[],"related_ids":{},"poi_inside":[],"opening_hours":null,"verification_mode":"continuous_gps","floor_level":null,"rep_point":[100.449688,13.624764]},"geometry":{"type":"MultiPolygon","coordinates":[[[[100.449335,13.625484],[100.449347,13.625262],[100.449425,13.62509],[100.449545,13.625021],[100.449703,13.624423],[100.449702,13.624351],[100.44964,13.624303],[100.449674,13.62428],[100.449666,13.624243],[100.449622,13.62422],[100.449795,13.623774],[100.44987,13.623789],[100.449999,13.623866],[100.450464,13.62405],[100.45071,13.624174],[100.450601,13.624635],[100.449832,13.624354],[100.449808,13.624343],[100.449799,13.624609],[100.449734,13.624893],[100.449686,13.625013],[100.449508,13.625563],[100.449416,13.62555],[100.449335,13.625484]]]]}},
{"type":"Feature","id":"osm-w1450425154","properties":{"id":"osm-w1450425154","osm_id":1450425154,"osm_type":"way","name":null,"name_en":null,"class":"garden","classes_all":["garden"],"tags":{"leisure":"garden"},"area_m2":4299.3,"size_band":"small","district":"เขตบางขุนเทียน","district_en":"Bang Khun Thian District","district_osm_id":3147313,"province":"กรุงเทพมหานคร","province_iso":"TH-10","multi_district":false,"reason_excluded":null,"reasons_all":[],"flags":[],"related_ids":{},"poi_inside":[],"opening_hours":null,"verification_mode":"continuous_gps","floor_level":null,"rep_point":[100.386392,13.622608]},"geometry":{"type":"MultiPolygon","coordinates":[[[[100.386079,13.622316],[100.386681,13.62231],[100.386712,13.622905],[100.386097,13.6229],[100.386079,13.622316]]]]}},
{"type":"Feature","id":"osm-w1451716817","properties":{"id":"osm-w1451716817","osm_id":1451716817,"osm_type":"way","name":null,"name_en":null,"class":"historic","classes_all":["historic"],"tags":{"building":"yes","castle_type":"palace","historic":"castle"},"area_m2":3244.4,"size_band":"small","district":"เขตดุสิต","district_en":"Dusit District","district_osm_id":92069,"province":"กรุงเทพมหานคร","province_iso":"TH-10","multi_district":false,"reason_excluded":null,"reasons_all":[],"flags":["review_required"],"related_ids":{"review_parent":"osm-r12822616","review_reasons":["inside_review_parent"]},"poi_inside":[],"opening_hours":null,"verification_mode":"continuous_gps","floor_level":null,"rep_point":[100.514072,13.772887]},"geometry":{"type":"MultiPolygon","coordinates":[[[[100.51335,13.772879],[100.51336,13.772842],[100.513381,13.772833],[100.513376,13.772823],[100.513542,13.772749],[100.513532,13.772726],[100.513644,13.772676],[100.51366,13.772694],[100.513796,13.77263],[100.513786,13.772611],[100.513838,13.772586],[100.513854,13.772618],[100.513868,13.772611],[100.513854,13.772584],[100.513984,13.772523],[100.513991,13.772537],[100.514018,13.772524],[100.514046,13.772542],[100.514099,13.772647],[100.514088,13.772678],[100.514122,13.772666],[100.514158,13.772741],[100.514222,13.772895],[100.514243,13.772932],[100.514272,13.773003],[100.514286,13.773036],[100.51427,13.773042],[100.514304,13.77311],[100.51429,13.773116],[100.514307,13.77315],[100.514288,13.77316],[100.514266,13.773211],[100.514214,13.773235],[100.514168,13.773214],[100.514142,13.773225],[100.514129,13.773198],[100.51411,13.773206],[100.514092,13.773169],[100.514069,13.773179],[100.514025,13.773087],[100.514002,13.773098],[100.513965,13.773114],[100.51391,13.773001],[100.513953,13.772981],[100.513967,13.772975],[100.513921,13.772878],[100.513943,13.772868],[100.513924,13.772828],[100.513941,13.772821],[100.513927,13.772793],[100.513956,13.772779],[100.513926,13.772717],[100.513901,13.772729],[100.513916,13.77276],[100.513749,13.772836],[100.513441,13.772977],[100.513428,13.77295],[100.513382,13.772941],[100.51335,13.772879]]]]}},
{"type":"Feature","id":"osm-w1453809381","properties":{"id":"osm-w1453809381","osm_id":1453809381,"osm_type":"way","name":null,"name_en":null,"class":"pitch","classes_all":["pitch"],"tags":{"leisure":"pitch","sport":"soccer"},"area_m2":7310.7,"size_band":"small","district":"อำเภอเมืองสมุทรสาคร","district_en":"Mueang Samut Sakhon District","district_osm_id":18935071,"province":"จังหวัดสมุทรสาคร","province_iso":"TH-74","multi_district":false,"reason_excluded":null,"reasons_all":[],"flags":[],"related_ids":{},"poi_inside":[],"opening_hours":null,"verification_mode":"continuous_gps","floor_level":null,"rep_point":[100.264043,13.546892]},"geometry":{"type":"MultiPolygon","coordinates":[[[[100.263643,13.547316],[100.263832,13.546354],[100.264443,13.546468],[100.264254,13.547433],[100.263643,13.547316]]]]}},
{"type":"Feature","id":"osm-w145573677","properties":{"id":"osm-w145573677","osm_id":145573677,"osm_type":"way","name":null,"name_en":null,"class":"pitch","classes_all":["pitch"],"tags":{"leisure":"pitch"},"area_m2":16656.5,"size_band":"medium","district":"เขตปทุมวัน","district_en":"Pathum Wan District","district_osm_id":92063,"province":"กรุงเทพมหานคร","province_iso":"TH-10","multi_district":false,"reason_excluded":null,"reasons_all":[],"flags":[],"related_ids":{},"poi_inside":[],"opening_hours":null,"verification_mode":"continuous_gps","floor_level":null,"rep_point":[100.549314,13.730215]},"geometry":{"type":"MultiPolygon","coordinates":[[[[100.548666,13.730663],[100.548707,13.729753],[100.548743,13.729683],[100.548783,13.729649],[100.548864,13.729641],[100.54977,13.729662],[100.549902,13.729704],[100.549962,13.729767],[100.549921,13.730713],[100.549836,13.730809],[100.549182,13.730791],[100.549114,13.730738],[100.548691,13.730714],[100.548666,13.730663]]]]}},
{"type":"Feature","id":"osm-w1458423155","properties":{"id":"osm-w1458423155","osm_id":1458423155,"osm_type":"way","name":"สวนบึงน้ำลาดพร้าว 71","name_en":null,"class":"park","classes_all":["park"],"tags":{"leisure":"park","name":"สวนบึงน้ำลาดพร้าว 71","name:th":"สวนบึงน้ำลาดพร้าว 71"},"area_m2":33410.3,"size_band":"medium","district":"เขตลาดพร้าว","district_en":"Lat Phrao District","district_osm_id":2938034,"province":"กรุงเทพมหานคร","province_iso":"TH-10","multi_district":false,"reason_excluded":null,"reasons_all":[],"flags":[],"related_ids":{},"poi_inside":[],"opening_hours":null,"verification_mode":"continuous_gps","floor_level":null,"rep_point":[100.612102,13.817757]},"geometry":{"type":"MultiPolygon","coordinates":[[[[100.611545,13.816619],[100.61256,13.816615],[100.612614,13.818895],[100.61258,13.819462],[100.612443,13.81946],[100.612446,13.81958],[100.611899,13.819595],[100.611884,13.819526],[100.611728,13.819521],[100.611545,13.816619]]]]}},
{"type":"Feature","id":"osm-w1460284242","properties":{"id":"osm-w1460284242","osm_id":1460284242,"osm_type":"way","name":"ตลาดชัชวาลคลอง7","name_en":null,"class":"marketplace","classes_all":["marketplace"],"tags":{"amenity":"marketplace","name":"ตลาดชัชวาลคลอง7"},"area_m2":32187.3,"size_band":"medium","district":"อำเภอลำลูกกา","district_en":"Lam Luk Ka District","district_osm_id":2913007,"province":"จังหวัดปทุมธานี","province_iso":"TH-13","multi_district":false,"reason_excluded":null,"reasons_all":[],"flags":["contains_religious_feature"],"related_ids":{"blockers":{"religious":{"ids":["osm-w1441990307"],"share":0.0003}},"religious_blockers":["osm-w1441990307"]},"poi_inside":[],"opening_hours":null,"verification_mode":"continuous_gps","floor_level":null,"rep_point":[100.747858,13.964585]},"geometry":{"type":"MultiPolygon","coordinates":[[[[100.746647,13.964072],[100.749127,13.964076],[100.748995,13.965217],[100.747487,13.965095],[100.747499,13.965249],[100.74665,13.965245],[100.746647,13.964072]]]]}},
{"type":"Feature","id":"osm-w1460537941","properties":{"id":"osm-w1460537941","osm_id":1460537941,"osm_type":"way","name":null,"name_en":null,"class":"park","classes_all":["park"],"tags":{"leisure":"park"},"area_m2":10867.3,"size_band":"medium","district":"อำเภอสามพราน","district_en":"Sam Phran District","district_osm_id":18931634,"province":"จังหวัดนครปฐม","province_iso":"TH-73","multi_district":false,"reason_excluded":null,"reasons_all":[],"flags":[],"related_ids":{},"poi_inside":[],"opening_hours":null,"verification_mode":"continuous_gps","floor_level":null,"rep_point":[100.252685,13.718175]},"geometry":{"type":"MultiPolygon","coordinates":[[[[100.252017,13.718163],[100.252106,13.718087],[100.252183,13.718069],[100.252283,13.718064],[100.252186,13.71803],[100.252323,13.717965],[100.25239,13.717834],[100.252417,13.71778],[100.252494,13.717714],[100.252622,13.71762],[100.252707,13.71767],[100.252782,13.717751],[100.252876,13.71782],[100.252945,13.717892],[100.252996,13.717907],[100.253057,13.71781],[100.253157,13.717873],[100.253178,13.717983],[100.25313,13.718019],[100.253133,13.718072],[100.253254,13.718105],[100.253361,13.718187],[100.253514,13.718217],[100.253447,13.718361],[100.253133,13.718442],[100.252937,13.718543],[100.252782,13.718712],[100.252634,13.718744],[100.25246,13.718718],[100.252344,13.71865],[100.25217,13.718621],[100.25217,13.718462],[100.252224,13.718392],[100.252213,13.718319],[100.252103,13.718288],[100.252017,13.718163]]]]}},
{"type":"Feature","id":"osm-w1460537942","properties":{"id":"osm-w1460537942","osm_id":1460537942,"osm_type":"way","name":null,"name_en":null,"class":"park","classes_all":["park"],"tags":{"leisure":"park"},"area_m2":18242.3,"size_band":"medium","district":"อำเภอสามพราน","district_en":"Sam Phran District","district_osm_id":18931634,"province":"จังหวัดนครปฐม","province_iso":"TH-73","multi_district":false,"reason_excluded":null,"reasons_all":[],"flags":[],"related_ids":{},"poi_inside":[],"opening_hours":null,"verification_mode":"continuous_gps","floor_level":null,"rep_point":[100.253716,13.717751]},"geometry":{"type":"MultiPolygon","coordinates":[[[[100.251666,13.717962],[100.251718,13.717878],[100.251853,13.717803],[100.251894,13.717696],[100.252033,13.717579],[100.252167,13.717509],[100.252418,13.717346],[100.252509,13.717277],[100.252711,13.717123],[100.252993,13.71693],[100.253149,13.716818],[100.25319,13.716758],[100.253256,13.716795],[100.253492,13.71695],[100.253618,13.717102],[100.253991,13.717438],[100.254265,13.717691],[100.254562,13.717931],[100.254774,13.718147],[100.254989,13.718348],[100.254954,13.718494],[100.254796,13.718642],[100.254656,13.718741],[100.254584,13.718614],[100.254694,13.718457],[100.254495,13.718309],[100.254281,13.718108],[100.254166,13.718066],[100.254045,13.718212],[100.254082,13.717991],[100.25412,13.71792],[100.254074,13.717829],[100.254015,13.717825],[100.253846,13.717946],[100.253777,13.717959],[100.253726,13.717918],[100.253734,13.717816],[100.253648,13.71776],[100.25361,13.717761],[100.253535,13.717824],[100.253479,13.717939],[100.25338,13.718038],[100.253178,13.717983],[100.253157,13.717873],[100.253057,13.71781],[100.253098,13.717743],[100.253095,13.717589],[100.253114,13.717438],[100.252934,13.717475],[100.252827,13.717498],[100.252835,13.717574],[100.252934,13.717702],[100.252929,13.717735],[100.252886,13.717735],[100.252744,13.717626],[100.252701,13.717553],[100.252736,13.717454],[100.252814,13.717399],[100.25291,13.717376],[100.25301,13.717376],[100.253031,13.717305],[100.253122,13.717272],[100.253216,13.717261],[100.253321,13.717188],[100.253527,13.717219],[100.253616,13.717206],[100.253544,13.717124],[100.253468,13.717068],[100.253382,13.716985],[100.253331,13.716933],[100.253213,13.716907],[100.253122,13.716954],[100.253071,13.71706],[100.253044,13.717193],[100.252971,13.717208],[100.252819,13.717258],[100.252658,13.717287],[100.252607,13.717329],[100.252546,13.717548],[100.252622,13.71762],[100.252494,13.717714],[100.252422,13.717623],[100.252358,13.717712],[100.252318,13.717777],[100.252245,13.717795],[100.25214,13.717761],[100.252028,13.71784],[100.252009,13.717894],[100.252025,13.717907],[100.25202,13.717967],[100.251896,13.718051],[100.251824,13.718056],[100.251754,13.717983],[100.251666,13.717962]]]]}},
{"type":"Feature","id":"osm-w1463171513","properties":{"id":"osm-w1463171513","osm_id":1463171513,"osm_type":"way","name":"ตลาดคลองสี่เมืองใหม่","name_en":null,"class":"marketplace","classes_all":["marketplace"],"tags":{"amenity":"marketplace","name":"ตลาดคลองสี่เมืองใหม่"},"area_m2":7854.1,"size_band":"small","district":"อำเภอคลองหลวง","district_en":"Khlong Luang District","district_osm_id":2913006,"province":"จังหวัดปทุมธานี","province_iso":"TH-13","multi_district":false,"reason_excluded":null,"reasons_all":[],"flags":[],"related_ids":{},"poi_inside":[],"opening_hours":null,"verification_mode":"continuous_gps","floor_level":null,"rep_point":[100.68851,14.017993]},"geometry":{"type":"MultiPolygon","coordinates":[[[[100.6882,14.017462],[100.688819,14.017462],[100.688819,14.018523],[100.6882,14.018523],[100.6882,14.017462]]]]}},
{"type":"Feature","id":"osm-w1464306026","properties":{"id":"osm-w1464306026","osm_id":1464306026,"osm_type":"way","name":"ตลาดบางกะปิ","name_en":"Bangkapi Market","class":"marketplace","classes_all":["marketplace"],"tags":{"amenity":"marketplace","name":"ตลาดบางกะปิ","name:en":"Bangkapi Market","name:th":"ตลาดบางกะปิ"},"area_m2":5035.3,"size_band":"small","district":"เขตบางกะปิ","district_en":"Bang Kapi District","district_osm_id":2939952,"province":"กรุงเทพมหานคร","province_iso":"TH-10","multi_district":false,"reason_excluded":null,"reasons_all":[],"flags":[],"related_ids":{},"poi_inside":[],"opening_hours":null,"verification_mode":"continuous_gps","floor_level":null,"rep_point":[100.645817,13.766913]},"geometry":{"type":"MultiPolygon","coordinates":[[[[100.645578,13.767553],[100.645742,13.766237],[100.646057,13.766274],[100.645893,13.76759],[100.645578,13.767553]]]]}},
{"type":"Feature","id":"osm-w1464314061","properties":{"id":"osm-w1464314061","osm_id":1464314061,"osm_type":"way","name":null,"name_en":null,"class":"garden","classes_all":["garden"],"tags":{"leisure":"garden"},"area_m2":16425.4,"size_band":"medium","district":"เขตหลักสี่","district_en":"Lak Si District","district_osm_id":1639288,"province":"กรุงเทพมหานคร","province_iso":"TH-10","multi_district":false,"reason_excluded":null,"reasons_all":[],"flags":[],"related_ids":{},"poi_inside":[],"opening_hours":null,"verification_mode":"continuous_gps","floor_level":null,"rep_point":[100.566701,13.880816]},"geometry":{"type":"MultiPolygon","coordinates":[[[[100.565935,13.880742],[100.566151,13.880349],[100.566181,13.880313],[100.566218,13.880294],[100.566285,13.880278],[100.56633,13.880286],[100.566372,13.88031],[100.566397,13.880357],[100.56647,13.880582],[100.566525,13.880655],[100.566602,13.880684],[100.566649,13.880686],[100.566702,13.880673],[100.566742,13.880645],[100.566773,13.880592],[100.566785,13.880501],[100.566697,13.880167],[100.566662,13.880034],[100.566671,13.880016],[100.566693,13.880007],[100.566862,13.880013],[100.567068,13.880075],[100.567224,13.880186],[100.567324,13.880329],[100.567378,13.880456],[100.567454,13.880744],[100.567435,13.880874],[100.567376,13.880996],[100.567295,13.881122],[100.567151,13.881251],[100.56709,13.881282],[100.567037,13.881286],[100.567006,13.881263],[100.566937,13.88103],[100.566905,13.881006],[100.566862,13.880992],[100.566805,13.881],[100.56674,13.881016],[100.566691,13.88104],[100.566663,13.881069],[100.566647,13.881115],[100.56676,13.881501],[100.566754,13.881531],[100.566726,13.881557],[100.566685,13.881572],[100.566596,13.881594],[100.566535,13.881582],[100.566143,13.881387],[100.566134,13.881361],[100.565941,13.880758],[100.565935,13.880742]]]]}},
{"type":"Feature","id":"osm-w1464314062","properties":{"id":"osm-w1464314062","osm_id":1464314062,"osm_type":"way","name":null,"name_en":null,"class":"park","classes_all":["park"],"tags":{"leisure":"park"},"area_m2":25989.7,"size_band":"medium","district":"เขตหลักสี่","district_en":"Lak Si District","district_osm_id":1639288,"province":"กรุงเทพมหานคร","province_iso":"TH-10","multi_district":false,"reason_excluded":null,"reasons_all":[],"flags":["contains_religious_feature"],"related_ids":{"blockers":{"religious":{"ids":["osm-n13433909648"],"share":0.0121}},"religious_blockers":["osm-n13433909648"]},"poi_inside":[],"opening_hours":null,"verification_mode":"continuous_gps","floor_level":null,"rep_point":[100.566613,13.882592]},"geometry":{"type":"MultiPolygon","coordinates":[[[[100.565803,13.882683],[100.5664,13.8825],[100.566218,13.881906],[100.566177,13.881916],[100.566016,13.881434],[100.566063,13.881458],[100.566839,13.881843],[100.566903,13.881875],[100.567419,13.883547],[100.567394,13.883623],[100.56633,13.883918],[100.566274,13.883893],[100.566,13.882982],[100.565901,13.883009],[100.565803,13.882683]]]]}},
{"type":"Feature","id":"osm-w1464553445","properties":{"id":"osm-w1464553445","osm_id":1464553445,"osm_type":"way","name":null,"name_en":null,"class":"garden","classes_all":["garden"],"tags":{"garden:type":"street_side","leisure":"garden"},"area_m2":9576.4,"size_band":"small","district":"เขตหลักสี่","district_en":"Lak Si District","district_osm_id":1639288,"province":"กรุงเทพมหานคร","province_iso":"TH-10","multi_district":false,"reason_excluded":null,"reasons_all":[],"flags":[],"related_ids":{},"poi_inside":[],"opening_hours":null,"verification_mode":"continuous_gps","floor_level":null,"rep_point":[100.567612,13.882838]},"geometry":{"type":"MultiPolygon","coordinates":[[[[100.567191,13.881829],[100.567603,13.881701],[100.567833,13.88249],[100.567812,13.882524],[100.567645,13.882577],[100.567797,13.883099],[100.567814,13.883124],[100.567994,13.883138],[100.568024,13.883156],[100.568081,13.883332],[100.568081,13.88343],[100.568068,13.884135],[100.568014,13.884173],[100.567974,13.884177],[100.567945,13.884169],[100.567907,13.884148],[100.567191,13.881829]]]]}},
{"type":"Feature","id":"osm-w1465524852","properties":{"id":"osm-w1465524852","osm_id":1465524852,"osm_type":"way","name":"ตลาดเอสทีเพิ่มสิน","name_en":"ST Phoemsin Market","class":"marketplace","classes_all":["marketplace"],"tags":{"amenity":"marketplace","name":"ตลาดเอสทีเพิ่มสิน","name:en":"ST Phoemsin Market","name:th":"ตลาดเอสทีเพิ่มสิน"},"area_m2":23387.2,"size_band":"medium","district":"เขตสายไหม","district_en":"Sai Mai District","district_osm_id":2938035,"province":"กรุงเทพมหานคร","province_iso":"TH-10","multi_district":false,"reason_excluded":null,"reasons_all":[],"flags":[],"related_ids":{},"poi_inside":[],"opening_hours":null,"verification_mode":"continuous_gps","floor_level":null,"rep_point":[100.635726,13.902046]},"geometry":{"type":"MultiPolygon","coordinates":[[[[100.63513,13.902714],[100.635502,13.901378],[100.635683,13.900267],[100.636434,13.900332],[100.636,13.902821],[100.63513,13.902714]]]]}},
{"type":"Feature","id":"osm-w1466079217","properties":{"id":"osm-w1466079217","osm_id":1466079217,"osm_type":"way","name":null,"name_en":null,"class":"park","classes_all":["park"],"tags":{"leisure":"park"},"area_m2":3400.9,"size_band":"small","district":"เขตหลักสี่","district_en":"Lak Si District","district_osm_id":1639288,"province":"กรุงเทพมหานคร","province_iso":"TH-10","multi_district":false,"reason_excluded":null,"reasons_all":[],"flags":[],"related_ids":{},"poi_inside":[],"opening_hours":null,"verification_mode":"continuous_gps","floor_level":null,"rep_point":[100.564393,13.873216]},"geometry":{"type":"MultiPolygon","coordinates":[[[[100.564104,13.872916],[100.564577,13.872805],[100.564668,13.873106],[100.564694,13.873326],[100.564105,13.87342],[100.564104,13.872916]]]]}},
{"type":"Feature","id":"osm-w1466272993","properties":{"id":"osm-w1466272993","osm_id":1466272993,"osm_type":"way","name":null,"name_en":null,"class":"garden","classes_all":["garden"],"tags":{"leisure":"garden"},"area_m2":6426.3,"size_band":"small","district":"เขตหลักสี่","district_en":"Lak Si District","district_osm_id":1639288,"province":"กรุงเทพมหานคร","province_iso":"TH-10","multi_district":false,"reason_excluded":null,"reasons_all":[],"flags":[],"related_ids":{},"poi_inside":[],"opening_hours":null,"verification_mode":"continuous_gps","floor_level":null,"rep_point":[100.564918,13.890833]},"geometry":{"type":"MultiPolygon","coordinates":[[[[100.564522,13.891193],[100.56453,13.891017],[100.564538,13.890922],[100.564576,13.890768],[100.564613,13.890698],[100.564714,13.890563],[100.564757,13.890498],[100.564877,13.890409],[100.564931,13.890368],[100.565112,13.890282],[100.565301,13.890809],[100.56527,13.890821],[100.56528,13.890844],[100.565232,13.890866],[100.565251,13.890897],[100.565229,13.890922],[100.565218,13.890946],[100.565206,13.890986],[100.565204,13.891019],[100.56502,13.891085],[100.565014,13.891132],[100.565013,13.891166],[100.565018,13.89121],[100.565034,13.89125],[100.564625,13.891386],[100.564595,13.891381],[100.564576,13.891366],[100.564546,13.891296],[100.564522,13.891193]]]]}},
{"type":"Feature","id":"osm-w1466273043","properties":{"id":"osm-w1466273043","osm_id":1466273043,"osm_type":"way","name":null,"name_en":null,"class":"garden","classes_all":["garden"],"tags":{"leisure":"garden"},"area_m2":4418.9,"size_band":"small","district":"เขตหลักสี่","district_en":"Lak Si District","district_osm_id":1639288,"province":"กรุงเทพมหานคร","province_iso":"TH-10","multi_district":false,"reason_excluded":null,"reasons_all":[],"flags":[],"related_ids":{},"poi_inside":[],"opening_hours":null,"verification_mode":"continuous_gps","floor_level":null,"rep_point":[100.568132,13.88268]},"geometry":{"type":"MultiPolygon","coordinates":[[[[100.56779,13.882128],[100.567793,13.882102],[100.56782,13.882071],[100.567859,13.88209],[100.567827,13.88215],[100.568132,13.882304],[100.568195,13.882336],[100.568378,13.882854],[100.56851,13.883077],[100.5685,13.883116],[100.568481,13.88314],[100.568143,13.883247],[100.5681,13.883224],[100.567899,13.882507],[100.56779,13.882128]]]]}},
{"type":"Feature","id":"osm-w1466422166","properties":{"id":"osm-w1466422166","osm_id":1466422166,"osm_type":"way","name":null,"name_en":null,"class":"pitch","classes_all":["pitch"],"tags":{"access":"unknown","leisure":"pitch","sport":"field_hockey"},"area_m2":7399.0,"size_band":"small","district":"เขตดอนเมือง","district_en":"Don Mueang District","district_osm_id":1639287,"province":"กรุงเทพมหานคร","province_iso":"TH-10","multi_district":false,"reason_excluded":null,"reasons_all":[],"flags":[],"related_ids":{},"poi_inside":[],"opening_hours":null,"verification_mode":"continuous_gps","floor_level":null,"rep_point":[100.585167,13.940152]},"geometry":{"type":"MultiPolygon","coordinates":[[[[100.584728,13.939777],[100.585367,13.939618],[100.585606,13.940528],[100.584967,13.940686],[100.584728,13.939777]]]]}},
{"type":"Feature","id":"osm-w1466422167","properties":{"id":"osm-w1466422167","osm_id":1466422167,"osm_type":"way","name":null,"name_en":null,"class":"pitch","classes_all":["pitch"],"tags":{"leisure":"pitch","sport":"soccer"},"area_m2":6668.1,"size_band":"small","district":"เขตดอนเมือง","district_en":"Don Mueang District","district_osm_id":1639287,"province":"กรุงเทพมหานคร","province_iso":"TH-10","multi_district":false,"reason_excluded":null,"reasons_all":[],"flags":[],"related_ids":{},"poi_inside":[],"opening_hours":null,"verification_mode":"continuous_gps","floor_level":null,"rep_point":[100.585846,13.939882]},"geometry":{"type":"MultiPolygon","coordinates":[[[[100.585391,13.939606],[100.586107,13.939426],[100.586302,13.940157],[100.585586,13.940337],[100.585391,13.939606]]]]}},
{"type":"Feature","id":"osm-w1466422192","properties":{"id":"osm-w1466422192","osm_id":1466422192,"osm_type":"way","name":null,"name_en":null,"class":"park","classes_all":["park"],"tags":{"leisure":"park"},"area_m2":5413.6,"size_band":"small","district":"เขตดอนเมือง","district_en":"Don Mueang District","district_osm_id":1639287,"province":"กรุงเทพมหานคร","province_iso":"TH-10","multi_district":false,"reason_excluded":null,"reasons_all":[],"flags":[],"related_ids":{},"poi_inside":[],"opening_hours":null,"verification_mode":"continuous_gps","floor_level":null,"rep_point":[100.58031,13.941663]},"geometry":{"type":"MultiPolygon","coordinates":[[[[100.579788,13.94148],[100.580202,13.941375],[100.580209,13.9414],[100.580523,13.941321],[100.580581,13.941538],[100.580699,13.941509],[100.580726,13.941511],[100.580746,13.941526],[100.580816,13.941788],[100.57993,13.942011],[100.579788,13.94148]]]]}},
{"type":"Feature","id":"osm-w1467500254","properties":{"id":"osm-w1467500254","osm_id":1467500254,"osm_type":"way","name":null,"name_en":null,"class":"garden","classes_all":["garden"],"tags":{"leisure":"garden"},"area_m2":6116.9,"size_band":"small","district":"อำเภอธัญบุรี","district_en":"Thanyaburi District","district_osm_id":2913012,"province":"จังหวัดปทุมธานี","province_iso":"TH-13","multi_district":false,"reason_excluded":null,"reasons_all":[],"flags":[],"related_ids":{},"poi_inside":[],"opening_hours":null,"verification_mode":"continuous_gps","floor_level":null,"rep_point":[100.734356,14.020539]},"geometry":{"type":"MultiPolygon","coordinates":[[[[100.733865,14.020641],[100.734056,14.020132],[100.734122,14.020118],[100.734837,14.020401],[100.734849,14.020436],[100.73464,14.020959],[100.734596,14.020971],[100.733892,14.020673],[100.733865,14.020641]]]]}},
{"type":"Feature","id":"osm-w1471557069","properties":{"id":"osm-w1471557069","osm_id":1471557069,"osm_type":"way","name":"ตลาดออเงิน","name_en":"Or Ngern Market","class":"marketplace","classes_all":["marketplace"],"tags":{"amenity":"marketplace","landuse":"retail","name":"ตลาดออเงิน","name:en":"Or Ngern Market","name:th":"ตลาดออเงิน"},"area_m2":38666.0,"size_band":"medium","district":"เขตสายไหม","district_en":"Sai Mai District","district_osm_id":2938035,"province":"กรุงเทพมหานคร","province_iso":"TH-10","multi_district":false,"reason_excluded":null,"reasons_all":[],"flags":[],"related_ids":{},"poi_inside":[],"opening_hours":null,"verification_mode":"continuous_gps","floor_level":null,"rep_point":[100.659596,13.896452]},"geometry":{"type":"MultiPolygon","coordinates":[[[[100.658277,13.89694],[100.658372,13.896639],[100.65848,13.896264],[100.658651,13.895843],[100.65867,13.895655],[100.659069,13.89571],[100.659893,13.89577],[100.660399,13.895808],[100.661272,13.89734],[100.658945,13.897029],[100.658277,13.89694]]]]}},
{"type":"Feature","id":"osm-w1471743141","properties":{"id":"osm-w1471743141","osm_id":1471743141,"osm_type":"way","name":null,"name_en":null,"class":"park","classes_all":["park"],"tags":{"leisure":"park"},"area_m2":10638.8,"size_band":"medium","district":"เขตหลักสี่","district_en":"Lak Si District","district_osm_id":1639288,"province":"กรุงเทพมหานคร","province_iso":"TH-10","multi_district":false,"reason_excluded":null,"reasons_all":[],"flags":[],"related_ids":{},"poi_inside":[],"opening_hours":null,"verification_mode":"continuous_gps","floor_level":null,"rep_point":[100.573283,13.877059]},"geometry":{"type":"MultiPolygon","coordinates":[[[[100.572945,13.876411],[100.573327,13.876403],[100.573328,13.876619],[100.573904,13.877498],[100.573946,13.877626],[100.573946,13.877724],[100.572957,13.877731],[100.572945,13.876411]]]]}},
{"type":"Feature","id":"osm-w1472949987","properties":{"id":"osm-w1472949987","osm_id":1472949987,"osm_type":"way","name":null,"name_en":null,"class":"park","classes_all":["park"],"tags":{"leisure":"park"},"area_m2":3605.6,"size_band":"small","district":"อำเภอพุทธมณฑล","district_en":"Phutthamonthon District","district_osm_id":18931587,"province":"จังหวัดนครปฐม","province_iso":"TH-73","multi_district":false,"reason_excluded":null,"reasons_all":[],"flags":[],"related_ids":{},"poi_inside":[],"opening_hours":null,"verification_mode":"continuous_gps","floor_level":null,"rep_point":[100.260003,13.826879]},"geometry":{"type":"MultiPolygon","coordinates":[[[[100.259674,13.827107],[100.259678,13.826638],[100.260331,13.826652],[100.26033,13.827105],[100.259674,13.827107]]]]}},
{"type":"Feature","id":"osm-w1474041260","properties":{"id":"osm-w1474041260","osm_id":1474041260,"osm_type":"way","name":null,"name_en":null,"class":"pitch","classes_all":["pitch"],"tags":{"leisure":"pitch","sport":"soccer"},"area_m2":7067.2,"size_band":"small","district":"เขตบึงกุ่ม","district_en":"Bueng Kum District","district_osm_id":2946805,"province":"กรุงเทพมหานคร","province_iso":"TH-10","multi_district":false,"reason_excluded":null,"reasons_all":[],"flags":[],"related_ids":{},"poi_inside":[],"opening_hours":null,"verification_mode":"continuous_gps","floor_level":null,"rep_point":[100.650009,13.827979]},"geometry":{"type":"MultiPolygon","coordinates":[[[[100.649637,13.828393],[100.64972,13.827506],[100.650381,13.827564],[100.650297,13.828452],[100.649637,13.828393]]]]}},
{"type":"Feature","id":"osm-w1474041261","properties":{"id":"osm-w1474041261","osm_id":1474041261,"osm_type":"way","name":null,"name_en":null,"class":"pitch","classes_all":["pitch"],"tags":{"leisure":"pitch","sport":"soccer"},"area_m2":7589.5,"size_band":"small","district":"เขตบึงกุ่ม","district_en":"Bueng Kum District","district_osm_id":2946805,"province":"กรุงเทพมหานคร","province_iso":"TH-10","multi_district":false,"reason_excluded":null,"reasons_all":[],"flags":[],"related_ids":{},"poi_inside":[],"opening_hours":null,"verification_mode":"continuous_gps","floor_level":null,"rep_point":[100.649327,13.827905]},"geometry":{"type":"MultiPolygon","coordinates":[[[[100.648914,13.828304],[100.649042,13.827409],[100.64972,13.827506],[100.649637,13.828393],[100.648914,13.828304]]]]}},
{"type":"Feature","id":"osm-w1476236810","properties":{"id":"osm-w1476236810","osm_id":1476236810,"osm_type":"way","name":null,"name_en":null,"class":"park","classes_all":["park"],"tags":{"leisure":"park"},"area_m2":11447.9,"size_band":"medium","district":"อำเภอพระประแดง","district_en":"Phra Pradaeng District","district_osm_id":11580984,"province":"จังหวัดสมุทรปราการ","province_iso":"TH-11","multi_district":false,"reason_excluded":null,"reasons_all":[],"flags":[],"related_ids":{"blockers":{"education":{"ids":["osm-w1355908387","osm-w1476236809"],"share":0.0}}},"poi_inside":[],"opening_hours":null,"verification_mode":"continuous_gps","floor_level":null,"rep_point":[100.532869,13.656978]},"geometry":{"type":"MultiPolygon","coordinates":[[[[100.532228,13.656873],[100.532388,13.656808],[100.532351,13.65666],[100.532561,13.656561],[100.532517,13.656387],[100.532805,13.656396],[100.533255,13.656452],[100.533368,13.656558],[100.533444,13.656724],[100.533559,13.656924],[100.533345,13.657032],[100.533436,13.657168],[100.533152,13.657333],[100.532782,13.657493],[100.532673,13.657351],[100.532466,13.6573],[100.532228,13.656873]]]]}},
{"type":"Feature","id":"osm-w1476250756","properties":{"id":"osm-w1476250756","osm_id":1476250756,"osm_type":"way","name":null,"name_en":null,"class":"garden","classes_all":["garden"],"tags":{"leisure":"garden"},"area_m2":5353.9,"size_band":"small","district":"อำเภอพระประแดง","district_en":"Phra Pradaeng District","district_osm_id":11580984,"province":"จังหวัดสมุทรปราการ","province_iso":"TH-11","multi_district":false,"reason_excluded":null,"reasons_all":[],"flags":[],"related_ids":{},"poi_inside":[],"opening_hours":null,"verification_mode":"continuous_gps","floor_level":null,"rep_point":[100.533976,13.657087]},"geometry":{"type":"MultiPolygon","coordinates":[[[[100.533427,13.65642],[100.533719,13.656308],[100.533789,13.656534],[100.534054,13.657049],[100.534133,13.657014],[100.534191,13.657064],[100.534162,13.65711],[100.534177,13.657226],[100.53424,13.657422],[100.534414,13.657774],[100.534206,13.657863],[100.533497,13.656587],[100.533427,13.65642]]]]}},
{"type":"Feature","id":"osm-w1476250764","properties":{"id":"osm-w1476250764","osm_id":1476250764,"osm_type":"way","name":null,"name_en":null,"class":"park","classes_all":["park"],"tags":{"leisure":"park"},"area_m2":3128.8,"size_band":"small","district":"อำเภอพระประแดง","district_en":"Phra Pradaeng District","district_osm_id":11580984,"province":"จังหวัดสมุทรปราการ","province_iso":"TH-11","multi_district":false,"reason_excluded":null,"reasons_all":[],"flags":[],"related_ids":{},"poi_inside":[],"opening_hours":null,"verification_mode":"continuous_gps","floor_level":null,"rep_point":[100.53612,13.660337]},"geometry":{"type":"MultiPolygon","coordinates":[[[[100.535413,13.659709],[100.535509,13.659625],[100.535694,13.659874],[100.535817,13.659993],[100.535953,13.660123],[100.536656,13.660735],[100.536763,13.660828],[100.537161,13.661174],[100.537204,13.661212],[100.53711,13.661291],[100.536288,13.660551],[100.535589,13.659946],[100.535413,13.659709]]]]}},
{"type":"Feature","id":"osm-w1477362258","properties":{"id":"osm-w1477362258","osm_id":1477362258,"osm_type":"way","name":null,"name_en":null,"class":"garden","classes_all":["garden"],"tags":{"leisure":"garden"},"area_m2":11549.7,"size_band":"medium","district":"เขตปทุมวัน","district_en":"Pathum Wan District","district_osm_id":92063,"province":"กรุงเทพมหานคร","province_iso":"TH-10","multi_district":false,"reason_excluded":null,"reasons_all":[],"flags":[],"related_ids":{},"poi_inside":[],"opening_hours":null,"verification_mode":"continuous_gps","floor_level":null,"rep_point":[100.548865,13.728803]},"geometry":{"type":"MultiPolygon","coordinates":[[[[100.548193,13.728567],[100.548257,13.728441],[100.548802,13.728349],[100.548816,13.728457],[100.549432,13.728347],[100.549562,13.7292],[100.548422,13.729142],[100.548351,13.729124],[100.548264,13.729039],[100.548193,13.728567]]]]}},
{"type":"Feature","id":"osm-w1483332817","properties":{"id":"osm-w1483332817","osm_id":1483332817,"osm_type":"way","name":null,"name_en":null,"class":"park","classes_all":["park"],"tags":{"leisure":"park"},"area_m2":18107.8,"size_band":"medium","district":"เขตทวีวัฒนา","district_en":"Thawi Watthana District","district_osm_id":2939955,"province":"กรุงเทพมหานคร","province_iso":"TH-10","multi_district":false,"reason_excluded":null,"reasons_all":[],"flags":[],"related_ids":{},"poi_inside":[],"opening_hours":null,"verification_mode":"continuous_gps","floor_level":null,"rep_point":[100.392319,13.785594]},"geometry":{"type":"MultiPolygon","coordinates":[[[[100.391671,13.785094],[100.393454,13.78489],[100.393242,13.785024],[100.392988,13.78531],[100.392964,13.785455],[100.392928,13.785732],[100.392963,13.78591],[100.393044,13.786064],[100.392963,13.786075],[100.391803,13.786241],[100.391766,13.785937],[100.391707,13.785944],[100.391671,13.785094]]]]}},
{"type":"Feature","id":"osm-w1483332822","properties":{"id":"osm-w1483332822","osm_id":1483332822,"osm_type":"way","name":"สวนบัวแดง","name_en":null,"class":"garden","classes_all":["garden"],"tags":{"leisure":"garden","name":"สวนบัวแดง","name:th":"สวนบัวแดง"},"area_m2":16454.6,"size_band":"medium","district":"เขตทวีวัฒนา","district_en":"Thawi Watthana District","district_osm_id":2939955,"province":"กรุงเทพมหานคร","province_iso":"TH-10","multi_district":false,"reason_excluded":null,"reasons_all":[],"flags":[],"related_ids":{},"poi_inside":[],"opening_hours":null,"verification_mode":"continuous_gps","floor_level":null,"rep_point":[100.393645,13.785486]},"geometry":{"type":"MultiPolygon","coordinates":[[[[100.393052,13.785606],[100.393089,13.785365],[100.393215,13.78517],[100.393384,13.785036],[100.393722,13.784925],[100.394406,13.78477],[100.395034,13.784683],[100.394982,13.78475],[100.394825,13.784911],[100.394796,13.784867],[100.394612,13.784801],[100.394397,13.784882],[100.394237,13.785042],[100.394202,13.78522],[100.394241,13.785818],[100.394281,13.78605],[100.394258,13.786063],[100.394037,13.786218],[100.393784,13.78619],[100.393601,13.786103],[100.393257,13.785973],[100.393201,13.785982],[100.393098,13.78586],[100.393052,13.785606]]]]}},
{"type":"Feature","id":"osm-w1483518127","properties":{"id":"osm-w1483518127","osm_id":1483518127,"osm_type":"way","name":null,"name_en":null,"class":"pitch","classes_all":["pitch"],"tags":{"access":"customers","leisure":"pitch","sport":"soccer"},"area_m2":3347.7,"size_band":"small","district":"เขตตลิ่งชัน","district_en":"Taling Chan District","district_osm_id":2939954,"province":"กรุงเทพมหานคร","province_iso":"TH-10","multi_district":false,"reason_excluded":null,"reasons_all":[],"flags":[],"related_ids":{},"poi_inside":[],"opening_hours":null,"verification_mode":"continuous_gps","floor_level":null,"rep_point":[100.40836,13.76176]},"geometry":{"type":"MultiPolygon","coordinates":[[[[100.408065,13.761513],[100.408507,13.761409],[100.408656,13.762007],[100.408214,13.762111],[100.408065,13.761513]]]]}},
{"type":"Feature","id":"osm-w1484579848","properties":{"id":"osm-w1484579848","osm_id":1484579848,"osm_type":"way","name":"ตลาดนัดคุ้มเกล้า","name_en":null,"class":"marketplace","classes_all":["marketplace"],"tags":{"amenity":"marketplace","name":"ตลาดนัดคุ้มเกล้า"},"area_m2":38204.7,"size_band":"medium","district":"เขตลาดกระบัง","district_en":"Lat Krabang District","district_osm_id":3147500,"province":"กรุงเทพมหานคร","province_iso":"TH-10","multi_district":false,"reason_excluded":null,"reasons_all":[],"flags":[],"related_ids":{},"poi_inside":[],"opening_hours":null,"verification_mode":"continuous_gps","floor_level":null,"rep_point":[100.774231,13.753537]},"geometry":{"type":"MultiPolygon","coordinates":[[[[100.772434,13.753302],[100.775517,13.752889],[100.775835,13.752867],[100.77601,13.752864],[100.776067,13.752934],[100.776,13.753772],[100.776002,13.753902],[100.775139,13.753949],[100.774353,13.753963],[100.773122,13.75397],[100.772458,13.753963],[100.772434,13.753302]]]]}},
{"type":"Feature","id":"osm-w1484721081","properties":{"id":"osm-w1484721081","osm_id":1484721081,"osm_type":"way","name":null,"name_en":null,"class":"pitch","classes_all":["pitch"],"tags":{"leisure":"pitch","sport":"soccer"},"area_m2":7407.7,"size_band":"small","district":"เขตทวีวัฒนา","district_en":"Thawi Watthana District","district_osm_id":2939955,"province":"กรุงเทพมหานคร","province_iso":"TH-10","multi_district":false,"reason_excluded":null,"reasons_all":[],"flags":[],"related_ids":{},"poi_inside":[],"opening_hours":null,"verification_mode":"continuous_gps","floor_level":null,"rep_point":[100.366906,13.758977]},"geometry":{"type":"MultiPolygon","coordinates":[[[[100.366544,13.758554],[100.367218,13.758498],[100.367263,13.759357],[100.367249,13.759434],[100.3666,13.759459],[100.366596,13.759427],[100.366547,13.758598],[100.366544,13.758554]]]]}},
{"type":"Feature","id":"osm-w1486155044","properties":{"id":"osm-w1486155044","osm_id":1486155044,"osm_type":"way","name":"สวนวัดอาวุธฯ","name_en":null,"class":"park","classes_all":["park"],"tags":{"leisure":"park","name":"สวนวัดอาวุธฯ","name:th":"สวนวัดอาวุธฯ"},"area_m2":3057.8,"size_band":"small","district":"เขตบางพลัด","district_en":"Bang Phlat District","district_osm_id":2942281,"province":"กรุงเทพมหานคร","province_iso":"TH-10","multi_district":false,"reason_excluded":null,"reasons_all":[],"flags":[],"related_ids":{},"poi_inside":[],"opening_hours":null,"verification_mode":"continuous_gps","floor_level":null,"rep_point":[100.506447,13.78939]},"geometry":{"type":"MultiPolygon","coordinates":[[[[100.506108,13.789341],[100.506443,13.789088],[100.506602,13.789271],[100.506615,13.789258],[100.506787,13.78944],[100.506897,13.789532],[100.506508,13.789764],[100.506108,13.789341]]]]}},
{"type":"Feature","id":"osm-w1490945088","properties":{"id":"osm-w1490945088","osm_id":1490945088,"osm_type":"way","name":"สวนอยู่เย็นเป็นสุข","name_en":"Yuyen Pensook Park","class":"park","classes_all":["park"],"tags":{"leisure":"park","name":"สวนอยู่เย็นเป็นสุข","name:en":"Yuyen Pensook Park","name:th":"สวนอยู่เย็นเป็นสุข"},"area_m2":14974.7,"size_band":"medium","district":"เขตลาดพร้าว","district_en":"Lat Phrao District","district_osm_id":2938034,"province":"กรุงเทพมหานคร","province_iso":"TH-10","multi_district":false,"reason_excluded":null,"reasons_all":[],"flags":[],"related_ids":{},"poi_inside":[],"opening_hours":null,"verification_mode":"continuous_gps","floor_level":null,"rep_point":[100.632654,13.84161]},"geometry":{"type":"MultiPolygon","coordinates":[[[[100.631483,13.840873],[100.631893,13.840741],[100.632529,13.840693],[100.633049,13.840641],[100.63294,13.84105],[100.63294,13.841689],[100.632908,13.842379],[100.63236,13.842441],[100.63237,13.84153],[100.632356,13.840982],[100.631676,13.841083],[100.631518,13.841117],[100.631483,13.840873]]]]}},
{"type":"Feature","id":"osm-w1496519124","properties":{"id":"osm-w1496519124","osm_id":1496519124,"osm_type":"way","name":null,"name_en":null,"class":"park","classes_all":["park"],"tags":{"leisure":"park"},"area_m2":3662.1,"size_band":"small","district":"อำเภอเมืองนครปฐม","district_en":"Mueang Nakhon Pathom District","district_osm_id":18931445,"province":"จังหวัดนครปฐม","province_iso":"TH-73","multi_district":false,"reason_excluded":null,"reasons_all":[],"flags":[],"related_ids":{},"poi_inside":[],"opening_hours":null,"verification_mode":"continuous_gps","floor_level":null,"rep_point":[100.048836,13.819319]},"geometry":{"type":"MultiPolygon","coordinates":[[[[100.048019,13.819066],[100.048055,13.818938],[100.048472,13.819033],[100.04865,13.81914],[100.048793,13.8191],[100.049087,13.81923],[100.049227,13.819408],[100.049208,13.819547],[100.049029,13.819528],[100.048793,13.819461],[100.048019,13.819066]]]]}},
{"type":"Feature","id":"osm-w1498369684","properties":{"id":"osm-w1498369684","osm_id":1498369684,"osm_type":"way","name":"T77 Sansiri Backyard","name_en":null,"class":"garden","classes_all":["garden"],"tags":{"access":"yes","fee":"no","garden:type":"community","leisure":"garden","name":"T77 Sansiri Backyard","operator":"Sansiri","operator:type":"private"},"area_m2":5550.4,"size_band":"small","district":"วัฒนา","district_en":"Vadhana District","district_osm_id":2938036,"province":"กรุงเทพมหานคร","province_iso":"TH-10","multi_district":false,"reason_excluded":null,"reasons_all":[],"flags":[],"related_ids":{},"poi_inside":[],"opening_hours":null,"verification_mode":"continuous_gps","floor_level":null,"rep_point":[100.602712,13.716669]},"geometry":{"type":"MultiPolygon","coordinates":[[[[100.602283,13.716497],[100.602776,13.716155],[100.603148,13.71684],[100.602612,13.717163],[100.602283,13.716497]]]]}},
{"type":"Feature","id":"osm-w1498869503","properties":{"id":"osm-w1498869503","osm_id":1498869503,"osm_type":"way","name":"ตลาดพาหุรัด","name_en":"Pahurat Market","class":"marketplace","classes_all":["marketplace","attraction"],"tags":{"amenity":"marketplace","name":"ตลาดพาหุรัด","name:en":"Pahurat Market","name:th":"ตลาดพาหุรัด","tourism":"attraction"},"area_m2":23435.8,"size_band":"medium","district":"เขตพระนคร","district_en":"Phra Nakhon District","district_osm_id":92053,"province":"กรุงเทพมหานคร","province_iso":"TH-10","multi_district":false,"reason_excluded":null,"reasons_all":[],"flags":[],"related_ids":{"blockers":{"religious":{"ids":["osm-w1498869505"],"share":0.0}}},"poi_inside":[],"opening_hours":null,"verification_mode":"continuous_gps","floor_level":null,"rep_point":[100.500106,13.744285]},"geometry":{"type":"MultiPolygon","coordinates":[[[[100.49935,13.74382],[100.50051,13.743519],[100.500642,13.743894],[100.500631,13.743955],[100.500793,13.744362],[100.500844,13.744344],[100.501324,13.744225],[100.501709,13.744138],[100.501884,13.744032],[100.502104,13.744363],[100.499613,13.74503],[100.49935,13.74382]]]]}},
{"type":"Feature","id":"osm-w1498964901","properties":{"id":"osm-w1498964901","osm_id":1498964901,"osm_type":"way","name":"ตลาดพระโขนง","name_en":"Phra Khanong Market","class":"marketplace","classes_all":["marketplace"],"tags":{"amenity":"marketplace","name":"ตลาดพระโขนง","name:en":"Phra Khanong Market","name:th":"ตลาดพระโขนง"},"area_m2":35958.9,"size_band":"medium","district":"วัฒนา","district_en":"Vadhana District","district_osm_id":2938036,"province":"กรุงเทพมหานคร","province_iso":"TH-10","multi_district":false,"reason_excluded":null,"reasons_all":[],"flags":[],"related_ids":{},"poi_inside":[],"opening_hours":null,"verification_mode":"continuous_gps","floor_level":null,"rep_point":[100.596447,13.712792]},"geometry":{"type":"MultiPolygon","coordinates":[[[[100.594458,13.713823],[100.59456,13.713747],[100.594577,13.713735],[100.594804,13.713568],[100.594874,13.713516],[100.595367,13.713151],[100.595206,13.712945],[100.59503,13.7127],[100.595377,13.712449],[100.595468,13.712547],[100.59534,13.712658],[100.595533,13.712868],[100.595757,13.712673],[100.595473,13.712366],[100.595575,13.712303],[100.595631,13.712379],[100.595679,13.712345],[100.595697,13.712333],[100.595756,13.712292],[100.595814,13.712251],[100.595879,13.712206],[100.595952,13.712156],[100.596008,13.712116],[100.596021,13.712107],[100.596054,13.712084],[100.596111,13.712045],[100.596137,13.711997],[100.596179,13.711967],[100.596238,13.711926],[100.596323,13.711865],[100.596369,13.711832],[100.596412,13.711801],[100.596502,13.711737],[100.596508,13.71173],[100.59654,13.711708],[100.596584,13.711678],[100.596594,13.711669],[100.596614,13.711696],[100.596662,13.711663],[100.596721,13.711753],[100.59676,13.711723],[100.596805,13.711788],[100.596867,13.711881],[100.596922,13.711846],[100.596968,13.711817],[100.597017,13.711786],[100.597066,13.711755],[100.597122,13.711721],[100.597178,13.711686],[100.597221,13.71166],[100.59728,13.711626],[100.597354,13.71158],[100.597543,13.711902],[100.596979,13.712258],[100.597219,13.712717],[100.59747,13.71306],[100.5966,13.713629],[100.59626,13.713851],[100.596032,13.713486],[100.59602,13.713467],[100.595786,13.713631],[100.595509,13.713254],[100.59544,13.713167],[100.595094,13.713423],[100.595073,13.713438],[100.594827,13.71362],[100.594804,13.713637],[100.59463,13.713766],[100.59458,13.713803],[100.594505,13.713858],[100.594458,13.713823]]]]}},
{"type":"Feature","id":"osm-w1499254158","properties":{"id":"osm-w1499254158","osm_id":1499254158,"osm_type":"way","name":"สวนใต้ด่วนซอยอยู่ดี","name_en":null,"class":"park","classes_all":["park"],"tags":{"leisure":"park","name":"สวนใต้ด่วนซอยอยู่ดี","name:th":"สวนใต้ด่วนซอยอยู่ดี","official_name":"สวนหย่อมและลานกีฬาใต้ทางด่วนซอยอยู่ดี","official_name:th":"สวนหย่อมและลานกีฬาใต้ทางด่วนซอยอยู่ดี"},"area_m2":10163.7,"size_band":"medium","district":"เขตสาทร","district_en":"Sathon District","district_osm_id":3147425,"province":"กรุงเทพมหานคร","province_iso":"TH-10","multi_district":false,"reason_excluded":null,"reasons_all":[],"flags":[],"related_ids":{},"poi_inside":[],"opening_hours":null,"verification_mode":"continuous_gps","floor_level":null,"rep_point":[100.518175,13.704622]},"geometry":{"type":"MultiPolygon","coordinates":[[[[100.51764,13.704105],[100.518519,13.70387],[100.51851,13.704284],[100.51845,13.70496],[100.518435,13.705103],[100.51845,13.705645],[100.518344,13.70568],[100.518083,13.705099],[100.51764,13.704105]]]]}},
{"type":"Feature","id":"osm-w1499360624","properties":{"id":"osm-w1499360624","osm_id":1499360624,"osm_type":"way","name":"ตลาดรวยรุ่งเรือง","name_en":null,"class":"marketplace","classes_all":["marketplace"],"tags":{"amenity":"marketplace","name":"ตลาดรวยรุ่งเรือง"},"area_m2":9735.3,"size_band":"small","district":"เขตบางกอกใหญ่","district_en":"Bangkok Yai District","district_osm_id":2939953,"province":"กรุงเทพมหานคร","province_iso":"TH-10","multi_district":false,"reason_excluded":null,"reasons_all":[],"flags":[],"related_ids":{},"poi_inside":[],"opening_hours":null,"verification_mode":"continuous_gps","floor_level":null,"rep_point":[100.475996,13.729993]},"geometry":{"type":"MultiPolygon","coordinates":[[[[100.475639,13.730418],[100.475708,13.729773],[100.475777,13.729547],[100.475734,13.729355],[100.476576,13.729243],[100.476492,13.729482],[100.476227,13.730213],[100.476162,13.730705],[100.475639,13.730418]]]]}},
{"type":"Feature","id":"osm-w1499360634","properties":{"id":"osm-w1499360634","osm_id":1499360634,"osm_type":"way","name":"ตลาดชาติชาย","name_en":"Chat Chai Market","class":"marketplace","classes_all":["marketplace"],"tags":{"amenity":"marketplace","name":"ตลาดชาติชาย","name:en":"Chat Chai Market","name:th":"ตลาดชาติชาย"},"area_m2":14267.6,"size_band":"medium","district":"เขตบางกอกใหญ่","district_en":"Bangkok Yai District","district_osm_id":2939953,"province":"กรุงเทพมหานคร","province_iso":"TH-10","multi_district":false,"reason_excluded":null,"reasons_all":[],"flags":[],"related_ids":{},"poi_inside":[],"opening_hours":null,"verification_mode":"continuous_gps","floor_level":null,"rep_point":[100.471569,13.740734]},"geometry":{"type":"MultiPolygon","coordinates":[[[[100.470797,13.740959],[100.470884,13.740085],[100.471184,13.740188],[100.471206,13.740122],[100.472153,13.740444],[100.472079,13.740659],[100.472559,13.74081],[100.472464,13.741019],[100.472003,13.740866],[100.471873,13.741275],[100.471255,13.741093],[100.470797,13.740959]]]]}},
{"type":"Feature","id":"osm-w1499793281","properties":{"id":"osm-w1499793281","osm_id":1499793281,"osm_type":"way","name":"ตลาดนัดวัดพลมานีย์","name_en":null,"class":"marketplace","classes_all":["marketplace"],"tags":{"amenity":"marketplace","name":"ตลาดนัดวัดพลมานีย์","name:th":"ตลาดนัดวัดพลมานีย์"},"area_m2":13916.5,"size_band":"medium","district":"เขตลาดกระบัง","district_en":"Lat Krabang District","district_osm_id":3147500,"province":"กรุงเทพมหานคร","province_iso":"TH-10","multi_district":false,"reason_excluded":null,"reasons_all":[],"flags":[],"related_ids":{},"poi_inside":[],"opening_hours":null,"verification_mode":"continuous_gps","floor_level":null,"rep_point":[100.79569,13.721021]},"geometry":{"type":"MultiPolygon","coordinates":[[[[100.795015,13.72041],[100.795836,13.720122],[100.79598,13.720595],[100.796262,13.721515],[100.795591,13.721739],[100.795556,13.721764],[100.795422,13.721355],[100.795116,13.720686],[100.795015,13.72041]]]]}},
{"type":"Feature","id":"osm-w1500162593","properties":{"id":"osm-w1500162593","osm_id":1500162593,"osm_type":"way","name":"สวนบ่อฝรั่ง","name_en":null,"class":"park","classes_all":["park"],"tags":{"leisure":"park","name":"สวนบ่อฝรั่ง","name:th":"สวนบ่อฝรั่ง"},"area_m2":8419.1,"size_band":"small","district":"เขตจตุจักร","district_en":"Chatuchak District","district_osm_id":1639286,"province":"กรุงเทพมหานคร","province_iso":"TH-10","multi_district":false,"reason_excluded":null,"reasons_all":[],"flags":[],"related_ids":{},"poi_inside":[],"opening_hours":null,"verification_mode":"continuous_gps","floor_level":null,"rep_point":[100.541557,13.821798]},"geometry":{"type":"MultiPolygon","coordinates":[[[[100.540935,13.822094],[100.541019,13.821548],[100.54117,13.821515],[100.541663,13.821474],[100.542029,13.821423],[100.542209,13.822068],[100.542027,13.822048],[100.541794,13.822103],[100.541617,13.822113],[100.541355,13.822094],[100.541038,13.822129],[100.540935,13.822094]]]]}},
{"type":"Feature","id":"osm-w1501653813","properties":{"id":"osm-w1501653813","osm_id":1501653813,"osm_type":"way","name":null,"name_en":null,"class":"park","classes_all":["park"],"tags":{"access":"yes","leisure":"park"},"area_m2":3017.5,"size_band":"small","district":"เขตบางพลัด","district_en":"Bang Phlat District","district_osm_id":2942281,"province":"กรุงเทพมหานคร","province_iso":"TH-10","multi_district":false,"reason_excluded":null,"reasons_all":[],"flags":["crosses_major_way"],"related_ids":{"blockers":{"religious":{"ids":["osm-w549072759"],"share":0.0}},"major_ways":["osm-w154929008"]},"poi_inside":[],"opening_hours":null,"verification_mode":"continuous_gps","floor_level":null,"rep_point":[100.489412,13.771715]},"geometry":{"type":"MultiPolygon","coordinates":[[[[100.488796,13.771331],[100.488896,13.771235],[100.489199,13.771507],[100.489274,13.77144],[100.489463,13.771575],[100.489516,13.771602],[100.489744,13.771917],[100.489701,13.771953],[100.489821,13.772212],[100.489844,13.772244],[100.489801,13.772264],[100.489353,13.771829],[100.48907,13.771578],[100.488796,13.771331]]]]}},
{"type":"Feature","id":"osm-w1502742124","properties":{"id":"osm-w1502742124","osm_id":1502742124,"osm_type":"way","name":null,"name_en":null,"class":"marketplace","classes_all":["marketplace"],"tags":{"amenity":"marketplace"},"area_m2":15239.8,"size_band":"medium","district":"อำเภอธัญบุรี","district_en":"Thanyaburi District","district_osm_id":2913012,"province":"จังหวัดปทุมธานี","province_iso":"TH-13","multi_district":false,"reason_excluded":null,"reasons_all":[],"flags":[],"related_ids":{},"poi_inside":[],"opening_hours":null,"verification_mode":"continuous_gps","floor_level":null,"rep_point":[100.729274,14.028475]},"geometry":{"type":"MultiPolygon","coordinates":[[[[100.728693,14.029038],[100.728726,14.027901],[100.729852,14.027915],[100.729827,14.029035],[100.728693,14.029038]]]]}},
{"type":"Feature","id":"osm-w1502781006","properties":{"id":"osm-w1502781006","osm_id":1502781006,"osm_type":"way","name":null,"name_en":null,"class":"park","classes_all":["park"],"tags":{"leisure":"park"},"area_m2":5404.2,"size_band":"small","district":"เขตบางเขน","district_en":"Bang Khen District","district_osm_id":2938030,"province":"กรุงเทพมหานคร","province_iso":"TH-10","multi_district":false,"reason_excluded":null,"reasons_all":[],"flags":[],"related_ids":{},"poi_inside":[],"opening_hours":null,"verification_mode":"continuous_gps","floor_level":null,"rep_point":[100.644563,13.849224]},"geometry":{"type":"MultiPolygon","coordinates":[[[[100.644309,13.849698],[100.644416,13.848618],[100.644614,13.848504],[100.644782,13.84875],[100.644758,13.849701],[100.644309,13.849698]]]]}},
{"type":"Feature","id":"osm-w1509458397","properties":{"id":"osm-w1509458397","osm_id":1509458397,"osm_type":"way","name":"ตลาดพิบูลย์วิทย์ 6","name_en":null,"class":"marketplace","classes_all":["marketplace"],"tags":{"amenity":"marketplace","name":"ตลาดพิบูลย์วิทย์ 6","name:th":"ตลาดพิบูลย์วิทย์ 6"},"area_m2":5327.7,"size_band":"small","district":"เขตจอมทอง","district_en":"Chom Thong District","district_osm_id":3147007,"province":"กรุงเทพมหานคร","province_iso":"TH-10","multi_district":false,"reason_excluded":null,"reasons_all":[],"flags":[],"related_ids":{},"poi_inside":[],"opening_hours":null,"verification_mode":"continuous_gps","floor_level":null,"rep_point":[100.453743,13.691408]},"geometry":{"type":"MultiPolygon","coordinates":[[[[100.453281,13.691182],[100.453757,13.690824],[100.454148,13.691332],[100.453914,13.691483],[100.454058,13.691663],[100.453797,13.691851],[100.45364,13.691647],[100.453281,13.691182]]]]}},
{"type":"Feature","id":"osm-w1511272937","properties":{"id":"osm-w1511272937","osm_id":1511272937,"osm_type":"way","name":"ตลาดน้ำวัดไทร","name_en":"Wat Sai floating market","class":"marketplace","classes_all":["marketplace"],"tags":{"amenity":"marketplace","landuse":"retail","name":"ตลาดน้ำวัดไทร","name:en":"Wat Sai floating market","name:th":"ตลาดน้ำวัดไทร"},"area_m2":12546.5,"size_band":"medium","district":"เขตจอมทอง","district_en":"Chom Thong District","district_osm_id":3147007,"province":"กรุงเทพมหานคร","province_iso":"TH-10","multi_district":false,"reason_excluded":null,"reasons_all":[],"flags":["review_required"],"related_ids":{"blockers":{"religious":{"ids":["osm-w283081376"],"share":0.0}},"review_reasons":["religious_name"]},"poi_inside":[],"opening_hours":null,"verification_mode":"continuous_gps","floor_level":null,"rep_point":[100.457251,13.689861]},"geometry":{"type":"MultiPolygon","coordinates":[[[[100.456323,13.69016],[100.457244,13.689536],[100.457812,13.689029],[100.458018,13.689203],[100.458068,13.689267],[100.458163,13.689438],[100.458181,13.689563],[100.456764,13.690521],[100.456323,13.69016]]]]}},
{"type":"Feature","id":"osm-w151734004","properties":{"id":"osm-w151734004","osm_id":151734004,"osm_type":"way","name":"ถนอมมิตรปาร์ค","name_en":null,"class":"park","classes_all":["park"],"tags":{"leisure":"park","name":"ถนอมมิตรปาร์ค"},"area_m2":23565.0,"size_band":"medium","district":"เขตบางเขน","district_en":"Bang Khen District","district_osm_id":2938030,"province":"กรุงเทพมหานคร","province_iso":"TH-10","multi_district":false,"reason_excluded":null,"reasons_all":[],"flags":["crosses_major_way"],"related_ids":{"major_ways":["osm-w557539775"]},"poi_inside":[],"opening_hours":null,"verification_mode":"continuous_gps","floor_level":null,"rep_point":[100.644546,13.85534]},"geometry":{"type":"MultiPolygon","coordinates":[[[[100.644047,13.856837],[100.644158,13.855315],[100.64416,13.855281],[100.644266,13.853831],[100.6449,13.853878],[100.645218,13.853902],[100.645117,13.855157],[100.645045,13.85515],[100.644922,13.855365],[100.644712,13.855468],[100.644582,13.855931],[100.64453,13.855934],[100.644336,13.856358],[100.644321,13.85658],[100.644269,13.856844],[100.644198,13.856848],[100.644047,13.856837]]]]}},
{"type":"Feature","id":"osm-w152180746","properties":{"id":"osm-w152180746","osm_id":152180746,"osm_type":"way","name":null,"name_en":null,"class":"pitch","classes_all":["pitch"],"tags":{"leisure":"pitch"},"area_m2":8065.7,"size_band":"small","district":"อำเภอบางเลน","district_en":"Bang Len District","district_osm_id":18929643,"province":"จังหวัดนครปฐม","province_iso":"TH-73","multi_district":false,"reason_excluded":null,"reasons_all":[],"flags":[],"related_ids":{},"poi_inside":[],"opening_hours":null,"verification_mode":"continuous_gps","floor_level":null,"rep_point":[100.172585,14.033396]},"geometry":{"type":"MultiPolygon","coordinates":[[[[100.172157,14.033796],[100.17225,14.03292],[100.173013,14.032996],[100.17292,14.033872],[100.172157,14.033796]]]]}},
{"type":"Feature","id":"osm-w1524810798","properties":{"id":"osm-w1524810798","osm_id":1524810798,"osm_type":"way","name":"สนามปิงปองสมุทรสาคร","name_en":"Samutsakhon table tennis court","class":"pitch","classes_all":["pitch"],"tags":{"country":"ไทย","leisure":"pitch","lit":"yes","name":"สนามปิงปองชมรมเทเบิลเทนนิสสมุทรสาคร","name:en":"Samutsakhon table tennis court","name:th":"สนามปิงปองสมุทรสาคร","province":"สมุทรสาคร","sport":"table_tennis"},"area_m2":3170.4,"size_band":"small","district":"อำเภอเมืองสมุทรสาคร","district_en":"Mueang Samut Sakhon District","district_osm_id":18935071,"province":"จังหวัดสมุทรสาคร","province_iso":"TH-74","multi_district":false,"reason_excluded":null,"reasons_all":[],"flags":[],"related_ids":{},"poi_inside":[],"opening_hours":null,"verification_mode":"continuous_gps","floor_level":null,"rep_point":[100.28923,13.595731]},"geometry":{"type":"MultiPolygon","coordinates":[[[[100.288938,13.595949],[100.289011,13.595447],[100.289527,13.595514],[100.289442,13.596028],[100.288938,13.595949]]]]}},
{"type":"Feature","id":"osm-w152822886","properties":{"id":"osm-w152822886","osm_id":152822886,"osm_type":"way","name":null,"name_en":null,"class":"park","classes_all":["park"],"tags":{"leisure":"park","source":"Bing"},"area_m2":12982.8,"size_band":"medium","district":"อำเภอเมืองนนทบุรี","district_en":"Mueang Nonthaburi District","district_osm_id":2688300,"province":"จังหวัดนนทบุรี","province_iso":"TH-12","multi_district":false,"reason_excluded":null,"reasons_all":[],"flags":[],"related_ids":{},"poi_inside":[],"opening_hours":null,"verification_mode":"continuous_gps","floor_level":null,"rep_point":[100.532055,13.878207]},"geometry":{"type":"MultiPolygon","coordinates":[[[[100.531758,13.877564],[100.531935,13.877543],[100.53194,13.876668],[100.532123,13.876668],[100.532129,13.87753],[100.532327,13.877543],[100.532348,13.879231],[100.531849,13.879236],[100.53186,13.87885],[100.53179,13.878856],[100.531758,13.877564]]]]}},
{"type":"Feature","id":"osm-w1530955536","properties":{"id":"osm-w1530955536","osm_id":1530955536,"osm_type":"way","name":"สวนเลียบวารีภิรมย์","name_en":null,"class":"park","classes_all":["park"],"tags":{"leisure":"park","name":"สวนเลียบวารีภิรมย์","name:th":"สวนเลียบวารีภิรมย์"},"area_m2":8909.6,"size_band":"small","district":"เขตหนองจอก","district_en":"Nong Chok District","district_osm_id":3147501,"province":"กรุงเทพมหานคร","province_iso":"TH-10","multi_district":false,"reason_excluded":null,"reasons_all":[],"flags":[],"related_ids":{},"poi_inside":[],"opening_hours":null,"verification_mode":"continuous_gps","floor_level":null,"rep_point":[100.844099,13.848431]},"geometry":{"type":"MultiPolygon","coordinates":[[[[100.843758,13.849073],[100.843915,13.847739],[100.844438,13.847789],[100.844276,13.849205],[100.843794,13.849139],[100.843758,13.849073]]]]}},
{"type":"Feature","id":"osm-w1530981802","properties":{"id":"osm-w1530981802","osm_id":1530981802,"osm_type":"way","name":"สวนพระยาภิรมย์","name_en":"Phraya Phirom Park","class":"park","classes_all":["park"],"tags":{"leisure":"park","name":"สวนพระยาภิรมย์","name:en":"Phraya Phirom Park","name:th":"สวนพระยาภิรมย์","operator":"กรุงเทพมหานคร","operator:type":"public"},"area_m2":12653.3,"size_band":"medium","district":"เขตมีนบุรี","district_en":"Min Buri District","district_osm_id":3146413,"province":"กรุงเทพมหานคร","province_iso":"TH-10","multi_district":false,"reason_excluded":null,"reasons_all":[],"flags":[],"related_ids":{},"poi_inside":[],"opening_hours":null,"verification_mode":"continuous_gps","floor_level":null,"rep_point":[100.756075,13.823199]},"geometry":{"type":"MultiPolygon","coordinates":[[[[100.754391,13.822579],[100.754575,13.822239],[100.756218,13.823088],[100.75737,13.823686],[100.758192,13.824109],[100.758137,13.824227],[100.75782,13.824098],[100.757806,13.824091],[100.757536,13.823946],[100.757363,13.823826],[100.757285,13.823795],[100.756845,13.823619],[100.756684,13.823554],[100.756344,13.823444],[100.756061,13.823357],[100.755961,13.823311],[100.755796,13.823235],[100.755641,13.823163],[100.754926,13.822832],[100.754617,13.822681],[100.754483,13.822638],[100.754398,13.822607],[100.754391,13.822579]]]]}},
{"type":"Feature","id":"osm-w1532006933","properties":{"id":"osm-w1532006933","osm_id":1532006933,"osm_type":"way","name":"สวนทวีรักษ์","name_en":null,"class":"park","classes_all":["park"],"tags":{"leisure":"park","name":"สวนทวีรักษ์","name:th":"สวนทวีรักษ์"},"area_m2":8585.7,"size_band":"small","district":"เขตทวีวัฒนา","district_en":"Thawi Watthana District","district_osm_id":2939955,"province":"กรุงเทพมหานคร","province_iso":"TH-10","multi_district":false,"reason_excluded":null,"reasons_all":[],"flags":[],"related_ids":{},"poi_inside":[],"opening_hours":null,"verification_mode":"continuous_gps","floor_level":null,"rep_point":[100.359319,13.777103]},"geometry":{"type":"MultiPolygon","coordinates":[[[[100.358918,13.777852],[100.359269,13.776288],[100.35972,13.776354],[100.35938,13.777872],[100.358918,13.777852]]]]}},
{"type":"Feature","id":"osm-w1532679075","properties":{"id":"osm-w1532679075","osm_id":1532679075,"osm_type":"way","name":"สวนสาธารณะอบต.บางพลีใหญ่","name_en":null,"class":"park","classes_all":["park"],"tags":{"leisure":"park","name":"สวนสาธารณะอบต.บางพลีใหญ่","opening_hours":"Mo-Su 05:00-21:00"},"area_m2":13834.1,"size_band":"medium","district":"อำเภอบางพลี","district_en":"Bang Phli District","district_osm_id":11580982,"province":"จังหวัดสมุทรปราการ","province_iso":"TH-11","multi_district":false,"reason_excluded":null,"reasons_all":[],"flags":[],"related_ids":{},"poi_inside":[],"opening_hours":"Mo-Su 05:00-21:00","verification_mode":"continuous_gps","floor_level":null,"rep_point":[100.702193,13.610149]},"geometry":{"type":"MultiPolygon","coordinates":[[[[100.701469,13.609388],[100.702409,13.609395],[100.702472,13.609594],[100.70265,13.610963],[100.702154,13.61107],[100.701915,13.610293],[100.701875,13.610244],[100.701808,13.610054],[100.701686,13.609801],[100.701612,13.60973],[100.701558,13.609651],[100.701469,13.609388]]]]}},
{"type":"Feature","id":"osm-w1533020604","properties":{"id":"osm-w1533020604","osm_id":1533020604,"osm_type":"way","name":"สนามฟุตบอลเทศบาลบางปู","name_en":"Bangpu Stadium","class":"pitch","classes_all":["pitch"],"tags":{"alt_name":"สนามฟุตบอลบางปู","alt_name:en":"Bangpu Football Stadium","alt_name:th":"สนามฟุตบอลบางปู","country":"Thailand","leisure":"pitch","name":"สนามฟุตบอลเทศบาลบางปู","name:en":"Bangpu Stadium","name:th":"สนามฟุตบอลเทศบาลบางปู","sport":"soccer"},"area_m2":19833.5,"size_band":"medium","district":"อำเภอเมืองสมุทรปราการ","district_en":"Mueang Samut Prakan District","district_osm_id":11580983,"province":"จังหวัดสมุทรปราการ","province_iso":"TH-11","multi_district":false,"reason_excluded":null,"reasons_all":[],"flags":[],"related_ids":{},"poi_inside":[],"opening_hours":null,"verification_mode":"continuous_gps","floor_level":null,"rep_point":[100.615609,13.540643]},"geometry":{"type":"MultiPolygon","coordinates":[[[[100.614659,13.540456],[100.615448,13.539699],[100.616547,13.540831],[100.615753,13.541514],[100.614659,13.540456]]]]}},
{"type":"Feature","id":"osm-w1534249732","properties":{"id":"osm-w1534249732","osm_id":1534249732,"osm_type":"way","name":null,"name_en":null,"class":"garden","classes_all":["garden"],"tags":{"garden:type":"street_side","leisure":"garden"},"area_m2":13804.0,"size_band":"medium","district":"เขตสะพานสูง","district_en":"Saphan Sung District","district_osm_id":3146415,"province":"กรุงเทพมหานคร","province_iso":"TH-10","multi_district":false,"reason_excluded":null,"reasons_all":[],"flags":[],"related_ids":{},"poi_inside":[],"opening_hours":null,"verification_mode":"continuous_gps","floor_level":null,"rep_point":[100.687468,13.77957]},"geometry":{"type":"MultiPolygon","coordinates":[[[[100.686589,13.780444],[100.687304,13.778678],[100.687349,13.778595],[100.687503,13.778595],[100.687506,13.778715],[100.687518,13.778849],[100.687567,13.779029],[100.687658,13.779216],[100.687756,13.779365],[100.688232,13.779775],[100.688449,13.779952],[100.6886,13.780116],[100.688743,13.780267],[100.688806,13.780379],[100.688866,13.780502],[100.688735,13.780558],[100.688648,13.780409],[100.688485,13.780209],[100.688318,13.780075],[100.688157,13.77999],[100.688063,13.779948],[100.687954,13.77991],[100.687795,13.779877],[100.687635,13.779867],[100.687504,13.779878],[100.687344,13.779907],[100.687181,13.779954],[100.687008,13.780036],[100.686882,13.780126],[100.686738,13.780261],[100.686589,13.780444]]]]}},
{"type":"Feature","id":"osm-w1542855061","properties":{"id":"osm-w1542855061","osm_id":1542855061,"osm_type":"way","name":"ตลาดกลางดอกไม้ปากคลองตลาดใหม่","name_en":null,"class":"marketplace","classes_all":["marketplace"],"tags":{"addr:district":"ตลิ่งชั่น","addr:postcode":"10170","addr:province":"กรุงเทพมหานคร","addr:street":"พรานนก - พุทธมณฑลสาย 4","addr:subdistrict":"บางพรม","amenity":"marketplace","name":"ตลาดกลางดอกไม้ปากคลองตลาดใหม่","name:th":"ตลาดกลางดอกไม้ปากคลองตลาดใหม่"},"area_m2":53018.2,"size_band":"large","district":"เขตตลิ่งชัน","district_en":"Taling Chan District","district_osm_id":2939954,"province":"กรุงเทพมหานคร","province_iso":"TH-10","multi_district":false,"reason_excluded":null,"reasons_all":[],"flags":[],"related_ids":{},"poi_inside":[],"opening_hours":null,"verification_mode":"continuous_gps","floor_level":null,"rep_point":[100.444446,13.749762]},"geometry":{"type":"MultiPolygon","coordinates":[[[[100.443705,13.75031],[100.443788,13.748379],[100.444005,13.748309],[100.444036,13.748517],[100.444194,13.748819],[100.444512,13.748818],[100.44469,13.748671],[100.444701,13.748586],[100.445473,13.748494],[100.44561,13.749259],[100.44514,13.749317],[100.44511,13.749352],[100.445217,13.750172],[100.445217,13.750559],[100.445123,13.750561],[100.445042,13.750582],[100.445151,13.751619],[100.444962,13.751632],[100.444999,13.752035],[100.44405,13.75197],[100.444094,13.750326],[100.443705,13.75031]]]]}},
{"type":"Feature","id":"osm-w1544567739","properties":{"id":"osm-w1544567739","osm_id":1544567739,"osm_type":"way","name":"ตลาดนัดศิวะ แพรกษา","name_en":"Siwa Market Phraeksa","class":"marketplace","classes_all":["marketplace"],"tags":{"amenity":"marketplace","name:en":"Siwa Market Phraeksa","name:th":"ตลาดนัดศิวะ แพรกษา"},"area_m2":23723.4,"size_band":"medium","district":"อำเภอเมืองสมุทรปราการ","district_en":"Mueang Samut Prakan District","district_osm_id":11580983,"province":"จังหวัดสมุทรปราการ","province_iso":"TH-11","multi_district":false,"reason_excluded":null,"reasons_all":[],"flags":[],"related_ids":{},"poi_inside":[],"opening_hours":null,"verification_mode":"continuous_gps","floor_level":null,"rep_point":[100.626328,13.577747]},"geometry":{"type":"MultiPolygon","coordinates":[[[[100.625193,13.577899],[100.626101,13.577414],[100.62602,13.577305],[100.626675,13.576963],[100.626869,13.576884],[100.626991,13.576908],[100.627037,13.576937],[100.627084,13.576954],[100.627269,13.576979],[100.627372,13.576988],[100.62745,13.577024],[100.627414,13.577594],[100.625452,13.578864],[100.625725,13.578455],[100.625193,13.577899]]]]}},
{"type":"Feature","id":"osm-w1547833479","properties":{"id":"osm-w1547833479","osm_id":1547833479,"osm_type":"way","name":null,"name_en":null,"class":"garden","classes_all":["garden"],"tags":{"leisure":"garden"},"area_m2":4093.7,"size_band":"small","district":"เขตปทุมวัน","district_en":"Pathum Wan District","district_osm_id":92063,"province":"กรุงเทพมหานคร","province_iso":"TH-10","multi_district":false,"reason_excluded":null,"reasons_all":[],"flags":[],"related_ids":{},"poi_inside":[],"opening_hours":null,"verification_mode":"continuous_gps","floor_level":null,"rep_point":[100.545337,13.728488]},"geometry":{"type":"MultiPolygon","coordinates":[[[[100.545053,13.728137],[100.545479,13.728079],[100.545624,13.728838],[100.545199,13.728934],[100.545053,13.728137]]]]}},
{"type":"Feature","id":"osm-w1549322262","properties":{"id":"osm-w1549322262","osm_id":1549322262,"osm_type":"way","name":"ศูนย์นันทนาการทวีวัฒนา","name_en":"Taweewattana Recreation Center","class":"pitch","classes_all":["pitch"],"tags":{"leisure":"pitch","name":"ศูนย์นันทนาการทวีวัฒนา","name:en":"Taweewattana Recreation Center","name:th":"ศูนย์นันทนาการทวีวัฒนา"},"area_m2":4448.6,"size_band":"small","district":"เขตทวีวัฒนา","district_en":"Thawi Watthana District","district_osm_id":2939955,"province":"กรุงเทพมหานคร","province_iso":"TH-10","multi_district":false,"reason_excluded":null,"reasons_all":[],"flags":[],"related_ids":{},"poi_inside":[],"opening_hours":null,"verification_mode":"continuous_gps","floor_level":null,"rep_point":[100.353369,13.743158]},"geometry":{"type":"MultiPolygon","coordinates":[[[[100.353,13.743383],[100.353052,13.742872],[100.353736,13.742934],[100.353686,13.743496],[100.353,13.743383]]]]}},
{"type":"Feature","id":"osm-w1552218896","properties":{"id":"osm-w1552218896","osm_id":1552218896,"osm_type":"way","name":"ตลาดกลางกุ้งจังหวัดสมุทรสาคร","name_en":null,"class":"marketplace","classes_all":["marketplace"],"tags":{"amenity":"marketplace","name":"ตลาดกลางกุ้งจังหวัดสมุทรสาคร","name:th":"ตลาดกลางกุ้งจังหวัดสมุทรสาคร"},"area_m2":47318.8,"size_band":"medium","district":"อำเภอเมืองสมุทรสาคร","district_en":"Mueang Samut Sakhon District","district_osm_id":18935071,"province":"จังหวัดสมุทรสาคร","province_iso":"TH-74","multi_district":false,"reason_excluded":null,"reasons_all":[],"flags":[],"related_ids":{},"poi_inside":[],"opening_hours":null,"verification_mode":"continuous_gps","floor_level":null,"rep_point":[100.270092,13.558402]},"geometry":{"type":"MultiPolygon","coordinates":[[[[100.268513,13.558256],[100.269444,13.557302],[100.270655,13.557598],[100.270707,13.557549],[100.271797,13.558563],[100.272049,13.558895],[100.270771,13.558547],[100.270562,13.558847],[100.2689,13.559448],[100.268513,13.558256]]]]}},
{"type":"Feature","id":"osm-w1553299962","properties":{"id":"osm-w1553299962","osm_id":1553299962,"osm_type":"way","name":null,"name_en":null,"class":"garden","classes_all":["garden"],"tags":{"access":"yes","garden:type":"landscaping","leisure":"garden"},"area_m2":26085.3,"size_band":"medium","district":"อำเภอบางใหญ่","district_en":"Bang Yai District","district_osm_id":2689553,"province":"จังหวัดนนทบุรี","province_iso":"TH-12","multi_district":false,"reason_excluded":null,"reasons_all":[],"flags":[],"related_ids":{},"poi_inside":[],"opening_hours":null,"verification_mode":"continuous_gps","floor_level":null,"rep_point":[100.43193,13.841345]},"geometry":{"type":"MultiPolygon","coordinates":[[[[100.43046,13.840966],[100.430748,13.840362],[100.433361,13.841723],[100.433137,13.842228],[100.433311,13.842294],[100.433245,13.842503],[100.432043,13.842078],[100.432115,13.841784],[100.43046,13.840966]]]]}},
{"type":"Feature","id":"osm-w1553932651","properties":{"id":"osm-w1553932651","osm_id":1553932651,"osm_type":"way","name":"คลาวด์ 11 พาร์ค","name_en":"cloud 11 Park","class":"garden","classes_all":["garden"],"tags":{"garden:type":"roof_garden","leisure":"garden","location":"roof","name":"คลาวด์ 11 พาร์ค","name:en":"cloud 11 Park","name:th":"คลาวด์ 11 พาร์ค"},"area_m2":14199.4,"size_band":"medium","district":"เขตพระโขนง","district_en":"Phra Khanong District","district_osm_id":3146642,"province":"กรุงเทพมหานคร","province_iso":"TH-10","multi_district":false,"reason_excluded":null,"reasons_all":[],"flags":[],"related_ids":{},"poi_inside":[],"opening_hours":null,"verification_mode":"continuous_gps","floor_level":null,"rep_point":[100.6089,13.683709]},"geometry":{"type":"MultiPolygon","coordinates":[[[[100.607548,13.683122],[100.607806,13.682622],[100.608396,13.683202],[100.610173,13.684215],[100.609982,13.684597],[100.607548,13.683122]]]]}},
{"type":"Feature","id":"osm-w1553974889","properties":{"id":"osm-w1553974889","osm_id":1553974889,"osm_type":"way","name":"ทางเดินออกกำลังกาย","name_en":null,"class":"park","classes_all":["park"],"tags":{"access":"yes","leisure":"park","name":"ทางเดินออกกำลังกาย"},"area_m2":6802.4,"size_band":"small","district":"อำเภอเมืองนนทบุรี","district_en":"Mueang Nonthaburi District","district_osm_id":2688300,"province":"จังหวัดนนทบุรี","province_iso":"TH-12","multi_district":false,"reason_excluded":null,"reasons_all":[],"flags":[],"related_ids":{},"poi_inside":[],"opening_hours":null,"verification_mode":"continuous_gps","floor_level":null,"rep_point":[100.447655,13.848469]},"geometry":{"type":"MultiPolygon","coordinates":[[[[100.447155,13.848385],[100.447219,13.848256],[100.447305,13.848152],[100.447694,13.848039],[100.447863,13.848424],[100.448146,13.848337],[100.448134,13.848514],[100.448088,13.84866],[100.447964,13.848814],[100.447792,13.848891],[100.447616,13.848922],[100.447417,13.848866],[100.447282,13.848733],[100.447187,13.848539],[100.447155,13.848385]]]]}},
{"type":"Feature","id":"osm-w156476531","properties":{"id":"osm-w156476531","osm_id":156476531,"osm_type":"way","name":null,"name_en":null,"class":"garden","classes_all":["garden"],"tags":{"leisure":"garden"},"area_m2":4369.2,"size_band":"small","district":"เขตราษฎร์บูรณะ","district_en":"Rat Burana District","district_osm_id":3147008,"province":"กรุงเทพมหานคร","province_iso":"TH-10","multi_district":false,"reason_excluded":null,"reasons_all":[],"flags":[],"related_ids":{},"poi_inside":[],"opening_hours":null,"verification_mode":"continuous_gps","floor_level":null,"rep_point":[100.510424,13.677135]},"geometry":{"type":"MultiPolygon","coordinates":[[[[100.50998,13.676992],[100.510072,13.676937],[100.51047,13.676709],[100.510841,13.677197],[100.510637,13.677313],[100.510315,13.677495],[100.51016,13.67732],[100.51002,13.677073],[100.50998,13.676992]]]]}},
{"type":"Feature","id":"osm-w156991582","properties":{"id":"osm-w156991582","osm_id":156991582,"osm_type":"way","name":null,"name_en":null,"class":"pitch","classes_all":["pitch"],"tags":{"leisure":"pitch"},"area_m2":15231.1,"size_band":"medium","district":"เขตปทุมวัน","district_en":"Pathum Wan District","district_osm_id":92063,"province":"กรุงเทพมหานคร","province_iso":"TH-10","multi_district":false,"reason_excluded":null,"reasons_all":[],"flags":[],"related_ids":{},"poi_inside":[],"opening_hours":null,"verification_mode":"continuous_gps","floor_level":null,"rep_point":[100.525671,13.745382]},"geometry":{"type":"MultiPolygon","coordinates":[[[[100.525139,13.744883],[100.525238,13.744867],[100.525278,13.744804],[100.525353,13.744734],[100.525439,13.744679],[100.525549,13.744646],[100.525656,13.74464],[100.525756,13.744669],[100.525847,13.744711],[100.525936,13.744776],[100.526,13.744857],[100.526037,13.744958],[100.52619,13.745805],[100.526177,13.745917],[100.526115,13.746047],[100.526051,13.746157],[100.52596,13.746227],[100.525863,13.746266],[100.52574,13.746276],[100.525624,13.746245],[100.525544,13.746204],[100.525472,13.74613],[100.525367,13.746146],[100.525139,13.744883]]]]}},
{"type":"Feature","id":"osm-w157218312","properties":{"id":"osm-w157218312","osm_id":157218312,"osm_type":"way","name":null,"name_en":null,"class":"pitch","classes_all":["pitch"],"tags":{"leisure":"pitch","sport":"soccer"},"area_m2":8309.1,"size_band":"small","district":"เขตดินแดง","district_en":"Din Daeng District","district_osm_id":2938031,"province":"กรุงเทพมหานคร","province_iso":"TH-10","multi_district":false,"reason_excluded":null,"reasons_all":[],"flags":[],"related_ids":{},"poi_inside":[],"opening_hours":null,"verification_mode":"continuous_gps","floor_level":null,"rep_point":[100.552838,13.766529]},"geometry":{"type":"MultiPolygon","coordinates":[[[[100.552322,13.766229],[100.552897,13.765938],[100.552979,13.766027],[100.553332,13.766717],[100.553355,13.76681],[100.552782,13.767108],[100.552695,13.767027],[100.552342,13.766342],[100.552322,13.766229]]]]}},
{"type":"Feature","id":"osm-w160579215","properties":{"id":"osm-w160579215","osm_id":160579215,"osm_type":"way","name":null,"name_en":null,"class":"historic","classes_all":["historic"],"tags":{"historic":"ruins","historic:civilization":"ทวารวดี","natural":"grassland"},"area_m2":8280.9,"size_band":"small","district":"อำเภอเมืองนครปฐม","district_en":"Mueang Nakhon Pathom District","district_osm_id":18931445,"province":"จังหวัดนครปฐม","province_iso":"TH-73","multi_district":false,"reason_excluded":null,"reasons_all":[],"flags":[],"related_ids":{},"poi_inside":[],"opening_hours":null,"verification_mode":"continuous_gps","floor_level":null,"rep_point":[100.062663,13.820428]},"geometry":{"type":"MultiPolygon","coordinates":[[[[100.062102,13.820711],[100.062181,13.820145],[100.062202,13.820115],[100.062252,13.82006],[100.062304,13.820047],[100.063197,13.820057],[100.063173,13.820734],[100.062102,13.820711]]]]}},
{"type":"Feature","id":"osm-w164005417","properties":{"id":"osm-w164005417","osm_id":164005417,"osm_type":"way","name":null,"name_en":null,"class":"pitch","classes_all":["pitch"],"tags":{"leisure":"pitch","sport":"soccer"},"area_m2":7194.1,"size_band":"small","district":"เขตปทุมวัน","district_en":"Pathum Wan District","district_osm_id":92063,"province":"กรุงเทพมหานคร","province_iso":"TH-10","multi_district":false,"reason_excluded":null,"reasons_all":[],"flags":[],"related_ids":{},"poi_inside":[],"opening_hours":null,"verification_mode":"continuous_gps","floor_level":null,"rep_point":[100.5276,13.745606]},"geometry":{"type":"MultiPolygon","coordinates":[[[[100.527212,13.745175],[100.527818,13.745074],[100.527988,13.746038],[100.527381,13.746138],[100.527212,13.745175]]]]}},
{"type":"Feature","id":"osm-w164040643","properties":{"id":"osm-w164040643","osm_id":164040643,"osm_type":"way","name":"ตลาดพลู","name_en":null,"class":"marketplace","classes_all":["marketplace"],"tags":{"amenity":"marketplace","check_date":"2025-10-19","name":"ตลาดพลู"},"area_m2":3098.4,"size_band":"small","district":"เขตธนบุรี","district_en":"Thon Buri District","district_osm_id":3147281,"province":"กรุงเทพมหานคร","province_iso":"TH-10","multi_district":false,"reason_excluded":null,"reasons_all":[],"flags":[],"related_ids":{},"poi_inside":[],"opening_hours":null,"verification_mode":"continuous_gps","floor_level":null,"rep_point":[100.477025,13.721416]},"geometry":{"type":"MultiPolygon","coordinates":[[[[100.476796,13.721855],[100.476984,13.720914],[100.477248,13.720976],[100.477082,13.721871],[100.476796,13.721855]]]]}},
{"type":"Feature","id":"osm-w164157971","properties":{"id":"osm-w164157971","osm_id":164157971,"osm_type":"way","name":null,"name_en":null,"class":"pitch","classes_all":["pitch"],"tags":{"leisure":"pitch","sport":"soccer"},"area_m2":8273.6,"size_band":"small","district":"อำเภอบางบัวทอง","district_en":"Bang Bua Thong District","district_osm_id":2689552,"province":"จังหวัดนนทบุรี","province_iso":"TH-12","multi_district":false,"reason_excluded":null,"reasons_all":[],"flags":[],"related_ids":{},"poi_inside":[],"opening_hours":null,"verification_mode":"continuous_gps","floor_level":null,"rep_point":[100.415574,13.912426]},"geometry":{"type":"MultiPolygon","coordinates":[[[[100.415082,13.912789],[100.415417,13.911835],[100.416069,13.912063],[100.415731,13.913006],[100.415082,13.912789]]]]}},
{"type":"Feature","id":"osm-w164588367","properties":{"id":"osm-w164588367","osm_id":164588367,"osm_type":"way","name":"อุทยานเฉลิมกาญจนาภิเษก","name_en":"Chaloem Kanchana Phisek Park","class":"park","classes_all":["park","attraction"],"tags":{"addr:postcode":"11000","addr:province":"Nontaburi","leisure":"park","name":"อุทยานเฉลิมกาญจนาภิเษก","name:en":"Chaloem Kanchana Phisek Park","name:th":"อุทยานเฉลิมกาญจนาภิเษก","name:th-Latn":"Utthayan Chaloem Kanchana Phisek","opening_hours":"Mo-Su 05:30-18:30","tourism":"attraction","website":"https://thailandtourismdirectory.go.th/th/info/attraction/detail/itemid/2194"},"area_m2":142757.8,"size_band":"large","district":"อำเภอเมืองนนทบุรี","district_en":"Mueang Nonthaburi District","district_osm_id":2688300,"province":"จังหวัดนนทบุรี","province_iso":"TH-12","multi_district":false,"reason_excluded":null,"reasons_all":[],"flags":[],"related_ids":{},"poi_inside":[],"opening_hours":"Mo-Su 05:30-18:30","verification_mode":"continuous_gps","floor_level":null,"rep_point":[100.480682,13.850618]},"geometry":{"type":"MultiPolygon","coordinates":[[[[100.47909,13.849648],[100.479112,13.848976],[100.479373,13.848862],[100.479868,13.848867],[100.479922,13.84882],[100.479906,13.848513],[100.480018,13.84845],[100.480662,13.848435],[100.48093,13.848362],[100.482119,13.848362],[100.482132,13.848284],[100.483429,13.848274],[100.483478,13.849404],[100.484002,13.849166],[100.484072,13.849296],[100.484261,13.84965],[100.483118,13.850107],[100.482575,13.850337],[100.481584,13.850987],[100.481188,13.8512],[100.480667,13.85162],[100.480399,13.85183],[100.479793,13.852258],[100.479621,13.852409],[100.479439,13.852106],[100.479353,13.851742],[100.479262,13.851117],[100.47923,13.850898],[100.479182,13.849924],[100.47909,13.849648]]]]}},
{"type":"Feature","id":"osm-w167534416","properties":{"id":"osm-w167534416","osm_id":167534416,"osm_type":"way","name":"สวนสาธารณะสวนเงิน","name_en":null,"class":"park","classes_all":["park"],"tags":{"leisure":"park","name":"สวนสาธารณะสวนเงิน","name:th":"สวนสาธารณะสวนเงิน"},"area_m2":5398.8,"size_band":"small","district":"เขตราชเทวี","district_en":"Ratchathewi District","district_osm_id":92064,"province":"กรุงเทพมหานคร","province_iso":"TH-10","multi_district":false,"reason_excluded":null,"reasons_all":[],"flags":[],"related_ids":{"blockers":{"education":{"ids":["osm-w125738413"],"share":0.0}}},"poi_inside":[],"opening_hours":null,"verification_mode":"continuous_gps","floor_level":null,"rep_point":[100.529771,13.77067]},"geometry":{"type":"MultiPolygon","coordinates":[[[[100.529246,13.770011],[100.529333,13.769971],[100.529404,13.770036],[100.529913,13.770592],[100.530095,13.770722],[100.530272,13.77086],[100.529767,13.771264],[100.529701,13.771115],[100.529498,13.770617],[100.529246,13.770011]]]]}},
{"type":"Feature","id":"osm-w167534432","properties":{"id":"osm-w167534432","osm_id":167534432,"osm_type":"way","name":"สวนพญาไทภิรมย์","name_en":null,"class":"park","classes_all":["park"],"tags":{"leisure":"park","name":"สวนพญาไทภิรมย์","name:th":"สวนพญาไทภิรมย์"},"area_m2":21456.0,"size_band":"medium","district":"เขตพญาไท","district_en":"Phaya Thai District","district_osm_id":92068,"province":"กรุงเทพมหานคร","province_iso":"TH-10","multi_district":false,"reason_excluded":null,"reasons_all":[],"flags":[],"related_ids":{},"poi_inside":[],"opening_hours":null,"verification_mode":"continuous_gps","floor_level":null,"rep_point":[100.531936,13.772012]},"geometry":{"type":"MultiPolygon","coordinates":[[[[100.531211,13.771966],[100.531436,13.771778],[100.532116,13.77134],[100.532513,13.771128],[100.532752,13.770968],[100.53302,13.771358],[100.53288,13.771524],[100.53276,13.771723],[100.532711,13.771805],[100.532595,13.772058],[100.532493,13.772467],[100.532444,13.772819],[100.532434,13.773118],[100.532285,13.7731],[100.532142,13.773076],[100.53175,13.772595],[100.531648,13.772419],[100.531211,13.771966]]]]}},
{"type":"Feature","id":"osm-w168687083","properties":{"id":"osm-w168687083","osm_id":168687083,"osm_type":"way","name":"สวนสมเด็จย่า ๘๔","name_en":"Somdet Ya 84 Park","class":"park","classes_all":["park"],"tags":{"leisure":"park","name":"สวนสมเด็จย่า ๘๔","name:en":"Somdet Ya 84 Park","name:th":"สวนสมเด็จย่า ๘๔"},"area_m2":9573.8,"size_band":"small","district":"เขตจตุจักร","district_en":"Chatuchak District","district_osm_id":1639286,"province":"กรุงเทพมหานคร","province_iso":"TH-10","multi_district":false,"reason_excluded":null,"reasons_all":[],"flags":[],"related_ids":{},"poi_inside":[{"id":"osm-n12428814177","osm_id":12428814177,"tag":"historic=monument","name":null}],"opening_hours":null,"verification_mode":"continuous_gps","floor_level":null,"rep_point":[100.560019,13.814632]},"geometry":{"type":"MultiPolygon","coordinates":[[[[100.559616,13.81483],[100.559637,13.814573],[100.559689,13.814381],[100.559775,13.814191],[100.559874,13.814042],[100.560022,13.813858],[100.560125,13.814068],[100.560173,13.814168],[100.560082,13.814199],[100.560154,13.814395],[100.560267,13.814346],[100.560436,13.814691],[100.56047,13.81481],[100.560476,13.814859],[100.560475,13.814928],[100.560464,13.814997],[100.560441,13.815082],[100.560399,13.815161],[100.560299,13.815258],[100.560204,13.815308],[100.560109,13.815314],[100.559988,13.8153],[100.559844,13.815228],[100.559769,13.815141],[100.559677,13.815029],[100.559616,13.81483]]]]}},
{"type":"Feature","id":"osm-w169000944","properties":{"id":"osm-w169000944","osm_id":169000944,"osm_type":"way","name":"สวนป่าประชาชื่น","name_en":"Prachachuen Forest Park","class":"park","classes_all":["park"],"tags":{"leisure":"park","name":"สวนป่าประชาชื่น","name:en":"Prachachuen Forest Park","name:th":"สวนป่าประชาชื่น"},"area_m2":3079.6,"size_band":"small","district":"เขตจตุจักร","district_en":"Chatuchak District","district_osm_id":1639286,"province":"กรุงเทพมหานคร","province_iso":"TH-10","multi_district":false,"reason_excluded":null,"reasons_all":[],"flags":[],"related_ids":{},"poi_inside":[],"opening_hours":null,"verification_mode":"continuous_gps","floor_level":null,"rep_point":[100.542336,13.839534]},"geometry":{"type":"MultiPolygon","coordinates":[[[[100.541854,13.839831],[100.542436,13.839236],[100.542643,13.839909],[100.541854,13.839831]]]]}},
{"type":"Feature","id":"osm-w169000950","properties":{"id":"osm-w169000950","osm_id":169000950,"osm_type":"way","name":"สวนป่าประชานิเวศน์","name_en":"Pracha Niwet Nutures Garden","class":"park","classes_all":["park"],"tags":{"leisure":"park","name":"สวนป่าประชานิเวศน์","name:en":"Pracha Niwet Nutures Garden","name:th":"สวนป่าประชานิเวศน์"},"area_m2":8170.2,"size_band":"small","district":"เขตจตุจักร","district_en":"Chatuchak District","district_osm_id":1639286,"province":"กรุงเทพมหานคร","province_iso":"TH-10","multi_district":false,"reason_excluded":null,"reasons_all":[],"flags":[],"related_ids":{},"poi_inside":[],"opening_hours":null,"verification_mode":"continuous_gps","floor_level":null,"rep_point":[100.549214,13.834867]},"geometry":{"type":"MultiPolygon","coordinates":[[[[100.548615,13.834401],[100.548746,13.834284],[100.548835,13.834203],[100.548926,13.83414],[100.549023,13.834132],[100.549119,13.834148],[100.549286,13.83426],[100.549433,13.834386],[100.549513,13.834472],[100.549543,13.834607],[100.549537,13.834776],[100.549502,13.834959],[100.549377,13.835223],[100.549299,13.83549],[100.548615,13.834401]]]]}},
{"type":"Feature","id":"osm-w170741520","properties":{"id":"osm-w170741520","osm_id":170741520,"osm_type":"way","name":null,"name_en":null,"class":"pitch","classes_all":["pitch"],"tags":{"leisure":"pitch"},"area_m2":4972.1,"size_band":"small","district":"อำเภอปากเกร็ด","district_en":"Pak Kret District","district_osm_id":2688301,"province":"จังหวัดนนทบุรี","province_iso":"TH-12","multi_district":false,"reason_excluded":null,"reasons_all":[],"flags":[],"related_ids":{},"poi_inside":[],"opening_hours":null,"verification_mode":"continuous_gps","floor_level":null,"rep_point":[100.553466,13.909482]},"geometry":{"type":"MultiPolygon","coordinates":[[[[100.553062,13.909217],[100.553334,13.909133],[100.553429,13.909113],[100.55352,13.909126],[100.553617,13.909165],[100.553672,13.909221],[100.553867,13.909743],[100.553334,13.909936],[100.553062,13.909217]]]]}},
{"type":"Feature","id":"osm-w175314255","properties":{"id":"osm-w175314255","osm_id":175314255,"osm_type":"way","name":null,"name_en":null,"class":"pitch","classes_all":["pitch"],"tags":{"access":"permissive","alt_name":"Thunder Dome","leisure":"pitch","lit":"yes","sport":"soccer","surface":"grass"},"area_m2":10371.9,"size_band":"medium","district":"อำเภอปากเกร็ด","district_en":"Pak Kret District","district_osm_id":2688301,"province":"จังหวัดนนทบุรี","province_iso":"TH-12","multi_district":false,"reason_excluded":null,"reasons_all":[],"flags":[],"related_ids":{},"poi_inside":[],"opening_hours":null,"verification_mode":"continuous_gps","floor_level":null,"rep_point":[100.547362,13.918158]},"geometry":{"type":"MultiPolygon","coordinates":[[[[100.546887,13.917747],[100.546925,13.91767],[100.547609,13.917557],[100.547674,13.91761],[100.54784,13.91857],[100.547808,13.918633],[100.547112,13.918741],[100.547044,13.918686],[100.546887,13.917747]]]]}},
{"type":"Feature","id":"osm-w176820826","properties":{"id":"osm-w176820826","osm_id":176820826,"osm_type":"way","name":"บ้านพิษณุโลก","name_en":"Phitsanulok Mansion","class":"garden","classes_all":["garden"],"tags":{"leisure":"garden","name":"บ้านพิษณุโลก","name:en":"Phitsanulok Mansion","name:th":"บ้านพิษณุโลก"},"area_m2":37856.8,"size_band":"medium","district":"เขตดุสิต","district_en":"Dusit District","district_osm_id":92069,"province":"กรุงเทพมหานคร","province_iso":"TH-10","multi_district":false,"reason_excluded":null,"reasons_all":[],"flags":[],"related_ids":{"blockers":{"health":{"ids":["osm-w173039143"],"share":0.0}}},"poi_inside":[],"opening_hours":null,"verification_mode":"continuous_gps","floor_level":null,"rep_point":[100.517308,13.759207]},"geometry":{"type":"MultiPolygon","coordinates":[[[[100.516394,13.758856],[100.517969,13.757558],[100.518878,13.758529],[100.517694,13.759558],[100.516986,13.760173],[100.516897,13.760078],[100.516837,13.760115],[100.516394,13.758856]]]]}},
{"type":"Feature","id":"osm-w191550091","properties":{"id":"osm-w191550091","osm_id":191550091,"osm_type":"way","name":"สวนหนองจอก","name_en":"Nong Chok Park","class":"park","classes_all":["park"],"tags":{"addr:street":"ถนนเลียบวารี","alt_name":"สวนสาธารณะหนองจอก","leisure":"park","name":"สวนหนองจอก","name:en":"Nong Chok Park","name:th":"สวนหนองจอก","opening_hours":"05:00-20:00","website":"http://203.155.220.217/office/ppdd/publicpark/thai/2011/park14.asp","wikidata":"Q17063678","wikipedia":"en:Nong Chok Park"},"area_m2":58157.4,"size_band":"large","district":"เขตหนองจอก","district_en":"Nong Chok District","district_osm_id":3147501,"province":"กรุงเทพมหานคร","province_iso":"TH-10","multi_district":false,"reason_excluded":null,"reasons_all":[],"flags":[],"related_ids":{"blockers":{"education":{"ids":["osm-w191542379"],"share":0.0}}},"poi_inside":[],"opening_hours":"05:00-20:00","verification_mode":"continuous_gps","floor_level":null,"rep_point":[100.859061,13.851333]},"geometry":{"type":"MultiPolygon","coordinates":[[[[100.858614,13.855432],[100.858639,13.85338],[100.859074,13.848552],[100.859185,13.849051],[100.859336,13.850437],[100.859258,13.852374],[100.859844,13.852229],[100.859917,13.853937],[100.859818,13.853947],[100.859885,13.854614],[100.859295,13.854676],[100.859333,13.855564],[100.858635,13.855663],[100.858614,13.855432]]]]}},
{"type":"Feature","id":"osm-w191907096","properties":{"id":"osm-w191907096","osm_id":191907096,"osm_type":"way","name":"สวนเฉลิมพระเกียรติ","name_en":"Chalermprakiet Garden","class":"garden","classes_all":["garden"],"tags":{"garden:type":"landscaping","leisure":"garden","name":"สวนเฉลิมพระเกียรติ","name:en":"Chalermprakiet Garden","name:th":"สวนเฉลิมพระเกียรติ"},"area_m2":50103.9,"size_band":"large","district":"เขตหลักสี่","district_en":"Lak Si District","district_osm_id":1639288,"province":"กรุงเทพมหานคร","province_iso":"TH-10","multi_district":false,"reason_excluded":null,"reasons_all":[],"flags":["contains_religious_feature"],"related_ids":{"blockers":{"education":{"ids":["osm-r20052804"],"share":0.0},"religious":{"ids":["osm-n13433939491","osm-n13433939492"],"share":0.0073}},"religious_blockers":["osm-n13433939491","osm-n13433939492"]},"poi_inside":[],"opening_hours":null,"verification_mode":"continuous_gps","floor_level":null,"rep_point":[100.569365,13.887697]},"geometry":{"type":"MultiPolygon","coordinates":[[[[100.568364,13.885633],[100.568382,13.885597],[100.568492,13.885562],[100.569216,13.885344],[100.570169,13.885815],[100.570273,13.885866],[100.570374,13.885916],[100.570394,13.885965],[100.570431,13.886058],[100.570576,13.886417],[100.57062,13.886526],[100.569498,13.886934],[100.569806,13.887981],[100.570026,13.888726],[100.569942,13.888747],[100.569907,13.888777],[100.569883,13.888824],[100.569889,13.888875],[100.570114,13.889527],[100.569618,13.889688],[100.569142,13.888139],[100.568919,13.887414],[100.568914,13.887396],[100.56869,13.886668],[100.568684,13.88665],[100.568615,13.886424],[100.568607,13.886399],[100.568364,13.885633]]]]}},
{"type":"Feature","id":"osm-w191960364","properties":{"id":"osm-w191960364","osm_id":191960364,"osm_type":"way","name":null,"name_en":null,"class":"pitch","classes_all":["pitch"],"tags":{"leisure":"pitch"},"area_m2":10950.7,"size_band":"medium","district":"เขตหลักสี่","district_en":"Lak Si District","district_osm_id":1639288,"province":"กรุงเทพมหานคร","province_iso":"TH-10","multi_district":false,"reason_excluded":null,"reasons_all":[],"flags":[],"related_ids":{},"poi_inside":[],"opening_hours":null,"verification_mode":"continuous_gps","floor_level":null,"rep_point":[100.577072,13.884095]},"geometry":{"type":"MultiPolygon","coordinates":[[[[100.576504,13.883703],[100.577331,13.883467],[100.577639,13.884488],[100.576813,13.884723],[100.576504,13.883703]]]]}},
{"type":"Feature","id":"osm-w194327513","properties":{"id":"osm-w194327513","osm_id":194327513,"osm_type":"way","name":null,"name_en":null,"class":"pitch","classes_all":["pitch"],"tags":{"leisure":"pitch","source":"Bing"},"area_m2":4810.5,"size_band":"small","district":"เขตหลักสี่","district_en":"Lak Si District","district_osm_id":1639288,"province":"กรุงเทพมหานคร","province_iso":"TH-10","multi_district":false,"reason_excluded":null,"reasons_all":[],"flags":[],"related_ids":{},"poi_inside":[],"opening_hours":null,"verification_mode":"continuous_gps","floor_level":null,"rep_point":[100.569847,13.877725]},"geometry":{"type":"MultiPolygon","coordinates":[[[[100.569364,13.877532],[100.570312,13.877494],[100.57033,13.877917],[100.569382,13.877956],[100.569364,13.877532]]]]}},
{"type":"Feature","id":"osm-w194429886","properties":{"id":"osm-w194429886","osm_id":194429886,"osm_type":"way","name":null,"name_en":null,"class":"pitch","classes_all":["pitch"],"tags":{"leisure":"pitch","sport":"soccer"},"area_m2":9764.8,"size_band":"small","district":"อำเภอสามพราน","district_en":"Sam Phran District","district_osm_id":18931634,"province":"จังหวัดนครปฐม","province_iso":"TH-73","multi_district":false,"reason_excluded":null,"reasons_all":[],"flags":[],"related_ids":{},"poi_inside":[],"opening_hours":null,"verification_mode":"continuous_gps","floor_level":null,"rep_point":[100.227843,13.741089]},"geometry":{"type":"MultiPolygon","coordinates":[[[[100.22747,13.740684],[100.227496,13.740586],[100.227578,13.740475],[100.227643,13.740432],[100.22775,13.740397],[100.227851,13.740399],[100.227958,13.740436],[100.228035,13.740494],[100.228092,13.740576],[100.228118,13.740652],[100.228212,13.7414],[100.228214,13.741506],[100.228165,13.741634],[100.228065,13.74173],[100.22801,13.741758],[100.227899,13.74178],[100.227777,13.741762],[100.227673,13.741703],[100.227613,13.741638],[100.227565,13.741526],[100.227476,13.740777],[100.22747,13.740684]]]]}},
{"type":"Feature","id":"osm-w194453670","properties":{"id":"osm-w194453670","osm_id":194453670,"osm_type":"way","name":null,"name_en":null,"class":"pitch","classes_all":["pitch"],"tags":{"leisure":"pitch","sport":"soccer"},"area_m2":5063.8,"size_band":"small","district":"เขตหลักสี่","district_en":"Lak Si District","district_osm_id":1639288,"province":"กรุงเทพมหานคร","province_iso":"TH-10","multi_district":false,"reason_excluded":null,"reasons_all":[],"flags":[],"related_ids":{},"poi_inside":[],"opening_hours":null,"verification_mode":"continuous_gps","floor_level":null,"rep_point":[100.555193,13.873115]},"geometry":{"type":"MultiPolygon","coordinates":[[[[100.554727,13.872896],[100.555648,13.872875],[100.55566,13.873334],[100.554739,13.873356],[100.554727,13.872896]]]]}},
{"type":"Feature","id":"osm-w194796739","properties":{"id":"osm-w194796739","osm_id":194796739,"osm_type":"way","name":"สวนรมณีย์ทุ่งสีกัน","name_en":"Rommani Thungsikan Park","class":"park","classes_all":["park"],"tags":{"addr:street":"ถนนเวฬุวนาราม","leisure":"park","name":"สวนรมณีย์ทุ่งสีกัน","name:en":"Rommani Thungsikan Park","name:th":"สวนรมณีย์ทุ่งสีกัน","opening_hours":"05:00-21:00","website":"http://203.155.220.217/office/ppdd/publicpark/thai/2011/park10.asp"},"area_m2":26595.0,"size_band":"medium","district":"เขตดอนเมือง","district_en":"Don Mueang District","district_osm_id":1639287,"province":"กรุงเทพมหานคร","province_iso":"TH-10","multi_district":false,"reason_excluded":null,"reasons_all":[],"flags":[],"related_ids":{},"poi_inside":[],"opening_hours":"05:00-21:00","verification_mode":"continuous_gps","floor_level":null,"rep_point":[100.567763,13.928919]},"geometry":{"type":"MultiPolygon","coordinates":[[[[100.566677,13.928424],[100.56673,13.928369],[100.566982,13.928494],[100.567017,13.928498],[100.568582,13.928121],[100.568514,13.927845],[100.568684,13.927808],[100.568718,13.928093],[100.568765,13.928598],[100.568755,13.928733],[100.568727,13.928792],[100.568654,13.928885],[100.56858,13.928952],[100.568234,13.929197],[100.568105,13.929302],[100.568001,13.929423],[100.567925,13.929611],[100.567893,13.929789],[100.567881,13.929929],[100.567475,13.930071],[100.567253,13.929628],[100.567083,13.92929],[100.566677,13.928424]]]]}},
{"type":"Feature","id":"osm-w196107455","properties":{"id":"osm-w196107455","osm_id":196107455,"osm_type":"way","name":"เอเชียทีค เดอะ ริเวอร์ฟร้อนท์","name_en":"Asiatique The Riverfront","class":"marketplace","classes_all":["marketplace"],"tags":{"addr:city":"กรุงเทพมหานคร","addr:country":"TH","alt_name":"Asiatique: The Riverfront","amenity":"marketplace","designation":"community mall","image_1":"http://www.flickr.com/photos/92264318@N06/8384228136/in/photostream/","is_in:city":"Bangkok","is_in:country":"Thailand","is_in:country_code":"TH","is_in:iso_3166_2":"TH-10","landuse":"retail","name":"Asiatique The Riverfront","name:en":"Asiatique The Riverfront","name:he":"מתחם בילויים אסיאנטיק","name:ja":"アジアティーク","name:th":"เอเชียทีค เดอะ ริเวอร์ฟร้อนท์","name:zh":"河滨码头夜市","shop":"mall","start_date":"2012","website":"https://web.archive.org/web/20141105061449/http://www.thaiasiatique.com/index.php/en","wikidata":"Q13026076","wikimedia_commons":"Category:Asiatique","wikipedia":"th:เอเชียทีค เดอะ ริเวอร์ฟร้อนท์","wikipedia:en":"Asiatique"},"area_m2":102726.0,"size_band":"large","district":"เขตบางคอแหลม","district_en":"Bang Kho Laem District","district_osm_id":3147455,"province":"กรุงเทพมหานคร","province_iso":"TH-10","multi_district":false,"reason_excluded":null,"reasons_all":[],"flags":[],"related_ids":{},"poi_inside":[{"id":"osm-n2074694265","osm_id":2074694265,"tag":"historic=railway_car","name":"tram stop 1"},{"id":"osm-n2074694270","osm_id":2074694270,"tag":"historic=railway_car","name":"Asiatique The Riverfront"},{"id":"osm-n4482025893","osm_id":4482025893,"tag":"tourism=attraction","name":null}],"opening_hours":null,"verification_mode":"continuous_gps","floor_level":null,"rep_point":[100.502714,13.704157]},"geometry":{"type":"MultiPolygon","coordinates":[[[[100.500518,13.703902],[100.500928,13.703516],[100.501261,13.703201],[100.501308,13.703249],[100.50183,13.702766],[100.502524,13.702261],[100.502602,13.702332],[100.503037,13.702719],[100.50341,13.703052],[100.503725,13.703339],[100.504107,13.703681],[100.504145,13.703709],[100.50437,13.703907],[100.505019,13.704529],[100.504525,13.705029],[100.504089,13.705383],[100.503464,13.705892],[100.503196,13.706128],[100.502574,13.705484],[100.502546,13.705513],[100.502426,13.705416],[100.502395,13.705431],[100.502242,13.705303],[100.501881,13.705003],[100.501786,13.704936],[100.501768,13.704923],[100.501666,13.704849],[100.501646,13.704835],[100.501448,13.704694],[100.501364,13.70464],[100.50142,13.704559],[100.501214,13.704427],[100.501179,13.704474],[100.500766,13.7042],[100.500827,13.704114],[100.500518,13.703902]]]]}},
{"type":"Feature","id":"osm-w196824069","properties":{"id":"osm-w196824069","osm_id":196824069,"osm_type":"way","name":"Bonmarche Market","name_en":null,"class":"marketplace","classes_all":["marketplace"],"tags":{"amenity":"marketplace","name":"Bonmarche Market"},"area_m2":29609.1,"size_band":"medium","district":"เขตจตุจักร","district_en":"Chatuchak District","district_osm_id":1639286,"province":"กรุงเทพมหานคร","province_iso":"TH-10","multi_district":false,"reason_excluded":null,"reasons_all":[],"flags":[],"related_ids":{"blockers":{"education":{"ids":["osm-n2099152266","osm-n2099152267"],"share":0.0166}}},"poi_inside":[{"id":"osm-n1654273117","osm_id":1654273117,"tag":"amenity=marketplace","name":"Bon Marché Market Park"},{"id":"osm-n2099171796","osm_id":2099171796,"tag":"amenity=marketplace","name":"ร้านข้าวต้มซี่โครงหมู"},{"id":"osm-n2099171798","osm_id":2099171798,"tag":"amenity=marketplace","name":null},{"id":"osm-n2109117507","osm_id":2109117507,"tag":"amenity=marketplace","name":null},{"id":"osm-n2109117517","osm_id":2109117517,"tag":"amenity=marketplace","name":null},{"id":"osm-n2109117520","osm_id":2109117520,"tag":"amenity=marketplace","name":"ร้านขายอาหารปิ้งย่าง"},{"id":"osm-n2109136589","osm_id":2109136589,"tag":"amenity=marketplace","name":null},{"id":"osm-n2109253576","osm_id":2109253576,"tag":"amenity=marketplace","name":null}],"opening_hours":null,"verification_mode":"continuous_gps","floor_level":null,"rep_point":[100.550999,13.838563]},"geometry":{"type":"MultiPolygon","coordinates":[[[[100.549849,13.839209],[100.549863,13.838952],[100.550011,13.838775],[100.550248,13.838908],[100.550554,13.838351],[100.550757,13.837942],[100.551046,13.837537],[100.551279,13.837242],[100.55136,13.837326],[100.55139,13.837531],[100.551681,13.839295],[100.551645,13.839299],[100.551607,13.839357],[100.551603,13.839522],[100.551531,13.839537],[100.550909,13.839627],[100.550672,13.839663],[100.550169,13.839696],[100.550152,13.839533],[100.550094,13.839489],[100.549987,13.839416],[100.550042,13.839269],[100.549849,13.839209]]]]}},
{"type":"Feature","id":"osm-w198399091","properties":{"id":"osm-w198399091","osm_id":198399091,"osm_type":"way","name":"สวนสันติชัยปราการ","name_en":"Santichaiprakan Park","class":"park","classes_all":["park"],"tags":{"addr:country":"TH","addr:district":"พระนคร","addr:postcode":"10200","addr:province":"กรุงเทพมหานคร","addr:street":"ถนนพระอาทิตย์","addr:subdistrict":"ชนะสงคราม","leisure":"park","name":"สวนสันติชัยปราการ","name:en":"Santichaiprakan Park","name:ko":"산티차이프라칸 공원","name:th":"สวนสันติชัยปราการ","name:tr":"Santichaiprakan Parkı","opening_hours":"05:00-21:00","source":"https://www.klook.com/en-IN/destination/p60280570-santi-chai-prakan-park/","start_date":"1999-12-05","website":"http://203.155.220.217/office/ppdd/publicpark/thai/2011/park21.asp","wikidata":"Q13022379","wikipedia":"th:สวนสันติชัยปราการ"},"area_m2":13772.1,"size_band":"medium","district":"เขตพระนคร","district_en":"Phra Nakhon District","district_osm_id":92053,"province":"กรุงเทพมหานคร","province_iso":"TH-10","multi_district":false,"reason_excluded":null,"reasons_all":[],"flags":[],"related_ids":{},"poi_inside":[],"opening_hours":"05:00-21:00","verification_mode":"continuous_gps","floor_level":null,"rep_point":[100.495527,13.764074]},"geometry":{"type":"MultiPolygon","coordinates":[[[[100.494644,13.763979],[100.495145,13.763414],[100.495562,13.763743],[100.495623,13.763763],[100.495673,13.763778],[100.49577,13.763786],[100.495887,13.763772],[100.495946,13.763745],[100.496034,13.763728],[100.496067,13.763762],[100.496289,13.76405],[100.496326,13.764098],[100.495498,13.764779],[100.494689,13.76402],[100.494644,13.763979]]]]}},
{"type":"Feature","id":"osm-w198401461","properties":{"id":"osm-w198401461","osm_id":198401461,"osm_type":"way","name":"ตลาดพรานนก","name_en":"Phran Nok Market","class":"marketplace","classes_all":["marketplace"],"tags":{"amenity":"marketplace","landuse":"retail","name":"ตลาดพรานนก","name:en":"Phran Nok Market","name:th":"ตลาดพรานนก"},"area_m2":6859.0,"size_band":"small","district":"เขตบางกอกน้อย","district_en":"Bangkok Noi District","district_osm_id":2942282,"province":"กรุงเทพมหานคร","province_iso":"TH-10","multi_district":false,"reason_excluded":null,"reasons_all":[],"flags":[],"related_ids":{},"poi_inside":[],"opening_hours":null,"verification_mode":"continuous_gps","floor_level":null,"rep_point":[100.478431,13.755069]},"geometry":{"type":"MultiPolygon","coordinates":[[[[100.478088,13.755474],[100.47813,13.754641],[100.478779,13.754664],[100.47872,13.755572],[100.478122,13.755519],[100.478088,13.755474]]]]}},
{"type":"Feature","id":"osm-w198802034","properties":{"id":"osm-w198802034","osm_id":198802034,"osm_type":"way","name":"สวนสาธารณะเฉลิมพระเกียรติ 6 รอบ พระชนมพรรษา","name_en":"Public Park in Commemoration of H.M. the King's 6th Cycle Birthday","class":"park","classes_all":["park"],"tags":{"leisure":"park","name":"สวนสาธารณะเฉลิมพระเกียรติ 6 รอบ พระชนมพรรษา","name:en":"Public Park in Commemoration of H.M. the King's 6th Cycle Birthday","name:th":"สวนสาธารณะเฉลิมพระเกียรติ 6 รอบ พระชนมพรรษา","opening_hours":"05:00-21:00","website":"http://203.155.220.217/office/ppdd/publicpark/thai/2011/park15.asp"},"area_m2":46752.4,"size_band":"medium","district":"เขตบางคอแหลม","district_en":"Bang Kho Laem District","district_osm_id":3147455,"province":"กรุงเทพมหานคร","province_iso":"TH-10","multi_district":false,"reason_excluded":null,"reasons_all":[],"flags":[],"related_ids":{},"poi_inside":[],"opening_hours":"05:00-21:00","verification_mode":"continuous_gps","floor_level":null,"rep_point":[100.517095,13.685838]},"geometry":{"type":"MultiPolygon","coordinates":[[[[100.516002,13.685876],[100.516016,13.685799],[100.516071,13.68574],[100.51645,13.685547],[100.516586,13.685564],[100.516855,13.685361],[100.516924,13.685372],[100.51735,13.685058],[100.517486,13.685055],[100.517688,13.684906],[100.517767,13.684917],[100.517948,13.684783],[100.518014,13.684792],[100.518157,13.684682],[100.518264,13.684704],[100.518302,13.684754],[100.518295,13.68482],[100.518099,13.684968],[100.5181,13.685054],[100.518196,13.685067],[100.518232,13.68504],[100.518442,13.685098],[100.518564,13.685013],[100.519024,13.685558],[100.519261,13.685688],[100.519342,13.685749],[100.519657,13.685981],[100.519442,13.68611],[100.518851,13.686456],[100.518374,13.685725],[100.517896,13.686003],[100.518181,13.68645],[100.516992,13.686985],[100.516064,13.686007],[100.516018,13.685949],[100.516002,13.685876]]]]}},
{"type":"Feature","id":"osm-w199806287","properties":{"id":"osm-w199806287","osm_id":199806287,"osm_type":"way","name":null,"name_en":null,"class":"park","classes_all":["park"],"tags":{"leisure":"park"},"area_m2":9987.1,"size_band":"small","district":"อำเภอบางกรวย","district_en":"Bang Kruai District","district_osm_id":2688299,"province":"จังหวัดนนทบุรี","province_iso":"TH-12","multi_district":false,"reason_excluded":null,"reasons_all":[],"flags":[],"related_ids":{},"poi_inside":[],"opening_hours":null,"verification_mode":"continuous_gps","floor_level":null,"rep_point":[100.510745,13.810483]},"geometry":{"type":"MultiPolygon","coordinates":[[[[100.510058,13.809847],[100.510058,13.809801],[100.510098,13.809736],[100.510186,13.809618],[100.510233,13.809551],[100.51028,13.809483],[100.510341,13.809431],[100.510411,13.8094],[100.510493,13.80941],[100.510545,13.809448],[100.510581,13.809529],[100.510643,13.809713],[100.510675,13.80985],[100.510714,13.809972],[100.510761,13.810082],[100.510815,13.810209],[100.510931,13.81041],[100.511111,13.810669],[100.511704,13.811384],[100.511606,13.811429],[100.511123,13.811002],[100.511085,13.811033],[100.510579,13.810557],[100.510303,13.810273],[100.51018,13.810094],[100.510106,13.80997],[100.510075,13.809903],[100.510058,13.809847]]]]}},
{"type":"Feature","id":"osm-w199806288","properties":{"id":"osm-w199806288","osm_id":199806288,"osm_type":"way","name":null,"name_en":null,"class":"pitch","classes_all":["pitch"],"tags":{"leisure":"pitch","surface":"grass"},"area_m2":9692.5,"size_band":"small","district":"อำเภอบางกรวย","district_en":"Bang Kruai District","district_osm_id":2688299,"province":"จังหวัดนนทบุรี","province_iso":"TH-12","multi_district":false,"reason_excluded":null,"reasons_all":[],"flags":[],"related_ids":{},"poi_inside":[],"opening_hours":null,"verification_mode":"continuous_gps","floor_level":null,"rep_point":[100.505653,13.80875]},"geometry":{"type":"MultiPolygon","coordinates":[[[[100.505193,13.808269],[100.505916,13.808145],[100.506114,13.809232],[100.50539,13.809356],[100.505193,13.808269]]]]}},
{"type":"Feature","id":"osm-w199806289","properties":{"id":"osm-w199806289","osm_id":199806289,"osm_type":"way","name":null,"name_en":null,"class":"pitch","classes_all":["pitch"],"tags":{"leisure":"pitch","sport":"tennis"},"area_m2":3919.4,"size_band":"small","district":"อำเภอบางกรวย","district_en":"Bang Kruai District","district_osm_id":2688299,"province":"จังหวัดนนทบุรี","province_iso":"TH-12","multi_district":false,"reason_excluded":null,"reasons_all":[],"flags":[],"related_ids":{},"poi_inside":[],"opening_hours":null,"verification_mode":"continuous_gps","floor_level":null,"rep_point":[100.504768,13.808437]},"geometry":{"type":"MultiPolygon","coordinates":[[[[100.504419,13.808295],[100.50505,13.80819],[100.505162,13.808833],[100.504807,13.808892],[100.504756,13.808603],[100.504756,13.808603],[100.504707,13.808611],[100.504701,13.808578],[100.504476,13.808616],[100.504419,13.808295]]]]}},
{"type":"Feature","id":"osm-w200337705","properties":{"id":"osm-w200337705","osm_id":200337705,"osm_type":"way","name":null,"name_en":null,"class":"pitch","classes_all":["pitch"],"tags":{"leisure":"pitch"},"area_m2":8462.9,"size_band":"small","district":"อำเภอปากเกร็ด","district_en":"Pak Kret District","district_osm_id":2688301,"province":"จังหวัดนนทบุรี","province_iso":"TH-12","multi_district":false,"reason_excluded":null,"reasons_all":[],"flags":[],"related_ids":{},"poi_inside":[],"opening_hours":null,"verification_mode":"continuous_gps","floor_level":null,"rep_point":[100.457744,13.91748]},"geometry":{"type":"MultiPolygon","coordinates":[[[[100.457266,13.916943],[100.457771,13.916771],[100.458223,13.918017],[100.457718,13.91819],[100.457266,13.916943]]]]}},
{"type":"Feature","id":"osm-w203011799","properties":{"id":"osm-w203011799","osm_id":203011799,"osm_type":"way","name":"สวนหลวงพระราม 8","name_en":"Suan Luang Rama VIII Park","class":"park","classes_all":["park"],"tags":{"leisure":"park","name":"สวนหลวงพระราม 8","name:en":"Suan Luang Rama VIII Park","name:etymology:wikidata":"Q248893","name:th":"สวนหลวงพระราม 8","opening_hours":"05:00-21:00","website":"http://203.155.220.217/office/ppdd/publicpark/thai/2011/park24.asp","wikidata":"Q13022383","wikipedia":"th:สวนหลวงพระราม 8"},"area_m2":31263.8,"size_band":"medium","district":"เขตบางพลัด","district_en":"Bang Phlat District","district_osm_id":2942281,"province":"กรุงเทพมหานคร","province_iso":"TH-10","multi_district":false,"reason_excluded":null,"reasons_all":[],"flags":[],"related_ids":{},"poi_inside":[{"id":"osm-n2129707192","osm_id":2129707192,"tag":"historic=monument","name":"พระบรมราชานุสาวรีย์พระบาทสมเด็จพระเจ้าอยู่หัวอานันทมหิดล"}],"opening_hours":"05:00-21:00","verification_mode":"continuous_gps","floor_level":null,"rep_point":[100.495035,13.768436]},"geometry":{"type":"MultiPolygon","coordinates":[[[[100.49392,13.769315],[100.494354,13.769154],[100.494547,13.769086],[100.494956,13.768839],[100.494976,13.768811],[100.494973,13.768785],[100.494938,13.768746],[100.494863,13.768701],[100.494518,13.768227],[100.494408,13.768039],[100.49431,13.767871],[100.494247,13.767763],[100.494197,13.767678],[100.49413,13.767566],[100.494018,13.767379],[100.494136,13.767237],[100.494115,13.767194],[100.494085,13.767139],[100.494077,13.767112],[100.494088,13.767072],[100.494102,13.76703],[100.494192,13.76697],[100.494249,13.766913],[100.494368,13.766824],[100.494505,13.766846],[100.494669,13.767121],[100.49464,13.767145],[100.494894,13.767551],[100.495085,13.767926],[100.49514,13.767899],[100.495425,13.768423],[100.495376,13.768448],[100.495565,13.76883],[100.495604,13.768918],[100.495638,13.768989],[100.495755,13.769313],[100.495694,13.769346],[100.495638,13.769392],[100.495584,13.769436],[100.495488,13.769471],[100.494962,13.769735],[100.494925,13.769753],[100.494889,13.769772],[100.494868,13.769733],[100.494802,13.769766],[100.494814,13.769789],[100.494743,13.769824],[100.49475,13.769836],[100.494675,13.769873],[100.494686,13.769895],[100.494632,13.769922],[100.494603,13.769866],[100.494535,13.7699],[100.494549,13.769926],[100.494473,13.769964],[100.494483,13.769982],[100.494413,13.770017],[100.494422,13.770034],[100.494371,13.77006],[100.494348,13.770018],[100.494312,13.770036],[100.494302,13.770017],[100.49426,13.770038],[100.494156,13.769803],[100.494055,13.769597],[100.493938,13.76934],[100.49392,13.769315]]]]}},
{"type":"Feature","id":"osm-w207659121","properties":{"id":"osm-w207659121","osm_id":207659121,"osm_type":"way","name":"สวนพรรณภิรมย์","name_en":"Phanphirom Park","class":"park","classes_all":["park"],"tags":{"leisure":"park","name":"สวนพรรณภิรมย์","name:en":"Phanphirom Park","name:th":"สวนพรรณภิรมย์","opening_hours":"05:00-21:00","website":"http://203.155.220.217/office/ppdd/publicpark/thai/2011/park23.asp"},"area_m2":19969.8,"size_band":"medium","district":"เขตห้วยขวาง","district_en":"Huai Khwang District","district_osm_id":2938032,"province":"กรุงเทพมหานคร","province_iso":"TH-10","multi_district":false,"reason_excluded":null,"reasons_all":[],"flags":[],"related_ids":{},"poi_inside":[],"opening_hours":"05:00-21:00","verification_mode":"continuous_gps","floor_level":null,"rep_point":[100.591952,13.751351]},"geometry":{"type":"MultiPolygon","coordinates":[[[[100.590537,13.75212],[100.590594,13.752053],[100.590793,13.751898],[100.591026,13.751646],[100.59117,13.751428],[100.591353,13.751125],[100.591469,13.750865],[100.59214,13.750706],[100.592596,13.750558],[100.592839,13.750571],[100.592928,13.750855],[100.592936,13.750969],[100.592908,13.751099],[100.592851,13.7512],[100.592789,13.751273],[100.592574,13.751436],[100.592225,13.751548],[100.591962,13.751641],[100.591914,13.751626],[100.591844,13.751668],[100.591781,13.751705],[100.591682,13.751798],[100.591654,13.751836],[100.590713,13.752159],[100.590594,13.752177],[100.590546,13.752167],[100.590537,13.75212]]]]}},
{"type":"Feature","id":"osm-w207797224","properties":{"id":"osm-w207797224","osm_id":207797224,"osm_type":"way","name":"ตลาดพิชัย","name_en":null,"class":"marketplace","classes_all":["marketplace"],"tags":{"amenity":"marketplace","building":"roof","name":"ตลาดพิชัย"},"area_m2":16342.3,"size_band":"medium","district":"อำเภอปากเกร็ด","district_en":"Pak Kret District","district_osm_id":2688301,"province":"จังหวัดนนทบุรี","province_iso":"TH-12","multi_district":false,"reason_excluded":null,"reasons_all":[],"flags":[],"related_ids":{},"poi_inside":[],"opening_hours":null,"verification_mode":"continuous_gps","floor_level":null,"rep_point":[100.49593,13.914918]},"geometry":{"type":"MultiPolygon","coordinates":[[[[100.495123,13.915],[100.495741,13.914358],[100.495802,13.914318],[100.495887,13.914399],[100.496055,13.914399],[100.496301,13.914298],[100.496558,13.914501],[100.496708,13.914638],[100.496874,13.914464],[100.49692,13.914502],[100.496972,13.914547],[100.496732,13.914836],[100.496486,13.91511],[100.496579,13.915255],[100.496336,13.915638],[100.496077,13.915551],[100.495623,13.915378],[100.495123,13.915]]]]}},
{"type":"Feature","id":"osm-w208342681","properties":{"id":"osm-w208342681","osm_id":208342681,"osm_type":"way","name":"ตลาดสดเทศบาลเมืองบางบัวทอง","name_en":"Mueang Bang Bua Thong Market","class":"marketplace","classes_all":["marketplace"],"tags":{"amenity":"marketplace","name":"ตลาดสดเทศบาลเมืองบางบัวทอง","name:en":"Mueang Bang Bua Thong Market","name:th":"ตลาดสดเทศบาลเมืองบางบัวทอง"},"area_m2":3415.8,"size_band":"small","district":"อำเภอบางบัวทอง","district_en":"Bang Bua Thong District","district_osm_id":2689552,"province":"จังหวัดนนทบุรี","province_iso":"TH-12","multi_district":false,"reason_excluded":null,"reasons_all":[],"flags":[],"related_ids":{},"poi_inside":[],"opening_hours":null,"verification_mode":"continuous_gps","floor_level":null,"rep_point":[100.42064,13.917133]},"geometry":{"type":"MultiPolygon","coordinates":[[[[100.420076,13.917293],[100.420176,13.916902],[100.420874,13.917053],[100.420956,13.917071],[100.421171,13.917118],[100.421139,13.917182],[100.420991,13.917149],[100.420888,13.917337],[100.420473,13.917239],[100.420431,13.917376],[100.420076,13.917293]]]]}},
{"type":"Feature","id":"osm-w210643846","properties":{"id":"osm-w210643846","osm_id":210643846,"osm_type":"way","name":"สวนสมเด็จสราญราษฎร์มณีรมย์","name_en":null,"class":"park","classes_all":["park"],"tags":{"leisure":"park","name":"สวนสมเด็จสราญราษฎร์มณีรมย์","name:th":"สวนสมเด็จสราญราษฎร์มณีรมย์"},"area_m2":15823.7,"size_band":"medium","district":"เขตห้วยขวาง","district_en":"Huai Khwang District","district_osm_id":2938032,"province":"กรุงเทพมหานคร","province_iso":"TH-10","multi_district":false,"reason_excluded":null,"reasons_all":[],"flags":[],"related_ids":{},"poi_inside":[],"opening_hours":null,"verification_mode":"continuous_gps","floor_level":null,"rep_point":[100.590418,13.742768]},"geometry":{"type":"MultiPolygon","coordinates":[[[[100.589474,13.742585],[100.590172,13.742482],[100.590435,13.742388],[100.591169,13.742256],[100.591337,13.742951],[100.591306,13.74301],[100.589846,13.743356],[100.589778,13.743331],[100.58974,13.743283],[100.589474,13.742585]]]]}},
{"type":"Feature","id":"osm-w230891857","properties":{"id":"osm-w230891857","osm_id":230891857,"osm_type":"way","name":"สวนผักกาด","name_en":"Wang Suan Phakkat","class":"garden","classes_all":["garden"],"tags":{"barrier":"wall","leisure":"garden","name":"สวนผักกาด","name:en":"Wang Suan Phakkat","name:ja":"スアンパッカード宮殿","name:th":"สวนผักกาด","opening_hours":"Mo-Su 09:00-16:00","tourism":"museum","website":"http://www.suanpakkad.com/","wikidata":"Q493505","wikipedia":"en:Suan Pakkad Palace"},"area_m2":7419.1,"size_band":"small","district":"เขตราชเทวี","district_en":"Ratchathewi District","district_osm_id":92064,"province":"กรุงเทพมหานคร","province_iso":"TH-10","multi_district":false,"reason_excluded":null,"reasons_all":[],"flags":[],"related_ids":{"blockers":{"religious":{"ids":["osm-w1533007937"],"share":0.0}}},"poi_inside":[],"opening_hours":"Mo-Su 09:00-16:00","verification_mode":"continuous_gps","floor_level":null,"rep_point":[100.537179,13.756681]},"geometry":{"type":"MultiPolygon","coordinates":[[[[100.536623,13.756413],[100.537388,13.756229],[100.537741,13.75695],[100.537616,13.756979],[100.536958,13.757132],[100.536623,13.756413]]]]}},
{"type":"Feature","id":"osm-w231293478","properties":{"id":"osm-w231293478","osm_id":231293478,"osm_type":"way","name":"ไปรษณีย์กลาง","name_en":null,"class":"attraction","classes_all":["attraction"],"tags":{"addr:district":"บางรัก","addr:housename":"อาคารไปรษณีย์กลาง","addr:housename:en":"Grand Postal Building","addr:housename:th":"อาคารไปรษณีย์กลาง","addr:housenumber":"1160","addr:postcode":"10500","addr:province":"กรุงเทพมหานคร","addr:street":"ถนนเจริญกรุง","addr:subdistrict":"บางรัก","alt_name":"ไปรษณีย์กลาง บางรัก;ไปรษณีย์กลางบางรัก","alt_name:en":"General Post Office","alt_name:th":"ไปรษณีย์กลาง บางรัก;ไปรษณีย์กลางบางรัก","building":"civic","building:colour":"#5B553E","building:levels":"5","name":"ไปรษณีย์กลาง","name:th":"ไปรษณีย์กลาง","tourism":"attraction","wikidata":"Q29927930","wikimedia_commons":"Category:General Post Office, Bangkok","wikipedia":"th:อาคารไปรษณีย์กลาง"},"area_m2":3895.6,"size_band":"small","district":"เขตบางรัก","district_en":"Bang Rak District","district_osm_id":92061,"province":"กรุงเทพมหานคร","province_iso":"TH-10","multi_district":false,"reason_excluded":null,"reasons_all":[],"flags":[],"related_ids":{},"poi_inside":[],"opening_hours":null,"verification_mode":"continuous_gps","floor_level":null,"rep_point":[100.515306,13.727123]},"geometry":{"type":"MultiPolygon","coordinates":[[[[100.514951,13.727144],[100.514971,13.726926],[100.515325,13.726959],[100.515329,13.726924],[100.515384,13.726929],[100.515421,13.726932],[100.515441,13.726726],[100.515397,13.726721],[100.515405,13.726638],[100.515712,13.726667],[100.515707,13.726708],[100.515703,13.72675],[100.515658,13.726746],[100.515632,13.72701],[100.515669,13.727013],[100.51566,13.727102],[100.515651,13.727192],[100.515614,13.727188],[100.515587,13.727456],[100.515632,13.727461],[100.515627,13.727514],[100.515622,13.727568],[100.515315,13.727539],[100.515326,13.727432],[100.51537,13.727436],[100.515392,13.727221],[100.515355,13.727217],[100.5153,13.727212],[100.515303,13.727177],[100.514951,13.727144]]]]}},
{"type":"Feature","id":"osm-w231732621","properties":{"id":"osm-w231732621","osm_id":231732621,"osm_type":"way","name":"ตลาดยิ่งเจริญ","name_en":"Ying Charoen Market","class":"marketplace","classes_all":["marketplace"],"tags":{"addr:city":"บางเขน","addr:housenumber":"651","addr:postcode":"10220","addr:street":"ถนนพหลโยธิน","amenity":"marketplace","landuse":"retail","name":"ตลาดยิ่งเจริญ","name:de":"Ying Charoen Markt","name:en":"Ying Charoen Market","name:th":"ตลาดยิ่งเจริญ","phone":"+66 2 972 3405","website":"https://www.yingcharoen.co.th/"},"area_m2":23133.5,"size_band":"medium","district":"เขตบางเขน","district_en":"Bang Khen District","district_osm_id":2938030,"province":"กรุงเทพมหานคร","province_iso":"TH-10","multi_district":false,"reason_excluded":null,"reasons_all":[],"flags":[],"related_ids":{},"poi_inside":[],"opening_hours":null,"verification_mode":"continuous_gps","floor_level":null,"rep_point":[100.60821,13.897301]},"geometry":{"type":"MultiPolygon","coordinates":[[[[100.607431,13.896956],[100.608477,13.896039],[100.608535,13.896123],[100.608835,13.896517],[100.608253,13.897043],[100.608219,13.897074],[100.60871,13.897449],[100.609239,13.897153],[100.609712,13.897921],[100.609774,13.897996],[100.609919,13.89823],[100.609511,13.898475],[100.607431,13.896956]]]]}},
{"type":"Feature","id":"osm-w232643402","properties":{"id":"osm-w232643402","osm_id":232643402,"osm_type":"way","name":null,"name_en":null,"class":"garden","classes_all":["garden"],"tags":{"leisure":"garden"},"area_m2":19241.8,"size_band":"medium","district":"เขตบางกะปิ","district_en":"Bang Kapi District","district_osm_id":2939952,"province":"กรุงเทพมหานคร","province_iso":"TH-10","multi_district":false,"reason_excluded":null,"reasons_all":[],"flags":[],"related_ids":{},"poi_inside":[],"opening_hours":null,"verification_mode":"continuous_gps","floor_level":null,"rep_point":[100.6237,13.759204]},"geometry":{"type":"MultiPolygon","coordinates":[[[[100.623018,13.759741],[100.623075,13.759326],[100.623108,13.759082],[100.623127,13.758928],[100.623129,13.758806],[100.623127,13.758656],[100.62311,13.7585],[100.623652,13.758574],[100.623739,13.758582],[100.623966,13.758616],[100.624136,13.758634],[100.624223,13.758638],[100.624306,13.758648],[100.624353,13.758658],[100.624336,13.75907],[100.624231,13.759589],[100.624196,13.759777],[100.624157,13.759955],[100.624073,13.759979],[100.623438,13.759901],[100.623125,13.759855],[100.623022,13.759821],[100.623018,13.759741]]]]}},
{"type":"Feature","id":"osm-w232643404","properties":{"id":"osm-w232643404","osm_id":232643404,"osm_type":"way","name":null,"name_en":null,"class":"pitch","classes_all":["pitch"],"tags":{"leisure":"pitch","sport":"soccer"},"area_m2":8117.3,"size_band":"small","district":"เขตบางกะปิ","district_en":"Bang Kapi District","district_osm_id":2939952,"province":"กรุงเทพมหานคร","province_iso":"TH-10","multi_district":false,"reason_excluded":null,"reasons_all":[],"flags":[],"related_ids":{},"poi_inside":[],"opening_hours":null,"verification_mode":"continuous_gps","floor_level":null,"rep_point":[100.622156,13.755429]},"geometry":{"type":"MultiPolygon","coordinates":[[[[100.621724,13.755854],[100.621915,13.75488],[100.622588,13.755004],[100.622397,13.755978],[100.621724,13.755854]]]]}},
{"type":"Feature","id":"osm-w232643405","properties":{"id":"osm-w232643405","osm_id":232643405,"osm_type":"way","name":null,"name_en":null,"class":"pitch","classes_all":["pitch"],"tags":{"leisure":"pitch","sport":"archery"},"area_m2":6411.2,"size_band":"small","district":"เขตบางกะปิ","district_en":"Bang Kapi District","district_osm_id":2939952,"province":"กรุงเทพมหานคร","province_iso":"TH-10","multi_district":false,"reason_excluded":null,"reasons_all":[],"flags":[],"related_ids":{},"poi_inside":[],"opening_hours":null,"verification_mode":"continuous_gps","floor_level":null,"rep_point":[100.624764,13.755765]},"geometry":{"type":"MultiPolygon","coordinates":[[[[100.624426,13.756201],[100.624539,13.755264],[100.625102,13.755328],[100.624989,13.756266],[100.624426,13.756201]]]]}},
{"type":"Feature","id":"osm-w233726943","properties":{"id":"osm-w233726943","osm_id":233726943,"osm_type":"way","name":"สวนไม้เมืองนนท์","name_en":"Garden Nonthaburi","class":"park","classes_all":["park"],"tags":{"leisure":"park","name":"สวนไม้เมืองนนท์","name:en":"Garden Nonthaburi"},"area_m2":5233.3,"size_band":"small","district":"อำเภอปากเกร็ด","district_en":"Pak Kret District","district_osm_id":2688301,"province":"จังหวัดนนทบุรี","province_iso":"TH-12","multi_district":false,"reason_excluded":null,"reasons_all":[],"flags":[],"related_ids":{},"poi_inside":[{"id":"osm-n5373698161","osm_id":5373698161,"tag":"historic=memorial","name":"ทุเรียนเมืองนนท์"}],"opening_hours":null,"verification_mode":"continuous_gps","floor_level":null,"rep_point":[100.551035,13.930667]},"geometry":{"type":"MultiPolygon","coordinates":[[[[100.550563,13.930601],[100.551037,13.930196],[100.551523,13.930732],[100.551206,13.93091],[100.551047,13.930999],[100.550889,13.931088],[100.550563,13.930601]]]]}},
{"type":"Feature","id":"osm-w23486019","properties":{"id":"osm-w23486019","osm_id":23486019,"osm_type":"way","name":"สวนสราญรมย์","name_en":"Saranrom Park","class":"park","classes_all":["park","attraction"],"tags":{"addr:district":"พระนคร","addr:postcode":"10200","addr:province":"กรุงเทพมหานคร","addr:street":"ถนนสนามไชย","addr:subdistrict":"พระบรมมหาราชวัง","contact:phone":"+66 2 221 0195","fee":"no","leisure":"park","name":"สวนสราญรมย์","name:en":"Saranrom Park","name:th":"สวนสราญรมย์","name:tr":"Saranrom Parkı","opening_hours":"Mo-Su 04:00-21:00","source":"Yahoo Aerial;OSM data;https://greener.bangkok.go.th/en/park/suan-saran-rom/","tourism":"attraction","website":"http://203.155.220.217/office/ppdd/publicpark/thai/2011/park03.asp","wikidata":"Q16304388","wikimedia_commons":"Category:Saranrom Park","wikipedia":"th:สวนสราญรมย์"},"area_m2":32249.3,"size_band":"medium","district":"เขตพระนคร","district_en":"Phra Nakhon District","district_osm_id":92053,"province":"กรุงเทพมหานคร","province_iso":"TH-10","multi_district":false,"reason_excluded":null,"reasons_all":[],"flags":["contains_religious_feature"],"related_ids":{"blockers":{"religious":{"ids":["osm-w342337807","osm-w784499669"],"share":0.0017}},"religious_blockers":["osm-w342337807","osm-w784499669"]},"poi_inside":[{"id":"osm-n4200510216","osm_id":4200510216,"tag":"historic=monument","name":"อนุสาวรีย์สมเด็จพระนางเจ้าสุนันทากุมารีรัตน์"}],"opening_hours":"Mo-Su 04:00-21:00","verification_mode":"continuous_gps","floor_level":null,"rep_point":[100.49527,13.748351]},"geometry":{"type":"MultiPolygon","coordinates":[[[[100.494397,13.749134],[100.494485,13.748621],[100.494633,13.747461],[100.495396,13.747433],[100.495426,13.747432],[100.495468,13.747431],[100.495949,13.747417],[100.496015,13.747453],[100.49602,13.748314],[100.49602,13.748336],[100.49602,13.748365],[100.496041,13.749278],[100.495549,13.749273],[100.495216,13.749241],[100.494397,13.749134]]]]}},
{"type":"Feature","id":"osm-w23487144","properties":{"id":"osm-w23487144","osm_id":23487144,"osm_type":"way","name":"อุทยานเบญจสิริ","name_en":"Benchasiri Park","class":"park","classes_all":["park"],"tags":{"addr:street":"ถนนสุขุมวิท","check_date":"2025-05-04","leisure":"park","name":"อุทยานเบญจสิริ","name:en":"Benchasiri Park","name:ja":"ベンジャスリ国立公園","name:ko":"벤타사리 공원","name:th":"อุทยานเบญจสิริ","name:zh":"本佳士理公園","opening_hours":"04:30-22:00","source":"local knowledge","website":"http://203.155.220.217/office/ppdd/publicpark/thai/2011/park12.asp","wikidata":"Q4889510"},"area_m2":41331.9,"size_band":"medium","district":"เขตคลองเตย","district_en":"Khlong Toei District","district_osm_id":2938033,"province":"กรุงเทพมหานคร","province_iso":"TH-10","multi_district":false,"reason_excluded":null,"reasons_all":[],"flags":[],"related_ids":{},"poi_inside":[],"opening_hours":"04:30-22:00","verification_mode":"continuous_gps","floor_level":null,"rep_point":[100.567515,13.730703]},"geometry":{"type":"MultiPolygon","coordinates":[[[[100.566042,13.729608],[100.56677,13.729097],[100.566885,13.729298],[100.567169,13.729137],[100.567213,13.729221],[100.567361,13.729137],[100.568518,13.731067],[100.568183,13.731298],[100.567849,13.731649],[100.567621,13.731811],[100.567483,13.731903],[100.56747,13.731882],[100.566972,13.731089],[100.566501,13.730339],[100.566042,13.729608]]]]}},
{"type":"Feature","id":"osm-w23630232","properties":{"id":"osm-w23630232","osm_id":23630232,"osm_type":"way","name":"สนามหลวง","name_en":"Sanam Luang","class":"park","classes_all":["park"],"tags":{"alt_name":"ท้องสนามหลวง","alt_name:th":"ท้องสนามหลวง","designation":"Sanam Luang","leisure":"park","name":"สนามหลวง","name:en":"Sanam Luang","name:ja":"サナーム・ルアン","name:th":"สนามหลวง","name:tr":"Sanam Luang Parkı","old_name":"ทุ่งพระเมรุ","old_name:en":"Thung Phra Meru","old_name:th":"ทุ่งพระเมรุ","source":"Bing","wikidata":"Q767544","wikimedia_commons":"Category:Sanam Luang","wikipedia":"th:ท้องสนามหลวง"},"area_m2":109955.3,"size_band":"large","district":"เขตพระนคร","district_en":"Phra Nakhon District","district_osm_id":92053,"province":"กรุงเทพมหานคร","province_iso":"TH-10","multi_district":false,"reason_excluded":null,"reasons_all":[],"flags":[],"related_ids":{},"poi_inside":[{"id":"osm-n7325212373","osm_id":7325212373,"tag":"historic=memorial","name":null}],"opening_hours":null,"verification_mode":"continuous_gps","floor_level":null,"rep_point":[100.493056,13.755126]},"geometry":{"type":"MultiPolygon","coordinates":[[[[100.491674,13.753504],[100.491676,13.753355],[100.491703,13.753224],[100.491754,13.753069],[100.491862,13.75289],[100.491967,13.752777],[100.4921,13.752675],[100.492202,13.752615],[100.492323,13.752558],[100.492477,13.752526],[100.49266,13.752514],[100.492835,13.752545],[100.492985,13.752592],[100.493148,13.752689],[100.493244,13.752786],[100.493286,13.75283],[100.493387,13.752965],[100.493474,13.753164],[100.493524,13.753349],[100.493947,13.754923],[100.494117,13.75553],[100.49416,13.755685],[100.494192,13.755798],[100.494259,13.756035],[100.49445,13.756757],[100.494465,13.756884],[100.494463,13.756986],[100.494449,13.757087],[100.494424,13.757182],[100.494335,13.757376],[100.494169,13.757574],[100.494006,13.757691],[100.493722,13.757793],[100.493531,13.757809],[100.493403,13.757798],[100.493354,13.757789],[100.49309,13.75769],[100.492885,13.757535],[100.492744,13.757349],[100.492657,13.757134],[100.492638,13.757031],[100.492581,13.756822],[100.492576,13.756805],[100.492426,13.756266],[100.492398,13.756162],[100.492376,13.756011],[100.492189,13.755421],[100.492163,13.755329],[100.491695,13.753635],[100.491674,13.753504]]]]}},
{"type":"Feature","id":"osm-w241865727","properties":{"id":"osm-w241865727","osm_id":241865727,"osm_type":"way","name":"บ้าน ม.ร.ว.คึกฤทธิ์ ปราโมช","name_en":"M.R. Kukrit's Heritage Home","class":"garden","classes_all":["garden"],"tags":{"alt_name":"บ้านซอยสวนพลู","alt_name:en":"M.R. Kukrit's House","leisure":"garden","name":"บ้าน ม.ร.ว.คึกฤทธิ์ ปราโมช","name:en":"M.R. Kukrit's Heritage Home","phone":"+6622868185","tourism":"museum","wikidata":"Q6579813","wikimedia_commons":"Category:M.R. Kukrit's Heritage Home","wikipedia":"en:M.R. Kukrit's House"},"area_m2":14953.5,"size_band":"medium","district":"เขตสาทร","district_en":"Sathon District","district_osm_id":3147425,"province":"กรุงเทพมหานคร","province_iso":"TH-10","multi_district":false,"reason_excluded":null,"reasons_all":[],"flags":[],"related_ids":{},"poi_inside":[],"opening_hours":null,"verification_mode":"continuous_gps","floor_level":null,"rep_point":[100.533616,13.719782]},"geometry":{"type":"MultiPolygon","coordinates":[[[[100.533061,13.719899],[100.533469,13.718936],[100.534064,13.719199],[100.534292,13.719299],[100.534323,13.719312],[100.534172,13.719665],[100.533708,13.720752],[100.5335,13.720692],[100.53347,13.72068],[100.533232,13.720555],[100.533443,13.720061],[100.533061,13.719899]]]]}},
{"type":"Feature","id":"osm-w241879479","properties":{"id":"osm-w241879479","osm_id":241879479,"osm_type":"way","name":null,"name_en":null,"class":"historic","classes_all":["historic"],"tags":{"historic":"memorial","memorial":"war_memorial"},"area_m2":4224.7,"size_band":"small","district":"เขตป้อมปราบศัตรูพ่าย","district_en":"Pom Prap Sattru Phai District","district_osm_id":92058,"province":"กรุงเทพมหานคร","province_iso":"TH-10","multi_district":false,"reason_excluded":null,"reasons_all":[],"flags":["review_required"],"related_ids":{"review_reasons":["monument_area"]},"poi_inside":[],"opening_hours":null,"verification_mode":"continuous_gps","floor_level":null,"rep_point":[100.513561,13.742177]},"geometry":{"type":"MultiPolygon","coordinates":[[[[100.513219,13.742188],[100.513235,13.742084],[100.513284,13.741991],[100.513342,13.741935],[100.51336,13.741917],[100.513375,13.741909],[100.513408,13.741893],[100.513455,13.741869],[100.513562,13.741852],[100.513682,13.741876],[100.513729,13.741899],[100.513764,13.741916],[100.51384,13.74199],[100.513892,13.742094],[100.513897,13.742136],[100.5139,13.742165],[100.513905,13.742209],[100.513877,13.742321],[100.51381,13.742417],[100.513792,13.74243],[100.513761,13.742452],[100.513736,13.74247],[100.513714,13.742485],[100.5136,13.742518],[100.513481,13.74251],[100.513464,13.742503],[100.513416,13.742483],[100.51339,13.742472],[100.513372,13.742464],[100.513286,13.742384],[100.513236,13.742291],[100.513232,13.742265],[100.513225,13.742221],[100.513219,13.742188]]]]}},
{"type":"Feature","id":"osm-w243728698","properties":{"id":"osm-w243728698","osm_id":243728698,"osm_type":"way","name":null,"name_en":null,"class":"garden","classes_all":["garden"],"tags":{"barrier":"wall","leisure":"garden"},"area_m2":41601.3,"size_band":"medium","district":"เขตปทุมวัน","district_en":"Pathum Wan District","district_osm_id":92063,"province":"กรุงเทพมหานคร","province_iso":"TH-10","multi_district":false,"reason_excluded":null,"reasons_all":[],"flags":[],"related_ids":{"blockers":{"diplomatic":{"ids":["osm-r18120625","osm-w332655879"],"share":0.0175}}},"poi_inside":[],"opening_hours":null,"verification_mode":"continuous_gps","floor_level":null,"rep_point":[100.545955,13.740675]},"geometry":{"type":"MultiPolygon","coordinates":[[[[100.544858,13.739923],[100.546217,13.739708],[100.546739,13.739624],[100.547045,13.741426],[100.545184,13.741736],[100.544858,13.739923]]]]}},
{"type":"Feature","id":"osm-w243741327","properties":{"id":"osm-w243741327","osm_id":243741327,"osm_type":"way","name":null,"name_en":null,"class":"pitch","classes_all":["pitch"],"tags":{"leisure":"pitch","lit":"yes","sport":"cricket","surface":"grass"},"area_m2":14705.2,"size_band":"medium","district":"เขตปทุมวัน","district_en":"Pathum Wan District","district_osm_id":92063,"province":"กรุงเทพมหานคร","province_iso":"TH-10","multi_district":false,"reason_excluded":null,"reasons_all":[],"flags":[],"related_ids":{},"poi_inside":[],"opening_hours":null,"verification_mode":"continuous_gps","floor_level":null,"rep_point":[100.536963,13.737895]},"geometry":{"type":"MultiPolygon","coordinates":[[[[100.536347,13.7374],[100.537522,13.737332],[100.537572,13.73839],[100.536413,13.738443],[100.536347,13.7374]]]]}},
{"type":"Feature","id":"osm-w243742812","properties":{"id":"osm-w243742812","osm_id":243742812,"osm_type":"way","name":"สวนป่าเฉลิมพระเกียรติ","name_en":"Chaloemprakiarti Forest Park","class":"park","classes_all":["park"],"tags":{"leisure":"park","name":"สวนป่าเฉลิมพระเกียรติ","name:en":"Chaloemprakiarti Forest Park","name:th":"สวนป่าเฉลิมพระเกียรติ"},"area_m2":26244.0,"size_band":"medium","district":"เขตคลองสาน","district_en":"Khlong San District","district_osm_id":3147280,"province":"กรุงเทพมหานคร","province_iso":"TH-10","multi_district":false,"reason_excluded":null,"reasons_all":[],"flags":[],"related_ids":{},"poi_inside":[{"id":"osm-n4429110690","osm_id":4429110690,"tag":"tourism=attraction","name":null}],"opening_hours":null,"verification_mode":"continuous_gps","floor_level":null,"rep_point":[100.509872,13.719992]},"geometry":{"type":"MultiPolygon","coordinates":[[[[100.508683,13.719635],[100.50872,13.719584],[100.508709,13.719555],[100.510652,13.719076],[100.510929,13.720138],[100.508987,13.720632],[100.508956,13.720372],[100.508922,13.72016],[100.508792,13.719847],[100.508683,13.719635]]]]}},
{"type":"Feature","id":"osm-w248621770","properties":{"id":"osm-w248621770","osm_id":248621770,"osm_type":"way","name":null,"name_en":null,"class":"park","classes_all":["park"],"tags":{"leisure":"park"},"area_m2":7828.6,"size_band":"small","district":"เขตคลองสามวา","district_en":"Khlong Sam Wa District","district_osm_id":2997412,"province":"กรุงเทพมหานคร","province_iso":"TH-10","multi_district":false,"reason_excluded":null,"reasons_all":[],"flags":[],"related_ids":{},"poi_inside":[],"opening_hours":null,"verification_mode":"continuous_gps","floor_level":null,"rep_point":[100.734861,13.876855]},"geometry":{"type":"MultiPolygon","coordinates":[[[[100.733594,13.876721],[100.733625,13.876448],[100.735379,13.876612],[100.735314,13.877157],[100.734625,13.876928],[100.734119,13.876782],[100.733594,13.876721]]]]}},
{"type":"Feature","id":"osm-w248621831","properties":{"id":"osm-w248621831","osm_id":248621831,"osm_type":"way","name":null,"name_en":null,"class":"park","classes_all":["park"],"tags":{"leisure":"park"},"area_m2":6884.7,"size_band":"small","district":"เขตคลองสามวา","district_en":"Khlong Sam Wa District","district_osm_id":2997412,"province":"กรุงเทพมหานคร","province_iso":"TH-10","multi_district":false,"reason_excluded":null,"reasons_all":[],"flags":[],"related_ids":{},"poi_inside":[],"opening_hours":null,"verification_mode":"continuous_gps","floor_level":null,"rep_point":[100.739403,13.876665]},"geometry":{"type":"MultiPolygon","coordinates":[[[[100.738817,13.876787],[100.738832,13.876309],[100.739987,13.876544],[100.739984,13.877054],[100.738817,13.876787]]]]}},
{"type":"Feature","id":"osm-w25053210","properties":{"id":"osm-w25053210","osm_id":25053210,"osm_type":"way","name":null,"name_en":null,"class":"pitch","classes_all":["pitch"],"tags":{"created_by":"Potlatch 0.9c","leisure":"pitch","sport":"soccer"},"area_m2":7756.4,"size_band":"small","district":"เขตคลองเตย","district_en":"Khlong Toei District","district_osm_id":2938033,"province":"กรุงเทพมหานคร","province_iso":"TH-10","multi_district":false,"reason_excluded":null,"reasons_all":[],"flags":[],"related_ids":{},"poi_inside":[],"opening_hours":null,"verification_mode":"continuous_gps","floor_level":null,"rep_point":[100.560513,13.715776]},"geometry":{"type":"MultiPolygon","coordinates":[[[[100.55992,13.715668],[100.560854,13.715292],[100.561107,13.715885],[100.560172,13.71626],[100.55992,13.715668]]]]}},
{"type":"Feature","id":"osm-w25053213","properties":{"id":"osm-w25053213","osm_id":25053213,"osm_type":"way","name":null,"name_en":null,"class":"pitch","classes_all":["pitch"],"tags":{"created_by":"Potlatch 0.9c","leisure":"pitch","sport":"soccer"},"area_m2":9172.3,"size_band":"small","district":"เขตคลองเตย","district_en":"Khlong Toei District","district_osm_id":2938033,"province":"กรุงเทพมหานคร","province_iso":"TH-10","multi_district":false,"reason_excluded":null,"reasons_all":[],"flags":[],"related_ids":{},"poi_inside":[],"opening_hours":null,"verification_mode":"continuous_gps","floor_level":null,"rep_point":[100.559727,13.71516]},"geometry":{"type":"MultiPolygon","coordinates":[[[[100.559098,13.715012],[100.560082,13.714634],[100.560356,13.715308],[100.559371,13.715686],[100.559098,13.715012]]]]}},
{"type":"Feature","id":"osm-w251467591","properties":{"id":"osm-w251467591","osm_id":251467591,"osm_type":"way","name":"ตลาคส้ม (1)","name_en":null,"class":"marketplace","classes_all":["marketplace"],"tags":{"amenity":"marketplace","building":"roof","name":"ตลาคส้ม (1)"},"area_m2":5338.2,"size_band":"small","district":"อำเภอลำลูกกา","district_en":"Lam Luk Ka District","district_osm_id":2913007,"province":"จังหวัดปทุมธานี","province_iso":"TH-13","multi_district":false,"reason_excluded":null,"reasons_all":[],"flags":[],"related_ids":{},"poi_inside":[],"opening_hours":null,"verification_mode":"continuous_gps","floor_level":null,"rep_point":[100.618939,13.961888]},"geometry":{"type":"MultiPolygon","coordinates":[[[[100.618391,13.96186],[100.618573,13.961462],[100.619445,13.961836],[100.619409,13.961916],[100.619491,13.961951],[100.619346,13.962269],[100.618391,13.96186]]]]}},
{"type":"Feature","id":"osm-w251467592","properties":{"id":"osm-w251467592","osm_id":251467592,"osm_type":"way","name":null,"name_en":null,"class":"marketplace","classes_all":["marketplace"],"tags":{"amenity":"marketplace"},"area_m2":4677.8,"size_band":"small","district":"อำเภอคลองหลวง","district_en":"Khlong Luang District","district_osm_id":2913006,"province":"จังหวัดปทุมธานี","province_iso":"TH-13","multi_district":false,"reason_excluded":null,"reasons_all":[],"flags":[],"related_ids":{},"poi_inside":[],"opening_hours":null,"verification_mode":"continuous_gps","floor_level":null,"rep_point":[100.614262,14.007258]},"geometry":{"type":"MultiPolygon","coordinates":[[[[100.613724,14.007034],[100.614772,14.007134],[100.614832,14.007526],[100.613738,14.007381],[100.613724,14.007034]]]]}},
{"type":"Feature","id":"osm-w255439481","properties":{"id":"osm-w255439481","osm_id":255439481,"osm_type":"way","name":null,"name_en":null,"class":"pitch","classes_all":["pitch"],"tags":{"leisure":"pitch"},"area_m2":8913.7,"size_band":"small","district":"อำเภอธัญบุรี","district_en":"Thanyaburi District","district_osm_id":2913012,"province":"จังหวัดปทุมธานี","province_iso":"TH-13","multi_district":false,"reason_excluded":null,"reasons_all":[],"flags":[],"related_ids":{},"poi_inside":[],"opening_hours":null,"verification_mode":"continuous_gps","floor_level":null,"rep_point":[100.67931,14.000608]},"geometry":{"type":"MultiPolygon","coordinates":[[[[100.67896,14.001152],[100.67898,14.000053],[100.679659,14.000065],[100.679639,14.001163],[100.67896,14.001152]]]]}},
{"type":"Feature","id":"osm-w256162460","properties":{"id":"osm-w256162460","osm_id":256162460,"osm_type":"way","name":"ตลาดน้ำตลิ่งชัน","name_en":"Taling Chan Floating Market","class":"marketplace","classes_all":["marketplace"],"tags":{"amenity":"marketplace","landuse":"retail","name":"ตลาดน้ำตลิ่งชัน","name:en":"Taling Chan Floating Market","name:th":"ตลาดน้ำตลิ่งชัน","url":"https://youtu.be/GE1Rv2v40M0","wikidata":"Q13014947","wikimedia_commons":"Category:Taling Chan Floating Market"},"area_m2":4423.5,"size_band":"small","district":"เขตตลิ่งชัน","district_en":"Taling Chan District","district_osm_id":2939954,"province":"กรุงเทพมหานคร","province_iso":"TH-10","multi_district":false,"reason_excluded":null,"reasons_all":[],"flags":[],"related_ids":{},"poi_inside":[],"opening_hours":null,"verification_mode":"continuous_gps","floor_level":null,"rep_point":[100.456574,13.776405]},"geometry":{"type":"MultiPolygon","coordinates":[[[[100.455572,13.777055],[100.456343,13.7764],[100.456445,13.776135],[100.456433,13.776049],[100.45637,13.775966],[100.456361,13.775953],[100.456202,13.775718],[100.456273,13.77569],[100.45645,13.775894],[100.456517,13.775984],[100.45698,13.776648],[100.456863,13.776729],[100.456593,13.77641],[100.455806,13.77707],[100.455748,13.777026],[100.455624,13.777126],[100.455572,13.777055]]]]}},
{"type":"Feature","id":"osm-w25714940","properties":{"id":"osm-w25714940","osm_id":25714940,"osm_type":"way","name":"พระปฐมบรมราชานุสรณ์เฉลิมพระเกียรติ","name_en":null,"class":"park","classes_all":["park"],"tags":{"leisure":"park","name":"พระปฐมบรมราชานุสรณ์เฉลิมพระเกียรติ"},"area_m2":8486.2,"size_band":"small","district":"เขตพระนคร","district_en":"Phra Nakhon District","district_osm_id":92053,"province":"กรุงเทพมหานคร","province_iso":"TH-10","multi_district":false,"reason_excluded":null,"reasons_all":[],"flags":[],"related_ids":{},"poi_inside":[{"id":"osm-n2367434259","osm_id":2367434259,"tag":"historic=monument","name":"ปฐมบรมราชานุสรณ์"}],"opening_hours":null,"verification_mode":"continuous_gps","floor_level":null,"rep_point":[100.498211,13.741141]},"geometry":{"type":"MultiPolygon","coordinates":[[[[100.497797,13.740903],[100.497797,13.740781],[100.497848,13.740649],[100.497881,13.740622],[100.497938,13.740575],[100.498051,13.740542],[100.498122,13.740543],[100.498144,13.740544],[100.49823,13.740573],[100.498314,13.74062],[100.498396,13.740725],[100.498626,13.741379],[100.498623,13.741467],[100.498618,13.741485],[100.498616,13.741496],[100.498606,13.741531],[100.498595,13.741574],[100.498586,13.741593],[100.498552,13.741664],[100.498541,13.741686],[100.498524,13.741722],[100.498487,13.741776],[100.498456,13.741796],[100.498398,13.741805],[100.498346,13.741795],[100.498293,13.741768],[100.498236,13.741736],[100.498201,13.741716],[100.498152,13.741687],[100.498117,13.741666],[100.498093,13.741652],[100.498034,13.741589],[100.497797,13.740903]]]]}},
{"type":"Feature","id":"osm-w260419169","properties":{"id":"osm-w260419169","osm_id":260419169,"osm_type":"way","name":null,"name_en":null,"class":"pitch","classes_all":["pitch"],"tags":{"leisure":"pitch","sport":"soccer"},"area_m2":3443.9,"size_band":"small","district":"อำเภอกำแพงแสน","district_en":"Kamphaeng Saen District","district_osm_id":18931389,"province":"จังหวัดนครปฐม","province_iso":"TH-73","multi_district":false,"reason_excluded":null,"reasons_all":[],"flags":[],"related_ids":{},"poi_inside":[],"opening_hours":null,"verification_mode":"continuous_gps","floor_level":null,"rep_point":[99.993844,14.01786]},"geometry":{"type":"MultiPolygon","coordinates":[[[[99.993451,14.01797],[99.993565,14.017571],[99.994236,14.017751],[99.994123,14.01815],[99.993451,14.01797]]]]}},
{"type":"Feature","id":"osm-w260608406","properties":{"id":"osm-w260608406","osm_id":260608406,"osm_type":"way","name":"ตลาดน้ำดอนหวาย","name_en":"Don Wai Market","class":"marketplace","classes_all":["marketplace"],"tags":{"amenity":"marketplace","name":"ตลาดน้ำดอนหวาย","name:en":"Don Wai Market","name:th":"ตลาดน้ำดอนหวาย","wikidata":"Q16353815","wikimedia_commons":"Category:Talat Nam Don Wai","wikipedia":"th:ตลาดน้ำดอนหวาย"},"area_m2":15474.6,"size_band":"medium","district":"อำเภอสามพราน","district_en":"Sam Phran District","district_osm_id":18931634,"province":"จังหวัดนครปฐม","province_iso":"TH-73","multi_district":false,"reason_excluded":null,"reasons_all":[],"flags":[],"related_ids":{"blockers":{"religious":{"ids":["osm-w260608411"],"share":0.0}}},"poi_inside":[],"opening_hours":null,"verification_mode":"continuous_gps","floor_level":null,"rep_point":[100.284126,13.770093]},"geometry":{"type":"MultiPolygon","coordinates":[[[[100.283292,13.771643],[100.28372,13.770733],[100.283632,13.770654],[100.283814,13.770169],[100.283863,13.77019],[100.283938,13.769981],[100.28405,13.770018],[100.284199,13.769545],[100.284222,13.769288],[100.284231,13.76879],[100.284301,13.768758],[100.284306,13.7687],[100.285255,13.768673],[100.285222,13.768556],[100.285972,13.768357],[100.285944,13.768682],[100.285191,13.768911],[100.285157,13.768807],[100.284755,13.768938],[100.284648,13.768946],[100.284667,13.769444],[100.284509,13.769471],[100.284314,13.770262],[100.284189,13.770246],[100.284093,13.77039],[100.28405,13.770467],[100.283995,13.770574],[100.283909,13.770739],[100.283418,13.771702],[100.283292,13.771643]]]]}},
{"type":"Feature","id":"osm-w261080062","properties":{"id":"osm-w261080062","osm_id":261080062,"osm_type":"way","name":null,"name_en":null,"class":"pitch","classes_all":["pitch"],"tags":{"leisure":"pitch"},"area_m2":6071.4,"size_band":"small","district":"เขตปทุมวัน","district_en":"Pathum Wan District","district_osm_id":92063,"province":"กรุงเทพมหานคร","province_iso":"TH-10","multi_district":false,"reason_excluded":null,"reasons_all":[],"flags":[],"related_ids":{},"poi_inside":[],"opening_hours":null,"verification_mode":"continuous_gps","floor_level":null,"rep_point":[100.535714,13.74044]},"geometry":{"type":"MultiPolygon","coordinates":[[[[100.535169,13.740047],[100.535651,13.739964],[100.535712,13.740298],[100.536147,13.740222],[100.536214,13.740583],[100.535296,13.740742],[100.535169,13.740047]]]]}},
{"type":"Feature","id":"osm-w26576748","properties":{"id":"osm-w26576748","osm_id":26576748,"osm_type":"way","name":"สวนธนบุรีรมย์","name_en":"Thonburirom Park","class":"park","classes_all":["park"],"tags":{"addr:postcode":"10140","addr:province":"กรุงเทพมหานคร","addr:street":"ถนนพุทธบูชา","leisure":"park","name":"สวนธนบุรีรมย์","name:en":"Thonburirom Park","name:th":"สวนธนบุรีรมย์","opening_hours":"05:00-21:00","website":"http://203.155.220.217/office/ppdd/publicpark/thai/2011/park16.asp"},"area_m2":101591.5,"size_band":"large","district":"เขตทุ่งครุ","district_en":"Thung Khru District","district_osm_id":3147104,"province":"กรุงเทพมหานคร","province_iso":"TH-10","multi_district":false,"reason_excluded":null,"reasons_all":[],"flags":["crosses_major_way"],"related_ids":{"blockers":{"education":{"ids":["osm-w420312611"],"share":0.0}},"major_ways":["osm-w207659190","osm-w207659191","osm-w207659192","osm-w207659193","osm-w207659195","osm-w207659196","osm-w207659197","osm-w207659198","osm-w207659199"]},"poi_inside":[],"opening_hours":"05:00-21:00","verification_mode":"continuous_gps","floor_level":null,"rep_point":[100.491223,13.652012]},"geometry":{"type":"MultiPolygon","coordinates":[[[[100.489141,13.650474],[100.490449,13.649829],[100.490494,13.649821],[100.490528,13.649822],[100.490562,13.649834],[100.490594,13.649858],[100.490933,13.650265],[100.491151,13.650128],[100.491289,13.650032],[100.491632,13.650458],[100.491635,13.650473],[100.491619,13.650487],[100.491586,13.650506],[100.491529,13.650535],[100.491134,13.650741],[100.491359,13.651099],[100.491486,13.651232],[100.492044,13.651511],[100.492141,13.651604],[100.492248,13.651692],[100.492686,13.652058],[100.493018,13.652366],[100.493293,13.652805],[100.493779,13.653418],[100.493101,13.653703],[100.49247,13.653965],[100.49196,13.654151],[100.491821,13.654202],[100.491699,13.653793],[100.491634,13.653591],[100.491792,13.65352],[100.491719,13.653356],[100.491538,13.652949],[100.491329,13.65304],[100.491116,13.652598],[100.490693,13.65278],[100.490405,13.652261],[100.489944,13.652355],[100.489797,13.651965],[100.489615,13.651546],[100.489498,13.651581],[100.489458,13.65133],[100.489524,13.651261],[100.489492,13.651162],[100.489141,13.650474]]]]}},
{"type":"Feature","id":"osm-w266782059","properties":{"id":"osm-w266782059","osm_id":266782059,"osm_type":"way","name":null,"name_en":null,"class":"garden","classes_all":["garden"],"tags":{"leisure":"garden"},"area_m2":3084.1,"size_band":"small","district":"เขตคลองสามวา","district_en":"Khlong Sam Wa District","district_osm_id":2997412,"province":"กรุงเทพมหานคร","province_iso":"TH-10","multi_district":false,"reason_excluded":null,"reasons_all":[],"flags":[],"related_ids":{},"poi_inside":[],"opening_hours":null,"verification_mode":"continuous_gps","floor_level":null,"rep_point":[100.710363,13.880935]},"geometry":{"type":"MultiPolygon","coordinates":[[[[100.710177,13.881413],[100.710189,13.880756],[100.710499,13.880762],[100.710581,13.881109],[100.710644,13.881424],[100.710177,13.881413]]]]}},
{"type":"Feature","id":"osm-w267657677","properties":{"id":"osm-w267657677","osm_id":267657677,"osm_type":"way","name":null,"name_en":null,"class":"garden","classes_all":["garden"],"tags":{"leisure":"garden"},"area_m2":3149.6,"size_band":"small","district":"เขตคลองสามวา","district_en":"Khlong Sam Wa District","district_osm_id":2997412,"province":"กรุงเทพมหานคร","province_iso":"TH-10","multi_district":false,"reason_excluded":null,"reasons_all":[],"flags":[],"related_ids":{},"poi_inside":[],"opening_hours":null,"verification_mode":"continuous_gps","floor_level":null,"rep_point":[100.712499,13.883567]},"geometry":{"type":"MultiPolygon","coordinates":[[[[100.711924,13.8836],[100.711948,13.883405],[100.71303,13.883466],[100.713041,13.883479],[100.713063,13.883545],[100.713076,13.883589],[100.713084,13.883623],[100.713107,13.883648],[100.713152,13.883703],[100.713202,13.883741],[100.711924,13.8836]]]]}},
{"type":"Feature","id":"osm-w283724937","properties":{"id":"osm-w283724937","osm_id":283724937,"osm_type":"way","name":"สวนเฉลิมพระเกียรติ 80 พรรษา","name_en":"Chaloem Phrakiat 80 Phansa Park","class":"park","classes_all":["park"],"tags":{"leisure":"park","name":"สวนเฉลิมพระเกียรติ 80 พรรษา","name:en":"Chaloem Phrakiat 80 Phansa Park","name:th":"สวนเฉลิมพระเกียรติ 80 พรรษา","name:th-Latn":"Suan Chaloem Phra Kian 80 Phansa Phra Bat Somdet Phra Jaoyuhua Sathorn","website":"https://greener.bangkok.go.th/park/suan-chaloem-phra-kian-80-phansa-phra-bat-somdet-phra-jao-yu-hua-sathorn/","wikidata":"Q132797683"},"area_m2":30072.5,"size_band":"medium","district":"เขตสาทร","district_en":"Sathon District","district_osm_id":3147425,"province":"กรุงเทพมหานคร","province_iso":"TH-10","multi_district":false,"reason_excluded":null,"reasons_all":[],"flags":["crosses_major_way"],"related_ids":{"major_ways":["osm-w496257238"]},"poi_inside":[],"opening_hours":null,"verification_mode":"continuous_gps","floor_level":null,"rep_point":[100.54247,13.718536]},"geometry":{"type":"MultiPolygon","coordinates":[[[[100.541139,13.718434],[100.541179,13.718369],[100.541218,13.718306],[100.541469,13.717904],[100.54161,13.717679],[100.541651,13.717613],[100.541706,13.717527],[100.54387,13.718638],[100.543905,13.718656],[100.54379,13.718811],[100.543752,13.71882],[100.543686,13.718835],[100.542763,13.71906],[100.542512,13.719514],[100.542021,13.719127],[100.541881,13.719016],[100.541543,13.718751],[100.541139,13.718434]]]]}},
{"type":"Feature","id":"osm-w28503938","properties":{"id":"osm-w28503938","osm_id":28503938,"osm_type":"way","name":"สนามฟุตบอล กกท.1","name_en":null,"class":"pitch","classes_all":["pitch"],"tags":{"leisure":"pitch","lit":"yes","name":"สนามฟุตบอล กกท.1","name:th":"สนามฟุตบอล กกท.1","sport":"soccer","surface":"grass"},"area_m2":7877.6,"size_band":"small","district":"เขตบางกะปิ","district_en":"Bang Kapi District","district_osm_id":2939952,"province":"กรุงเทพมหานคร","province_iso":"TH-10","multi_district":false,"reason_excluded":null,"reasons_all":[],"flags":[],"related_ids":{},"poi_inside":[],"opening_hours":null,"verification_mode":"continuous_gps","floor_level":null,"rep_point":[100.625554,13.759455]},"geometry":{"type":"MultiPolygon","coordinates":[[[[100.625169,13.759844],[100.625276,13.759014],[100.6253,13.758937],[100.625923,13.75901],[100.625941,13.759066],[100.625821,13.75995],[100.625787,13.759997],[100.625181,13.75993],[100.625169,13.759844]]]]}},
{"type":"Feature","id":"osm-w286360964","properties":{"id":"osm-w286360964","osm_id":286360964,"osm_type":"way","name":"สนามจินดารักษ์","name_en":"Jindarak Field","class":"pitch","classes_all":["pitch"],"tags":{"description":"football field","leisure":"pitch","name":"สนามจินดารักษ์","name:en":"Jindarak Field","name:th":"สนามจินดารักษ์","sport":"soccer"},"area_m2":5029.7,"size_band":"small","district":"เขตปทุมวัน","district_en":"Pathum Wan District","district_osm_id":92063,"province":"กรุงเทพมหานคร","province_iso":"TH-10","multi_district":false,"reason_excluded":null,"reasons_all":[],"flags":[],"related_ids":{},"poi_inside":[],"opening_hours":null,"verification_mode":"continuous_gps","floor_level":null,"rep_point":[100.526658,13.744581]},"geometry":{"type":"MultiPolygon","coordinates":[[[[100.526315,13.744247],[100.52686,13.744154],[100.526996,13.744914],[100.52686,13.744935],[100.52646,13.744996],[100.526315,13.744247]]]]}},
{"type":"Feature","id":"osm-w289160533","properties":{"id":"osm-w289160533","osm_id":289160533,"osm_type":"way","name":null,"name_en":null,"class":"garden","classes_all":["garden"],"tags":{"leisure":"garden"},"area_m2":3292.3,"size_band":"small","district":"อำเภอบางพลี","district_en":"Bang Phli District","district_osm_id":11580982,"province":"จังหวัดสมุทรปราการ","province_iso":"TH-11","multi_district":false,"reason_excluded":null,"reasons_all":[],"flags":[],"related_ids":{},"poi_inside":[],"opening_hours":null,"verification_mode":"continuous_gps","floor_level":null,"rep_point":[100.657044,13.658894]},"geometry":{"type":"MultiPolygon","coordinates":[[[[100.656797,13.659054],[100.65683,13.658474],[100.65711,13.658513],[100.657244,13.658714],[100.657283,13.658849],[100.657279,13.658939],[100.657175,13.659085],[100.657172,13.659174],[100.657082,13.659259],[100.656797,13.659054]]]]}},
{"type":"Feature","id":"osm-w301495801","properties":{"id":"osm-w301495801","osm_id":301495801,"osm_type":"way","name":"ตลาดคลอง12หกวา ","name_en":null,"class":"attraction","classes_all":["attraction"],"tags":{"alt_name":"ตลาดลำไทร","name":"ตลาดคลอง12หกวา ","name:th":"ตลาดคลอง12หกวา ","source":"survey","tourism":"attraction"},"area_m2":17458.1,"size_band":"medium","district":"อำเภอลำลูกกา","district_en":"Lam Luk Ka District","district_osm_id":2913007,"province":"จังหวัดปทุมธานี","province_iso":"TH-13","multi_district":false,"reason_excluded":null,"reasons_all":[],"flags":["crosses_major_way"],"related_ids":{"major_ways":["osm-w984422124"]},"poi_inside":[],"opening_hours":null,"verification_mode":"continuous_gps","floor_level":null,"rep_point":[100.863607,13.954406]},"geometry":{"type":"MultiPolygon","coordinates":[[[[100.861707,13.954315],[100.861765,13.95397],[100.865607,13.954497],[100.86557,13.954846],[100.863832,13.954658],[100.861707,13.954315]]]]}},
{"type":"Feature","id":"osm-w304838059","properties":{"id":"osm-w304838059","osm_id":304838059,"osm_type":"way","name":"บ้านพระอาทิตย์","name_en":"Ban Phra Athit","class":"historic","classes_all":["historic","attraction"],"tags":{"area":"yes","historic":"manor","name":"บ้านพระอาทิตย์","name:en":"Ban Phra Athit","tourism":"attraction"},"area_m2":3775.7,"size_band":"small","district":"เขตพระนคร","district_en":"Phra Nakhon District","district_osm_id":92053,"province":"กรุงเทพมหานคร","province_iso":"TH-10","multi_district":false,"reason_excluded":null,"reasons_all":[],"flags":[],"related_ids":{},"poi_inside":[],"opening_hours":null,"verification_mode":"continuous_gps","floor_level":null,"rep_point":[100.494789,13.762737]},"geometry":{"type":"MultiPolygon","coordinates":[[[[100.494486,13.762798],[100.494626,13.762625],[100.494523,13.762554],[100.494759,13.762276],[100.495085,13.762534],[100.494964,13.762675],[100.495175,13.762844],[100.494992,13.763037],[100.494902,13.763133],[100.494486,13.762798]]]]}},
{"type":"Feature","id":"osm-w310341873","properties":{"id":"osm-w310341873","osm_id":310341873,"osm_type":"way","name":null,"name_en":null,"class":"pitch","classes_all":["pitch"],"tags":{"leisure":"pitch"},"area_m2":8868.8,"size_band":"small","district":"เขตสาทร","district_en":"Sathon District","district_osm_id":3147425,"province":"กรุงเทพมหานคร","province_iso":"TH-10","multi_district":false,"reason_excluded":null,"reasons_all":[],"flags":[],"related_ids":{},"poi_inside":[],"opening_hours":null,"verification_mode":"continuous_gps","floor_level":null,"rep_point":[100.540721,13.715598]},"geometry":{"type":"MultiPolygon","coordinates":[[[[100.540083,13.715722],[100.54011,13.71567],[100.540403,13.715113],[100.540423,13.715076],[100.541332,13.715527],[100.541017,13.716125],[100.540992,13.716174],[100.540083,13.715722]]]]}},
{"type":"Feature","id":"osm-w314055477","properties":{"id":"osm-w314055477","osm_id":314055477,"osm_type":"way","name":null,"name_en":null,"class":"park","classes_all":["park"],"tags":{"leisure":"park"},"area_m2":3785.3,"size_band":"small","district":"อำเภอลำลูกกา","district_en":"Lam Luk Ka District","district_osm_id":2913007,"province":"จังหวัดปทุมธานี","province_iso":"TH-13","multi_district":false,"reason_excluded":null,"reasons_all":[],"flags":[],"related_ids":{},"poi_inside":[],"opening_hours":null,"verification_mode":"continuous_gps","floor_level":null,"rep_point":[100.693264,13.918611]},"geometry":{"type":"MultiPolygon","coordinates":[[[[100.692113,13.91866],[100.693083,13.918552],[100.693084,13.918563],[100.693686,13.918497],[100.693689,13.918523],[100.693972,13.918493],[100.693995,13.918787],[100.692933,13.918746],[100.692903,13.918706],[100.692403,13.918692],[100.692119,13.918678],[100.692113,13.91866]]]]}},
{"type":"Feature","id":"osm-w31579129","properties":{"id":"osm-w31579129","osm_id":31579129,"osm_type":"way","name":"สวนพฤกษชาติคลองจั่น","name_en":null,"class":"garden","classes_all":["garden"],"tags":{"garden:type":"botanical","leisure":"garden","name":"สวนพฤกษชาติคลองจั่น","name:th":"สวนพฤกษชาติคลองจั่น"},"area_m2":57688.4,"size_band":"large","district":"เขตบางกะปิ","district_en":"Bang Kapi District","district_osm_id":2939952,"province":"กรุงเทพมหานคร","province_iso":"TH-10","multi_district":false,"reason_excluded":null,"reasons_all":[],"flags":[],"related_ids":{"blockers":{"government":{"ids":["osm-w1216020586"],"share":0.0004}}},"poi_inside":[],"opening_hours":null,"verification_mode":"continuous_gps","floor_level":null,"rep_point":[100.64771,13.776425]},"geometry":{"type":"MultiPolygon","coordinates":[[[[100.646475,13.777047],[100.646509,13.777],[100.646864,13.776511],[100.646608,13.776339],[100.646954,13.775914],[100.647666,13.775104],[100.648121,13.774687],[100.649252,13.775511],[100.647678,13.778043],[100.646953,13.777622],[100.646597,13.777194],[100.646475,13.777047]]]]}},
{"type":"Feature","id":"osm-w316166705","properties":{"id":"osm-w316166705","osm_id":316166705,"osm_type":"way","name":"ตะวันนาบางกะปิ","name_en":"Tawanna shopping park","class":"marketplace","classes_all":["marketplace"],"tags":{"amenity":"marketplace","name":"ตะวันนาบางกะปิ","name:en":"Tawanna shopping park","name:th":"ตะวันนาบางกะปิ","opening_hours":"ทุกวัน 10.00 - 22.00"},"area_m2":29146.5,"size_band":"medium","district":"เขตบางกะปิ","district_en":"Bang Kapi District","district_osm_id":2939952,"province":"กรุงเทพมหานคร","province_iso":"TH-10","multi_district":false,"reason_excluded":null,"reasons_all":[],"flags":["crosses_major_way"],"related_ids":{"blockers":{"government":{"ids":["osm-w316166738"],"share":0.0}},"major_ways":["osm-w157787699"]},"poi_inside":[],"opening_hours":"ทุกวัน 10.00 - 22.00","verification_mode":"continuous_gps","floor_level":null,"rep_point":[100.641301,13.766611]},"geometry":{"type":"MultiPolygon","coordinates":[[[[100.640731,13.768405],[100.640755,13.768224],[100.641045,13.7652],[100.641075,13.765203],[100.641617,13.765264],[100.641683,13.764657],[100.64169,13.764617],[100.641896,13.764625],[100.641555,13.767959],[100.640731,13.768405]]]]}},
{"type":"Feature","id":"osm-w316630783","properties":{"id":"osm-w316630783","osm_id":316630783,"osm_type":"way","name":null,"name_en":null,"class":"park","classes_all":["park"],"tags":{"leisure":"park"},"area_m2":4893.5,"size_band":"small","district":"อำเภอเมืองสมุทรสาคร","district_en":"Mueang Samut Sakhon District","district_osm_id":18935071,"province":"จังหวัดสมุทรสาคร","province_iso":"TH-74","multi_district":false,"reason_excluded":null,"reasons_all":[],"flags":[],"related_ids":{},"poi_inside":[],"opening_hours":null,"verification_mode":"continuous_gps","floor_level":null,"rep_point":[100.343659,13.563708]},"geometry":{"type":"MultiPolygon","coordinates":[[[[100.343228,13.56404],[100.343252,13.563946],[100.343365,13.563743],[100.343445,13.563573],[100.343437,13.563352],[100.34396,13.563347],[100.343958,13.563519],[100.34395,13.563672],[100.343864,13.563915],[100.343735,13.564105],[100.343252,13.56409],[100.343228,13.56404]]]]}},
{"type":"Feature","id":"osm-w316630785","properties":{"id":"osm-w316630785","osm_id":316630785,"osm_type":"way","name":null,"name_en":null,"class":"park","classes_all":["park"],"tags":{"leisure":"park"},"area_m2":4907.0,"size_band":"small","district":"อำเภอเมืองสมุทรสาคร","district_en":"Mueang Samut Sakhon District","district_osm_id":18935071,"province":"จังหวัดสมุทรสาคร","province_iso":"TH-74","multi_district":false,"reason_excluded":null,"reasons_all":[],"flags":[],"related_ids":{},"poi_inside":[],"opening_hours":null,"verification_mode":"continuous_gps","floor_level":null,"rep_point":[100.343124,13.564243]},"geometry":{"type":"MultiPolygon","coordinates":[[[[100.342617,13.56452],[100.342708,13.564515],[100.342708,13.564418],[100.342632,13.564418],[100.34263,13.564051],[100.342724,13.564048],[100.342729,13.564101],[100.34293,13.564106],[100.342937,13.563867],[100.343164,13.563873],[100.343118,13.563985],[100.343118,13.564087],[100.343142,13.564158],[100.343695,13.564165],[100.343539,13.564322],[100.343376,13.56445],[100.34314,13.564543],[100.3427,13.564593],[100.342649,13.564593],[100.342622,13.564562],[100.342617,13.56452]]]]}},
{"type":"Feature","id":"osm-w316630790","properties":{"id":"osm-w316630790","osm_id":316630790,"osm_type":"way","name":null,"name_en":null,"class":"park","classes_all":["park"],"tags":{"leisure":"park"},"area_m2":6313.5,"size_band":"small","district":"อำเภอเมืองสมุทรสาคร","district_en":"Mueang Samut Sakhon District","district_osm_id":18935071,"province":"จังหวัดสมุทรสาคร","province_iso":"TH-74","multi_district":false,"reason_excluded":null,"reasons_all":[],"flags":[],"related_ids":{},"poi_inside":[],"opening_hours":null,"verification_mode":"continuous_gps","floor_level":null,"rep_point":[100.34189,13.564302]},"geometry":{"type":"MultiPolygon","coordinates":[[[[100.341251,13.564434],[100.341447,13.564098],[100.341847,13.5641],[100.341847,13.564144],[100.342416,13.564137],[100.342453,13.56417],[100.342447,13.564567],[100.342426,13.564593],[100.341769,13.564606],[100.341745,13.564575],[100.341412,13.56458],[100.341308,13.564567],[100.341257,13.564515],[100.341251,13.564434]]]]}},
{"type":"Feature","id":"osm-w316630795","properties":{"id":"osm-w316630795","osm_id":316630795,"osm_type":"way","name":null,"name_en":null,"class":"park","classes_all":["park"],"tags":{"leisure":"park"},"area_m2":3356.7,"size_band":"small","district":"อำเภอเมืองสมุทรสาคร","district_en":"Mueang Samut Sakhon District","district_osm_id":18935071,"province":"จังหวัดสมุทรสาคร","province_iso":"TH-74","multi_district":false,"reason_excluded":null,"reasons_all":[],"flags":[],"related_ids":{},"poi_inside":[],"opening_hours":null,"verification_mode":"continuous_gps","floor_level":null,"rep_point":[100.342055,13.561564]},"geometry":{"type":"MultiPolygon","coordinates":[[[[100.341597,13.561357],[100.342233,13.561425],[100.342678,13.561704],[100.341713,13.561777],[100.341597,13.561357]]]]}},
{"type":"Feature","id":"osm-w316630821","properties":{"id":"osm-w316630821","osm_id":316630821,"osm_type":"way","name":null,"name_en":null,"class":"park","classes_all":["park"],"tags":{"leisure":"park"},"area_m2":11477.0,"size_band":"medium","district":"อำเภอเมืองสมุทรสาคร","district_en":"Mueang Samut Sakhon District","district_osm_id":18935071,"province":"จังหวัดสมุทรสาคร","province_iso":"TH-74","multi_district":false,"reason_excluded":null,"reasons_all":[],"flags":[],"related_ids":{},"poi_inside":[],"opening_hours":null,"verification_mode":"continuous_gps","floor_level":null,"rep_point":[100.343338,13.561812]},"geometry":{"type":"MultiPolygon","coordinates":[[[[100.342268,13.561219],[100.343571,13.561221],[100.343815,13.562603],[100.343317,13.562624],[100.343354,13.562231],[100.343349,13.562095],[100.343266,13.561972],[100.342734,13.561652],[100.342461,13.561357],[100.342268,13.561219]]]]}},
{"type":"Feature","id":"osm-w316665001","properties":{"id":"osm-w316665001","osm_id":316665001,"osm_type":"way","name":"Football","name_en":null,"class":"pitch","classes_all":["pitch"],"tags":{"leisure":"pitch","name":"Football","sport":"soccer"},"area_m2":10052.0,"size_band":"medium","district":"อำเภอเมืองสมุทรสาคร","district_en":"Mueang Samut Sakhon District","district_osm_id":18935071,"province":"จังหวัดสมุทรสาคร","province_iso":"TH-74","multi_district":false,"reason_excluded":null,"reasons_all":[],"flags":[],"related_ids":{"blockers":{"education":{"ids":["osm-r4264776"],"share":0.0}}},"poi_inside":[],"opening_hours":null,"verification_mode":"continuous_gps","floor_level":null,"rep_point":[100.351985,13.566175]},"geometry":{"type":"MultiPolygon","coordinates":[[[[100.351637,13.566548],[100.351672,13.565773],[100.351697,13.565664],[100.351759,13.565569],[100.351851,13.565501],[100.351961,13.565467],[100.352103,13.565479],[100.352205,13.56553],[100.352284,13.565613],[100.352328,13.565716],[100.352336,13.565802],[100.352294,13.566576],[100.352269,13.566685],[100.352207,13.566778],[100.352117,13.566846],[100.351996,13.56688],[100.351882,13.566871],[100.351778,13.566825],[100.351697,13.566747],[100.351648,13.566647],[100.351637,13.566548]]]]}},
{"type":"Feature","id":"osm-w316667432","properties":{"id":"osm-w316667432","osm_id":316667432,"osm_type":"way","name":null,"name_en":null,"class":"pitch","classes_all":["pitch"],"tags":{"leisure":"pitch"},"area_m2":8643.0,"size_band":"small","district":"อำเภอเมืองสมุทรสาคร","district_en":"Mueang Samut Sakhon District","district_osm_id":18935071,"province":"จังหวัดสมุทรสาคร","province_iso":"TH-74","multi_district":false,"reason_excluded":null,"reasons_all":[],"flags":[],"related_ids":{"blockers":{"education":{"ids":["osm-r4264776"],"share":0.0}}},"poi_inside":[],"opening_hours":null,"verification_mode":"continuous_gps","floor_level":null,"rep_point":[100.350886,13.565569]},"geometry":{"type":"MultiPolygon","coordinates":[[[[100.350504,13.566065],[100.350573,13.56503],[100.351267,13.565073],[100.351199,13.566108],[100.350504,13.566065]]]]}},
{"type":"Feature","id":"osm-w316667435","properties":{"id":"osm-w316667435","osm_id":316667435,"osm_type":"way","name":null,"name_en":null,"class":"pitch","classes_all":["pitch"],"tags":{"leisure":"pitch"},"area_m2":9426.1,"size_band":"small","district":"อำเภอเมืองสมุทรสาคร","district_en":"Mueang Samut Sakhon District","district_osm_id":18935071,"province":"จังหวัดสมุทรสาคร","province_iso":"TH-74","multi_district":false,"reason_excluded":null,"reasons_all":[],"flags":[],"related_ids":{"blockers":{"education":{"ids":["osm-r4264776"],"share":0.0}}},"poi_inside":[],"opening_hours":null,"verification_mode":"continuous_gps","floor_level":null,"rep_point":[100.350809,13.566695]},"geometry":{"type":"MultiPolygon","coordinates":[[[[100.35042,13.567233],[100.350502,13.566109],[100.351199,13.566157],[100.351117,13.567281],[100.35042,13.567233]]]]}},
{"type":"Feature","id":"osm-w316712545","properties":{"id":"osm-w316712545","osm_id":316712545,"osm_type":"way","name":null,"name_en":null,"class":"park","classes_all":["park"],"tags":{"leisure":"park"},"area_m2":3088.7,"size_band":"small","district":"อำเภอเมืองสมุทรสาคร","district_en":"Mueang Samut Sakhon District","district_osm_id":18935071,"province":"จังหวัดสมุทรสาคร","province_iso":"TH-74","multi_district":false,"reason_excluded":null,"reasons_all":[],"flags":[],"related_ids":{},"poi_inside":[],"opening_hours":null,"verification_mode":"continuous_gps","floor_level":null,"rep_point":[100.340465,13.55916]},"geometry":{"type":"MultiPolygon","coordinates":[[[[100.340235,13.55888],[100.340672,13.558867],[100.340712,13.559441],[100.34024,13.559441],[100.340235,13.55888]]]]}},
{"type":"Feature","id":"osm-w316712556","properties":{"id":"osm-w316712556","osm_id":316712556,"osm_type":"way","name":null,"name_en":null,"class":"park","classes_all":["park"],"tags":{"leisure":"park"},"area_m2":10243.9,"size_band":"medium","district":"อำเภอเมืองสมุทรสาคร","district_en":"Mueang Samut Sakhon District","district_osm_id":18935071,"province":"จังหวัดสมุทรสาคร","province_iso":"TH-74","multi_district":false,"reason_excluded":null,"reasons_all":[],"flags":[],"related_ids":{},"poi_inside":[],"opening_hours":null,"verification_mode":"continuous_gps","floor_level":null,"rep_point":[100.341132,13.560835]},"geometry":{"type":"MultiPolygon","coordinates":[[[[100.339382,13.56021],[100.340892,13.560202],[100.341143,13.560789],[100.341288,13.561154],[100.341374,13.561417],[100.341379,13.561441],[100.341339,13.561436],[100.341132,13.56088],[100.341068,13.560781],[100.341014,13.560758],[100.340915,13.560758],[100.340904,13.560708],[100.339402,13.560706],[100.339385,13.560677],[100.339382,13.56021]]]]}},
{"type":"Feature","id":"osm-w316716291","properties":{"id":"osm-w316716291","osm_id":316716291,"osm_type":"way","name":null,"name_en":null,"class":"park","classes_all":["park"],"tags":{"leisure":"park"},"area_m2":3379.9,"size_band":"small","district":"อำเภอเมืองสมุทรสาคร","district_en":"Mueang Samut Sakhon District","district_osm_id":18935071,"province":"จังหวัดสมุทรสาคร","province_iso":"TH-74","multi_district":false,"reason_excluded":null,"reasons_all":[],"flags":["crosses_major_way"],"related_ids":{"major_ways":["osm-w316905159"]},"poi_inside":[],"opening_hours":null,"verification_mode":"continuous_gps","floor_level":null,"rep_point":[100.341255,13.554573]},"geometry":{"type":"MultiPolygon","coordinates":[[[[100.340919,13.55438],[100.342248,13.554766],[100.342373,13.554846],[100.342405,13.554919],[100.342324,13.554836],[100.34218,13.554794],[100.340932,13.554771],[100.340919,13.55438]]]]}},
{"type":"Feature","id":"osm-w316905161","properties":{"id":"osm-w316905161","osm_id":316905161,"osm_type":"way","name":null,"name_en":null,"class":"park","classes_all":["park"],"tags":{"leisure":"park"},"area_m2":3174.4,"size_band":"small","district":"อำเภอเมืองสมุทรสาคร","district_en":"Mueang Samut Sakhon District","district_osm_id":18935071,"province":"จังหวัดสมุทรสาคร","province_iso":"TH-74","multi_district":false,"reason_excluded":null,"reasons_all":[],"flags":[],"related_ids":{},"poi_inside":[],"opening_hours":null,"verification_mode":"continuous_gps","floor_level":null,"rep_point":[100.342758,13.557559]},"geometry":{"type":"MultiPolygon","coordinates":[[[[100.342184,13.557445],[100.343332,13.557442],[100.343332,13.557673],[100.34292,13.557674],[100.342184,13.557676],[100.342184,13.557445]]]]}},
{"type":"Feature","id":"osm-w316905174","properties":{"id":"osm-w316905174","osm_id":316905174,"osm_type":"way","name":null,"name_en":null,"class":"park","classes_all":["park"],"tags":{"leisure":"park"},"area_m2":6389.7,"size_band":"small","district":"อำเภอเมืองสมุทรสาคร","district_en":"Mueang Samut Sakhon District","district_osm_id":18935071,"province":"จังหวัดสมุทรสาคร","province_iso":"TH-74","multi_district":false,"reason_excluded":null,"reasons_all":[],"flags":["crosses_major_way"],"related_ids":{"major_ways":["osm-w316905159"]},"poi_inside":[],"opening_hours":null,"verification_mode":"continuous_gps","floor_level":null,"rep_point":[100.342067,13.55443]},"geometry":{"type":"MultiPolygon","coordinates":[[[[100.340927,13.554286],[100.342724,13.55428],[100.342815,13.554724],[100.342598,13.554718],[100.342604,13.554793],[100.342437,13.55482],[100.342346,13.554755],[100.342224,13.554706],[100.341831,13.554575],[100.340927,13.554286]]]]}},
{"type":"Feature","id":"osm-w316905450","properties":{"id":"osm-w316905450","osm_id":316905450,"osm_type":"way","name":null,"name_en":null,"class":"park","classes_all":["park"],"tags":{"leisure":"park"},"area_m2":3167.8,"size_band":"small","district":"อำเภอเมืองสมุทรสาคร","district_en":"Mueang Samut Sakhon District","district_osm_id":18935071,"province":"จังหวัดสมุทรสาคร","province_iso":"TH-74","multi_district":false,"reason_excluded":null,"reasons_all":[],"flags":[],"related_ids":{},"poi_inside":[],"opening_hours":null,"verification_mode":"continuous_gps","floor_level":null,"rep_point":[100.341303,13.551665]},"geometry":{"type":"MultiPolygon","coordinates":[[[[100.341131,13.551304],[100.341164,13.551257],[100.341466,13.551257],[100.341472,13.552057],[100.341182,13.552057],[100.341142,13.552026],[100.341131,13.551304]]]]}},
{"type":"Feature","id":"osm-w318460613","properties":{"id":"osm-w318460613","osm_id":318460613,"osm_type":"way","name":"ตลาดคุณยิ้ม","name_en":"Khun-Yim Market","class":"marketplace","classes_all":["marketplace"],"tags":{"amenity":"marketplace","name":"ตลาดคุณยิ้ม","name:en":"Khun-Yim Market","name:th":"ตลาดคุณยิ้ม"},"area_m2":3954.2,"size_band":"small","district":"เขตบางนา","district_en":"Bang Na District","district_osm_id":3146412,"province":"กรุงเทพมหานคร","province_iso":"TH-10","multi_district":false,"reason_excluded":null,"reasons_all":[],"flags":[],"related_ids":{},"poi_inside":[],"opening_hours":null,"verification_mode":"continuous_gps","floor_level":null,"rep_point":[100.61017,13.679471]},"geometry":{"type":"MultiPolygon","coordinates":[[[[100.60968,13.68001],[100.61009,13.679372],[100.610278,13.679132],[100.610436,13.678858],[100.610605,13.678871],[100.610477,13.679147],[100.610264,13.67957],[100.610161,13.679785],[100.609771,13.68021],[100.60968,13.68001]]]]}},
{"type":"Feature","id":"osm-w319158844","properties":{"id":"osm-w319158844","osm_id":319158844,"osm_type":"way","name":"สวนหลวงสแควร์","name_en":"Suanluang Square","class":"marketplace","classes_all":["marketplace"],"tags":{"amenity":"marketplace","landuse":"commercial","name":"สวนหลวงสแควร์","name:en":"Suanluang Square","name:th":"สวนหลวงสแควร์","operator":"สำนักงานจัดการทรัพย์สิน จุฬาลงกรณ์มหาวิทยาลัย","website":"https://pmcu.co.th/?page_id=9880"},"area_m2":15902.5,"size_band":"medium","district":"เขตปทุมวัน","district_en":"Pathum Wan District","district_osm_id":92063,"province":"กรุงเทพมหานคร","province_iso":"TH-10","multi_district":false,"reason_excluded":null,"reasons_all":[],"flags":[],"related_ids":{},"poi_inside":[],"opening_hours":null,"verification_mode":"continuous_gps","floor_level":null,"rep_point":[100.524758,13.742755]},"geometry":{"type":"MultiPolygon","coordinates":[[[[100.524222,13.742138],[100.525076,13.742005],[100.525331,13.743506],[100.524441,13.74362],[100.524386,13.743248],[100.524329,13.742859],[100.524298,13.742651],[100.52429,13.742598],[100.524281,13.742537],[100.524265,13.742424],[100.524249,13.742316],[100.524226,13.742159],[100.524222,13.742138]]]]}},
{"type":"Feature","id":"osm-w319366887","properties":{"id":"osm-w319366887","osm_id":319366887,"osm_type":"way","name":"สนามฟุตบอลเดอะซิตี้ เอฟ.ซี.","name_en":null,"class":"pitch","classes_all":["pitch"],"tags":{"leisure":"pitch","name":"สนามฟุตบอลเดอะซิตี้ เอฟ.ซี.","sport":"soccer"},"area_m2":6392.8,"size_band":"small","district":"เขตบางบอน","district_en":"Bang Bon District","district_osm_id":3147312,"province":"กรุงเทพมหานคร","province_iso":"TH-10","multi_district":false,"reason_excluded":null,"reasons_all":[],"flags":[],"related_ids":{},"poi_inside":[],"opening_hours":null,"verification_mode":"continuous_gps","floor_level":null,"rep_point":[100.414074,13.665821]},"geometry":{"type":"MultiPolygon","coordinates":[[[[100.413572,13.666089],[100.414116,13.665266],[100.414583,13.665552],[100.414025,13.66637],[100.413572,13.666089]]]]}},
{"type":"Feature","id":"osm-w319367310","properties":{"id":"osm-w319367310","osm_id":319367310,"osm_type":"way","name":null,"name_en":null,"class":"pitch","classes_all":["pitch"],"tags":{"leisure":"pitch","sport":"soccer"},"area_m2":3057.5,"size_band":"small","district":"เขตบางบอน","district_en":"Bang Bon District","district_osm_id":3147312,"province":"กรุงเทพมหานคร","province_iso":"TH-10","multi_district":false,"reason_excluded":null,"reasons_all":[],"flags":[],"related_ids":{},"poi_inside":[],"opening_hours":null,"verification_mode":"continuous_gps","floor_level":null,"rep_point":[100.414805,13.666623]},"geometry":{"type":"MultiPolygon","coordinates":[[[[100.414457,13.666746],[100.414782,13.666263],[100.415153,13.666499],[100.414828,13.666982],[100.414457,13.666746]]]]}},
{"type":"Feature","id":"osm-w319367311","properties":{"id":"osm-w319367311","osm_id":319367311,"osm_type":"way","name":null,"name_en":null,"class":"pitch","classes_all":["pitch"],"tags":{"leisure":"pitch","sport":"soccer"},"area_m2":3058.4,"size_band":"small","district":"เขตบางบอน","district_en":"Bang Bon District","district_osm_id":3147312,"province":"กรุงเทพมหานคร","province_iso":"TH-10","multi_district":false,"reason_excluded":null,"reasons_all":[],"flags":[],"related_ids":{},"poi_inside":[],"opening_hours":null,"verification_mode":"continuous_gps","floor_level":null,"rep_point":[100.41514,13.666124]},"geometry":{"type":"MultiPolygon","coordinates":[[[[100.414793,13.666252],[100.415117,13.665764],[100.415487,13.665996],[100.415162,13.666484],[100.414793,13.666252]]]]}},
{"type":"Feature","id":"osm-w31987914","properties":{"id":"osm-w31987914","osm_id":31987914,"osm_type":"way","name":"พระที่นั่งวิมานเมฆ","name_en":"Vimanmek Mansion","class":"historic","classes_all":["historic"],"tags":{"alt_name":"Vinmanmek Palace","building":"yes","castle_type":"palace","historic":"castle","name":"พระที่นั่งวิมานเมฆ","name:en":"Vimanmek Mansion","name:fr":"Vimanmek Mansion","name:it":"Palazzo Vimanmek","name:th":"พระที่นั่งวิมานเมฆ","name:th-Latn":"Phra Thi Nang Wimanmek","name:zh":"柚木宫","start_date":"1901","wikidata":"Q1479428","wikimedia_commons":"Category:Vimanmek Mansion","wikipedia":"en:Vimanmek Mansion"},"area_m2":3686.2,"size_band":"small","district":"เขตดุสิต","district_en":"Dusit District","district_osm_id":92069,"province":"กรุงเทพมหานคร","province_iso":"TH-10","multi_district":false,"reason_excluded":null,"reasons_all":[],"flags":["review_required"],"related_ids":{"review_parent":"osm-r12822616","review_reasons":["review_name","inside_review_parent"]},"poi_inside":[],"opening_hours":null,"verification_mode":"continuous_gps","floor_level":null,"rep_point":[100.512045,13.774223]},"geometry":{"type":"MultiPolygon","coordinates":[[[[100.511791,13.774251],[100.512,13.774151],[100.51203,13.774068],[100.511996,13.773997],[100.51199,13.773983],[100.511959,13.773918],[100.512042,13.773882],[100.512073,13.773948],[100.51208,13.773962],[100.512112,13.774032],[100.512196,13.774059],[100.512414,13.773961],[100.512404,13.773937],[100.512406,13.773914],[100.512416,13.773894],[100.512433,13.773878],[100.512454,13.773869],[100.512477,13.773867],[100.5125,13.773873],[100.512519,13.773886],[100.512597,13.774027],[100.512747,13.773966],[100.512768,13.774015],[100.512624,13.774084],[100.512634,13.774101],[100.512651,13.774097],[100.512678,13.774101],[100.512703,13.774113],[100.512722,13.774133],[100.512734,13.774157],[100.512736,13.774184],[100.51273,13.77421],[100.512714,13.774233],[100.512697,13.774243],[100.512737,13.774313],[100.512981,13.774217],[100.513026,13.774323],[100.51297,13.774356],[100.51301,13.774433],[100.512679,13.774574],[100.512575,13.774334],[100.512547,13.774347],[100.512524,13.774299],[100.512504,13.774301],[100.512484,13.774295],[100.512468,13.774284],[100.512457,13.774268],[100.512452,13.774248],[100.512454,13.774229],[100.512462,13.774211],[100.512477,13.774197],[100.512436,13.774111],[100.512259,13.774178],[100.512229,13.774254],[100.512133,13.774293],[100.512032,13.774261],[100.511849,13.774346],[100.511791,13.774251]]]]}},
{"type":"Feature","id":"osm-w32095973","properties":{"id":"osm-w32095973","osm_id":32095973,"osm_type":"way","name":"Water Bank รัชวิภา","name_en":null,"class":"park","classes_all":["park"],"tags":{"leisure":"park","name":"Water Bank รัชวิภา"},"area_m2":24055.7,"size_band":"medium","district":"เขตจตุจักร","district_en":"Chatuchak District","district_osm_id":1639286,"province":"กรุงเทพมหานคร","province_iso":"TH-10","multi_district":false,"reason_excluded":null,"reasons_all":[],"flags":["crosses_major_way"],"related_ids":{"major_ways":["osm-w1156190988","osm-w32092325","osm-w32092508"]},"poi_inside":[{"id":"osm-n6391889301","osm_id":6391889301,"tag":"historic=memorial","name":null}],"opening_hours":null,"verification_mode":"continuous_gps","floor_level":null,"rep_point":[100.558589,13.830805]},"geometry":{"type":"MultiPolygon","coordinates":[[[[100.557829,13.83248],[100.558189,13.830138],[100.558266,13.829688],[100.558352,13.829571],[100.558721,13.829771],[100.558902,13.82998],[100.559073,13.830355],[100.559116,13.830538],[100.559065,13.831072],[100.558653,13.831763],[100.558378,13.831972],[100.558069,13.832213],[100.557829,13.83248]]]]}},
{"type":"Feature","id":"osm-w328375657","properties":{"id":"osm-w328375657","osm_id":328375657,"osm_type":"way","name":null,"name_en":null,"class":"park","classes_all":["park"],"tags":{"leisure":"park"},"area_m2":9761.1,"size_band":"small","district":"เขตคลองสาน","district_en":"Khlong San District","district_osm_id":3147280,"province":"กรุงเทพมหานคร","province_iso":"TH-10","multi_district":false,"reason_excluded":null,"reasons_all":[],"flags":[],"related_ids":{},"poi_inside":[],"opening_hours":null,"verification_mode":"continuous_gps","floor_level":null,"rep_point":[100.497277,13.73684]},"geometry":{"type":"MultiPolygon","coordinates":[[[[100.496559,13.735812],[100.496652,13.735773],[100.496761,13.735739],[100.497092,13.735728],[100.497718,13.737464],[100.497746,13.73754],[100.497843,13.737838],[100.497801,13.73784],[100.497789,13.737825],[100.497197,13.737058],[100.496923,13.736622],[100.496778,13.736292],[100.496559,13.735812]]]]}},
{"type":"Feature","id":"osm-w330488052","properties":{"id":"osm-w330488052","osm_id":330488052,"osm_type":"way","name":"The Primary Football Field","name_en":null,"class":"pitch","classes_all":["pitch"],"tags":{"leisure":"pitch","name":"The Primary Football Field","sport":"soccer"},"area_m2":11959.5,"size_band":"medium","district":"อำเภอบางพลี","district_en":"Bang Phli District","district_osm_id":11580982,"province":"จังหวัดสมุทรปราการ","province_iso":"TH-11","multi_district":false,"reason_excluded":null,"reasons_all":[],"flags":[],"related_ids":{},"poi_inside":[],"opening_hours":null,"verification_mode":"continuous_gps","floor_level":null,"rep_point":[100.679959,13.658809]},"geometry":{"type":"MultiPolygon","coordinates":[[[[100.679323,13.658486],[100.680287,13.65819],[100.680594,13.659132],[100.67963,13.659428],[100.679323,13.658486]]]]}},
{"type":"Feature","id":"osm-w332191994","properties":{"id":"osm-w332191994","osm_id":332191994,"osm_type":"way","name":null,"name_en":null,"class":"garden","classes_all":["garden"],"tags":{"barrier":"wall","leisure":"garden"},"area_m2":4108.3,"size_band":"small","district":"วัฒนา","district_en":"Vadhana District","district_osm_id":2938036,"province":"กรุงเทพมหานคร","province_iso":"TH-10","multi_district":false,"reason_excluded":null,"reasons_all":[],"flags":[],"related_ids":{},"poi_inside":[],"opening_hours":null,"verification_mode":"continuous_gps","floor_level":null,"rep_point":[100.561343,13.739196]},"geometry":{"type":"MultiPolygon","coordinates":[[[[100.561046,13.73889],[100.561576,13.738822],[100.561594,13.738964],[100.561666,13.739428],[100.561066,13.73949],[100.561046,13.73889]]]]}},
{"type":"Feature","id":"osm-w332208247","properties":{"id":"osm-w332208247","osm_id":332208247,"osm_type":"way","name":null,"name_en":null,"class":"garden","classes_all":["garden"],"tags":{"leisure":"garden"},"area_m2":3125.6,"size_band":"small","district":"วัฒนา","district_en":"Vadhana District","district_osm_id":2938036,"province":"กรุงเทพมหานคร","province_iso":"TH-10","multi_district":false,"reason_excluded":null,"reasons_all":[],"flags":[],"related_ids":{},"poi_inside":[],"opening_hours":null,"verification_mode":"continuous_gps","floor_level":null,"rep_point":[100.56229,13.742238]},"geometry":{"type":"MultiPolygon","coordinates":[[[[100.562083,13.741847],[100.562758,13.741811],[100.56261,13.742054],[100.562456,13.742079],[100.562479,13.742397],[100.562126,13.742425],[100.562083,13.741847]]]]}},
{"type":"Feature","id":"osm-w336784958","properties":{"id":"osm-w336784958","osm_id":336784958,"osm_type":"way","name":"สวนสาธารณะเพชรกาญจนารมย์","name_en":null,"class":"park","classes_all":["park"],"tags":{"leisure":"park","name":"สวนสาธารณะเพชรกาญจนารมย์"},"area_m2":27323.9,"size_band":"medium","district":"เขตบางแค","district_en":"Bang Khae District","district_osm_id":2946804,"province":"กรุงเทพมหานคร","province_iso":"TH-10","multi_district":false,"reason_excluded":null,"reasons_all":[],"flags":["crosses_major_way"],"related_ids":{"major_ways":["osm-w96700057"]},"poi_inside":[],"opening_hours":null,"verification_mode":"continuous_gps","floor_level":null,"rep_point":[100.4058,13.713]},"geometry":{"type":"MultiPolygon","coordinates":[[[[100.405031,13.711469],[100.405674,13.71148],[100.405946,13.711495],[100.406144,13.711529],[100.406299,13.711578],[100.406451,13.711658],[100.406566,13.711791],[100.406655,13.711946],[100.406701,13.712109],[100.40671,13.71225],[100.406677,13.712416],[100.406607,13.712627],[100.406465,13.712583],[100.406385,13.712558],[100.40623,13.71251],[100.406195,13.712684],[100.40614,13.712913],[100.406079,13.713151],[100.406015,13.713401],[100.405964,13.713614],[100.405934,13.713883],[100.405908,13.714084],[100.405888,13.714304],[100.405863,13.714584],[100.405809,13.714323],[100.405768,13.713998],[100.405702,13.713674],[100.405629,13.713409],[100.405513,13.713086],[100.405285,13.712458],[100.405158,13.712086],[100.405082,13.711766],[100.405031,13.711469]]]]}},
{"type":"Feature","id":"osm-w338019625","properties":{"id":"osm-w338019625","osm_id":338019625,"osm_type":"way","name":"ตลาด","name_en":null,"class":"marketplace","classes_all":["marketplace"],"tags":{"amenity":"marketplace","name":"ตลาด"},"area_m2":3099.9,"size_band":"small","district":"เขตคลองสาน","district_en":"Khlong San District","district_osm_id":3147280,"province":"กรุงเทพมหานคร","province_iso":"TH-10","multi_district":false,"reason_excluded":null,"reasons_all":[],"flags":[],"related_ids":{},"poi_inside":[],"opening_hours":null,"verification_mode":"continuous_gps","floor_level":null,"rep_point":[100.499537,13.716525]},"geometry":{"type":"MultiPolygon","coordinates":[[[[100.499181,13.7164],[100.499688,13.71615],[100.499768,13.716276],[100.499679,13.716322],[100.499937,13.716706],[100.49986,13.716775],[100.49975,13.716651],[100.499436,13.716818],[100.499181,13.7164]]]]}},
{"type":"Feature","id":"osm-w340108299","properties":{"id":"osm-w340108299","osm_id":340108299,"osm_type":"way","name":"Banyutsup Village","name_en":null,"class":"marketplace","classes_all":["marketplace"],"tags":{"amenity":"marketplace","area":"yes","name":"Banyutsup Village","source":"local_knowledge"},"area_m2":3740.4,"size_band":"small","district":"เขตลาดกระบัง","district_en":"Lat Krabang District","district_osm_id":3147500,"province":"กรุงเทพมหานคร","province_iso":"TH-10","multi_district":false,"reason_excluded":null,"reasons_all":[],"flags":[],"related_ids":{},"poi_inside":[],"opening_hours":null,"verification_mode":"continuous_gps","floor_level":null,"rep_point":[100.739523,13.721772]},"geometry":{"type":"MultiPolygon","coordinates":[[[[100.739201,13.722252],[100.73932,13.721494],[100.739807,13.721572],[100.739732,13.721992],[100.739593,13.721973],[100.739556,13.722172],[100.73947,13.722252],[100.739201,13.722252]]]]}},
{"type":"Feature","id":"osm-w341577338","properties":{"id":"osm-w341577338","osm_id":341577338,"osm_type":"way","name":"พิพิธภัณฑ์บ้านจิม ทอมป์สัน","name_en":"Jim Thompson House","class":"garden","classes_all":["garden"],"tags":{"access":"customers","addr:housenumber":"6","addr:street":"Soi Kasemsan 2, Rama 1 Road","contact:phone":"+66 2 216 7368","fee":"yes","leisure":"garden","name":"พิพิธภัณฑ์บ้านจิม ทอมป์สัน","name:en":"Jim Thompson House","name:fr":"Maison de Jim Thompson","name:ko":"짐 톰슨 하우스","name:th":"พิพิธภัณฑ์บ้านจิม ทอมป์สัน","opening_hours":"Mo-Su 09:00-18:00","operator":"The James H. W. Thompson Foundation","tourism":"museum","website":"https://www.jimthompsonhouse.com/","wikidata":"Q2916351","wikimedia_commons":"Category:Jim Thompson House","wikipedia":"th:พิพิธภัณฑ์บ้านจิม ทอมป์สัน"},"area_m2":3392.3,"size_band":"small","district":"เขตปทุมวัน","district_en":"Pathum Wan District","district_osm_id":92063,"province":"กรุงเทพมหานคร","province_iso":"TH-10","multi_district":false,"reason_excluded":null,"reasons_all":[],"flags":[],"related_ids":{},"poi_inside":[],"opening_hours":"Mo-Su 09:00-18:00","verification_mode":"continuous_gps","floor_level":null,"rep_point":[100.528281,13.749227]},"geometry":{"type":"MultiPolygon","coordinates":[[[[100.527883,13.749096],[100.527965,13.749083],[100.52819,13.749046],[100.528613,13.748979],[100.528681,13.749358],[100.527946,13.74947],[100.527883,13.749096]]]]}},
{"type":"Feature","id":"osm-w345530159","properties":{"id":"osm-w345530159","osm_id":345530159,"osm_type":"way","name":"ตลาดนัดสุวรรณภูมิ","name_en":"Suvarnabhumi Flea Market","class":"marketplace","classes_all":["marketplace"],"tags":{"amenity":"marketplace","name":"ตลาดนัดสุวรรณภูมิ","name:en":"Suvarnabhumi Flea Market","name:th":"ตลาดนัดสุวรรณภูมิ"},"area_m2":11809.1,"size_band":"medium","district":"เขตลาดกระบัง","district_en":"Lat Krabang District","district_osm_id":3147500,"province":"กรุงเทพมหานคร","province_iso":"TH-10","multi_district":false,"reason_excluded":null,"reasons_all":[],"flags":[],"related_ids":{},"poi_inside":[],"opening_hours":null,"verification_mode":"continuous_gps","floor_level":null,"rep_point":[100.778691,13.720691]},"geometry":{"type":"MultiPolygon","coordinates":[[[[100.778363,13.721442],[100.778364,13.719938],[100.77902,13.719939],[100.779018,13.721443],[100.778363,13.721442]]]]}},
{"type":"Feature","id":"osm-w345531351","properties":{"id":"osm-w345531351","osm_id":345531351,"osm_type":"way","name":null,"name_en":null,"class":"attraction","classes_all":["attraction"],"tags":{"landuse":"brownfield","tourism":"attraction"},"area_m2":35873.5,"size_band":"medium","district":"เขตลาดกระบัง","district_en":"Lat Krabang District","district_osm_id":3147500,"province":"กรุงเทพมหานคร","province_iso":"TH-10","multi_district":false,"reason_excluded":null,"reasons_all":[],"flags":[],"related_ids":{},"poi_inside":[],"opening_hours":null,"verification_mode":"continuous_gps","floor_level":null,"rep_point":[100.790731,13.722688]},"geometry":{"type":"MultiPolygon","coordinates":[[[[100.789622,13.722187],[100.79065,13.721938],[100.791339,13.721678],[100.791385,13.721812],[100.7919,13.72319],[100.791622,13.7233],[100.791608,13.723266],[100.790155,13.723731],[100.790173,13.723808],[100.790039,13.723833],[100.789622,13.722187]]]]}},
{"type":"Feature","id":"osm-w347586838","properties":{"id":"osm-w347586838","osm_id":347586838,"osm_type":"way","name":"พระที่นั่งอัมพรสถาน","name_en":"Amphorn Sathan Residential Hall","class":"historic","classes_all":["historic"],"tags":{"alt_name":"Amphorn Sathan Palace","building":"yes","castle_type":"palace","historic":"castle","name":"พระที่นั่งอัมพรสถาน","name:en":"Amphorn Sathan Residential Hall","name:th":"พระที่นั่งอัมพรสถาน","wikidata":"Q13017389","wikipedia":"th:พระที่นั่งอัมพรสถาน"},"area_m2":4387.1,"size_band":"small","district":"เขตดุสิต","district_en":"Dusit District","district_osm_id":92069,"province":"กรุงเทพมหานคร","province_iso":"TH-10","multi_district":false,"reason_excluded":null,"reasons_all":[],"flags":["review_required"],"related_ids":{"review_parent":"osm-r12822616","review_reasons":["review_name","inside_review_parent"]},"poi_inside":[],"opening_hours":null,"verification_mode":"continuous_gps","floor_level":null,"rep_point":[100.511497,13.772547]},"geometry":{"type":"MultiPolygon","coordinates":[[[[100.510694,13.772087],[100.510768,13.772054],[100.510816,13.772154],[100.510841,13.772142],[100.510939,13.772348],[100.511134,13.77226],[100.511102,13.772193],[100.511122,13.772184],[100.511078,13.772092],[100.511151,13.77206],[100.511191,13.772144],[100.511263,13.772166],[100.511351,13.772127],[100.511376,13.772179],[100.511394,13.772174],[100.511416,13.772174],[100.511435,13.772181],[100.511452,13.772193],[100.511463,13.77221],[100.511468,13.772228],[100.511468,13.772249],[100.511461,13.772268],[100.511448,13.772284],[100.511431,13.772294],[100.511525,13.772493],[100.511551,13.772482],[100.511565,13.77251],[100.511626,13.772483],[100.511687,13.772611],[100.511573,13.772662],[100.511563,13.77264],[100.511246,13.772781],[100.511323,13.772943],[100.511145,13.773023],[100.511124,13.77298],[100.511088,13.772996],[100.510943,13.772689],[100.510981,13.772672],[100.510965,13.772639],[100.51113,13.772565],[100.51116,13.772626],[100.511379,13.772528],[100.511309,13.77238],[100.511149,13.772452],[100.5111,13.77235],[100.511045,13.772375],[100.511106,13.772504],[100.51093,13.772583],[100.510694,13.772087]]]]}},
{"type":"Feature","id":"osm-w347980908","properties":{"id":"osm-w347980908","osm_id":347980908,"osm_type":"way","name":"วังเทเวศร์","name_en":"Thewet Palace","class":"garden","classes_all":["garden"],"tags":{"leisure":"garden","name":"วังเทเวศร์","name:en":"Thewet Palace","name:th":"วังเทเวศร์","wikidata":"Q16305831","wikipedia":"th:วังเทเวศร์"},"area_m2":30717.2,"size_band":"medium","district":"เขตพระนคร","district_en":"Phra Nakhon District","district_osm_id":92053,"province":"กรุงเทพมหานคร","province_iso":"TH-10","multi_district":false,"reason_excluded":null,"reasons_all":[],"flags":["review_required"],"related_ids":{"blockers":{"government":{"ids":["osm-w295662373","osm-w347980907"],"share":0.0}},"review_reasons":["review_name"]},"poi_inside":[],"opening_hours":null,"verification_mode":"continuous_gps","floor_level":null,"rep_point":[100.500778,13.770863]},"geometry":{"type":"MultiPolygon","coordinates":[[[[100.499547,13.770261],[100.500934,13.769857],[100.501814,13.771023],[100.501082,13.771527],[100.500457,13.771833],[100.500356,13.771677],[100.500243,13.771503],[100.500059,13.771588],[100.499907,13.771357],[100.50009,13.771253],[100.499957,13.771026],[100.499943,13.771004],[100.499782,13.770723],[100.499768,13.7707],[100.499623,13.770452],[100.499605,13.770417],[100.499557,13.770315],[100.499547,13.770261]]]]}},
{"type":"Feature","id":"osm-w348398477","properties":{"id":"osm-w348398477","osm_id":348398477,"osm_type":"way","name":"สวนอัมพร","name_en":"Suan Amporn Park","class":"historic","classes_all":["historic"],"tags":{"historic":"park","name":"สวนอัมพร","name:en":"Suan Amporn Park","name:th":"สวนอัมพร","wikidata":"Q13022382","wikimedia_commons":"Category:Amphon Park","wikipedia":"th:สวนอัมพร"},"area_m2":63571.0,"size_band":"large","district":"เขตดุสิต","district_en":"Dusit District","district_osm_id":92069,"province":"กรุงเทพมหานคร","province_iso":"TH-10","multi_district":false,"reason_excluded":null,"reasons_all":[],"flags":["review_required"],"related_ids":{"review_parent":"osm-r12822616","review_reasons":["inside_review_parent"]},"poi_inside":[],"opening_hours":null,"verification_mode":"continuous_gps","floor_level":null,"rep_point":[100.510592,13.770017]},"geometry":{"type":"MultiPolygon","coordinates":[[[[100.509109,13.769476],[100.509304,13.769388],[100.509386,13.769351],[100.511126,13.768568],[100.51162,13.769607],[100.512,13.770428],[100.512018,13.770468],[100.51208,13.7706],[100.512092,13.770627],[100.512114,13.770674],[100.512199,13.770653],[100.512272,13.770651],[100.511947,13.770792],[100.511931,13.770799],[100.511832,13.770843],[100.51186,13.770918],[100.510219,13.771628],[100.510176,13.771647],[100.509899,13.771085],[100.509872,13.77103],[100.509162,13.769584],[100.509109,13.769476]]]]}},
{"type":"Feature","id":"osm-w348428071","properties":{"id":"osm-w348428071","osm_id":348428071,"osm_type":"way","name":"วังศุโขทัย","name_en":"Sukhothai Palace","class":"historic","classes_all":["historic"],"tags":{"addr:district":"ดุสิต","addr:postcode":"10300","addr:province":"กรุงเทพมหานคร","addr:subdistrict":"วชิรพยาบาล","barrier":"wall","castle_type":"palace","historic":"castle","name":"วังศุโขทัย","name:en":"Sukhothai Palace","name:th":"วังศุโขทัย","wikidata":"Q13020611","wikipedia":"th:วังศุโขทัย"},"area_m2":48073.1,"size_band":"medium","district":"เขตดุสิต","district_en":"Dusit District","district_osm_id":92069,"province":"กรุงเทพมหานคร","province_iso":"TH-10","multi_district":false,"reason_excluded":null,"reasons_all":[],"flags":["review_required"],"related_ids":{"review_reasons":["review_name"]},"poi_inside":[],"opening_hours":null,"verification_mode":"continuous_gps","floor_level":null,"rep_point":[100.509204,13.782687]},"geometry":{"type":"MultiPolygon","coordinates":[[[[100.507845,13.782318],[100.507866,13.782303],[100.509118,13.781689],[100.509635,13.781435],[100.509666,13.781469],[100.509733,13.781498],[100.509802,13.781509],[100.510062,13.782037],[100.510019,13.782158],[100.510051,13.782224],[100.510094,13.782315],[100.510202,13.782332],[100.510558,13.783041],[100.510494,13.783092],[100.51014,13.783302],[100.509956,13.78344],[100.509778,13.78356],[100.509543,13.78368],[100.509398,13.78372],[100.509229,13.783752],[100.50889,13.783908],[100.508661,13.784011],[100.508264,13.783167],[100.507845,13.782318]]]]}},
{"type":"Feature","id":"osm-w348428780","properties":{"id":"osm-w348428780","osm_id":348428780,"osm_type":"way","name":"สวนรื่นฤดี","name_en":"Reunrudee Garden","class":"garden","classes_all":["garden"],"tags":{"leisure":"garden","name":"สวนรื่นฤดี","name:en":"Reunrudee Garden","name:th":"สวนรื่นฤดี"},"area_m2":9196.5,"size_band":"small","district":"เขตดุสิต","district_en":"Dusit District","district_osm_id":92069,"province":"กรุงเทพมหานคร","province_iso":"TH-10","multi_district":false,"reason_excluded":null,"reasons_all":[],"flags":[],"related_ids":{"blockers":{"government":{"ids":["osm-w348428782"],"share":0.0048}}},"poi_inside":[],"opening_hours":null,"verification_mode":"continuous_gps","floor_level":null,"rep_point":[100.512361,13.779626]},"geometry":{"type":"MultiPolygon","coordinates":[[[[100.511744,13.779558],[100.512656,13.779138],[100.51273,13.779155],[100.512803,13.779313],[100.512981,13.779695],[100.513002,13.779741],[100.512989,13.779785],[100.512783,13.779876],[100.51256,13.779974],[100.512538,13.779984],[100.512473,13.780013],[100.512032,13.780208],[100.511811,13.779718],[100.511744,13.779558]]]]}},
{"type":"Feature","id":"osm-w349606263","properties":{"id":"osm-w349606263","osm_id":349606263,"osm_type":"way","name":"สนามพระท่าพระจันทร์","name_en":"Tha Phra Chan market","class":"marketplace","classes_all":["marketplace"],"tags":{"amenity":"marketplace","landuse":"retail","name":"สนามพระท่าพระจันทร์","name:en":"Tha Phra Chan market","name:ru":"Рынок амулетов","name:th":"สนามพระท่าพระจันทร์","name:th-Latn":"Sanam Tha Phra Chan"},"area_m2":12499.7,"size_band":"medium","district":"เขตพระนคร","district_en":"Phra Nakhon District","district_osm_id":92053,"province":"กรุงเทพมหานคร","province_iso":"TH-10","multi_district":false,"reason_excluded":null,"reasons_all":[],"flags":[],"related_ids":{},"poi_inside":[],"opening_hours":null,"verification_mode":"continuous_gps","floor_level":null,"rep_point":[100.489099,13.755953]},"geometry":{"type":"MultiPolygon","coordinates":[[[[100.488587,13.75573],[100.488615,13.755725],[100.488607,13.755673],[100.488616,13.755671],[100.488614,13.755663],[100.488609,13.75564],[100.488605,13.755624],[100.488599,13.755598],[100.488675,13.755576],[100.488647,13.755467],[100.488612,13.755241],[100.488701,13.755235],[100.489558,13.755198],[100.489582,13.756155],[100.48957,13.756214],[100.48955,13.756247],[100.488964,13.756432],[100.488819,13.756475],[100.488791,13.756482],[100.488779,13.756443],[100.488828,13.756433],[100.488758,13.756186],[100.488722,13.756197],[100.488696,13.756103],[100.488684,13.756105],[100.488677,13.756071],[100.488653,13.756076],[100.488591,13.755835],[100.488612,13.755831],[100.488587,13.75573]]]]}},
{"type":"Feature","id":"osm-w351046717","properties":{"id":"osm-w351046717","osm_id":351046717,"osm_type":"way","name":"Fresh Market, Nakhon Chairsi","name_en":null,"class":"marketplace","classes_all":["marketplace"],"tags":{"amenity":"marketplace","name":"Fresh Market, Nakhon Chairsi"},"area_m2":15268.9,"size_band":"medium","district":"อำเภอนครชัยศรี","district_en":"Nakhon Chai Si District","district_osm_id":18931531,"province":"จังหวัดนครปฐม","province_iso":"TH-73","multi_district":false,"reason_excluded":null,"reasons_all":[],"flags":[],"related_ids":{},"poi_inside":[],"opening_hours":null,"verification_mode":"continuous_gps","floor_level":null,"rep_point":[100.187716,13.799735]},"geometry":{"type":"MultiPolygon","coordinates":[[[[100.186774,13.799924],[100.187638,13.799064],[100.187912,13.799288],[100.188301,13.799281],[100.188628,13.799546],[100.187928,13.800375],[100.186774,13.799924]]]]}},
{"type":"Feature","id":"osm-w363719861","properties":{"id":"osm-w363719861","osm_id":363719861,"osm_type":"way","name":"สวนสาธารณะสะพานตากสิน","name_en":"Saphan Taksin Pocket Park","class":"park","classes_all":["park"],"tags":{"addr:country":"ไทย","addr:district":"สาทร","addr:postcode":"10120","addr:province":"กรุงเทพมหานคร","addr:province:en":"Bangkok","addr:subdistrict":"ยานนาวา","country":"ไทย","description":"สวนสาธารณะสะพานตากสิน Saphan Taksin Park","leisure":"park","name":"สวนสาธารณะสะพานตากสิน","name:en":"Saphan Taksin Pocket Park","name:th":"สวนสาธารณะสะพานตากสิน"},"area_m2":8836.5,"size_band":"small","district":"เขตสาทร","district_en":"Sathon District","district_osm_id":3147425,"province":"กรุงเทพมหานคร","province_iso":"TH-10","multi_district":false,"reason_excluded":null,"reasons_all":[],"flags":[],"related_ids":{},"poi_inside":[],"opening_hours":null,"verification_mode":"continuous_gps","floor_level":null,"rep_point":[100.513961,13.718466]},"geometry":{"type":"MultiPolygon","coordinates":[[[[100.512977,13.718516],[100.51479,13.718052],[100.514949,13.718416],[100.514459,13.71854],[100.51308,13.718887],[100.512977,13.718516]]]]}},
{"type":"Feature","id":"osm-w364953206","properties":{"id":"osm-w364953206","osm_id":364953206,"osm_type":"way","name":"Thewet market","name_en":null,"class":"marketplace","classes_all":["marketplace"],"tags":{"amenity":"marketplace","landuse":"retail","name":"Thewet market"},"area_m2":3043.4,"size_band":"small","district":"เขตดุสิต","district_en":"Dusit District","district_osm_id":92069,"province":"กรุงเทพมหานคร","province_iso":"TH-10","multi_district":false,"reason_excluded":null,"reasons_all":[],"flags":[],"related_ids":{},"poi_inside":[],"opening_hours":null,"verification_mode":"continuous_gps","floor_level":null,"rep_point":[100.502502,13.771245]},"geometry":{"type":"MultiPolygon","coordinates":[[[[100.50187,13.771576],[100.502798,13.770849],[100.502962,13.771042],[100.502321,13.77156],[100.50223,13.771448],[100.502052,13.7716],[100.501936,13.771626],[100.50187,13.771576]]]]}},
{"type":"Feature","id":"osm-w367840431","properties":{"id":"osm-w367840431","osm_id":367840431,"osm_type":"way","name":null,"name_en":"72nd Anniversary Stadium","class":"pitch","classes_all":["pitch"],"tags":{"leisure":"pitch","name:en":"72nd Anniversary Stadium"},"area_m2":7714.3,"size_band":"small","district":"เขตมีนบุรี","district_en":"Min Buri District","district_osm_id":3146413,"province":"กรุงเทพมหานคร","province_iso":"TH-10","multi_district":false,"reason_excluded":null,"reasons_all":[],"flags":[],"related_ids":{},"poi_inside":[],"opening_hours":null,"verification_mode":"continuous_gps","floor_level":null,"rep_point":[100.791024,13.802111]},"geometry":{"type":"MultiPolygon","coordinates":[[[[100.790615,13.801673],[100.791259,13.801569],[100.791425,13.802549],[100.790803,13.802668],[100.790615,13.801673]]]]}},
{"type":"Feature","id":"osm-w368893104","properties":{"id":"osm-w368893104","osm_id":368893104,"osm_type":"way","name":"ตลาดนัดรถไฟรัชดา","name_en":"Train Night Market Ratchada","class":"marketplace","classes_all":["marketplace"],"tags":{"alt_name":"ตลาดนัดรถไฟ รัชดา","alt_name:en":"Tarad Rot Fi Train Night Market Ratchada","amenity":"marketplace","name":"ตลาดนัดรถไฟรัชดา","name:en":"Train Night Market Ratchada","name:th":"ตลาดนัดรถไฟรัชดา","name:zh":"拉差達火車夜市","opening_hours":"Mo-Su 17:00-01:00"},"area_m2":23972.4,"size_band":"medium","district":"เขตดินแดง","district_en":"Din Daeng District","district_osm_id":2938031,"province":"กรุงเทพมหานคร","province_iso":"TH-10","multi_district":false,"reason_excluded":null,"reasons_all":[],"flags":["contains_religious_feature"],"related_ids":{"blockers":{"religious":{"ids":["osm-n12658537716"],"share":0.0019}},"religious_blockers":["osm-n12658537716"]},"poi_inside":[],"opening_hours":"Mo-Su 17:00-01:00","verification_mode":"continuous_gps","floor_level":null,"rep_point":[100.568578,13.767185]},"geometry":{"type":"MultiPolygon","coordinates":[[[[100.567748,13.766393],[100.568426,13.766198],[100.568589,13.766155],[100.568793,13.766102],[100.568815,13.766096],[100.568827,13.766225],[100.569013,13.766516],[100.569263,13.767925],[100.5684,13.768196],[100.568146,13.767543],[100.568062,13.767295],[100.568043,13.76724],[100.568004,13.767129],[100.567915,13.766873],[100.567748,13.766393]]]]}},
{"type":"Feature","id":"osm-w369561959","properties":{"id":"osm-w369561959","osm_id":369561959,"osm_type":"way","name":"สระเต่าตึกเมืองไทย-ภัทร","name_en":"SaTaoTuk Muaeng Thai-Phat Park","class":"park","classes_all":["park"],"tags":{"leisure":"park","name":"สระเต่าตึกเมืองไทย-ภัทร","name:en":"SaTaoTuk Muaeng Thai-Phat Park"},"area_m2":9227.3,"size_band":"small","district":"เขตห้วยขวาง","district_en":"Huai Khwang District","district_osm_id":2938032,"province":"กรุงเทพมหานคร","province_iso":"TH-10","multi_district":false,"reason_excluded":null,"reasons_all":[],"flags":[],"related_ids":{},"poi_inside":[],"opening_hours":null,"verification_mode":"continuous_gps","floor_level":null,"rep_point":[100.575539,13.786079]},"geometry":{"type":"MultiPolygon","coordinates":[[[[100.575057,13.785735],[100.575902,13.785642],[100.575998,13.78574],[100.576004,13.786418],[100.575639,13.786534],[100.575104,13.786578],[100.575057,13.785735]]]]}},
{"type":"Feature","id":"osm-w371442592","properties":{"id":"osm-w371442592","osm_id":371442592,"osm_type":"way","name":"ตลาดนานาเจริญ","name_en":"Nana Charoen Market","class":"marketplace","classes_all":["marketplace"],"tags":{"addr:city":"ลำลูกกา","addr:postcode":"12130","amenity":"marketplace","name":"ตลาดนานาเจริญ","name:en":"Nana Charoen Market","name:th":"ตลาดนานาเจริญ"},"area_m2":76773.8,"size_band":"large","district":"อำเภอลำลูกกา","district_en":"Lam Luk Ka District","district_osm_id":2913007,"province":"จังหวัดปทุมธานี","province_iso":"TH-13","multi_district":false,"reason_excluded":null,"reasons_all":[],"flags":[],"related_ids":{},"poi_inside":[],"opening_hours":null,"verification_mode":"continuous_gps","floor_level":null,"rep_point":[100.6476,13.97002]},"geometry":{"type":"MultiPolygon","coordinates":[[[[100.643548,13.968694],[100.65243,13.970675],[100.652439,13.971107],[100.65245,13.971282],[100.648053,13.970297],[100.647978,13.970609],[100.645685,13.970115],[100.645728,13.969926],[100.643555,13.969443],[100.643549,13.969118],[100.643549,13.969044],[100.643549,13.968857],[100.643548,13.968694]]]]}},
{"type":"Feature","id":"osm-w371744218","properties":{"id":"osm-w371744218","osm_id":371744218,"osm_type":"way","name":null,"name_en":null,"class":"marketplace","classes_all":["marketplace"],"tags":{"amenity":"marketplace"},"area_m2":9210.9,"size_band":"small","district":"อำเภอเมืองสมุทรปราการ","district_en":"Mueang Samut Prakan District","district_osm_id":11580983,"province":"จังหวัดสมุทรปราการ","province_iso":"TH-11","multi_district":false,"reason_excluded":null,"reasons_all":[],"flags":[],"related_ids":{},"poi_inside":[{"id":"osm-n3752940271","osm_id":3752940271,"tag":"amenity=marketplace","name":"ตลาดสดสำโรง"}],"opening_hours":null,"verification_mode":"continuous_gps","floor_level":null,"rep_point":[100.59391,13.649668]},"geometry":{"type":"MultiPolygon","coordinates":[[[[100.593428,13.64947],[100.594214,13.649254],[100.594625,13.650275],[100.594161,13.650276],[100.59345,13.649866],[100.593428,13.64947]]]]}},
{"type":"Feature","id":"osm-w371924852","properties":{"id":"osm-w371924852","osm_id":371924852,"osm_type":"way","name":null,"name_en":null,"class":"pitch","classes_all":["pitch"],"tags":{"leisure":"pitch"},"area_m2":9194.4,"size_band":"small","district":"อำเภอบางเสาธง","district_en":"Bang Sao Thong District","district_osm_id":11580981,"province":"จังหวัดสมุทรปราการ","province_iso":"TH-11","multi_district":false,"reason_excluded":null,"reasons_all":[],"flags":[],"related_ids":{},"poi_inside":[],"opening_hours":null,"verification_mode":"continuous_gps","floor_level":null,"rep_point":[100.784193,13.706038]},"geometry":{"type":"MultiPolygon","coordinates":[[[[100.783562,13.705873],[100.784113,13.705408],[100.784824,13.706202],[100.784274,13.706667],[100.783562,13.705873]]]]}},
{"type":"Feature","id":"osm-w376482398","properties":{"id":"osm-w376482398","osm_id":376482398,"osm_type":"way","name":null,"name_en":null,"class":"pitch","classes_all":["pitch"],"tags":{"leisure":"pitch"},"area_m2":9659.2,"size_band":"small","district":"เขตหนองแขม","district_en":"Nong Khaem District","district_osm_id":2942283,"province":"กรุงเทพมหานคร","province_iso":"TH-10","multi_district":false,"reason_excluded":null,"reasons_all":[],"flags":[],"related_ids":{},"poi_inside":[],"opening_hours":null,"verification_mode":"continuous_gps","floor_level":null,"rep_point":[100.345235,13.724379]},"geometry":{"type":"MultiPolygon","coordinates":[[[[100.34472,13.724791],[100.345005,13.723783],[100.34575,13.723968],[100.345464,13.724984],[100.34472,13.724791]]]]}},
{"type":"Feature","id":"osm-w377292889","properties":{"id":"osm-w377292889","osm_id":377292889,"osm_type":"way","name":null,"name_en":null,"class":"pitch","classes_all":["pitch"],"tags":{"leisure":"pitch","sport":"tennis"},"area_m2":3639.1,"size_band":"small","district":"เขตยานนาวา","district_en":"Yan Nawa District","district_osm_id":3147456,"province":"กรุงเทพมหานคร","province_iso":"TH-10","multi_district":false,"reason_excluded":null,"reasons_all":[],"flags":[],"related_ids":{},"poi_inside":[],"opening_hours":null,"verification_mode":"continuous_gps","floor_level":null,"rep_point":[100.547829,13.699273]},"geometry":{"type":"MultiPolygon","coordinates":[[[[100.547384,13.699188],[100.54761,13.699032],[100.547769,13.699132],[100.547848,13.699081],[100.54805,13.698967],[100.548256,13.699358],[100.547983,13.699454],[100.547696,13.699612],[100.547384,13.699188]]]]}},
{"type":"Feature","id":"osm-w377844186","properties":{"id":"osm-w377844186","osm_id":377844186,"osm_type":"way","name":null,"name_en":null,"class":"pitch","classes_all":["pitch"],"tags":{"leisure":"pitch","sport":"soccer"},"area_m2":7349.0,"size_band":"small","district":"อำเภอเมืองนนทบุรี","district_en":"Mueang Nonthaburi District","district_osm_id":2688300,"province":"จังหวัดนนทบุรี","province_iso":"TH-12","multi_district":false,"reason_excluded":null,"reasons_all":[],"flags":[],"related_ids":{},"poi_inside":[],"opening_hours":null,"verification_mode":"continuous_gps","floor_level":null,"rep_point":[100.443282,13.851132]},"geometry":{"type":"MultiPolygon","coordinates":[[[[100.442929,13.850661],[100.44354,13.850606],[100.443634,13.851604],[100.443024,13.851658],[100.442929,13.850661]]]]}},
{"type":"Feature","id":"osm-w377879331","properties":{"id":"osm-w377879331","osm_id":377879331,"osm_type":"way","name":"ตลาดพระราม 5","name_en":"Pharam 5 Market","class":"marketplace","classes_all":["marketplace"],"tags":{"addr:postcode":"11130","amenity":"marketplace","name":"ตลาดพระราม 5","name:en":"Pharam 5 Market","name:th":"ตลาดพระราม 5"},"area_m2":18215.1,"size_band":"medium","district":"อำเภอบางกรวย","district_en":"Bang Kruai District","district_osm_id":2688299,"province":"จังหวัดนนทบุรี","province_iso":"TH-12","multi_district":false,"reason_excluded":null,"reasons_all":[],"flags":[],"related_ids":{},"poi_inside":[],"opening_hours":null,"verification_mode":"continuous_gps","floor_level":null,"rep_point":[100.435691,13.823871]},"geometry":{"type":"MultiPolygon","coordinates":[[[[100.434839,13.823252],[100.434976,13.823142],[100.43588,13.82325],[100.436281,13.824026],[100.436796,13.82372],[100.436982,13.824023],[100.43563,13.824683],[100.435499,13.824446],[100.434839,13.823252]]]]}},
{"type":"Feature","id":"osm-w37911198","properties":{"id":"osm-w37911198","osm_id":37911198,"osm_type":"way","name":"ตลาดนัดจตุจักร","name_en":"Chatuchak Market","class":"marketplace","classes_all":["marketplace","attraction"],"tags":{"alt_name":"จตุจักร","alt_name:en":"JJ Market;Chatuchak Weekend Market","alt_name:th":"จตุจักร","amenity":"marketplace","landuse":"retail","name":"ตลาดนัดจตุจักร","name:en":"Chatuchak Market","name:es":"Mercado Chatuchak","name:fr":"Chatuchak Market","name:ja":"チャトチャック ウィークエンドマーケット","name:km":"ផ្សារចតុចក្រ","name:ko":"짜뚜짝 시장","name:pt":"Chatuchak","name:ru":"рынок Чатучак","name:th":"ตลาดนัดจตุจักร","name:zh":"恰圖恰假日市集","opening_hours":"Sa-Su 09:00-18:00; We-Th 07:00-18:00; Fr 18:00-00:00","tourism":"attraction","website":"https://www.chatuchakmarket.org","wikidata":"Q1068311","wikimedia_commons":"Category:Jatujak Market","wikipedia":"th:ตลาดนัดจตุจักร"},"area_m2":112149.5,"size_band":"large","district":"เขตจตุจักร","district_en":"Chatuchak District","district_osm_id":1639286,"province":"กรุงเทพมหานคร","province_iso":"TH-10","multi_district":false,"reason_excluded":null,"reasons_all":[],"flags":[],"related_ids":{},"poi_inside":[],"opening_hours":"Sa-Su 09:00-18:00; We-Th 07:00-18:00; Fr 18:00-00:00","verification_mode":"continuous_gps","floor_level":null,"rep_point":[100.551123,13.800265]},"geometry":{"type":"MultiPolygon","coordinates":[[[[100.548534,13.800102],[100.548535,13.800069],[100.548537,13.799999],[100.548537,13.799984],[100.548539,13.799923],[100.548541,13.79988],[100.548555,13.799419],[100.548558,13.799318],[100.548578,13.798699],[100.548581,13.7986],[100.548583,13.79853],[100.548585,13.798473],[100.548587,13.798414],[100.548589,13.798349],[100.548599,13.798022],[100.548602,13.797925],[100.548711,13.79793],[100.549005,13.797945],[100.549025,13.797946],[100.549312,13.79796],[100.549654,13.797978],[100.549898,13.79799],[100.550561,13.798023],[100.550602,13.798033],[100.55064,13.798051],[100.550776,13.798134],[100.550798,13.798144],[100.550817,13.798162],[100.55084,13.798178],[100.550916,13.798242],[100.551151,13.79863],[100.551322,13.798914],[100.551569,13.799324],[100.551651,13.79946],[100.551656,13.799471],[100.551693,13.799529],[100.551713,13.799562],[100.551719,13.799572],[100.55176,13.79964],[100.551819,13.799753],[100.552029,13.800133],[100.552173,13.800397],[100.55222,13.800484],[100.552211,13.800565],[100.552207,13.800594],[100.552151,13.801062],[100.55209,13.801566],[100.552034,13.802171],[100.552028,13.802236],[100.552022,13.80229],[100.552015,13.802345],[100.551992,13.802851],[100.551661,13.802854],[100.551323,13.802288],[100.551313,13.802271],[100.551228,13.802129],[100.551034,13.801803],[100.550825,13.801426],[100.550622,13.801081],[100.550479,13.800838],[100.550254,13.800453],[100.550029,13.800068],[100.549998,13.800069],[100.549652,13.800077],[100.549552,13.800079],[100.549342,13.800084],[100.548985,13.800092],[100.548826,13.800096],[100.54874,13.800098],[100.548601,13.800101],[100.548534,13.800102]]]]}},
{"type":"Feature","id":"osm-w380676831","properties":{"id":"osm-w380676831","osm_id":380676831,"osm_type":"way","name":null,"name_en":null,"class":"pitch","classes_all":["pitch"],"tags":{"leisure":"pitch"},"area_m2":10274.5,"size_band":"medium","district":"เขตประเวศ","district_en":"Prawet District","district_osm_id":3146414,"province":"กรุงเทพมหานคร","province_iso":"TH-10","multi_district":false,"reason_excluded":null,"reasons_all":[],"flags":[],"related_ids":{},"poi_inside":[],"opening_hours":null,"verification_mode":"continuous_gps","floor_level":null,"rep_point":[100.647731,13.680514]},"geometry":{"type":"MultiPolygon","coordinates":[[[[100.647202,13.680798],[100.647203,13.680701],[100.647772,13.679859],[100.647864,13.679813],[100.647964,13.679798],[100.648074,13.679811],[100.648176,13.679862],[100.648242,13.679928],[100.648291,13.680002],[100.64832,13.680093],[100.648313,13.680184],[100.648305,13.680237],[100.648276,13.680289],[100.648206,13.680408],[100.648056,13.680619],[100.647746,13.681033],[100.64767,13.681081],[100.647573,13.681104],[100.647365,13.681069],[100.647276,13.680985],[100.647229,13.680895],[100.647202,13.680798]]]]}},
{"type":"Feature","id":"osm-w384124701","properties":{"id":"osm-w384124701","osm_id":384124701,"osm_type":"way","name":null,"name_en":null,"class":"park","classes_all":["park"],"tags":{"leisure":"park"},"area_m2":6651.9,"size_band":"small","district":"อำเภอพุทธมณฑล","district_en":"Phutthamonthon District","district_osm_id":18931587,"province":"จังหวัดนครปฐม","province_iso":"TH-73","multi_district":false,"reason_excluded":null,"reasons_all":[],"flags":[],"related_ids":{},"poi_inside":[],"opening_hours":null,"verification_mode":"continuous_gps","floor_level":null,"rep_point":[100.332017,13.782042]},"geometry":{"type":"MultiPolygon","coordinates":[[[[100.331676,13.781728],[100.331685,13.781305],[100.332274,13.781349],[100.332264,13.781754],[100.332262,13.781861],[100.332198,13.781864],[100.332186,13.78224],[100.332254,13.782243],[100.332242,13.782306],[100.332179,13.782306],[100.332173,13.782478],[100.332173,13.782644],[100.332267,13.782648],[100.332268,13.78271],[100.332157,13.782709],[100.332134,13.783033],[100.332042,13.783029],[100.332052,13.7827],[100.331956,13.782694],[100.33196,13.78264],[100.332025,13.782641],[100.332033,13.782286],[100.331968,13.782284],[100.331972,13.782221],[100.331831,13.782212],[100.331851,13.781871],[100.331819,13.781832],[100.331682,13.781823],[100.331676,13.781728]]]]}},
{"type":"Feature","id":"osm-w385666873","properties":{"id":"osm-w385666873","osm_id":385666873,"osm_type":"way","name":null,"name_en":null,"class":"park","classes_all":["park"],"tags":{"leisure":"park"},"area_m2":3742.6,"size_band":"small","district":"อำเภอบางบัวทอง","district_en":"Bang Bua Thong District","district_osm_id":2689552,"province":"จังหวัดนนทบุรี","province_iso":"TH-12","multi_district":false,"reason_excluded":null,"reasons_all":[],"flags":[],"related_ids":{},"poi_inside":[],"opening_hours":null,"verification_mode":"continuous_gps","floor_level":null,"rep_point":[100.361772,13.912446]},"geometry":{"type":"MultiPolygon","coordinates":[[[[100.361487,13.912852],[100.361507,13.912278],[100.362041,13.912295],[100.362046,13.912596],[100.362023,13.912874],[100.361487,13.912852]]]]}},
{"type":"Feature","id":"osm-w390232213","properties":{"id":"osm-w390232213","osm_id":390232213,"osm_type":"way","name":"Suan Lum Night Bazaar","name_en":null,"class":"marketplace","classes_all":["marketplace"],"tags":{"amenity":"marketplace","landuse":"retail","name":"Suan Lum Night Bazaar","wikipedia":"th:สวนลุมไนท์บาซาร์ รัชดาภิเษก"},"area_m2":15848.8,"size_band":"medium","district":"เขตจตุจักร","district_en":"Chatuchak District","district_osm_id":1639286,"province":"กรุงเทพมหานคร","province_iso":"TH-10","multi_district":false,"reason_excluded":null,"reasons_all":[],"flags":["contains_religious_feature"],"related_ids":{"blockers":{"religious":{"ids":["osm-n3933944413"],"share":0.0147}},"religious_blockers":["osm-n3933944413"]},"poi_inside":[],"opening_hours":null,"verification_mode":"continuous_gps","floor_level":null,"rep_point":[100.574445,13.803103]},"geometry":{"type":"MultiPolygon","coordinates":[[[[100.574223,13.80095],[100.574516,13.800935],[100.574674,13.805256],[100.574374,13.805461],[100.574223,13.80095]]]]}},
{"type":"Feature","id":"osm-w428712702","properties":{"id":"osm-w428712702","osm_id":428712702,"osm_type":"way","name":"สวนพุทธรักษ์","name_en":null,"class":"park","classes_all":["park"],"tags":{"leisure":"park","name":"สวนพุทธรักษ์"},"area_m2":5128.5,"size_band":"small","district":"เขตหนองแขม","district_en":"Nong Khaem District","district_osm_id":2942283,"province":"กรุงเทพมหานคร","province_iso":"TH-10","multi_district":false,"reason_excluded":null,"reasons_all":[],"flags":[],"related_ids":{},"poi_inside":[],"opening_hours":null,"verification_mode":"continuous_gps","floor_level":null,"rep_point":[100.361062,13.705543]},"geometry":{"type":"MultiPolygon","coordinates":[[[[100.360755,13.705164],[100.361356,13.705146],[100.361324,13.705927],[100.360812,13.705922],[100.360755,13.705164]]]]}},
{"type":"Feature","id":"osm-w438432620","properties":{"id":"osm-w438432620","osm_id":438432620,"osm_type":"way","name":null,"name_en":null,"class":"park","classes_all":["park"],"tags":{"leisure":"park"},"area_m2":4076.0,"size_band":"small","district":"อำเภอบางใหญ่","district_en":"Bang Yai District","district_osm_id":2689553,"province":"จังหวัดนนทบุรี","province_iso":"TH-12","multi_district":false,"reason_excluded":null,"reasons_all":[],"flags":[],"related_ids":{},"poi_inside":[],"opening_hours":null,"verification_mode":"continuous_gps","floor_level":null,"rep_point":[100.435712,13.854098]},"geometry":{"type":"MultiPolygon","coordinates":[[[[100.435145,13.854189],[100.436151,13.853722],[100.436287,13.854006],[100.435274,13.85446],[100.435145,13.854189]]]]}},
{"type":"Feature","id":"osm-w438432621","properties":{"id":"osm-w438432621","osm_id":438432621,"osm_type":"way","name":null,"name_en":null,"class":"park","classes_all":["park"],"tags":{"leisure":"park"},"area_m2":8992.5,"size_band":"small","district":"อำเภอบางใหญ่","district_en":"Bang Yai District","district_osm_id":2689553,"province":"จังหวัดนนทบุรี","province_iso":"TH-12","multi_district":false,"reason_excluded":null,"reasons_all":[],"flags":[],"related_ids":{"blockers":{"religious":{"ids":["osm-w377844187"],"share":0.0}}},"poi_inside":[],"opening_hours":null,"verification_mode":"continuous_gps","floor_level":null,"rep_point":[100.423993,13.854772]},"geometry":{"type":"MultiPolygon","coordinates":[[[[100.422887,13.854992],[100.424313,13.854552],[100.424492,13.855083],[100.422996,13.855414],[100.422887,13.854992]]]]}},
{"type":"Feature","id":"osm-w442074801","properties":{"id":"osm-w442074801","osm_id":442074801,"osm_type":"way","name":null,"name_en":null,"class":"pitch","classes_all":["pitch"],"tags":{"leisure":"pitch","sport":"soccer"},"area_m2":7579.9,"size_band":"small","district":"อำเภอเมืองนนทบุรี","district_en":"Mueang Nonthaburi District","district_osm_id":2688300,"province":"จังหวัดนนทบุรี","province_iso":"TH-12","multi_district":false,"reason_excluded":null,"reasons_all":[],"flags":[],"related_ids":{},"poi_inside":[],"opening_hours":null,"verification_mode":"continuous_gps","floor_level":null,"rep_point":[100.526965,13.878977]},"geometry":{"type":"MultiPolygon","coordinates":[[[[100.526635,13.878484],[100.526978,13.878482],[100.527244,13.878481],[100.527283,13.878481],[100.527287,13.879474],[100.526653,13.87947],[100.526635,13.878484]]]]}},
{"type":"Feature","id":"osm-w443471833","properties":{"id":"osm-w443471833","osm_id":443471833,"osm_type":"way","name":"อุทยาน 100 ปี จุฬาลงกรณ์มหาวิทยาลัย","name_en":"Chulalongkorn University Centennial Park","class":"park","classes_all":["park"],"tags":{"alt_name":"สวนจุฬาฯ ร้อยปี","alt_name:th":"สวนจุฬาฯ ร้อยปี","description":"ก่อสร้างเสร็จสิ้นและเปิดใช้เมื่อเดือน ส.ค. 2560","leisure":"park","name":"อุทยาน 100 ปี จุฬาลงกรณ์มหาวิทยาลัย","name:en":"Chulalongkorn University Centennial Park","name:th":"อุทยาน 100 ปี จุฬาลงกรณ์มหาวิทยาลัย","short_name":"อุทยานจุฬาฯ 100 ปี","short_name:th":"อุทยานจุฬาฯ 100 ปี","wikidata":"Q61361132","wikipedia":"th:อุทยาน 100 ปี จุฬาลงกรณ์มหาวิทยาลัย"},"area_m2":42212.9,"size_band":"medium","district":"เขตปทุมวัน","district_en":"Pathum Wan District","district_osm_id":92063,"province":"กรุงเทพมหานคร","province_iso":"TH-10","multi_district":false,"reason_excluded":null,"reasons_all":[],"flags":["contains_religious_feature"],"related_ids":{"blockers":{"religious":{"ids":["osm-n10763239114"],"share":0.0074}},"religious_blockers":["osm-n10763239114"]},"poi_inside":[],"opening_hours":null,"verification_mode":"continuous_gps","floor_level":null,"rep_point":[100.52381,13.739444]},"geometry":{"type":"MultiPolygon","coordinates":[[[[100.522349,13.739195],[100.522379,13.739124],[100.522429,13.739088],[100.523627,13.738899],[100.523639,13.738897],[100.523957,13.738847],[100.524427,13.738773],[100.524449,13.738769],[100.525092,13.738668],[100.52511,13.738693],[100.525265,13.739693],[100.525245,13.739725],[100.524714,13.739799],[100.524694,13.739802],[100.523792,13.739928],[100.523867,13.740389],[100.522864,13.740543],[100.522597,13.740584],[100.522349,13.739195]]]]}},
{"type":"Feature","id":"osm-w44372568","properties":{"id":"osm-w44372568","osm_id":44372568,"osm_type":"way","name":"สวน ๕๐ พรรษา มหาจักรีสิรินธร","name_en":"Maha Chakri Sirindhorn's 50th Birthday Park","class":"park","classes_all":["park"],"tags":{"alt_name:en":"50 years Royal Princess Maha Chakri Sirindhorn Park","leisure":"park","name":"สวน 50 พรรษา มหาจักรีสิรินธร","name:en":"Maha Chakri Sirindhorn's 50th Birthday Park","name:th":"สวน ๕๐ พรรษา มหาจักรีสิรินธร","opening_hours":"05:00-21:00","website":"http://203.155.220.217/office/ppdd/publicpark/thai/2011/park18.asp"},"area_m2":32646.6,"size_band":"medium","district":"เขตประเวศ","district_en":"Prawet District","district_osm_id":3146414,"province":"กรุงเทพมหานคร","province_iso":"TH-10","multi_district":false,"reason_excluded":null,"reasons_all":[],"flags":[],"related_ids":{},"poi_inside":[],"opening_hours":"05:00-21:00","verification_mode":"continuous_gps","floor_level":null,"rep_point":[100.677726,13.676488]},"geometry":{"type":"MultiPolygon","coordinates":[[[[100.676818,13.675612],[100.67686,13.67545],[100.677897,13.675162],[100.678631,13.677365],[100.677529,13.677729],[100.676818,13.675612]]]]}},
{"type":"Feature","id":"osm-w448113019","properties":{"id":"osm-w448113019","osm_id":448113019,"osm_type":"way","name":"โครงการป่าในกรุง","name_en":"Pa Nai Krung Park","class":"park","classes_all":["park"],"tags":{"alt_name":"โครงการป่าในกรุง ปตท.","alt_name:en":"PTT Metro Forest","alt_name:th":"โครงการป่าในกรุง ปตท.","landuse":"forest","leisure":"park","name":"โครงการป่าในกรุง","name:en":"Pa Nai Krung Park","name:th":"โครงการป่าในกรุง","opening_hours":"Tu-Su 09:00-16:00","operator":"ปตท.","operator:type":"private"},"area_m2":19826.7,"size_band":"medium","district":"เขตประเวศ","district_en":"Prawet District","district_osm_id":3146414,"province":"กรุงเทพมหานคร","province_iso":"TH-10","multi_district":false,"reason_excluded":null,"reasons_all":[],"flags":[],"related_ids":{},"poi_inside":[],"opening_hours":"Tu-Su 09:00-16:00","verification_mode":"continuous_gps","floor_level":null,"rep_point":[100.703154,13.691848]},"geometry":{"type":"MultiPolygon","coordinates":[[[[100.702175,13.691267],[100.703931,13.691173],[100.703967,13.692216],[100.70354,13.692226],[100.702516,13.692253],[100.70248,13.692254],[100.702241,13.69148],[100.702175,13.691267]]]]}},
{"type":"Feature","id":"osm-w462694656","properties":{"id":"osm-w462694656","osm_id":462694656,"osm_type":"way","name":null,"name_en":null,"class":"pitch","classes_all":["pitch"],"tags":{"leisure":"pitch","source":"bing","sport":"soccer"},"area_m2":8558.5,"size_band":"small","district":"อำเภอลำลูกกา","district_en":"Lam Luk Ka District","district_osm_id":2913007,"province":"จังหวัดปทุมธานี","province_iso":"TH-13","multi_district":false,"reason_excluded":null,"reasons_all":[],"flags":[],"related_ids":{},"poi_inside":[],"opening_hours":null,"verification_mode":"continuous_gps","floor_level":null,"rep_point":[100.690761,13.919295]},"geometry":{"type":"MultiPolygon","coordinates":[[[[100.690404,13.919803],[100.690429,13.918786],[100.691127,13.918768],[100.691085,13.919826],[100.690404,13.919803]]]]}},
{"type":"Feature","id":"osm-w464896527","properties":{"id":"osm-w464896527","osm_id":464896527,"osm_type":"way","name":null,"name_en":null,"class":"garden","classes_all":["garden"],"tags":{"access":"customers","leisure":"garden","source":"survey"},"area_m2":3446.8,"size_band":"small","district":"อำเภอลำลูกกา","district_en":"Lam Luk Ka District","district_osm_id":2913007,"province":"จังหวัดปทุมธานี","province_iso":"TH-13","multi_district":false,"reason_excluded":null,"reasons_all":[],"flags":[],"related_ids":{},"poi_inside":[],"opening_hours":null,"verification_mode":"continuous_gps","floor_level":null,"rep_point":[100.690991,13.921063]},"geometry":{"type":"MultiPolygon","coordinates":[[[[100.690892,13.921558],[100.69091,13.920569],[100.69092,13.920329],[100.69097,13.919965],[100.690962,13.919897],[100.691111,13.919901],[100.691067,13.92156],[100.690892,13.921558]]]]}},
{"type":"Feature","id":"osm-w473686713","properties":{"id":"osm-w473686713","osm_id":473686713,"osm_type":"way","name":null,"name_en":null,"class":"pitch","classes_all":["pitch"],"tags":{"leisure":"pitch","sport":"soccer"},"area_m2":7404.1,"size_band":"small","district":"อำเภอปากเกร็ด","district_en":"Pak Kret District","district_osm_id":2688301,"province":"จังหวัดนนทบุรี","province_iso":"TH-12","multi_district":false,"reason_excluded":null,"reasons_all":[],"flags":[],"related_ids":{},"poi_inside":[],"opening_hours":null,"verification_mode":"continuous_gps","floor_level":null,"rep_point":[100.51208,13.938599]},"geometry":{"type":"MultiPolygon","coordinates":[[[[100.511629,13.938975],[100.511923,13.938042],[100.512531,13.938222],[100.512236,13.939155],[100.511629,13.938975]]]]}},
{"type":"Feature","id":"osm-w476763819","properties":{"id":"osm-w476763819","osm_id":476763819,"osm_type":"way","name":null,"name_en":null,"class":"pitch","classes_all":["pitch"],"tags":{"leisure":"pitch","sport":"soccer"},"area_m2":9061.0,"size_band":"small","district":"อำเภอปากเกร็ด","district_en":"Pak Kret District","district_osm_id":2688301,"province":"จังหวัดนนทบุรี","province_iso":"TH-12","multi_district":false,"reason_excluded":null,"reasons_all":[],"flags":[],"related_ids":{},"poi_inside":[],"opening_hours":null,"verification_mode":"continuous_gps","floor_level":null,"rep_point":[100.542536,13.929276]},"geometry":{"type":"MultiPolygon","coordinates":[[[[100.541909,13.929458],[100.542622,13.928647],[100.543163,13.929095],[100.54245,13.929906],[100.541909,13.929458]]]]}},
{"type":"Feature","id":"osm-w479541259","properties":{"id":"osm-w479541259","osm_id":479541259,"osm_type":"way","name":"เขื่อนริมแม่น้ำเจ้าพระยาสมุทรปราการ","name_en":null,"class":"park","classes_all":["park"],"tags":{"leisure":"park","name":"เขื่อนริมแม่น้ำเจ้าพระยาสมุทรปราการ"},"area_m2":18369.3,"size_band":"medium","district":"อำเภอเมืองสมุทรปราการ","district_en":"Mueang Samut Prakan District","district_osm_id":11580983,"province":"จังหวัดสมุทรปราการ","province_iso":"TH-11","multi_district":false,"reason_excluded":null,"reasons_all":[],"flags":[],"related_ids":{},"poi_inside":[],"opening_hours":null,"verification_mode":"continuous_gps","floor_level":null,"rep_point":[100.596143,13.599937]},"geometry":{"type":"MultiPolygon","coordinates":[[[[100.595409,13.601142],[100.5956,13.600978],[100.595748,13.600886],[100.595859,13.600285],[100.595986,13.599316],[100.596004,13.59918],[100.596067,13.598697],[100.596188,13.597784],[100.596369,13.59781],[100.596395,13.598412],[100.596553,13.598521],[100.596475,13.599008],[100.596472,13.599048],[100.596458,13.599221],[100.596428,13.599589],[100.596273,13.600723],[100.59626,13.600818],[100.595975,13.600943],[100.595688,13.601601],[100.595468,13.601429],[100.595409,13.601142]]]]}},
{"type":"Feature","id":"osm-w485683457","properties":{"id":"osm-w485683457","osm_id":485683457,"osm_type":"way","name":"สวนสุขภาพ กกท.","name_en":"SAT Health Park","class":"park","classes_all":["park"],"tags":{"leisure":"park","name":"สวนสุขภาพ กกท.","name:en":"SAT Health Park","name:th":"สวนสุขภาพ กกท."},"area_m2":41657.7,"size_band":"medium","district":"เขตบางกะปิ","district_en":"Bang Kapi District","district_osm_id":2939952,"province":"กรุงเทพมหานคร","province_iso":"TH-10","multi_district":false,"reason_excluded":null,"reasons_all":[],"flags":["crosses_major_way"],"related_ids":{"major_ways":["osm-w1232602707","osm-w390637308"]},"poi_inside":[],"opening_hours":null,"verification_mode":"continuous_gps","floor_level":null,"rep_point":[100.627305,13.756576]},"geometry":{"type":"MultiPolygon","coordinates":[[[[100.626323,13.757194],[100.626436,13.756702],[100.62645,13.75645],[100.62685,13.75546],[100.627025,13.755489],[100.627185,13.755715],[100.628247,13.755701],[100.628069,13.757632],[100.627255,13.757526],[100.627141,13.757932],[100.626417,13.75785],[100.626323,13.757194]]]]}},
{"type":"Feature","id":"osm-w53272502","properties":{"id":"osm-w53272502","osm_id":53272502,"osm_type":"way","name":null,"name_en":null,"class":"pitch","classes_all":["pitch"],"tags":{"leisure":"pitch","sport":"soccer"},"area_m2":3967.8,"size_band":"small","district":"เขตคลองเตย","district_en":"Khlong Toei District","district_osm_id":2938033,"province":"กรุงเทพมหานคร","province_iso":"TH-10","multi_district":false,"reason_excluded":null,"reasons_all":[],"flags":[],"related_ids":{},"poi_inside":[],"opening_hours":null,"verification_mode":"continuous_gps","floor_level":null,"rep_point":[100.555633,13.711842]},"geometry":{"type":"MultiPolygon","coordinates":[[[[100.555327,13.712113],[100.555488,13.711665],[100.556196,13.712019],[100.556089,13.712363],[100.555327,13.712113]]]]}},
{"type":"Feature","id":"osm-w536866176","properties":{"id":"osm-w536866176","osm_id":536866176,"osm_type":"way","name":"สวนปทุมวนานุรักษ์","name_en":"Pathumwananurak Park","class":"park","classes_all":["park"],"tags":{"addr:city":"แขวงปทุมวัน","addr:housenumber":"5/1-5/40","addr:postcode":"10330","addr:street":"ถนนราชดำริ","leisure":"park","name":"สวนปทุมวนานุรักษ์","name:en":"Pathumwananurak Park","operator":"กรุงเทพมหานคร","operator:type":"public","wikidata":"Q116632430","wikipedia":"สวนปทุมวนานุรักษ์","wikipedia:en":"Pathumwananurak Park"},"area_m2":44589.0,"size_band":"medium","district":"เขตปทุมวัน","district_en":"Pathum Wan District","district_osm_id":92063,"province":"กรุงเทพมหานคร","province_iso":"TH-10","multi_district":false,"reason_excluded":null,"reasons_all":[],"flags":[],"related_ids":{},"poi_inside":[],"opening_hours":null,"verification_mode":"continuous_gps","floor_level":null,"rep_point":[100.538673,13.748639]},"geometry":{"type":"MultiPolygon","coordinates":[[[[100.536605,13.747944],[100.53793,13.747912],[100.538004,13.748458],[100.538053,13.748515],[100.538248,13.748487],[100.538509,13.748452],[100.539327,13.74834],[100.539453,13.748323],[100.540586,13.748169],[100.540618,13.748358],[100.540683,13.748733],[100.540728,13.748994],[100.540773,13.749256],[100.539554,13.749351],[100.538361,13.749443],[100.538319,13.74891],[100.538192,13.748914],[100.538183,13.748747],[100.537458,13.748824],[100.536708,13.748832],[100.536664,13.748545],[100.536632,13.748334],[100.536605,13.747944]]]]}},
{"type":"Feature","id":"osm-w538789309","properties":{"id":"osm-w538789309","osm_id":538789309,"osm_type":"way","name":null,"name_en":null,"class":"park","classes_all":["park"],"tags":{"leisure":"park"},"area_m2":9182.2,"size_band":"small","district":"เขตปทุมวัน","district_en":"Pathum Wan District","district_osm_id":92063,"province":"กรุงเทพมหานคร","province_iso":"TH-10","multi_district":false,"reason_excluded":null,"reasons_all":[],"flags":[],"related_ids":{},"poi_inside":[],"opening_hours":null,"verification_mode":"continuous_gps","floor_level":null,"rep_point":[100.547876,13.74201]},"geometry":{"type":"MultiPolygon","coordinates":[[[[100.547342,13.741693],[100.54826,13.74152],[100.548411,13.742328],[100.54764,13.74247],[100.547493,13.742499],[100.547486,13.742472],[100.547476,13.742421],[100.547342,13.741693]]]]}},
{"type":"Feature","id":"osm-w538798649","properties":{"id":"osm-w538798649","osm_id":538798649,"osm_type":"way","name":"ปาร์คนายเลิศ","name_en":"Nai Lert Park","class":"garden","classes_all":["garden"],"tags":{"alt_name":"สวนนายเลิศ","alt_name:th":"สวนนายเลิศ","leisure":"garden","name":"ปาร์คนายเลิศ","name:en":"Nai Lert Park","name:th":"ปาร์คนายเลิศ","wikidata":"Q129811661","wikipedia":"th:บ้านปาร์คนายเลิศ"},"area_m2":20460.9,"size_band":"medium","district":"เขตปทุมวัน","district_en":"Pathum Wan District","district_osm_id":92063,"province":"กรุงเทพมหานคร","province_iso":"TH-10","multi_district":false,"reason_excluded":null,"reasons_all":[],"flags":[],"related_ids":{},"poi_inside":[{"id":"osm-n13626552880","osm_id":13626552880,"tag":"tourism=attraction","name":"รถนายเลิศ"},{"id":"osm-n7312316602","osm_id":7312316602,"tag":"historic=memorial","name":"รถเมล์นายเลิศ"}],"opening_hours":null,"verification_mode":"continuous_gps","floor_level":null,"rep_point":[100.54697,13.746308]},"geometry":{"type":"MultiPolygon","coordinates":[[[[100.545934,13.746006],[100.547847,13.745685],[100.547856,13.745735],[100.548031,13.746764],[100.547621,13.746817],[100.5475,13.746555],[100.546626,13.746732],[100.546065,13.746814],[100.545947,13.746061],[100.545934,13.746006]]]]}},
{"type":"Feature","id":"osm-w539977676","properties":{"id":"osm-w539977676","osm_id":539977676,"osm_type":"way","name":"ล้ง 1919","name_en":"Lhong 1919","class":"attraction","classes_all":["attraction"],"tags":{"addr:housenumber":"248","addr:postcode":"10600","addr:province":"กรุงเทพมหานคร","addr:street":"Chiang Mai Road;ถนนเชียงใหม่","landuse":"retail","name":"ล้ง 1919","name:en":"Lhong 1919","name:th":"ล้ง 1919","opening_hours":"Mo-Su 11:00-22:00","phone":"081 994 4597","tourism":"attraction"},"area_m2":21979.1,"size_band":"medium","district":"เขตคลองสาน","district_en":"Khlong San District","district_osm_id":3147280,"province":"กรุงเทพมหานคร","province_iso":"TH-10","multi_district":false,"reason_excluded":null,"reasons_all":[],"flags":[],"related_ids":{"blockers":{"religious":{"ids":["osm-w1196866474"],"share":0.0}}},"poi_inside":[],"opening_hours":"Mo-Su 11:00-22:00","verification_mode":"continuous_gps","floor_level":null,"rep_point":[100.507997,13.734096]},"geometry":{"type":"MultiPolygon","coordinates":[[[[100.507071,13.733878],[100.507495,13.733125],[100.507665,13.733196],[100.50801,13.733433],[100.50795,13.733518],[100.508996,13.734313],[100.508964,13.734349],[100.509024,13.734403],[100.50877,13.73467],[100.508716,13.73462],[100.508669,13.734667],[100.508703,13.7347],[100.508612,13.734792],[100.508659,13.734835],[100.50842,13.735062],[100.508388,13.73503],[100.508299,13.735119],[100.508244,13.735066],[100.508207,13.735099],[100.507596,13.734413],[100.507071,13.733878]]]]}},
{"type":"Feature","id":"osm-w541293302","properties":{"id":"osm-w541293302","osm_id":541293302,"osm_type":"way","name":null,"name_en":null,"class":"park","classes_all":["park"],"tags":{"leisure":"park"},"area_m2":3401.3,"size_band":"small","district":"อำเภอคลองหลวง","district_en":"Khlong Luang District","district_osm_id":2913006,"province":"จังหวัดปทุมธานี","province_iso":"TH-13","multi_district":false,"reason_excluded":null,"reasons_all":[],"flags":[],"related_ids":{},"poi_inside":[],"opening_hours":null,"verification_mode":"continuous_gps","floor_level":null,"rep_point":[100.656933,14.030639]},"geometry":{"type":"MultiPolygon","coordinates":[[[[100.656438,14.030803],[100.656447,14.030499],[100.657216,14.030517],[100.657347,14.03053],[100.65743,14.030566],[100.657417,14.030712],[100.657272,14.030803],[100.657172,14.030821],[100.656438,14.030803]]]]}},
{"type":"Feature","id":"osm-w541301156","properties":{"id":"osm-w541301156","osm_id":541301156,"osm_type":"way","name":null,"name_en":null,"class":"park","classes_all":["park"],"tags":{"leisure":"park","source":"DigitalGlobe-Premium"},"area_m2":6548.8,"size_band":"small","district":"อำเภอคลองหลวง","district_en":"Khlong Luang District","district_osm_id":2913006,"province":"จังหวัดปทุมธานี","province_iso":"TH-13","multi_district":false,"reason_excluded":null,"reasons_all":[],"flags":[],"related_ids":{},"poi_inside":[],"opening_hours":null,"verification_mode":"continuous_gps","floor_level":null,"rep_point":[100.659583,14.021129]},"geometry":{"type":"MultiPolygon","coordinates":[[[[100.659198,14.021485],[100.659203,14.020768],[100.659967,14.020773],[100.659962,14.02149],[100.659198,14.021485]]]]}},
{"type":"Feature","id":"osm-w541450494","properties":{"id":"osm-w541450494","osm_id":541450494,"osm_type":"way","name":null,"name_en":null,"class":"park","classes_all":["park"],"tags":{"leisure":"park","source":"DigitalGlobe-Premium"},"area_m2":4757.0,"size_band":"small","district":"อำเภอธัญบุรี","district_en":"Thanyaburi District","district_osm_id":2913012,"province":"จังหวัดปทุมธานี","province_iso":"TH-13","multi_district":false,"reason_excluded":null,"reasons_all":[],"flags":[],"related_ids":{},"poi_inside":[],"opening_hours":null,"verification_mode":"continuous_gps","floor_level":null,"rep_point":[100.659605,14.002495]},"geometry":{"type":"MultiPolygon","coordinates":[[[[100.65919,14.002718],[100.659195,14.00225],[100.66008,14.002263],[100.660021,14.002435],[100.660016,14.002555],[100.660086,14.002732],[100.65919,14.002718]]]]}},
{"type":"Feature","id":"osm-w541451977","properties":{"id":"osm-w541451977","osm_id":541451977,"osm_type":"way","name":"Passorn 4 Park","name_en":null,"class":"park","classes_all":["park"],"tags":{"description":"Public Park in Passorn 4 village. Has a playground for kids, excersie equitment, and a half basketball court.","leisure":"park","name":"Passorn 4 Park"},"area_m2":5184.0,"size_band":"small","district":"อำเภอธัญบุรี","district_en":"Thanyaburi District","district_osm_id":2913012,"province":"จังหวัดปทุมธานี","province_iso":"TH-13","multi_district":false,"reason_excluded":null,"reasons_all":[],"flags":[],"related_ids":{},"poi_inside":[],"opening_hours":null,"verification_mode":"continuous_gps","floor_level":null,"rep_point":[100.661359,14.005959]},"geometry":{"type":"MultiPolygon","coordinates":[[[[100.660977,14.006516],[100.660997,14.005791],[100.661144,14.005786],[100.661392,14.005463],[100.661542,14.005465],[100.66158,14.005538],[100.66167,14.005572],[100.661753,14.006141],[100.66128,14.006128],[100.660977,14.006516]]]]}},
{"type":"Feature","id":"osm-w541797078","properties":{"id":"osm-w541797078","osm_id":541797078,"osm_type":"way","name":"แรดขาว","name_en":null,"class":"attraction","classes_all":["attraction"],"tags":{"attraction":"animal","name":"White Rhino","name:th":"แรดขาว","tourism":"attraction"},"area_m2":3957.9,"size_band":"small","district":"เขตคลองสามวา","district_en":"Khlong Sam Wa District","district_osm_id":2997412,"province":"กรุงเทพมหานคร","province_iso":"TH-10","multi_district":false,"reason_excluded":null,"reasons_all":[],"flags":[],"related_ids":{},"poi_inside":[],"opening_hours":null,"verification_mode":"continuous_gps","floor_level":null,"rep_point":[100.705655,13.863521]},"geometry":{"type":"MultiPolygon","coordinates":[[[[100.705309,13.863792],[100.705364,13.863352],[100.705729,13.863213],[100.705872,13.863218],[100.705966,13.86325],[100.705972,13.86339],[100.705961,13.863652],[100.705928,13.863728],[100.705768,13.863695],[100.705652,13.863776],[100.705464,13.863899],[100.705376,13.863894],[100.705309,13.863792]]]]}},
{"type":"Feature","id":"osm-w543460273","properties":{"id":"osm-w543460273","osm_id":543460273,"osm_type":"way","name":"ตลาดนนทบุรี","name_en":"Nonthaburi Market","class":"marketplace","classes_all":["marketplace"],"tags":{"amenity":"marketplace","name":"ตลาดนนทบุรี","name:en":"Nonthaburi Market","name:th":"ตลาดนนทบุรี"},"area_m2":26132.7,"size_band":"medium","district":"อำเภอเมืองนนทบุรี","district_en":"Mueang Nonthaburi District","district_osm_id":2688300,"province":"จังหวัดนนทบุรี","province_iso":"TH-12","multi_district":false,"reason_excluded":null,"reasons_all":[],"flags":[],"related_ids":{},"poi_inside":[],"opening_hours":null,"verification_mode":"continuous_gps","floor_level":null,"rep_point":[100.495013,13.842422]},"geometry":{"type":"MultiPolygon","coordinates":[[[[100.49424,13.842928],[100.494452,13.841814],[100.49439,13.841738],[100.494481,13.841176],[100.494816,13.841295],[100.495087,13.841459],[100.495168,13.841472],[100.495433,13.841392],[100.495522,13.841405],[100.495549,13.841436],[100.495541,13.841678],[100.495589,13.841821],[100.495661,13.841881],[100.49583,13.841915],[100.495488,13.843144],[100.495439,13.843182],[100.49424,13.842928]]]]}},
{"type":"Feature","id":"osm-w543657502","properties":{"id":"osm-w543657502","osm_id":543657502,"osm_type":"way","name":"Rama IX Health Park","name_en":null,"class":"park","classes_all":["park"],"tags":{"leisure":"park","name":"Rama IX Health Park"},"area_m2":3554.9,"size_band":"small","district":"อำเภอเมืองสมุทรปราการ","district_en":"Mueang Samut Prakan District","district_osm_id":11580983,"province":"จังหวัดสมุทรปราการ","province_iso":"TH-11","multi_district":false,"reason_excluded":null,"reasons_all":[],"flags":["crosses_major_way"],"related_ids":{"major_ways":["osm-w885428069"]},"poi_inside":[],"opening_hours":null,"verification_mode":"continuous_gps","floor_level":null,"rep_point":[100.597139,13.601061]},"geometry":{"type":"MultiPolygon","coordinates":[[[[100.596669,13.600804],[100.596696,13.600712],[100.596806,13.600722],[100.59682,13.600603],[100.597067,13.600625],[100.597424,13.600681],[100.597249,13.601318],[100.596669,13.600804]]]]}},
{"type":"Feature","id":"osm-w543808085","properties":{"id":"osm-w543808085","osm_id":543808085,"osm_type":"way","name":"สวนสุขภาพภูติอนันต์","name_en":"Putianan Park","class":"park","classes_all":["park"],"tags":{"leisure":"park","name":"สวนสุขภาพภูติอนันต์","name:en":"Putianan Park","name:th":"สวนสุขภาพภูติอนันต์"},"area_m2":6935.1,"size_band":"small","district":"เขตบางนา","district_en":"Bang Na District","district_osm_id":3146412,"province":"กรุงเทพมหานคร","province_iso":"TH-10","multi_district":false,"reason_excluded":null,"reasons_all":[],"flags":[],"related_ids":{},"poi_inside":[],"opening_hours":null,"verification_mode":"continuous_gps","floor_level":null,"rep_point":[100.609925,13.663737]},"geometry":{"type":"MultiPolygon","coordinates":[[[[100.609475,13.663406],[100.609503,13.663396],[100.61005,13.663201],[100.610386,13.664068],[100.609785,13.66428],[100.609475,13.663406]]]]}},
{"type":"Feature","id":"osm-w543818326","properties":{"id":"osm-w543818326","osm_id":543818326,"osm_type":"way","name":"Sukhumvit Park","name_en":null,"class":"park","classes_all":["park"],"tags":{"leisure":"park","name":"Sukhumvit Park"},"area_m2":3548.7,"size_band":"small","district":"อำเภอเมืองสมุทรปราการ","district_en":"Mueang Samut Prakan District","district_osm_id":11580983,"province":"จังหวัดสมุทรปราการ","province_iso":"TH-11","multi_district":false,"reason_excluded":null,"reasons_all":[],"flags":["crosses_major_way"],"related_ids":{"major_ways":["osm-w1192653893"]},"poi_inside":[],"opening_hours":null,"verification_mode":"continuous_gps","floor_level":null,"rep_point":[100.588495,13.626782]},"geometry":{"type":"MultiPolygon","coordinates":[[[[100.588308,13.627205],[100.588423,13.626489],[100.5885,13.626244],[100.588652,13.625833],[100.588802,13.625878],[100.588753,13.626069],[100.588716,13.626249],[100.588672,13.626536],[100.588556,13.627028],[100.588495,13.627143],[100.588417,13.627258],[100.588308,13.627205]]]]}},
{"type":"Feature","id":"osm-w543822670","properties":{"id":"osm-w543822670","osm_id":543822670,"osm_type":"way","name":"สวนป่าทางต่างระดับ พุทธมณฑลสาย 2","name_en":null,"class":"park","classes_all":["park"],"tags":{"leisure":"park","name":"สวนป่าทางต่างระดับ พุทธมณฑลสาย 2","name:th":"สวนป่าทางต่างระดับ พุทธมณฑลสาย 2"},"area_m2":91758.6,"size_band":"large","district":"เขตทวีวัฒนา","district_en":"Thawi Watthana District","district_osm_id":2939955,"province":"กรุงเทพมหานคร","province_iso":"TH-10","multi_district":false,"reason_excluded":null,"reasons_all":[],"flags":["crosses_major_way"],"related_ids":{"major_ways":["osm-w119047949"]},"poi_inside":[],"opening_hours":null,"verification_mode":"continuous_gps","floor_level":null,"rep_point":[100.39158,13.783481]},"geometry":{"type":"MultiPolygon","coordinates":[[[[100.389017,13.784812],[100.38904,13.784766],[100.389741,13.783341],[100.389804,13.783212],[100.389987,13.78295],[100.390383,13.782762],[100.390915,13.782696],[100.390986,13.78269],[100.391406,13.782651],[100.392242,13.782571],[100.39288,13.78251],[100.3932,13.782441],[100.393392,13.782322],[100.393687,13.782077],[100.393532,13.782376],[100.393524,13.782507],[100.393501,13.782852],[100.393488,13.783054],[100.393487,13.78362],[100.393505,13.78373],[100.393552,13.783854],[100.393617,13.783961],[100.393692,13.784053],[100.393753,13.784117],[100.393824,13.784161],[100.393943,13.784235],[100.394002,13.784271],[100.391686,13.784512],[100.389017,13.784812]]]]}},
{"type":"Feature","id":"osm-w543858889","properties":{"id":"osm-w543858889","osm_id":543858889,"osm_type":"way","name":"สวน 72 พรรษา","name_en":null,"class":"park","classes_all":["park"],"tags":{"leisure":"park","name":"สวน 72 พรรษา","source":"local knowledge;aerial imagery;streetlevel imagery"},"area_m2":7235.8,"size_band":"small","district":"อำเภอเมืองนนทบุรี","district_en":"Mueang Nonthaburi District","district_osm_id":2688300,"province":"จังหวัดนนทบุรี","province_iso":"TH-12","multi_district":false,"reason_excluded":null,"reasons_all":[],"flags":[],"related_ids":{},"poi_inside":[],"opening_hours":null,"verification_mode":"continuous_gps","floor_level":null,"rep_point":[100.532026,13.875548]},"geometry":{"type":"MultiPolygon","coordinates":[[[[100.531786,13.874886],[100.532022,13.874885],[100.53226,13.874887],[100.53226,13.87533],[100.532271,13.875768],[100.532137,13.875766],[100.532145,13.876194],[100.532143,13.876645],[100.532072,13.876644],[100.532011,13.876645],[100.531944,13.876644],[100.531939,13.876218],[100.531926,13.876199],[100.531917,13.875771],[100.531788,13.875767],[100.531786,13.87533],[100.531786,13.874886]]]]}},
{"type":"Feature","id":"osm-w543859013","properties":{"id":"osm-w543859013","osm_id":543859013,"osm_type":"way","name":"สวนสาธารณะ ซอยสินทวี","name_en":null,"class":"park","classes_all":["park"],"tags":{"leisure":"park","name":"สวนสาธารณะ ซอยสินทวี"},"area_m2":4201.5,"size_band":"small","district":"เขตจอมทอง","district_en":"Chom Thong District","district_osm_id":3147007,"province":"กรุงเทพมหานคร","province_iso":"TH-10","multi_district":false,"reason_excluded":null,"reasons_all":[],"flags":[],"related_ids":{},"poi_inside":[],"opening_hours":null,"verification_mode":"continuous_gps","floor_level":null,"rep_point":[100.459324,13.670228]},"geometry":{"type":"MultiPolygon","coordinates":[[[[100.458999,13.670488],[100.459068,13.669857],[100.459654,13.669969],[100.459583,13.670522],[100.458999,13.670488]]]]}},
{"type":"Feature","id":"osm-w544106505","properties":{"id":"osm-w544106505","osm_id":544106505,"osm_type":"way","name":"สวนสาธารณะทิพวัล","name_en":null,"class":"park","classes_all":["park"],"tags":{"leisure":"park","name":"Tippawan Park","name:th":"สวนสาธารณะทิพวัล"},"area_m2":18910.8,"size_band":"medium","district":"อำเภอเมืองสมุทรปราการ","district_en":"Mueang Samut Prakan District","district_osm_id":11580983,"province":"จังหวัดสมุทรปราการ","province_iso":"TH-11","multi_district":false,"reason_excluded":null,"reasons_all":[],"flags":[],"related_ids":{},"poi_inside":[],"opening_hours":null,"verification_mode":"continuous_gps","floor_level":null,"rep_point":[100.604789,13.626998]},"geometry":{"type":"MultiPolygon","coordinates":[[[[100.603967,13.626443],[100.604896,13.626033],[100.605254,13.626811],[100.605424,13.627186],[100.605525,13.627424],[100.605398,13.627806],[100.604529,13.627591],[100.603967,13.626443]]]]}},
{"type":"Feature","id":"osm-w544126935","properties":{"id":"osm-w544126935","osm_id":544126935,"osm_type":"way","name":"ลานว่างท้ายวัด","name_en":null,"class":"park","classes_all":["park"],"tags":{"leisure":"park","name":"ลานว่างท้ายวัด"},"area_m2":22763.5,"size_band":"medium","district":"อำเภอเมืองสมุทรสาคร","district_en":"Mueang Samut Sakhon District","district_osm_id":18935071,"province":"จังหวัดสมุทรสาคร","province_iso":"TH-74","multi_district":false,"reason_excluded":null,"reasons_all":[],"flags":[],"related_ids":{},"poi_inside":[],"opening_hours":null,"verification_mode":"continuous_gps","floor_level":null,"rep_point":[100.18455,13.51273]},"geometry":{"type":"MultiPolygon","coordinates":[[[[100.183141,13.5139],[100.183186,13.513657],[100.184265,13.513719],[100.184283,13.51344],[100.18395,13.513371],[100.183952,13.513033],[100.183996,13.51205],[100.184581,13.512228],[100.185236,13.512427],[100.184899,13.513439],[100.184701,13.513986],[100.184251,13.513963],[100.183141,13.5139]]]]}},
{"type":"Feature","id":"osm-w544274397","properties":{"id":"osm-w544274397","osm_id":544274397,"osm_type":"way","name":"สวนสาธารณะเทศบาลตำบลด่านสำโรง","name_en":"Dan Samrong Municipality Park","class":"park","classes_all":["park"],"tags":{"leisure":"park","name":"สวนสาธารณะเทศบาลตำบลด่านสำโรง","name:en":"Dan Samrong Municipality Park","name:th":"สวนสาธารณะเทศบาลตำบลด่านสำโรง"},"area_m2":46211.4,"size_band":"medium","district":"อำเภอเมืองสมุทรปราการ","district_en":"Mueang Samut Prakan District","district_osm_id":11580983,"province":"จังหวัดสมุทรปราการ","province_iso":"TH-11","multi_district":false,"reason_excluded":null,"reasons_all":[],"flags":[],"related_ids":{},"poi_inside":[],"opening_hours":null,"verification_mode":"continuous_gps","floor_level":null,"rep_point":[100.621608,13.639568]},"geometry":{"type":"MultiPolygon","coordinates":[[[[100.620185,13.638402],[100.620948,13.638013],[100.620824,13.637743],[100.621119,13.637601],[100.621153,13.637667],[100.621209,13.637778],[100.621921,13.63918],[100.622152,13.63909],[100.622223,13.639237],[100.622567,13.639956],[100.622653,13.640134],[100.622972,13.640867],[100.622287,13.641097],[100.621949,13.640372],[100.62152,13.640564],[100.621236,13.640222],[100.621157,13.64013],[100.621029,13.639899],[100.620633,13.639225],[100.620185,13.638402]]]]}},
{"type":"Feature","id":"osm-w544278477","properties":{"id":"osm-w544278477","osm_id":544278477,"osm_type":"way","name":null,"name_en":null,"class":"park","classes_all":["park"],"tags":{"leisure":"park"},"area_m2":10085.0,"size_band":"medium","district":"อำเภอเมืองปทุมธานี","district_en":"Mueang Pathum Thani District","district_osm_id":2913009,"province":"จังหวัดปทุมธานี","province_iso":"TH-13","multi_district":false,"reason_excluded":null,"reasons_all":[],"flags":[],"related_ids":{},"poi_inside":[],"opening_hours":null,"verification_mode":"continuous_gps","floor_level":null,"rep_point":[100.488905,13.959387]},"geometry":{"type":"MultiPolygon","coordinates":[[[[100.488007,13.959582],[100.488317,13.959429],[100.489583,13.958805],[100.489763,13.959167],[100.489479,13.959345],[100.488291,13.960051],[100.488238,13.960052],[100.488007,13.959582]]]]}},
{"type":"Feature","id":"osm-w544285964","properties":{"id":"osm-w544285964","osm_id":544285964,"osm_type":"way","name":null,"name_en":null,"class":"park","classes_all":["park"],"tags":{"leisure":"park"},"area_m2":3005.8,"size_band":"small","district":"เขตวังทองหลาง","district_en":"Wang Thonglang District","district_osm_id":2939956,"province":"กรุงเทพมหานคร","province_iso":"TH-10","multi_district":true,"reason_excluded":null,"reasons_all":[],"flags":["multi_district"],"related_ids":{"districts":[2939956,2938032]},"poi_inside":[],"opening_hours":null,"verification_mode":"continuous_gps","floor_level":null,"rep_point":[100.589447,13.796941]},"geometry":{"type":"MultiPolygon","coordinates":[[[[100.589235,13.797161],[100.589335,13.796431],[100.58937,13.796431],[100.589359,13.796715],[100.58952,13.796721],[100.589529,13.796423],[100.589617,13.796417],[100.58963,13.796657],[100.589822,13.796655],[100.589822,13.796626],[100.589826,13.796488],[100.589832,13.79644],[100.589855,13.796434],[100.589872,13.796446],[100.589895,13.79649],[100.589894,13.796638],[100.590023,13.79661],[100.590072,13.796692],[100.589235,13.797161]]]]}},
{"type":"Feature","id":"osm-w544291968","properties":{"id":"osm-w544291968","osm_id":544291968,"osm_type":"way","name":null,"name_en":null,"class":"marketplace","classes_all":["marketplace"],"tags":{"amenity":"marketplace"},"area_m2":4299.0,"size_band":"small","district":"เขตดินแดง","district_en":"Din Daeng District","district_osm_id":2938031,"province":"กรุงเทพมหานคร","province_iso":"TH-10","multi_district":false,"reason_excluded":null,"reasons_all":[],"flags":[],"related_ids":{},"poi_inside":[],"opening_hours":null,"verification_mode":"continuous_gps","floor_level":null,"rep_point":[100.571086,13.797842]},"geometry":{"type":"MultiPolygon","coordinates":[[[[100.570678,13.79828],[100.571163,13.797314],[100.571536,13.797404],[100.570969,13.798349],[100.570678,13.79828]]]]}},
{"type":"Feature","id":"osm-w544298846","properties":{"id":"osm-w544298846","osm_id":544298846,"osm_type":"way","name":"สวนวงแหวนสุขสวัสดิ์","name_en":null,"class":"park","classes_all":["park"],"tags":{"leisure":"park","name":"สวนวงแหวนสุขสวัสดิ์"},"area_m2":20660.0,"size_band":"medium","district":"เขตราษฎร์บูรณะ","district_en":"Rat Burana District","district_osm_id":3147008,"province":"กรุงเทพมหานคร","province_iso":"TH-10","multi_district":false,"reason_excluded":null,"reasons_all":[],"flags":["crosses_major_way"],"related_ids":{"major_ways":["osm-w103928907","osm-w40268454","osm-w544298851","osm-w544298854"]},"poi_inside":[],"opening_hours":null,"verification_mode":"continuous_gps","floor_level":null,"rep_point":[100.51635,13.663362]},"geometry":{"type":"MultiPolygon","coordinates":[[[[100.515681,13.663174],[100.515767,13.662944],[100.516044,13.662697],[100.516529,13.66254],[100.516952,13.662449],[100.517407,13.662243],[100.516692,13.664119],[100.516095,13.663862],[100.51576,13.663551],[100.515681,13.663174]]]]}},
{"type":"Feature","id":"osm-w544308065","properties":{"id":"osm-w544308065","osm_id":544308065,"osm_type":"way","name":"สวนเฉลิมพระเกียรติฯ","name_en":"Chaloem Phrakiat park","class":"park","classes_all":["park"],"tags":{"alt_name":"สวนเฉลิมพระเกียรติ 5 ธันวาคม 2542","alt_name:th":"สวนเฉลิมพระเกียรติ 5 ธันวาคม 2542","leisure":"park","name":"สวนเฉลิมพระเกียรติฯ","name:en":"Chaloem Phrakiat park","name:th":"สวนเฉลิมพระเกียรติฯ"},"area_m2":3431.8,"size_band":"small","district":"อำเภอเมืองสมุทรปราการ","district_en":"Mueang Samut Prakan District","district_osm_id":11580983,"province":"จังหวัดสมุทรปราการ","province_iso":"TH-11","multi_district":false,"reason_excluded":null,"reasons_all":[],"flags":[],"related_ids":{},"poi_inside":[],"opening_hours":null,"verification_mode":"continuous_gps","floor_level":null,"rep_point":[100.601399,13.651162]},"geometry":{"type":"MultiPolygon","coordinates":[[[[100.601047,13.650866],[100.601349,13.650712],[100.601751,13.651458],[100.60145,13.651611],[100.601047,13.650866]]]]}},
{"type":"Feature","id":"osm-w544325883","properties":{"id":"osm-w544325883","osm_id":544325883,"osm_type":"way","name":"สวนสุขภาพ ปทุมธานี","name_en":null,"class":"park","classes_all":["park"],"tags":{"description":"สวนสุขภาพ ปทุมธานี","leisure":"park","name":"สวนสุขภาพ ปทุมธานี"},"area_m2":27831.9,"size_band":"medium","district":"อำเภอเมืองปทุมธานี","district_en":"Mueang Pathum Thani District","district_osm_id":2913009,"province":"จังหวัดปทุมธานี","province_iso":"TH-13","multi_district":false,"reason_excluded":null,"reasons_all":[],"flags":[],"related_ids":{},"poi_inside":[],"opening_hours":null,"verification_mode":"continuous_gps","floor_level":null,"rep_point":[100.532665,14.018944]},"geometry":{"type":"MultiPolygon","coordinates":[[[[100.531649,14.01852],[100.532526,14.018356],[100.532618,14.018658],[100.53289,14.018668],[100.533182,14.018635],[100.533264,14.018668],[100.533357,14.018575],[100.533274,14.018239],[100.533551,14.018191],[100.533619,14.018465],[100.533624,14.018531],[100.533638,14.019257],[100.533561,14.019644],[100.531793,14.019781],[100.531729,14.019221],[100.531649,14.01852]]]]}},
{"type":"Feature","id":"osm-w544580047","properties":{"id":"osm-w544580047","osm_id":544580047,"osm_type":"way","name":"Pom Peek Ka Park","name_en":null,"class":"park","classes_all":["park"],"tags":{"leisure":"park","name":"Pom Peek Ka Park"},"area_m2":4315.6,"size_band":"small","district":"อำเภอเมืองสมุทรปราการ","district_en":"Mueang Samut Prakan District","district_osm_id":11580983,"province":"จังหวัดสมุทรปราการ","province_iso":"TH-11","multi_district":false,"reason_excluded":null,"reasons_all":[],"flags":[],"related_ids":{},"poi_inside":[],"opening_hours":null,"verification_mode":"continuous_gps","floor_level":null,"rep_point":[100.596277,13.587894]},"geometry":{"type":"MultiPolygon","coordinates":[[[[100.595897,13.587524],[100.596388,13.587736],[100.596465,13.587568],[100.596689,13.587717],[100.596529,13.588071],[100.596312,13.588053],[100.596019,13.588466],[100.595897,13.587524]]]]}},
{"type":"Feature","id":"osm-w544677037","properties":{"id":"osm-w544677037","osm_id":544677037,"osm_type":"way","name":null,"name_en":null,"class":"park","classes_all":["park"],"tags":{"leisure":"park"},"area_m2":7934.1,"size_band":"small","district":"อำเภอบางบัวทอง","district_en":"Bang Bua Thong District","district_osm_id":2689552,"province":"จังหวัดนนทบุรี","province_iso":"TH-12","multi_district":false,"reason_excluded":null,"reasons_all":[],"flags":[],"related_ids":{},"poi_inside":[],"opening_hours":null,"verification_mode":"continuous_gps","floor_level":null,"rep_point":[100.352961,13.915734]},"geometry":{"type":"MultiPolygon","coordinates":[[[[100.352477,13.916054],[100.35258,13.915324],[100.353431,13.915414],[100.353354,13.916197],[100.352477,13.916054]]]]}},
{"type":"Feature","id":"osm-w544931900","properties":{"id":"osm-w544931900","osm_id":544931900,"osm_type":"way","name":"อุทยานการเรียนรู้สมุทรปราการ","name_en":null,"class":"park","classes_all":["park"],"tags":{"leisure":"park","name":"อุทยานการเรียนรู้สมุทรปราการ","name:th":"อุทยานการเรียนรู้สมุทรปราการ"},"area_m2":20218.6,"size_band":"medium","district":"อำเภอเมืองสมุทรปราการ","district_en":"Mueang Samut Prakan District","district_osm_id":11580983,"province":"จังหวัดสมุทรปราการ","province_iso":"TH-11","multi_district":false,"reason_excluded":null,"reasons_all":[],"flags":[],"related_ids":{},"poi_inside":[],"opening_hours":null,"verification_mode":"continuous_gps","floor_level":null,"rep_point":[100.599272,13.598516]},"geometry":{"type":"MultiPolygon","coordinates":[[[[100.598514,13.59891],[100.598529,13.598772],[100.598636,13.597999],[100.599029,13.597497],[100.599943,13.597968],[100.600014,13.598083],[100.600041,13.598259],[100.599876,13.598948],[100.599734,13.599086],[100.599411,13.59904],[100.599274,13.598875],[100.598951,13.598833],[100.598931,13.598975],[100.598514,13.59891]]]]}},
{"type":"Feature","id":"osm-w545151742","properties":{"id":"osm-w545151742","osm_id":545151742,"osm_type":"way","name":"สวนน้ำพระทัย","name_en":"EGAT Eco Park","class":"park","classes_all":["park"],"tags":{"leisure":"park","name":"สวนน้ำพระทัย","name:en":"EGAT Eco Park","name:th":"สวนน้ำพระทัย"},"area_m2":29139.7,"size_band":"medium","district":"อำเภอบางกรวย","district_en":"Bang Kruai District","district_osm_id":2688299,"province":"จังหวัดนนทบุรี","province_iso":"TH-12","multi_district":false,"reason_excluded":null,"reasons_all":[],"flags":[],"related_ids":{},"poi_inside":[],"opening_hours":null,"verification_mode":"continuous_gps","floor_level":null,"rep_point":[100.505039,13.814433]},"geometry":{"type":"MultiPolygon","coordinates":[[[[100.504069,13.811856],[100.504172,13.811842],[100.504385,13.812926],[100.504974,13.812824],[100.505139,13.813623],[100.505736,13.815243],[100.504592,13.815846],[100.504498,13.815678],[100.504391,13.815443],[100.504791,13.815353],[100.504478,13.813438],[100.5042,13.813474],[100.504069,13.811856]]]]}},
{"type":"Feature","id":"osm-w545181929","properties":{"id":"osm-w545181929","osm_id":545181929,"osm_type":"way","name":"Roi Prueksa","name_en":null,"class":"park","classes_all":["park"],"tags":{"leisure":"park","name":"Roi Prueksa"},"area_m2":4591.2,"size_band":"small","district":"อำเภอเมืองนครปฐม","district_en":"Mueang Nakhon Pathom District","district_osm_id":18931445,"province":"จังหวัดนครปฐม","province_iso":"TH-73","multi_district":false,"reason_excluded":null,"reasons_all":[],"flags":[],"related_ids":{},"poi_inside":[],"opening_hours":null,"verification_mode":"continuous_gps","floor_level":null,"rep_point":[100.055971,13.839288]},"geometry":{"type":"MultiPolygon","coordinates":[[[[100.055532,13.839215],[100.055957,13.838853],[100.056475,13.83905],[100.056268,13.839492],[100.055908,13.839361],[100.055875,13.839424],[100.05578,13.839606],[100.055532,13.839215]]]]}},
{"type":"Feature","id":"osm-w545375455","properties":{"id":"osm-w545375455","osm_id":545375455,"osm_type":"way","name":"สวนสุขภาพ 60 พรรษามหาราชินี","name_en":null,"class":"park","classes_all":["park"],"tags":{"addr:district":"เมืองสมุทรสาคร","addr:postcode":"74000","addr:province":"สมุุทรสาคร","addr:subdistrict":"มหาชัย","leisure":"park","name":"สวนสุขภาพ 60 พรรษามหาราชินี"},"area_m2":10562.3,"size_band":"medium","district":"อำเภอเมืองสมุทรสาคร","district_en":"Mueang Samut Sakhon District","district_osm_id":18935071,"province":"จังหวัดสมุทรสาคร","province_iso":"TH-74","multi_district":false,"reason_excluded":null,"reasons_all":[],"flags":[],"related_ids":{"blockers":{"religious":{"ids":["osm-w868346621"],"share":0.0}}},"poi_inside":[],"opening_hours":null,"verification_mode":"continuous_gps","floor_level":null,"rep_point":[100.273372,13.545684]},"geometry":{"type":"MultiPolygon","coordinates":[[[[100.272546,13.545802],[100.272718,13.545293],[100.272756,13.54518],[100.272909,13.545219],[100.273471,13.545334],[100.273785,13.545411],[100.274165,13.545506],[100.27419,13.545566],[100.274068,13.546007],[100.272848,13.545847],[100.272546,13.545802]]]]}},
{"type":"Feature","id":"osm-w545388135","properties":{"id":"osm-w545388135","osm_id":545388135,"osm_type":"way","name":"สวนบางขุนนนท์","name_en":null,"class":"park","classes_all":["park"],"tags":{"full_name":"สวนเฉลิมพระเกียรติ 80 พรรษา","leisure":"park","name":"สวนบางขุนนนท์","name:th":"สวนบางขุนนนท์","wikidata":"Q66372354","wikimedia_commons":"Category:Chaloem Phra Kiat 80th Year Park, Bangkok"},"area_m2":31634.2,"size_band":"medium","district":"เขตบางกอกน้อย","district_en":"Bangkok Noi District","district_osm_id":2942282,"province":"กรุงเทพมหานคร","province_iso":"TH-10","multi_district":false,"reason_excluded":null,"reasons_all":[],"flags":[],"related_ids":{},"poi_inside":[],"opening_hours":null,"verification_mode":"continuous_gps","floor_level":null,"rep_point":[100.468751,13.77278]},"geometry":{"type":"MultiPolygon","coordinates":[[[[100.467772,13.772258],[100.467946,13.771885],[100.468246,13.771338],[100.4683,13.771402],[100.46872,13.771949],[100.46899,13.772316],[100.469302,13.772684],[100.469656,13.772992],[100.470028,13.773254],[100.469878,13.773441],[100.470076,13.773633],[100.470339,13.773785],[100.470603,13.773954],[100.470549,13.774117],[100.470513,13.77421],[100.470345,13.774128],[100.470298,13.774192],[100.470202,13.774152],[100.469968,13.774268],[100.469128,13.773592],[100.46896,13.7734],[100.468486,13.772876],[100.468228,13.773004],[100.467772,13.772258]]]]}},
{"type":"Feature","id":"osm-w545790187","properties":{"id":"osm-w545790187","osm_id":545790187,"osm_type":"way","name":"สวนสุขภาพชุมชนศรีเพชร","name_en":null,"class":"park","classes_all":["park"],"tags":{"leisure":"park","name":"Sripetch Park","name:th":"สวนสุขภาพชุมชนศรีเพชร"},"area_m2":8534.0,"size_band":"small","district":"อำเภอเมืองสมุทรปราการ","district_en":"Mueang Samut Prakan District","district_osm_id":11580983,"province":"จังหวัดสมุทรปราการ","province_iso":"TH-11","multi_district":false,"reason_excluded":null,"reasons_all":[],"flags":[],"related_ids":{},"poi_inside":[],"opening_hours":null,"verification_mode":"continuous_gps","floor_level":null,"rep_point":[100.616147,13.62312]},"geometry":{"type":"MultiPolygon","coordinates":[[[[100.615425,13.622818],[100.615844,13.622659],[100.615952,13.622861],[100.616299,13.62276],[100.616637,13.622942],[100.616738,13.622992],[100.61669,13.623248],[100.61583,13.623605],[100.615425,13.622818]]]]}},
{"type":"Feature","id":"osm-w546568863","properties":{"id":"osm-w546568863","osm_id":546568863,"osm_type":"way","name":null,"name_en":null,"class":"park","classes_all":["park"],"tags":{"leisure":"park"},"area_m2":7434.0,"size_band":"small","district":"อำเภอลำลูกกา","district_en":"Lam Luk Ka District","district_osm_id":2913007,"province":"จังหวัดปทุมธานี","province_iso":"TH-13","multi_district":false,"reason_excluded":null,"reasons_all":[],"flags":[],"related_ids":{},"poi_inside":[],"opening_hours":null,"verification_mode":"continuous_gps","floor_level":null,"rep_point":[100.737854,13.942456]},"geometry":{"type":"MultiPolygon","coordinates":[[[[100.7377,13.941344],[100.737732,13.941292],[100.73781,13.941281],[100.737866,13.941318],[100.737923,13.941383],[100.738017,13.94151],[100.738102,13.941609],[100.738144,13.941671],[100.738178,13.941721],[100.73821,13.941841],[100.738218,13.941971],[100.738204,13.942088],[100.738167,13.942171],[100.738105,13.942261],[100.73807,13.942291],[100.737992,13.94239],[100.737931,13.942538],[100.737904,13.942604],[100.737912,13.942851],[100.737923,13.94314],[100.737932,13.943415],[100.737942,13.943715],[100.737738,13.943726],[100.737726,13.943409],[100.737718,13.943191],[100.737711,13.942757],[100.737716,13.942609],[100.737727,13.942507],[100.737759,13.942406],[100.737832,13.9422],[100.737858,13.942124],[100.73786,13.942067],[100.737861,13.942015],[100.737853,13.941929],[100.73784,13.941851],[100.737791,13.94177],[100.737766,13.94172],[100.737727,13.941562],[100.737711,13.941445],[100.7377,13.941344]]]]}},
{"type":"Feature","id":"osm-w549943480","properties":{"id":"osm-w549943480","osm_id":549943480,"osm_type":"way","name":null,"name_en":null,"class":"pitch","classes_all":["pitch"],"tags":{"leisure":"pitch","sport":"soccer"},"area_m2":3403.8,"size_band":"small","district":"เขตห้วยขวาง","district_en":"Huai Khwang District","district_osm_id":2938032,"province":"กรุงเทพมหานคร","province_iso":"TH-10","multi_district":false,"reason_excluded":null,"reasons_all":[],"flags":[],"related_ids":{},"poi_inside":[],"opening_hours":null,"verification_mode":"continuous_gps","floor_level":null,"rep_point":[100.588383,13.797181]},"geometry":{"type":"MultiPolygon","coordinates":[[[[100.588042,13.797369],[100.588098,13.79692],[100.588723,13.796993],[100.588667,13.797442],[100.588042,13.797369]]]]}},
{"type":"Feature","id":"osm-w551756900","properties":{"id":"osm-w551756900","osm_id":551756900,"osm_type":"way","name":"สนามฟุตบอล interpremier","name_en":null,"class":"pitch","classes_all":["pitch"],"tags":{"addr:city":"กรุงเทพมหานคร","addr:housenumber":"ประชาชื่นซอย 8/1","addr:postcode":"10210","addr:street":"ถนนประชาชื่น","addr:unit":"เขตหลักสี่","description":"สนามฟุตบอล interpremier ตรงข้าม ม.ธุรกิจ","leisure":"pitch","lit":"yes","name":"สนามฟุตบอล interpremier","sport":"soccer","surface":"grass"},"area_m2":4640.6,"size_band":"small","district":"อำเภอเมืองนนทบุรี","district_en":"Mueang Nonthaburi District","district_osm_id":2688300,"province":"จังหวัดนนทบุรี","province_iso":"TH-12","multi_district":false,"reason_excluded":null,"reasons_all":[],"flags":[],"related_ids":{},"poi_inside":[],"opening_hours":null,"verification_mode":"continuous_gps","floor_level":null,"rep_point":[100.545691,13.872536]},"geometry":{"type":"MultiPolygon","coordinates":[[[[100.545238,13.872736],[100.545293,13.872283],[100.546138,13.872335],[100.546098,13.872787],[100.545238,13.872736]]]]}},
{"type":"Feature","id":"osm-w552268275","properties":{"id":"osm-w552268275","osm_id":552268275,"osm_type":"way","name":"สวนสาธารณะทางแยกต่างระดับนครชัยศรี","name_en":null,"class":"park","classes_all":["park"],"tags":{"leisure":"park","name":"สวนสาธารณะทางแยกต่างระดับนครชัยศรี"},"area_m2":65793.0,"size_band":"large","district":"อำเภอนครชัยศรี","district_en":"Nakhon Chai Si District","district_osm_id":18931531,"province":"จังหวัดนครปฐม","province_iso":"TH-73","multi_district":false,"reason_excluded":null,"reasons_all":[],"flags":["crosses_major_way"],"related_ids":{"major_ways":["osm-w949132877"]},"poi_inside":[{"id":"osm-n9784340417","osm_id":9784340417,"tag":"tourism=attraction","name":null}],"opening_hours":null,"verification_mode":"continuous_gps","floor_level":null,"rep_point":[100.186041,13.765812]},"geometry":{"type":"MultiPolygon","coordinates":[[[[100.183687,13.767055],[100.184312,13.765895],[100.184936,13.764736],[100.185006,13.764674],[100.185103,13.764621],[100.185237,13.764647],[100.185382,13.764689],[100.186665,13.765141],[100.187539,13.765438],[100.187614,13.765496],[100.18769,13.765569],[100.187727,13.765662],[100.187738,13.765735],[100.187712,13.765889],[100.18768,13.76597],[100.187603,13.766062],[100.187255,13.766303],[100.186976,13.766428],[100.186681,13.766548],[100.186252,13.766663],[100.18578,13.76672],[100.18526,13.766767],[100.184605,13.766845],[100.184128,13.766923],[100.183886,13.767017],[100.183687,13.767055]]]]}},
{"type":"Feature","id":"osm-w552515447","properties":{"id":"osm-w552515447","osm_id":552515447,"osm_type":"way","name":"สวนเฉลิมพระเกียรติ 80 พรรษา","name_en":null,"class":"park","classes_all":["park"],"tags":{"leisure":"park","name":"สวนเฉลิมพระเกียรติ 80 พรรษา","operator":"เทศบาลนครนนทบุรี"},"area_m2":19062.6,"size_band":"medium","district":"อำเภอเมืองนนทบุรี","district_en":"Mueang Nonthaburi District","district_osm_id":2688300,"province":"จังหวัดนนทบุรี","province_iso":"TH-12","multi_district":false,"reason_excluded":null,"reasons_all":[],"flags":[],"related_ids":{},"poi_inside":[],"opening_hours":null,"verification_mode":"continuous_gps","floor_level":null,"rep_point":[100.54088,13.863997]},"geometry":{"type":"MultiPolygon","coordinates":[[[[100.539805,13.863222],[100.540688,13.863104],[100.540764,13.863686],[100.540823,13.863777],[100.540893,13.86383],[100.541002,13.863869],[100.541578,13.86409],[100.541476,13.864812],[100.540576,13.864918],[100.540469,13.864077],[100.540378,13.863918],[100.54016,13.863788],[100.539883,13.863804],[100.539805,13.863222]]]]}},
{"type":"Feature","id":"osm-w553314026","properties":{"id":"osm-w553314026","osm_id":553314026,"osm_type":"way","name":null,"name_en":"National Memorial Park","class":"park","classes_all":["park"],"tags":{"leisure":"park","name:en":"National Memorial Park"},"area_m2":65221.3,"size_band":"large","district":"อำเภอลำลูกกา","district_en":"Lam Luk Ka District","district_osm_id":2913007,"province":"จังหวัดปทุมธานี","province_iso":"TH-13","multi_district":false,"reason_excluded":null,"reasons_all":[],"flags":[],"related_ids":{},"poi_inside":[],"opening_hours":null,"verification_mode":"continuous_gps","floor_level":null,"rep_point":[100.620918,13.952485]},"geometry":{"type":"MultiPolygon","coordinates":[[[[100.619629,13.951683],[100.622221,13.950303],[100.621311,13.95479],[100.62121,13.954928],[100.621044,13.954953],[100.620897,13.954736],[100.620896,13.954546],[100.620872,13.954357],[100.620833,13.954171],[100.620738,13.953882],[100.620621,13.95359],[100.620486,13.953288],[100.619629,13.951683]]]]}},
{"type":"Feature","id":"osm-w554488562","properties":{"id":"osm-w554488562","osm_id":554488562,"osm_type":"way","name":"SCB park east","name_en":null,"class":"park","classes_all":["park"],"tags":{"leisure":"park","name":"SCB park east"},"area_m2":3815.1,"size_band":"small","district":"เขตจตุจักร","district_en":"Chatuchak District","district_osm_id":1639286,"province":"กรุงเทพมหานคร","province_iso":"TH-10","multi_district":false,"reason_excluded":null,"reasons_all":[],"flags":[],"related_ids":{},"poi_inside":[],"opening_hours":null,"verification_mode":"continuous_gps","floor_level":null,"rep_point":[100.565605,13.827804]},"geometry":{"type":"MultiPolygon","coordinates":[[[[100.564925,13.828019],[100.56615,13.8274],[100.566278,13.827589],[100.565044,13.828223],[100.564925,13.828019]]]]}},
{"type":"Feature","id":"osm-w554488567","properties":{"id":"osm-w554488567","osm_id":554488567,"osm_type":"way","name":"สวนวงเวียนซ.24","name_en":null,"class":"park","classes_all":["park"],"tags":{"leisure":"park","name":"สวนวงเวียนซ.24"},"area_m2":4082.9,"size_band":"small","district":"เขตจตุจักร","district_en":"Chatuchak District","district_osm_id":1639286,"province":"กรุงเทพมหานคร","province_iso":"TH-10","multi_district":false,"reason_excluded":null,"reasons_all":[],"flags":[],"related_ids":{},"poi_inside":[],"opening_hours":null,"verification_mode":"continuous_gps","floor_level":null,"rep_point":[100.569013,13.823309]},"geometry":{"type":"MultiPolygon","coordinates":[[[[100.56868,13.823246],[100.568747,13.823083],[100.568834,13.822994],[100.568979,13.822936],[100.569123,13.82295],[100.569266,13.823054],[100.569343,13.823227],[100.569341,13.823372],[100.569267,13.823522],[100.569138,13.823594],[100.56904,13.823593],[100.56891,13.823566],[100.568773,13.823505],[100.568692,13.823406],[100.56868,13.823246]]]]}},
{"type":"Feature","id":"osm-w554581743","properties":{"id":"osm-w554581743","osm_id":554581743,"osm_type":"way","name":"Pathumthani Speedway","name_en":null,"class":"pitch","classes_all":["pitch"],"tags":{"leisure":"pitch","name":"Pathumthani Speedway","sport":"motor"},"area_m2":134776.4,"size_band":"large","district":"อำเภอสามโคก","district_en":"Sam Khok District","district_osm_id":2913011,"province":"จังหวัดปทุมธานี","province_iso":"TH-13","multi_district":false,"reason_excluded":null,"reasons_all":[],"flags":[],"related_ids":{},"poi_inside":[],"opening_hours":null,"verification_mode":"continuous_gps","floor_level":null,"rep_point":[100.566334,14.114673]},"geometry":{"type":"MultiPolygon","coordinates":[[[[100.562614,14.115226],[100.564014,14.113447],[100.566106,14.113873],[100.56734,14.11393],[100.567423,14.113088],[100.568064,14.11315],[100.567965,14.113967],[100.568129,14.11399],[100.56815,14.114097],[100.568115,14.114396],[100.56962,14.114599],[100.569616,14.114747],[100.569615,14.114799],[100.569478,14.114778],[100.569451,14.11508],[100.569615,14.115098],[100.569613,14.115152],[100.569609,14.115299],[100.569438,14.115279],[100.569432,14.115335],[100.56792,14.115137],[100.567796,14.115398],[100.567163,14.115424],[100.567147,14.115616],[100.566981,14.116272],[100.562614,14.115226]]]]}},
{"type":"Feature","id":"osm-w555016201","properties":{"id":"osm-w555016201","osm_id":555016201,"osm_type":"way","name":"สวนสุขภาพเฉลิมพระเกียรติ 80 พรรษา","name_en":"Chaloem Phrakiat 80 Phansa Public Park","class":"park","classes_all":["park"],"tags":{"addr:city":"กรุงเทพมหานคร","addr:postcode":"10210","addr:street":"ถนนสรงประภา","leisure":"park","name":"สวนสุขภาพเฉลิมพระเกียรติ 80 พรรษา","name:en":"Chaloem Phrakiat 80 Phansa Public Park","name:th":"สวนสุขภาพเฉลิมพระเกียรติ 80 พรรษา"},"area_m2":6305.0,"size_band":"small","district":"เขตดอนเมือง","district_en":"Don Mueang District","district_osm_id":1639287,"province":"กรุงเทพมหานคร","province_iso":"TH-10","multi_district":false,"reason_excluded":null,"reasons_all":[],"flags":[],"related_ids":{},"poi_inside":[],"opening_hours":null,"verification_mode":"continuous_gps","floor_level":null,"rep_point":[100.567488,13.933551]},"geometry":{"type":"MultiPolygon","coordinates":[[[[100.567074,13.933281],[100.567112,13.933184],[100.567624,13.933018],[100.56791,13.933822],[100.567318,13.93403],[100.567074,13.933281]]]]}},
{"type":"Feature","id":"osm-w555600650","properties":{"id":"osm-w555600650","osm_id":555600650,"osm_type":"way","name":"สวนสาธารณะบึงสีกัน","name_en":null,"class":"park","classes_all":["park"],"tags":{"leisure":"park","name":"สวนสาธารณะบึงสีกัน"},"area_m2":76926.0,"size_band":"large","district":"เขตหลักสี่","district_en":"Lak Si District","district_osm_id":1639288,"province":"กรุงเทพมหานคร","province_iso":"TH-10","multi_district":false,"reason_excluded":null,"reasons_all":[],"flags":["crosses_major_way"],"related_ids":{"major_ways":["osm-w1408555730"]},"poi_inside":[],"opening_hours":null,"verification_mode":"continuous_gps","floor_level":null,"rep_point":[100.561619,13.904527]},"geometry":{"type":"MultiPolygon","coordinates":[[[[100.560164,13.903925],[100.562712,13.903375],[100.563229,13.905773],[100.560723,13.906334],[100.560392,13.90513],[100.560164,13.903925]]]]}},
{"type":"Feature","id":"osm-w555773906","properties":{"id":"osm-w555773906","osm_id":555773906,"osm_type":"way","name":"DPU CADT Park","name_en":null,"class":"park","classes_all":["park"],"tags":{"leisure":"park","name":"DPU CADT Park"},"area_m2":5965.4,"size_band":"small","district":"อำเภอเมืองนนทบุรี","district_en":"Mueang Nonthaburi District","district_osm_id":2688300,"province":"จังหวัดนนทบุรี","province_iso":"TH-12","multi_district":false,"reason_excluded":null,"reasons_all":[],"flags":[],"related_ids":{},"poi_inside":[],"opening_hours":null,"verification_mode":"continuous_gps","floor_level":null,"rep_point":[100.547915,13.871095]},"geometry":{"type":"MultiPolygon","coordinates":[[[[100.547454,13.870889],[100.548154,13.87071],[100.548227,13.870743],[100.548388,13.871301],[100.547594,13.871494],[100.547454,13.870889]]]]}},
{"type":"Feature","id":"osm-w555886241","properties":{"id":"osm-w555886241","osm_id":555886241,"osm_type":"way","name":"สวนสาธารณะหมู่บ้านซิเมนต์ไทย","name_en":null,"class":"park","classes_all":["park"],"tags":{"leisure":"park","name":"สวนสาธารณะหมู่บ้านซิเมนต์ไทย","name:th":"สวนสาธารณะหมู่บ้านซิเมนต์ไทย"},"area_m2":14717.3,"size_band":"medium","district":"เขตจตุจักร","district_en":"Chatuchak District","district_osm_id":1639286,"province":"กรุงเทพมหานคร","province_iso":"TH-10","multi_district":false,"reason_excluded":null,"reasons_all":[],"flags":[],"related_ids":{},"poi_inside":[],"opening_hours":null,"verification_mode":"continuous_gps","floor_level":null,"rep_point":[100.544498,13.83171]},"geometry":{"type":"MultiPolygon","coordinates":[[[[100.54371,13.832122],[100.543891,13.83179],[100.543808,13.831515],[100.543771,13.831144],[100.544113,13.831099],[100.545054,13.831572],[100.545167,13.831629],[100.544794,13.832424],[100.54371,13.832122]]]]}},
{"type":"Feature","id":"osm-w555897429","properties":{"id":"osm-w555897429","osm_id":555897429,"osm_type":"way","name":"The Pud English Garden","name_en":null,"class":"park","classes_all":["park"],"tags":{"leisure":"park","name":"The Pud English Garden"},"area_m2":13758.8,"size_band":"medium","district":"เขตบึงกุ่ม","district_en":"Bueng Kum District","district_osm_id":2946805,"province":"กรุงเทพมหานคร","province_iso":"TH-10","multi_district":false,"reason_excluded":null,"reasons_all":[],"flags":[],"related_ids":{},"poi_inside":[],"opening_hours":null,"verification_mode":"continuous_gps","floor_level":null,"rep_point":[100.627124,13.820906]},"geometry":{"type":"MultiPolygon","coordinates":[[[[100.626415,13.820638],[100.626686,13.820584],[100.627142,13.820493],[100.627693,13.820456],[100.627831,13.821173],[100.627741,13.821198],[100.626901,13.821541],[100.62669,13.821637],[100.626572,13.821429],[100.626415,13.820638]]]]}},
{"type":"Feature","id":"osm-w555898434","properties":{"id":"osm-w555898434","osm_id":555898434,"osm_type":"way","name":null,"name_en":null,"class":"park","classes_all":["park"],"tags":{"leisure":"park"},"area_m2":4802.2,"size_band":"small","district":"อำเภอบางกรวย","district_en":"Bang Kruai District","district_osm_id":2688299,"province":"จังหวัดนนทบุรี","province_iso":"TH-12","multi_district":false,"reason_excluded":null,"reasons_all":[],"flags":[],"related_ids":{},"poi_inside":[],"opening_hours":null,"verification_mode":"continuous_gps","floor_level":null,"rep_point":[100.385662,13.812595]},"geometry":{"type":"MultiPolygon","coordinates":[[[[100.385228,13.813444],[100.385288,13.81313],[100.385362,13.812818],[100.385539,13.81282],[100.385631,13.812372],[100.385747,13.81192],[100.385918,13.811524],[100.385964,13.811548],[100.385811,13.812292],[100.385661,13.812916],[100.385588,13.81351],[100.385228,13.813444]]]]}},
{"type":"Feature","id":"osm-w555913269","properties":{"id":"osm-w555913269","osm_id":555913269,"osm_type":"way","name":"Orchid Park","name_en":null,"class":"park","classes_all":["park"],"tags":{"leisure":"park","name":"Orchid Park"},"area_m2":16059.2,"size_band":"medium","district":"เขตราษฎร์บูรณะ","district_en":"Rat Burana District","district_osm_id":3147008,"province":"กรุงเทพมหานคร","province_iso":"TH-10","multi_district":false,"reason_excluded":null,"reasons_all":[],"flags":[],"related_ids":{},"poi_inside":[],"opening_hours":null,"verification_mode":"continuous_gps","floor_level":null,"rep_point":[100.503984,13.671194]},"geometry":{"type":"MultiPolygon","coordinates":[[[[100.50309,13.670751],[100.504801,13.670566],[100.505002,13.671009],[100.504659,13.671114],[100.504844,13.671567],[100.504463,13.671716],[100.504257,13.671275],[100.503439,13.671585],[100.50309,13.670751]]]]}},
{"type":"Feature","id":"osm-w555932084","properties":{"id":"osm-w555932084","osm_id":555932084,"osm_type":"way","name":"สวนปฏิบัติธรรม","name_en":null,"class":"park","classes_all":["park"],"tags":{"leisure":"park","name":"สวนปฏิบัติธรรม"},"area_m2":10735.8,"size_band":"medium","district":"เขตบึงกุ่ม","district_en":"Bueng Kum District","district_osm_id":2946805,"province":"กรุงเทพมหานคร","province_iso":"TH-10","multi_district":false,"reason_excluded":null,"reasons_all":[],"flags":[],"related_ids":{},"poi_inside":[],"opening_hours":null,"verification_mode":"continuous_gps","floor_level":null,"rep_point":[100.669783,13.793674]},"geometry":{"type":"MultiPolygon","coordinates":[[[[100.669061,13.793772],[100.669291,13.793138],[100.669316,13.793094],[100.6698,13.793303],[100.670501,13.793576],[100.670381,13.793966],[100.670312,13.794173],[100.670251,13.794195],[100.669061,13.793772]]]]}},
{"type":"Feature","id":"osm-w556023131","properties":{"id":"osm-w556023131","osm_id":556023131,"osm_type":"way","name":"Safari World Mini Park","name_en":null,"class":"park","classes_all":["park"],"tags":{"leisure":"park","name":"Safari World Mini Park"},"area_m2":12669.4,"size_band":"medium","district":"เขตคลองสามวา","district_en":"Khlong Sam Wa District","district_osm_id":2997412,"province":"กรุงเทพมหานคร","province_iso":"TH-10","multi_district":false,"reason_excluded":null,"reasons_all":[],"flags":[],"related_ids":{},"poi_inside":[],"opening_hours":null,"verification_mode":"continuous_gps","floor_level":null,"rep_point":[100.706612,13.865017]},"geometry":{"type":"MultiPolygon","coordinates":[[[[100.70581,13.866102],[100.706822,13.86431],[100.70678,13.865723],[100.70677,13.866047],[100.706149,13.866439],[100.705996,13.866474],[100.705923,13.866462],[100.705844,13.866399],[100.705817,13.866252],[100.70581,13.866102]]]]}},
{"type":"Feature","id":"osm-w556023132","properties":{"id":"osm-w556023132","osm_id":556023132,"osm_type":"way","name":"LK2 PARK","name_en":null,"class":"park","classes_all":["park"],"tags":{"leisure":"park","name":"LK2 PARK"},"area_m2":6851.7,"size_band":"small","district":"เขตคลองสามวา","district_en":"Khlong Sam Wa District","district_osm_id":2997412,"province":"กรุงเทพมหานคร","province_iso":"TH-10","multi_district":false,"reason_excluded":null,"reasons_all":[],"flags":[],"related_ids":{},"poi_inside":[],"opening_hours":null,"verification_mode":"continuous_gps","floor_level":null,"rep_point":[100.714978,13.8619]},"geometry":{"type":"MultiPolygon","coordinates":[[[[100.714664,13.862171],[100.714675,13.862015],[100.714675,13.861786],[100.714675,13.861307],[100.715286,13.861348],[100.715276,13.862275],[100.714675,13.862265],[100.714664,13.862171]]]]}},
{"type":"Feature","id":"osm-w556032612","properties":{"id":"osm-w556032612","osm_id":556032612,"osm_type":"way","name":null,"name_en":"Po Tong Pocket Park","class":"park","classes_all":["park"],"tags":{"leisure":"park","name:en":"Po Tong Pocket Park"},"area_m2":4321.3,"size_band":"small","district":"อำเภอเมืองนครปฐม","district_en":"Mueang Nakhon Pathom District","district_osm_id":18931445,"province":"จังหวัดนครปฐม","province_iso":"TH-73","multi_district":false,"reason_excluded":null,"reasons_all":[],"flags":[],"related_ids":{},"poi_inside":[],"opening_hours":null,"verification_mode":"continuous_gps","floor_level":null,"rep_point":[100.062607,13.819587]},"geometry":{"type":"MultiPolygon","coordinates":[[[[100.062215,13.819764],[100.062264,13.819386],[100.062984,13.81941],[100.062964,13.819896],[100.062287,13.819883],[100.062234,13.819829],[100.062215,13.819764]]]]}},
{"type":"Feature","id":"osm-w556070591","properties":{"id":"osm-w556070591","osm_id":556070591,"osm_type":"way","name":"สนามกีฬาเคหะชุมชนทุ่งสองห้อง 4","name_en":null,"class":"park","classes_all":["park"],"tags":{"addr:city":"ดอนเมือง","addr:postcode":"10210","addr:street":"ถนนกำแพงเพชร 6","leisure":"park","name":"สนามกีฬาเคหะชุมชนทุ่งสองห้อง 4"},"area_m2":3409.1,"size_band":"small","district":"เขตดอนเมือง","district_en":"Don Mueang District","district_osm_id":1639287,"province":"กรุงเทพมหานคร","province_iso":"TH-10","multi_district":false,"reason_excluded":null,"reasons_all":[],"flags":[],"related_ids":{},"poi_inside":[],"opening_hours":null,"verification_mode":"continuous_gps","floor_level":null,"rep_point":[100.589148,13.900572]},"geometry":{"type":"MultiPolygon","coordinates":[[[[100.588675,13.900626],[100.589441,13.900238],[100.589615,13.900518],[100.588894,13.900904],[100.588867,13.900889],[100.588844,13.900852],[100.588833,13.900837],[100.588675,13.900626]]]]}},
{"type":"Feature","id":"osm-w556085237","properties":{"id":"osm-w556085237","osm_id":556085237,"osm_type":"way","name":"Sathit Silapakorn Park","name_en":null,"class":"park","classes_all":["park"],"tags":{"leisure":"park","name":"Sathit Silapakorn Park"},"area_m2":14564.1,"size_band":"medium","district":"อำเภอเมืองนครปฐม","district_en":"Mueang Nakhon Pathom District","district_osm_id":18931445,"province":"จังหวัดนครปฐม","province_iso":"TH-73","multi_district":false,"reason_excluded":null,"reasons_all":[],"flags":[],"related_ids":{"blockers":{"education":{"ids":["osm-w220825148"],"share":0.0}}},"poi_inside":[],"opening_hours":null,"verification_mode":"continuous_gps","floor_level":null,"rep_point":[100.044586,13.817295]},"geometry":{"type":"MultiPolygon","coordinates":[[[[100.044068,13.816701],[100.045044,13.816697],[100.045067,13.81789],[100.045089,13.817983],[100.044175,13.818015],[100.044068,13.816701]]]]}},
{"type":"Feature","id":"osm-w556228421","properties":{"id":"osm-w556228421","osm_id":556228421,"osm_type":"way","name":"Wang Taku Forest Park","name_en":null,"class":"park","classes_all":["park"],"tags":{"leaf_cycle":"evergreen","leaf_type":"broadleaved","leisure":"park","name":"Wang Taku Forest Park"},"area_m2":37734.3,"size_band":"medium","district":"อำเภอเมืองนครปฐม","district_en":"Mueang Nakhon Pathom District","district_osm_id":18931445,"province":"จังหวัดนครปฐม","province_iso":"TH-73","multi_district":false,"reason_excluded":null,"reasons_all":[],"flags":["crosses_major_way"],"related_ids":{"blockers":{"religious":{"ids":["osm-w556228422"],"share":0.0}},"major_ways":["osm-w97086356"]},"poi_inside":[],"opening_hours":null,"verification_mode":"continuous_gps","floor_level":null,"rep_point":[100.030056,13.844337]},"geometry":{"type":"MultiPolygon","coordinates":[[[[100.028137,13.843523],[100.028176,13.843258],[100.02818,13.843083],[100.028171,13.842936],[100.028191,13.842682],[100.029155,13.84269],[100.029477,13.842705],[100.029642,13.842722],[100.029932,13.842669],[100.029949,13.84282],[100.030349,13.84376],[100.030426,13.844116],[100.030604,13.845018],[100.030631,13.845609],[100.030026,13.845636],[100.029999,13.845297],[100.029615,13.845341],[100.029562,13.844869],[100.030042,13.844834],[100.03001,13.844558],[100.029661,13.844584],[100.029624,13.844099],[100.029871,13.844058],[100.029849,13.843849],[100.029484,13.843891],[100.029506,13.843474],[100.028137,13.843523]]]]}},
{"type":"Feature","id":"osm-w556417678","properties":{"id":"osm-w556417678","osm_id":556417678,"osm_type":"way","name":null,"name_en":null,"class":"park","classes_all":["park"],"tags":{"leisure":"park"},"area_m2":5455.2,"size_band":"small","district":"อำเภอบางกรวย","district_en":"Bang Kruai District","district_osm_id":2688299,"province":"จังหวัดนนทบุรี","province_iso":"TH-12","multi_district":false,"reason_excluded":null,"reasons_all":[],"flags":[],"related_ids":{},"poi_inside":[],"opening_hours":null,"verification_mode":"continuous_gps","floor_level":null,"rep_point":[100.435751,13.816092]},"geometry":{"type":"MultiPolygon","coordinates":[[[[100.435261,13.815959],[100.435934,13.815684],[100.436203,13.816225],[100.435943,13.816477],[100.435742,13.81657],[100.435261,13.815959]]]]}},
{"type":"Feature","id":"osm-w556505248","properties":{"id":"osm-w556505248","osm_id":556505248,"osm_type":"way","name":"สวนการเคหะทุ่งสองห้อง","name_en":null,"class":"park","classes_all":["park"],"tags":{"leisure":"park","name":"สวนการเคหะทุ่งสองห้อง"},"area_m2":12941.4,"size_band":"medium","district":"เขตหลักสี่","district_en":"Lak Si District","district_osm_id":1639288,"province":"กรุงเทพมหานคร","province_iso":"TH-10","multi_district":false,"reason_excluded":null,"reasons_all":[],"flags":[],"related_ids":{"blockers":{"education":{"ids":["osm-w1548609371"],"share":0.0}}},"poi_inside":[],"opening_hours":null,"verification_mode":"continuous_gps","floor_level":null,"rep_point":[100.579634,13.901859]},"geometry":{"type":"MultiPolygon","coordinates":[[[[100.578998,13.901589],[100.579688,13.901286],[100.579918,13.901371],[100.580339,13.90213],[100.579772,13.902441],[100.579293,13.902588],[100.578998,13.901589]]]]}},
{"type":"Feature","id":"osm-w556614365","properties":{"id":"osm-w556614365","osm_id":556614365,"osm_type":"way","name":null,"name_en":null,"class":"park","classes_all":["park"],"tags":{"leisure":"park"},"area_m2":16074.6,"size_band":"medium","district":"เขตบึงกุ่ม","district_en":"Bueng Kum District","district_osm_id":2946805,"province":"กรุงเทพมหานคร","province_iso":"TH-10","multi_district":false,"reason_excluded":null,"reasons_all":[],"flags":["crosses_major_way"],"related_ids":{"major_ways":["osm-w1198638863"]},"poi_inside":[],"opening_hours":null,"verification_mode":"continuous_gps","floor_level":null,"rep_point":[100.674912,13.788096]},"geometry":{"type":"MultiPolygon","coordinates":[[[[100.674221,13.788427],[100.6746,13.78723],[100.674923,13.787415],[100.675129,13.787563],[100.675204,13.787616],[100.675293,13.787735],[100.675448,13.787996],[100.67555,13.788197],[100.675035,13.788993],[100.674743,13.788779],[100.67436,13.788537],[100.674221,13.788427]]]]}},
{"type":"Feature","id":"osm-w556808284","properties":{"id":"osm-w556808284","osm_id":556808284,"osm_type":"way","name":"สวนวิเศษสุขนคร","name_en":"Wisatesuknakorn Park","class":"park","classes_all":["park"],"tags":{"leisure":"park","name":"สวนวิเศษสุขนคร","name:en":"Wisatesuknakorn Park","name:th":"สวนวิเศษสุขนคร"},"area_m2":5812.1,"size_band":"small","district":"อำเภอเมืองสมุทรสาคร","district_en":"Mueang Samut Sakhon District","district_osm_id":18935071,"province":"จังหวัดสมุทรสาคร","province_iso":"TH-74","multi_district":false,"reason_excluded":null,"reasons_all":[],"flags":[],"related_ids":{},"poi_inside":[],"opening_hours":null,"verification_mode":"continuous_gps","floor_level":null,"rep_point":[100.3796,13.585275]},"geometry":{"type":"MultiPolygon","coordinates":[[[[100.378781,13.585188],[100.37943,13.584978],[100.380054,13.584869],[100.380146,13.585553],[100.3794,13.585362],[100.378781,13.585188]]]]}},
{"type":"Feature","id":"osm-w556871178","properties":{"id":"osm-w556871178","osm_id":556871178,"osm_type":"way","name":null,"name_en":null,"class":"park","classes_all":["park"],"tags":{"leisure":"park"},"area_m2":17223.4,"size_band":"medium","district":"เขตบึงกุ่ม","district_en":"Bueng Kum District","district_osm_id":2946805,"province":"กรุงเทพมหานคร","province_iso":"TH-10","multi_district":false,"reason_excluded":null,"reasons_all":[],"flags":[],"related_ids":{},"poi_inside":[],"opening_hours":null,"verification_mode":"continuous_gps","floor_level":null,"rep_point":[100.670635,13.783044]},"geometry":{"type":"MultiPolygon","coordinates":[[[[100.669809,13.783888],[100.670862,13.781976],[100.6709,13.781928],[100.670975,13.781899],[100.671458,13.7822],[100.670372,13.78418],[100.669809,13.783888]]]]}},
{"type":"Feature","id":"osm-w556900844","properties":{"id":"osm-w556900844","osm_id":556900844,"osm_type":"way","name":"wisatesuknakorn park1","name_en":null,"class":"park","classes_all":["park"],"tags":{"leisure":"park","name":"wisatesuknakorn park1"},"area_m2":6000.0,"size_band":"small","district":"อำเภอเมืองสมุทรสาคร","district_en":"Mueang Samut Sakhon District","district_osm_id":18935071,"province":"จังหวัดสมุทรสาคร","province_iso":"TH-74","multi_district":false,"reason_excluded":null,"reasons_all":[],"flags":[],"related_ids":{},"poi_inside":[],"opening_hours":null,"verification_mode":"continuous_gps","floor_level":null,"rep_point":[100.372788,13.577363]},"geometry":{"type":"MultiPolygon","coordinates":[[[[100.372093,13.577055],[100.372314,13.576786],[100.373477,13.57767],[100.373261,13.577932],[100.372093,13.577055]]]]}},
{"type":"Feature","id":"osm-w556903940","properties":{"id":"osm-w556903940","osm_id":556903940,"osm_type":"way","name":"Plaza Lagoon","name_en":null,"class":"park","classes_all":["park"],"tags":{"leisure":"park","name":"Plaza Lagoon"},"area_m2":6384.2,"size_band":"small","district":"เขตลาดพร้าว","district_en":"Lat Phrao District","district_osm_id":2938034,"province":"กรุงเทพมหานคร","province_iso":"TH-10","multi_district":false,"reason_excluded":null,"reasons_all":[],"flags":[],"related_ids":{},"poi_inside":[],"opening_hours":null,"verification_mode":"continuous_gps","floor_level":null,"rep_point":[100.593136,13.819264]},"geometry":{"type":"MultiPolygon","coordinates":[[[[100.592524,13.819296],[100.592532,13.81923],[100.592557,13.819233],[100.592587,13.818987],[100.592615,13.819038],[100.592657,13.819011],[100.592717,13.819007],[100.593743,13.819134],[100.593753,13.8192],[100.593698,13.819563],[100.593669,13.819598],[100.593115,13.819524],[100.592636,13.819444],[100.592554,13.819432],[100.592593,13.8194],[100.592601,13.819341],[100.59257,13.819301],[100.592524,13.819296]]]]}},
{"type":"Feature","id":"osm-w556909621","properties":{"id":"osm-w556909621","osm_id":556909621,"osm_type":"way","name":null,"name_en":null,"class":"park","classes_all":["park"],"tags":{"leisure":"park"},"area_m2":5995.1,"size_band":"small","district":"อำเภอเมืองสมุทรสาคร","district_en":"Mueang Samut Sakhon District","district_osm_id":18935071,"province":"จังหวัดสมุทรสาคร","province_iso":"TH-74","multi_district":false,"reason_excluded":null,"reasons_all":[],"flags":[],"related_ids":{},"poi_inside":[],"opening_hours":null,"verification_mode":"continuous_gps","floor_level":null,"rep_point":[100.325708,13.514817]},"geometry":{"type":"MultiPolygon","coordinates":[[[[100.325374,13.515296],[100.325558,13.514296],[100.326002,13.514338],[100.3259,13.515349],[100.325626,13.515344],[100.325374,13.515296]]]]}},
{"type":"Feature","id":"osm-w556942693","properties":{"id":"osm-w556942693","osm_id":556942693,"osm_type":"way","name":null,"name_en":null,"class":"park","classes_all":["park"],"tags":{"leisure":"park"},"area_m2":4707.9,"size_band":"small","district":"เขตจอมทอง","district_en":"Chom Thong District","district_osm_id":3147007,"province":"กรุงเทพมหานคร","province_iso":"TH-10","multi_district":false,"reason_excluded":null,"reasons_all":[],"flags":[],"related_ids":{},"poi_inside":[],"opening_hours":null,"verification_mode":"continuous_gps","floor_level":null,"rep_point":[100.481391,13.694358]},"geometry":{"type":"MultiPolygon","coordinates":[[[[100.481071,13.694104],[100.48132,13.694084],[100.481316,13.693987],[100.481628,13.693984],[100.481759,13.694613],[100.481082,13.694707],[100.481071,13.694104]]]]}},
{"type":"Feature","id":"osm-w557551792","properties":{"id":"osm-w557551792","osm_id":557551792,"osm_type":"way","name":"สวนวัชราภิรมย์","name_en":null,"class":"park","classes_all":["park"],"tags":{"dog":"yes","leisure":"park","name":"สวนวัชราภิรมย์","opening_hours":"Mo-Sa 05:00-21:00"},"area_m2":69208.8,"size_band":"large","district":"เขตบางเขน","district_en":"Bang Khen District","district_osm_id":2938030,"province":"กรุงเทพมหานคร","province_iso":"TH-10","multi_district":false,"reason_excluded":null,"reasons_all":[],"flags":["crosses_major_way"],"related_ids":{"major_ways":["osm-w117026867","osm-w1421556306"]},"poi_inside":[],"opening_hours":"Mo-Sa 05:00-21:00","verification_mode":"continuous_gps","floor_level":null,"rep_point":[100.639847,13.852061]},"geometry":{"type":"MultiPolygon","coordinates":[[[[100.637778,13.852161],[100.639547,13.851292],[100.640826,13.850655],[100.641054,13.850637],[100.641153,13.850692],[100.64124,13.850783],[100.641556,13.851334],[100.641647,13.851653],[100.641711,13.851974],[100.641712,13.852335],[100.641674,13.852709],[100.641401,13.853261],[100.641353,13.853279],[100.641015,13.853184],[100.64093,13.853125],[100.640864,13.853049],[100.640816,13.852941],[100.640841,13.852797],[100.640787,13.852759],[100.640744,13.852886],[100.640736,13.852981],[100.640776,13.853098],[100.640871,13.853214],[100.641039,13.853339],[100.641058,13.853388],[100.641036,13.853429],[100.640963,13.853447],[100.640888,13.853425],[100.640669,13.853342],[100.640488,13.853292],[100.640514,13.853178],[100.64053,13.85311],[100.640294,13.853065],[100.640075,13.85305],[100.639964,13.853031],[100.639792,13.852991],[100.639555,13.852916],[100.639207,13.852622],[100.638873,13.852433],[100.638518,13.852248],[100.6383,13.852173],[100.638176,13.852148],[100.637912,13.852147],[100.637778,13.852161]]]]}},
{"type":"Feature","id":"osm-w557709795","properties":{"id":"osm-w557709795","osm_id":557709795,"osm_type":"way","name":"สวนเสนา","name_en":"Sena Park","class":"park","classes_all":["park"],"tags":{"leisure":"park","name":"สวนเสนา","name:en":"Sena Park","name:th":"สวนเสนา"},"area_m2":22006.2,"size_band":"medium","district":"เขตลาดพร้าว","district_en":"Lat Phrao District","district_osm_id":2938034,"province":"กรุงเทพมหานคร","province_iso":"TH-10","multi_district":false,"reason_excluded":null,"reasons_all":[],"flags":[],"related_ids":{},"poi_inside":[],"opening_hours":null,"verification_mode":"continuous_gps","floor_level":null,"rep_point":[100.609141,13.828055]},"geometry":{"type":"MultiPolygon","coordinates":[[[[100.608466,13.828734],[100.60849,13.827371],[100.608492,13.827315],[100.609832,13.827376],[100.609774,13.828734],[100.608466,13.828734]]]]}},
{"type":"Feature","id":"osm-w558032617","properties":{"id":"osm-w558032617","osm_id":558032617,"osm_type":"way","name":"MRT Park","name_en":null,"class":"park","classes_all":["park"],"tags":{"leisure":"park","name":"MRT Park"},"area_m2":7516.5,"size_band":"small","district":"เขตห้วยขวาง","district_en":"Huai Khwang District","district_osm_id":2938032,"province":"กรุงเทพมหานคร","province_iso":"TH-10","multi_district":false,"reason_excluded":null,"reasons_all":[],"flags":[],"related_ids":{},"poi_inside":[],"opening_hours":null,"verification_mode":"continuous_gps","floor_level":null,"rep_point":[100.592733,13.763409]},"geometry":{"type":"MultiPolygon","coordinates":[[[[100.592069,13.763171],[100.593078,13.763312],[100.59356,13.763505],[100.593968,13.763661],[100.593872,13.763828],[100.592208,13.763593],[100.592069,13.763171]]]]}},
{"type":"Feature","id":"osm-w559180284","properties":{"id":"osm-w559180284","osm_id":559180284,"osm_type":"way","name":"สวนสมเด็จย่า","name_en":null,"class":"park","classes_all":["park"],"tags":{"leisure":"park","name":"สวนสมเด็จย่า"},"area_m2":6717.4,"size_band":"small","district":"เขตบางขุนเทียน","district_en":"Bang Khun Thian District","district_osm_id":3147313,"province":"กรุงเทพมหานคร","province_iso":"TH-10","multi_district":false,"reason_excluded":null,"reasons_all":[],"flags":[],"related_ids":{},"poi_inside":[],"opening_hours":null,"verification_mode":"continuous_gps","floor_level":null,"rep_point":[100.421349,13.645088]},"geometry":{"type":"MultiPolygon","coordinates":[[[[100.420725,13.645156],[100.421108,13.644942],[100.421494,13.644601],[100.421928,13.645019],[100.421274,13.645599],[100.420725,13.645156]]]]}},
{"type":"Feature","id":"osm-w559745118","properties":{"id":"osm-w559745118","osm_id":559745118,"osm_type":"way","name":null,"name_en":null,"class":"park","classes_all":["park"],"tags":{"leisure":"park"},"area_m2":4239.7,"size_band":"small","district":"อำเภอปากเกร็ด","district_en":"Pak Kret District","district_osm_id":2688301,"province":"จังหวัดนนทบุรี","province_iso":"TH-12","multi_district":false,"reason_excluded":null,"reasons_all":[],"flags":[],"related_ids":{},"poi_inside":[],"opening_hours":null,"verification_mode":"continuous_gps","floor_level":null,"rep_point":[100.456408,13.947255]},"geometry":{"type":"MultiPolygon","coordinates":[[[[100.455908,13.947206],[100.455993,13.946905],[100.456773,13.947106],[100.456794,13.947111],[100.456811,13.947517],[100.456814,13.947617],[100.456124,13.947304],[100.455908,13.947206]]]]}},
{"type":"Feature","id":"osm-w560594892","properties":{"id":"osm-w560594892","osm_id":560594892,"osm_type":"way","name":"ลานพลับพลามหาเจษฎาบดินทร์","name_en":"Maha Chetsadabodin Pavilion Court","class":"park","classes_all":["park"],"tags":{"alt_name:th":"ลานพลับพลาเจษฎาบดินทร์","barrier":"wall","leisure":"park","name":"ลานพลับพลามหาเจษฎาบดินทร์","name:en":"Maha Chetsadabodin Pavilion Court","name:th":"ลานพลับพลามหาเจษฎาบดินทร์","start_date":"1989","wheelchair":"no","wikidata":"Q13020346","wikipedia":"th:ลานพลับพลามหาเจษฎาบดินทร์"},"area_m2":4107.9,"size_band":"small","district":"เขตพระนคร","district_en":"Phra Nakhon District","district_osm_id":92053,"province":"กรุงเทพมหานคร","province_iso":"TH-10","multi_district":false,"reason_excluded":null,"reasons_all":[],"flags":[],"related_ids":{},"poi_inside":[],"opening_hours":null,"verification_mode":"continuous_gps","floor_level":null,"rep_point":[100.504704,13.75559]},"geometry":{"type":"MultiPolygon","coordinates":[[[[100.504252,13.755552],[100.504272,13.755546],[100.504474,13.755476],[100.504529,13.755456],[100.504742,13.75538],[100.504749,13.755378],[100.504762,13.755373],[100.505152,13.755228],[100.505168,13.755241],[100.505165,13.75537],[100.505126,13.755373],[100.505127,13.755404],[100.505128,13.755423],[100.505133,13.755453],[100.505162,13.755455],[100.505136,13.755667],[100.505084,13.755675],[100.505046,13.755681],[100.505009,13.755692],[100.504973,13.755701],[100.504979,13.755728],[100.504959,13.755734],[100.504961,13.755751],[100.504755,13.755803],[100.504752,13.755787],[100.50473,13.755792],[100.504724,13.755771],[100.50469,13.755781],[100.504596,13.755806],[100.50452,13.755822],[100.504477,13.755831],[100.504479,13.755845],[100.504458,13.755848],[100.504461,13.755864],[100.504351,13.755889],[100.504337,13.755892],[100.504332,13.755872],[100.504328,13.755856],[100.504319,13.755822],[100.504271,13.755628],[100.504252,13.755552]]]]}},
{"type":"Feature","id":"osm-w560595626","properties":{"id":"osm-w560595626","osm_id":560595626,"osm_type":"way","name":"สวนสาธารณะป้อมมหากาฬ","name_en":"Mahakan Fort Park","class":"park","classes_all":["park"],"tags":{"leisure":"park","name":"สวนสาธารณะป้อมมหากาฬ","name:en":"Mahakan Fort Park","name:th":"สวนสาธารณะป้อมมหากาฬ","opening_hours":"sunrise-sunset","wikidata":"Q137777828"},"area_m2":10525.1,"size_band":"medium","district":"เขตพระนคร","district_en":"Phra Nakhon District","district_osm_id":92053,"province":"กรุงเทพมหานคร","province_iso":"TH-10","multi_district":false,"reason_excluded":null,"reasons_all":[],"flags":[],"related_ids":{},"poi_inside":[{"id":"osm-n13741947568","osm_id":13741947568,"tag":"historic=cannon","name":null},{"id":"osm-n13741947569","osm_id":13741947569,"tag":"historic=cannon","name":null},{"id":"osm-n13741947570","osm_id":13741947570,"tag":"historic=cannon","name":null},{"id":"osm-n13741947571","osm_id":13741947571,"tag":"historic=cannon","name":null},{"id":"osm-n13741947572","osm_id":13741947572,"tag":"historic=cannon","name":null},{"id":"osm-n1886961506","osm_id":1886961506,"tag":"historic=city_gate","name":null}],"opening_hours":"sunrise-sunset","verification_mode":"continuous_gps","floor_level":null,"rep_point":[100.505431,13.754647]},"geometry":{"type":"MultiPolygon","coordinates":[[[[100.505026,13.753943],[100.505434,13.753839],[100.505867,13.755388],[100.505881,13.755532],[100.505812,13.755743],[100.505732,13.755836],[100.505622,13.755813],[100.50556,13.7558],[100.505435,13.755775],[100.505345,13.755667],[100.505372,13.755506],[100.50538,13.755351],[100.505026,13.753943]]]]}},
{"type":"Feature","id":"osm-w560884373","properties":{"id":"osm-w560884373","osm_id":560884373,"osm_type":"way","name":"ลานท่าน้ำนนทบุรี","name_en":"Nonthaburi Pier Urban Waterfront","class":"park","classes_all":["park"],"tags":{"description":"Waterfront development project: P5 https://bit.ly/2K8a2MP https://bit.ly/2XUgYa0","leisure":"park","name":"ลานท่าน้ำนนทบุรี","name:en":"Nonthaburi Pier Urban Waterfront","name:th":"ลานท่าน้ำนนทบุรี"},"area_m2":3078.3,"size_band":"small","district":"อำเภอเมืองนนทบุรี","district_en":"Mueang Nonthaburi District","district_osm_id":2688300,"province":"จังหวัดนนทบุรี","province_iso":"TH-12","multi_district":false,"reason_excluded":null,"reasons_all":[],"flags":[],"related_ids":{},"poi_inside":[],"opening_hours":null,"verification_mode":"continuous_gps","floor_level":null,"rep_point":[100.491517,13.841548]},"geometry":{"type":"MultiPolygon","coordinates":[[[[100.4913,13.841992],[100.491338,13.841815],[100.491375,13.841655],[100.491568,13.840988],[100.49166,13.841016],[100.491715,13.84081],[100.491839,13.840844],[100.491785,13.841019],[100.491759,13.841124],[100.491746,13.841176],[100.491719,13.841171],[100.491654,13.841441],[100.491488,13.842102],[100.491459,13.842096],[100.491454,13.842112],[100.491375,13.842094],[100.491328,13.842082],[100.491352,13.842004],[100.4913,13.841992]]]]}},
{"type":"Feature","id":"osm-w561406143","properties":{"id":"osm-w561406143","osm_id":561406143,"osm_type":"way","name":null,"name_en":null,"class":"garden","classes_all":["garden"],"tags":{"leisure":"garden"},"area_m2":4118.5,"size_band":"small","district":"เขตบางกอกน้อย","district_en":"Bangkok Noi District","district_osm_id":2942282,"province":"กรุงเทพมหานคร","province_iso":"TH-10","multi_district":false,"reason_excluded":null,"reasons_all":[],"flags":[],"related_ids":{},"poi_inside":[],"opening_hours":null,"verification_mode":"continuous_gps","floor_level":null,"rep_point":[100.489204,13.764478]},"geometry":{"type":"MultiPolygon","coordinates":[[[[100.488632,13.765238],[100.488851,13.764824],[100.488888,13.764756],[100.489319,13.7642],[100.489882,13.763465],[100.489912,13.763489],[100.489957,13.763422],[100.490085,13.763517],[100.489542,13.764172],[100.488693,13.765266],[100.488632,13.765238]]]]}},
{"type":"Feature","id":"osm-w561406228","properties":{"id":"osm-w561406228","osm_id":561406228,"osm_type":"way","name":"สวนพระปิ่นเกล้า","name_en":"Pra pin Klao Park","class":"park","classes_all":["park"],"tags":{"leisure":"park","name":"สวนพระปิ่นเกล้า","name:en":"Pra pin Klao Park","name:th":"สวนพระปิ่นเกล้า"},"area_m2":4518.0,"size_band":"small","district":"เขตบางกอกน้อย","district_en":"Bangkok Noi District","district_osm_id":2942282,"province":"กรุงเทพมหานคร","province_iso":"TH-10","multi_district":true,"reason_excluded":null,"reasons_all":[],"flags":["multi_district"],"related_ids":{"districts":[2942282,2942281]},"poi_inside":[],"opening_hours":null,"verification_mode":"continuous_gps","floor_level":null,"rep_point":[100.489974,13.763122]},"geometry":{"type":"MultiPolygon","coordinates":[[[[100.489544,13.76305],[100.489634,13.762886],[100.489806,13.762716],[100.489824,13.762702],[100.489988,13.76284],[100.490259,13.763047],[100.490464,13.763196],[100.490547,13.763086],[100.490597,13.763108],[100.490645,13.763137],[100.490433,13.763331],[100.490409,13.763354],[100.490376,13.763382],[100.490337,13.763347],[100.490148,13.763564],[100.490085,13.763517],[100.489957,13.763422],[100.490065,13.76327],[100.489854,13.763154],[100.489769,13.763258],[100.489611,13.763166],[100.489544,13.76305]]]]}},
{"type":"Feature","id":"osm-w561406849","properties":{"id":"osm-w561406849","osm_id":561406849,"osm_type":"way","name":null,"name_en":null,"class":"garden","classes_all":["garden"],"tags":{"leisure":"garden"},"area_m2":3074.2,"size_band":"small","district":"เขตบางกอกน้อย","district_en":"Bangkok Noi District","district_osm_id":2942282,"province":"กรุงเทพมหานคร","province_iso":"TH-10","multi_district":false,"reason_excluded":null,"reasons_all":[],"flags":[],"related_ids":{},"poi_inside":[],"opening_hours":null,"verification_mode":"continuous_gps","floor_level":null,"rep_point":[100.488772,13.764426]},"geometry":{"type":"MultiPolygon","coordinates":[[[[100.488137,13.765107],[100.488148,13.765089],[100.488284,13.764867],[100.488496,13.764602],[100.488712,13.764342],[100.488826,13.764203],[100.488876,13.764242],[100.48917,13.763858],[100.489196,13.763872],[100.489315,13.763725],[100.489391,13.76378],[100.489249,13.763978],[100.489056,13.764234],[100.488834,13.764509],[100.488701,13.76464],[100.488627,13.76472],[100.488567,13.764783],[100.488349,13.764964],[100.488302,13.765012],[100.488226,13.765068],[100.488137,13.765107]]]]}},
{"type":"Feature","id":"osm-w561409723","properties":{"id":"osm-w561409723","osm_id":561409723,"osm_type":"way","name":null,"name_en":null,"class":"park","classes_all":["park"],"tags":{"leisure":"park"},"area_m2":3663.9,"size_band":"small","district":"เขตราษฎร์บูรณะ","district_en":"Rat Burana District","district_osm_id":3147008,"province":"กรุงเทพมหานคร","province_iso":"TH-10","multi_district":false,"reason_excluded":null,"reasons_all":[],"flags":["crosses_major_way"],"related_ids":{"major_ways":["osm-w352819350"]},"poi_inside":[],"opening_hours":null,"verification_mode":"continuous_gps","floor_level":null,"rep_point":[100.484686,13.690398]},"geometry":{"type":"MultiPolygon","coordinates":[[[[100.484494,13.690643],[100.484567,13.690142],[100.484586,13.689705],[100.484915,13.689688],[100.484877,13.690153],[100.4848,13.69069],[100.484494,13.690643]]]]}},
{"type":"Feature","id":"osm-w56297939","properties":{"id":"osm-w56297939","osm_id":56297939,"osm_type":"way","name":"สวนเสรีไทย","name_en":"Seri Thai Park","class":"park","classes_all":["park"],"tags":{"addr:street":"ถนนเสรีไทย","leisure":"park","name":"สวนเสรีไทย","name:en":"Seri Thai Park","name:th":"สวนเสรีไทย","opening_hours":"Mo-Su 05:00-21:00","website":"http://203.155.220.217/office/ppdd/publicpark/thai/2011/park04.asp","wikidata":"Q13022387","wikimedia_commons":"Category:Seri Thai Park"},"area_m2":112727.5,"size_band":"large","district":"เขตบึงกุ่ม","district_en":"Bueng Kum District","district_osm_id":2946805,"province":"กรุงเทพมหานคร","province_iso":"TH-10","multi_district":false,"reason_excluded":null,"reasons_all":[],"flags":["contains_religious_feature","crosses_major_way"],"related_ids":{"blockers":{"education":{"ids":["osm-w543880760","osm-w543880762"],"share":0.0014},"religious":{"ids":["osm-w556775866"],"share":0.001}},"major_ways":["osm-w1020816413","osm-w556408336","osm-w557060598","osm-w837929405","osm-w939135703"],"religious_blockers":["osm-w556775866"]},"poi_inside":[],"opening_hours":"Mo-Su 05:00-21:00","verification_mode":"continuous_gps","floor_level":null,"rep_point":[100.672752,13.786266]},"geometry":{"type":"MultiPolygon","coordinates":[[[[100.667906,13.784251],[100.667956,13.784165],[100.668157,13.78406],[100.668904,13.783669],[100.669202,13.783742],[100.669332,13.78379],[100.669466,13.783873],[100.669624,13.783917],[100.669816,13.783973],[100.670674,13.784377],[100.670857,13.784418],[100.671018,13.784355],[100.671309,13.784481],[100.671493,13.784561],[100.671976,13.784759],[100.671992,13.784766],[100.672753,13.785073],[100.673102,13.784941],[100.673458,13.785163],[100.673528,13.78536],[100.673629,13.785404],[100.67366,13.785417],[100.67363,13.785524],[100.673603,13.785608],[100.673562,13.785723],[100.673534,13.78581],[100.673507,13.785892],[100.673484,13.785958],[100.673441,13.786079],[100.67343,13.786199],[100.673386,13.786438],[100.673548,13.786541],[100.674599,13.787017],[100.67433,13.787862],[100.674156,13.788328],[100.67405,13.788579],[100.673868,13.788931],[100.673631,13.788792],[100.673799,13.788516],[100.673962,13.788259],[100.673543,13.787967],[100.673156,13.787706],[100.672962,13.787391],[100.672553,13.786717],[100.672308,13.786371],[100.672229,13.786334],[100.671639,13.786053],[100.671536,13.786008],[100.670898,13.785727],[100.670599,13.785598],[100.67036,13.785478],[100.670324,13.785517],[100.669991,13.785374],[100.669662,13.78522],[100.669011,13.784917],[100.668883,13.784857],[100.668882,13.784808],[100.668852,13.784758],[100.668602,13.784649],[100.66845,13.784646],[100.668405,13.784645],[100.668157,13.784647],[100.668065,13.784625],[100.667906,13.784251]]]]}},
{"type":"Feature","id":"osm-w563083035","properties":{"id":"osm-w563083035","osm_id":563083035,"osm_type":"way","name":null,"name_en":null,"class":"park","classes_all":["park"],"tags":{"leisure":"park"},"area_m2":5355.9,"size_band":"small","district":"อำเภอบางกรวย","district_en":"Bang Kruai District","district_osm_id":2688299,"province":"จังหวัดนนทบุรี","province_iso":"TH-12","multi_district":false,"reason_excluded":null,"reasons_all":[],"flags":[],"related_ids":{},"poi_inside":[],"opening_hours":null,"verification_mode":"continuous_gps","floor_level":null,"rep_point":[100.487169,13.799848]},"geometry":{"type":"MultiPolygon","coordinates":[[[[100.486834,13.800184],[100.486849,13.799511],[100.487518,13.799505],[100.487475,13.800199],[100.486834,13.800184]]]]}},
{"type":"Feature","id":"osm-w563091152","properties":{"id":"osm-w563091152","osm_id":563091152,"osm_type":"way","name":null,"name_en":null,"class":"park","classes_all":["park"],"tags":{"leisure":"park"},"area_m2":31671.5,"size_band":"medium","district":"เขตสวนหลวง","district_en":"Suan Luang District","district_osm_id":3146643,"province":"กรุงเทพมหานคร","province_iso":"TH-10","multi_district":false,"reason_excluded":null,"reasons_all":[],"flags":["crosses_major_way"],"related_ids":{"major_ways":["osm-w121039480","osm-w28503163"]},"poi_inside":[],"opening_hours":null,"verification_mode":"continuous_gps","floor_level":null,"rep_point":[100.641305,13.740489]},"geometry":{"type":"MultiPolygon","coordinates":[[[[100.640295,13.74087],[100.64034,13.740671],[100.640416,13.740522],[100.640722,13.740058],[100.641077,13.73972],[100.641218,13.739625],[100.641369,13.73957],[100.641553,13.739569],[100.64171,13.739609],[100.641835,13.739695],[100.64195,13.739814],[100.642098,13.740181],[100.642165,13.740455],[100.642326,13.74112],[100.641987,13.741195],[100.641616,13.741277],[100.64127,13.741338],[100.64104,13.741378],[100.640802,13.741426],[100.640666,13.741383],[100.640481,13.741287],[100.640371,13.741143],[100.64031,13.741018],[100.640295,13.74087]]]]}},
{"type":"Feature","id":"osm-w563384481","properties":{"id":"osm-w563384481","osm_id":563384481,"osm_type":"way","name":null,"name_en":null,"class":"park","classes_all":["park"],"tags":{"leisure":"park"},"area_m2":4553.3,"size_band":"small","district":"อำเภอบางกรวย","district_en":"Bang Kruai District","district_osm_id":2688299,"province":"จังหวัดนนทบุรี","province_iso":"TH-12","multi_district":false,"reason_excluded":null,"reasons_all":[],"flags":[],"related_ids":{},"poi_inside":[],"opening_hours":null,"verification_mode":"continuous_gps","floor_level":null,"rep_point":[100.454057,13.803639]},"geometry":{"type":"MultiPolygon","coordinates":[[[[100.45349,13.803725],[100.454163,13.803332],[100.4542,13.80336],[100.454395,13.803554],[100.454773,13.803944],[100.454706,13.803957],[100.454664,13.803964],[100.454606,13.803959],[100.454556,13.803954],[100.454504,13.803971],[100.454475,13.803967],[100.454316,13.803894],[100.453818,13.803833],[100.453627,13.803785],[100.45349,13.803725]]]]}},
{"type":"Feature","id":"osm-w563512285","properties":{"id":"osm-w563512285","osm_id":563512285,"osm_type":"way","name":null,"name_en":null,"class":"park","classes_all":["park"],"tags":{"leisure":"park"},"area_m2":8712.8,"size_band":"small","district":"เขตทุ่งครุ","district_en":"Thung Khru District","district_osm_id":3147104,"province":"กรุงเทพมหานคร","province_iso":"TH-10","multi_district":false,"reason_excluded":null,"reasons_all":[],"flags":[],"related_ids":{},"poi_inside":[],"opening_hours":null,"verification_mode":"continuous_gps","floor_level":null,"rep_point":[100.514961,13.637385]},"geometry":{"type":"MultiPolygon","coordinates":[[[[100.514377,13.637235],[100.515105,13.636894],[100.515739,13.636949],[100.5158,13.637],[100.515877,13.637194],[100.514647,13.637773],[100.514526,13.637535],[100.514377,13.637235]]]]}},
{"type":"Feature","id":"osm-w563575217","properties":{"id":"osm-w563575217","osm_id":563575217,"osm_type":"way","name":null,"name_en":null,"class":"park","classes_all":["park"],"tags":{"leisure":"park"},"area_m2":3868.6,"size_band":"small","district":"อำเภอบางกรวย","district_en":"Bang Kruai District","district_osm_id":2688299,"province":"จังหวัดนนทบุรี","province_iso":"TH-12","multi_district":false,"reason_excluded":null,"reasons_all":[],"flags":[],"related_ids":{},"poi_inside":[],"opening_hours":null,"verification_mode":"continuous_gps","floor_level":null,"rep_point":[100.453098,13.811057]},"geometry":{"type":"MultiPolygon","coordinates":[[[[100.452464,13.810575],[100.45255,13.810498],[100.452667,13.810534],[100.452827,13.810587],[100.452913,13.810647],[100.452981,13.810695],[100.45318,13.81091],[100.45345,13.811204],[100.453197,13.81142],[100.452464,13.810575]]]]}},
{"type":"Feature","id":"osm-w563575527","properties":{"id":"osm-w563575527","osm_id":563575527,"osm_type":"way","name":null,"name_en":null,"class":"park","classes_all":["park"],"tags":{"leisure":"park"},"area_m2":5592.0,"size_band":"small","district":"อำเภอบางกรวย","district_en":"Bang Kruai District","district_osm_id":2688299,"province":"จังหวัดนนทบุรี","province_iso":"TH-12","multi_district":false,"reason_excluded":null,"reasons_all":[],"flags":[],"related_ids":{},"poi_inside":[],"opening_hours":null,"verification_mode":"continuous_gps","floor_level":null,"rep_point":[100.446441,13.811331]},"geometry":{"type":"MultiPolygon","coordinates":[[[[100.445685,13.811669],[100.445704,13.811586],[100.445738,13.81149],[100.445828,13.811407],[100.446043,13.811273],[100.446214,13.81119],[100.446369,13.811107],[100.446531,13.811004],[100.446665,13.810914],[100.447043,13.811506],[100.446683,13.811658],[100.44642,13.811389],[100.446226,13.811418],[100.445796,13.811733],[100.445761,13.811815],[100.445685,13.811669]]]]}},
{"type":"Feature","id":"osm-w563575529","properties":{"id":"osm-w563575529","osm_id":563575529,"osm_type":"way","name":null,"name_en":null,"class":"park","classes_all":["park"],"tags":{"leisure":"park"},"area_m2":3713.4,"size_band":"small","district":"อำเภอบางกรวย","district_en":"Bang Kruai District","district_osm_id":2688299,"province":"จังหวัดนนทบุรี","province_iso":"TH-12","multi_district":false,"reason_excluded":null,"reasons_all":[],"flags":[],"related_ids":{},"poi_inside":[],"opening_hours":null,"verification_mode":"continuous_gps","floor_level":null,"rep_point":[100.439494,13.806494]},"geometry":{"type":"MultiPolygon","coordinates":[[[[100.439156,13.806254],[100.439185,13.805988],[100.439411,13.806097],[100.439626,13.806412],[100.43984,13.806726],[100.439851,13.80701],[100.439561,13.806898],[100.439358,13.806576],[100.439156,13.806254]]]]}},
{"type":"Feature","id":"osm-w563576754","properties":{"id":"osm-w563576754","osm_id":563576754,"osm_type":"way","name":null,"name_en":null,"class":"park","classes_all":["park"],"tags":{"leisure":"park"},"area_m2":10545.6,"size_band":"medium","district":"อำเภอบางใหญ่","district_en":"Bang Yai District","district_osm_id":2689553,"province":"จังหวัดนนทบุรี","province_iso":"TH-12","multi_district":false,"reason_excluded":null,"reasons_all":[],"flags":[],"related_ids":{},"poi_inside":[],"opening_hours":null,"verification_mode":"continuous_gps","floor_level":null,"rep_point":[100.372004,13.895703]},"geometry":{"type":"MultiPolygon","coordinates":[[[[100.371652,13.896198],[100.371655,13.895071],[100.371729,13.895064],[100.372238,13.895054],[100.372288,13.895068],[100.372299,13.89514],[100.372348,13.895209],[100.372366,13.896452],[100.372309,13.896514],[100.372107,13.896504],[100.372107,13.896408],[100.372044,13.89625],[100.371955,13.896208],[100.371652,13.896198]]]]}},
{"type":"Feature","id":"osm-w563576768","properties":{"id":"osm-w563576768","osm_id":563576768,"osm_type":"way","name":null,"name_en":null,"class":"park","classes_all":["park"],"tags":{"leisure":"park"},"area_m2":3144.6,"size_band":"small","district":"อำเภอบางใหญ่","district_en":"Bang Yai District","district_osm_id":2689553,"province":"จังหวัดนนทบุรี","province_iso":"TH-12","multi_district":false,"reason_excluded":null,"reasons_all":[],"flags":[],"related_ids":{},"poi_inside":[],"opening_hours":null,"verification_mode":"continuous_gps","floor_level":null,"rep_point":[100.368826,13.890655]},"geometry":{"type":"MultiPolygon","coordinates":[[[[100.368478,13.890614],[100.368892,13.890554],[100.36887,13.890366],[100.369057,13.890338],[100.369138,13.890344],[100.369169,13.890695],[100.369169,13.890753],[100.369174,13.890871],[100.36918,13.890922],[100.368795,13.890976],[100.368767,13.890772],[100.368521,13.890802],[100.368478,13.890614]]]]}},
{"type":"Feature","id":"osm-w563897610","properties":{"id":"osm-w563897610","osm_id":563897610,"osm_type":"way","name":null,"name_en":null,"class":"park","classes_all":["park"],"tags":{"leisure":"park"},"area_m2":14409.3,"size_band":"medium","district":"อำเภอลำลูกกา","district_en":"Lam Luk Ka District","district_osm_id":2913007,"province":"จังหวัดปทุมธานี","province_iso":"TH-13","multi_district":false,"reason_excluded":null,"reasons_all":[],"flags":[],"related_ids":{},"poi_inside":[],"opening_hours":null,"verification_mode":"continuous_gps","floor_level":null,"rep_point":[100.678095,13.966555]},"geometry":{"type":"MultiPolygon","coordinates":[[[[100.673808,13.966688],[100.673865,13.966671],[100.673886,13.966623],[100.675886,13.966633],[100.677501,13.966588],[100.677707,13.966522],[100.67783,13.966428],[100.677971,13.966307],[100.678043,13.966299],[100.678533,13.966287],[100.678532,13.966478],[100.678583,13.966477],[100.678591,13.966754],[100.67749,13.966788],[100.675868,13.966812],[100.675826,13.96676],[100.675759,13.966754],[100.675684,13.966795],[100.675649,13.966856],[100.674973,13.966867],[100.67481,13.966869],[100.673808,13.966884],[100.673808,13.966688]]]]}},
{"type":"Feature","id":"osm-w563897613","properties":{"id":"osm-w563897613","osm_id":563897613,"osm_type":"way","name":null,"name_en":null,"class":"park","classes_all":["park"],"tags":{"leisure":"park"},"area_m2":15759.6,"size_band":"medium","district":"อำเภอลำลูกกา","district_en":"Lam Luk Ka District","district_osm_id":2913007,"province":"จังหวัดปทุมธานี","province_iso":"TH-13","multi_district":false,"reason_excluded":null,"reasons_all":[],"flags":[],"related_ids":{},"poi_inside":[],"opening_hours":null,"verification_mode":"continuous_gps","floor_level":null,"rep_point":[100.679915,13.966676]},"geometry":{"type":"MultiPolygon","coordinates":[[[[100.67877,13.966778],[100.678778,13.966671],[100.678993,13.966664],[100.678993,13.966726],[100.679131,13.966723],[100.679131,13.966352],[100.67899,13.966341],[100.678993,13.966259],[100.679701,13.966259],[100.680572,13.966245],[100.680636,13.966314],[100.68072,13.9664],[100.680756,13.966458],[100.680781,13.966499],[100.680703,13.966544],[100.680678,13.966616],[100.680699,13.966681],[100.680731,13.966743],[100.680781,13.966757],[100.680731,13.966853],[100.680667,13.966922],[100.680604,13.966984],[100.680505,13.967042],[100.680398,13.96709],[100.680207,13.967083],[100.679553,13.967107],[100.679422,13.967097],[100.679358,13.967073],[100.679322,13.967045],[100.679241,13.96698],[100.679184,13.966918],[100.679124,13.96686],[100.679057,13.966808],[100.678901,13.966767],[100.67877,13.966778]]]]}},
{"type":"Feature","id":"osm-w563897616","properties":{"id":"osm-w563897616","osm_id":563897616,"osm_type":"way","name":null,"name_en":null,"class":"park","classes_all":["park"],"tags":{"leisure":"park"},"area_m2":3191.0,"size_band":"small","district":"อำเภอลำลูกกา","district_en":"Lam Luk Ka District","district_osm_id":2913007,"province":"จังหวัดปทุมธานี","province_iso":"TH-13","multi_district":false,"reason_excluded":null,"reasons_all":[],"flags":[],"related_ids":{},"poi_inside":[],"opening_hours":null,"verification_mode":"continuous_gps","floor_level":null,"rep_point":[100.681945,13.966625]},"geometry":{"type":"MultiPolygon","coordinates":[[[[100.681062,13.966606],[100.68108,13.966563],[100.68111,13.966547],[100.681153,13.966539],[100.682407,13.96652],[100.682826,13.966516],[100.682828,13.966654],[100.682407,13.966671],[100.681198,13.966697],[100.681096,13.966687],[100.681062,13.966644],[100.681062,13.966606]]]]}},
{"type":"Feature","id":"osm-w563898678","properties":{"id":"osm-w563898678","osm_id":563898678,"osm_type":"way","name":null,"name_en":null,"class":"park","classes_all":["park"],"tags":{"leisure":"park"},"area_m2":7718.6,"size_band":"small","district":"อำเภอธัญบุรี","district_en":"Thanyaburi District","district_osm_id":2913012,"province":"จังหวัดปทุมธานี","province_iso":"TH-13","multi_district":false,"reason_excluded":null,"reasons_all":[],"flags":[],"related_ids":{},"poi_inside":[],"opening_hours":null,"verification_mode":"continuous_gps","floor_level":null,"rep_point":[100.671958,13.982632]},"geometry":{"type":"MultiPolygon","coordinates":[[[[100.671381,13.983681],[100.672238,13.981569],[100.672549,13.981582],[100.671643,13.983743],[100.671381,13.983681]]]]}},
{"type":"Feature","id":"osm-w563898679","properties":{"id":"osm-w563898679","osm_id":563898679,"osm_type":"way","name":null,"name_en":null,"class":"park","classes_all":["park"],"tags":{"leisure":"park"},"area_m2":14366.2,"size_band":"medium","district":"อำเภอธัญบุรี","district_en":"Thanyaburi District","district_osm_id":2913012,"province":"จังหวัดปทุมธานี","province_iso":"TH-13","multi_district":false,"reason_excluded":null,"reasons_all":[],"flags":[],"related_ids":{},"poi_inside":[],"opening_hours":null,"verification_mode":"continuous_gps","floor_level":null,"rep_point":[100.650264,13.98]},"geometry":{"type":"MultiPolygon","coordinates":[[[[100.649844,13.980025],[100.649869,13.979577],[100.650057,13.979162],[100.650245,13.978728],[100.650442,13.979137],[100.650664,13.979544],[100.65069,13.979975],[100.65057,13.980415],[100.650425,13.980854],[100.650322,13.981278],[100.650203,13.980871],[100.650045,13.980517],[100.649844,13.980025]]]]}},
{"type":"Feature","id":"osm-w563898680","properties":{"id":"osm-w563898680","osm_id":563898680,"osm_type":"way","name":null,"name_en":null,"class":"park","classes_all":["park"],"tags":{"leisure":"park"},"area_m2":5174.9,"size_band":"small","district":"อำเภอธัญบุรี","district_en":"Thanyaburi District","district_osm_id":2913012,"province":"จังหวัดปทุมธานี","province_iso":"TH-13","multi_district":false,"reason_excluded":null,"reasons_all":[],"flags":[],"related_ids":{},"poi_inside":[],"opening_hours":null,"verification_mode":"continuous_gps","floor_level":null,"rep_point":[100.648085,13.982716]},"geometry":{"type":"MultiPolygon","coordinates":[[[[100.647859,13.982531],[100.647899,13.982246],[100.647946,13.98209],[100.648222,13.982518],[100.648375,13.982931],[100.648375,13.983364],[100.648306,13.983614],[100.648177,13.983378],[100.647937,13.98302],[100.647908,13.98296],[100.64789,13.982901],[100.647859,13.982531]]]]}},
{"type":"Feature","id":"osm-w563899060","properties":{"id":"osm-w563899060","osm_id":563899060,"osm_type":"way","name":null,"name_en":null,"class":"park","classes_all":["park"],"tags":{"leisure":"park"},"area_m2":14290.5,"size_band":"medium","district":"อำเภอเมืองปทุมธานี","district_en":"Mueang Pathum Thani District","district_osm_id":2913009,"province":"จังหวัดปทุมธานี","province_iso":"TH-13","multi_district":false,"reason_excluded":null,"reasons_all":[],"flags":[],"related_ids":{},"poi_inside":[],"opening_hours":null,"verification_mode":"continuous_gps","floor_level":null,"rep_point":[100.490183,13.949782]},"geometry":{"type":"MultiPolygon","coordinates":[[[[100.489191,13.948954],[100.489258,13.948933],[100.489464,13.94895],[100.489779,13.949043],[100.489927,13.949101],[100.489821,13.949184],[100.489848,13.949213],[100.489895,13.949262],[100.48997,13.949342],[100.490157,13.949184],[100.490412,13.949438],[100.490363,13.949496],[100.490345,13.949548],[100.490373,13.949634],[100.490437,13.949689],[100.490518,13.949713],[100.490582,13.949692],[100.490717,13.949867],[100.490766,13.94985],[100.49084,13.94996],[100.490809,13.949988],[100.490872,13.950084],[100.490922,13.950183],[100.49095,13.950297],[100.490971,13.95042],[100.490968,13.950537],[100.490954,13.950623],[100.490851,13.95063],[100.490692,13.950596],[100.490504,13.950465],[100.490281,13.950262],[100.49015,13.950156],[100.49014,13.950053],[100.490126,13.949977],[100.490083,13.949929],[100.490034,13.949905],[100.489924,13.949874],[100.489846,13.949888],[100.489534,13.949634],[100.489481,13.949579],[100.489372,13.949414],[100.489304,13.94927],[100.48922,13.94906],[100.489191,13.948954]]]]}},
{"type":"Feature","id":"osm-w563927877","properties":{"id":"osm-w563927877","osm_id":563927877,"osm_type":"way","name":null,"name_en":null,"class":"park","classes_all":["park"],"tags":{"leisure":"park"},"area_m2":5021.9,"size_band":"small","district":"เขตบางแค","district_en":"Bang Khae District","district_osm_id":2946804,"province":"กรุงเทพมหานคร","province_iso":"TH-10","multi_district":false,"reason_excluded":null,"reasons_all":[],"flags":[],"related_ids":{},"poi_inside":[],"opening_hours":null,"verification_mode":"continuous_gps","floor_level":null,"rep_point":[100.399261,13.739417]},"geometry":{"type":"MultiPolygon","coordinates":[[[[100.399078,13.739319],[100.399095,13.738666],[100.399329,13.738662],[100.399332,13.738879],[100.399393,13.738868],[100.39946,13.739635],[100.399396,13.739704],[100.399417,13.74002],[100.399187,13.740034],[100.399131,13.739845],[100.399099,13.739687],[100.399085,13.739515],[100.399078,13.739319]]]]}},
{"type":"Feature","id":"osm-w563932786","properties":{"id":"osm-w563932786","osm_id":563932786,"osm_type":"way","name":null,"name_en":null,"class":"park","classes_all":["park"],"tags":{"leisure":"park"},"area_m2":3818.3,"size_band":"small","district":"เขตทวีวัฒนา","district_en":"Thawi Watthana District","district_osm_id":2939955,"province":"กรุงเทพมหานคร","province_iso":"TH-10","multi_district":false,"reason_excluded":null,"reasons_all":[],"flags":[],"related_ids":{},"poi_inside":[],"opening_hours":null,"verification_mode":"continuous_gps","floor_level":null,"rep_point":[100.350422,13.786124]},"geometry":{"type":"MultiPolygon","coordinates":[[[[100.350069,13.787006],[100.350082,13.786592],[100.350336,13.786599],[100.350393,13.785651],[100.350494,13.785655],[100.350463,13.786603],[100.35059,13.786606],[100.350578,13.787021],[100.350069,13.787006]]]]}},
{"type":"Feature","id":"osm-w564100401","properties":{"id":"osm-w564100401","osm_id":564100401,"osm_type":"way","name":null,"name_en":null,"class":"park","classes_all":["park"],"tags":{"leisure":"park"},"area_m2":3044.4,"size_band":"small","district":"อำเภอบางใหญ่","district_en":"Bang Yai District","district_osm_id":2689553,"province":"จังหวัดนนทบุรี","province_iso":"TH-12","multi_district":false,"reason_excluded":null,"reasons_all":[],"flags":[],"related_ids":{},"poi_inside":[],"opening_hours":null,"verification_mode":"continuous_gps","floor_level":null,"rep_point":[100.394485,13.889596]},"geometry":{"type":"MultiPolygon","coordinates":[[[[100.394201,13.88929],[100.394583,13.889247],[100.394608,13.889318],[100.39464,13.889432],[100.394652,13.889543],[100.394717,13.889669],[100.39475,13.889752],[100.394742,13.889819],[100.394705,13.88989],[100.394616,13.88993],[100.394538,13.889949],[100.394465,13.889981],[100.394364,13.889823],[100.394356,13.889744],[100.394311,13.889637],[100.39427,13.889554],[100.394242,13.889452],[100.394201,13.88929]]]]}},
{"type":"Feature","id":"osm-w564100405","properties":{"id":"osm-w564100405","osm_id":564100405,"osm_type":"way","name":null,"name_en":null,"class":"park","classes_all":["park"],"tags":{"leisure":"park"},"area_m2":5151.6,"size_band":"small","district":"อำเภอบางใหญ่","district_en":"Bang Yai District","district_osm_id":2689553,"province":"จังหวัดนนทบุรี","province_iso":"TH-12","multi_district":false,"reason_excluded":null,"reasons_all":[],"flags":[],"related_ids":{},"poi_inside":[],"opening_hours":null,"verification_mode":"continuous_gps","floor_level":null,"rep_point":[100.378311,13.889254]},"geometry":{"type":"MultiPolygon","coordinates":[[[[100.378074,13.889793],[100.37816,13.888686],[100.378551,13.888716],[100.378459,13.889817],[100.378074,13.889793]]]]}},
{"type":"Feature","id":"osm-w564100417","properties":{"id":"osm-w564100417","osm_id":564100417,"osm_type":"way","name":null,"name_en":null,"class":"park","classes_all":["park"],"tags":{"leisure":"park"},"area_m2":11280.1,"size_band":"medium","district":"อำเภอบางใหญ่","district_en":"Bang Yai District","district_osm_id":2689553,"province":"จังหวัดนนทบุรี","province_iso":"TH-12","multi_district":false,"reason_excluded":null,"reasons_all":[],"flags":[],"related_ids":{},"poi_inside":[],"opening_hours":null,"verification_mode":"continuous_gps","floor_level":null,"rep_point":[100.373858,13.882561]},"geometry":{"type":"MultiPolygon","coordinates":[[[[100.373128,13.882166],[100.373171,13.882149],[100.373252,13.882149],[100.373415,13.882121],[100.373617,13.882111],[100.373776,13.882101],[100.373904,13.882094],[100.374243,13.882087],[100.374246,13.882136],[100.374257,13.882298],[100.374268,13.882475],[100.374282,13.882705],[100.374321,13.882723],[100.374445,13.882719],[100.374551,13.88273],[100.374856,13.882743],[100.37487,13.883066],[100.374017,13.883032],[100.373953,13.882973],[100.373889,13.88297],[100.37385,13.882984],[100.373727,13.882929],[100.373589,13.882819],[100.373538,13.882738],[100.373468,13.882623],[100.373419,13.882499],[100.373266,13.882338],[100.373139,13.882228],[100.373128,13.882166]]]]}},
{"type":"Feature","id":"osm-w564100425","properties":{"id":"osm-w564100425","osm_id":564100425,"osm_type":"way","name":null,"name_en":null,"class":"park","classes_all":["park"],"tags":{"leisure":"park"},"area_m2":7151.9,"size_band":"small","district":"อำเภอบางใหญ่","district_en":"Bang Yai District","district_osm_id":2689553,"province":"จังหวัดนนทบุรี","province_iso":"TH-12","multi_district":false,"reason_excluded":null,"reasons_all":[],"flags":[],"related_ids":{},"poi_inside":[],"opening_hours":null,"verification_mode":"continuous_gps","floor_level":null,"rep_point":[100.378899,13.884479]},"geometry":{"type":"MultiPolygon","coordinates":[[[[100.378028,13.884938],[100.378043,13.884554],[100.378699,13.884575],[100.378709,13.884403],[100.37872,13.884226],[100.378726,13.883854],[100.378972,13.883851],[100.378968,13.883916],[100.378943,13.884216],[100.379102,13.884222],[100.37909,13.884577],[100.379028,13.884574],[100.379022,13.884934],[100.378775,13.88493],[100.378655,13.884939],[100.378435,13.884956],[100.378248,13.884971],[100.378028,13.884938]]]]}},
{"type":"Feature","id":"osm-w564920366","properties":{"id":"osm-w564920366","osm_id":564920366,"osm_type":"way","name":null,"name_en":null,"class":"park","classes_all":["park"],"tags":{"leisure":"park"},"area_m2":9894.9,"size_band":"small","district":"เขตตลิ่งชัน","district_en":"Taling Chan District","district_osm_id":2939954,"province":"กรุงเทพมหานคร","province_iso":"TH-10","multi_district":false,"reason_excluded":null,"reasons_all":[],"flags":[],"related_ids":{},"poi_inside":[],"opening_hours":null,"verification_mode":"continuous_gps","floor_level":null,"rep_point":[100.415991,13.772593]},"geometry":{"type":"MultiPolygon","coordinates":[[[[100.415561,13.773002],[100.415573,13.772721],[100.415602,13.772555],[100.41561,13.772386],[100.415602,13.772303],[100.415691,13.772176],[100.415728,13.77203],[100.415716,13.771971],[100.416232,13.772129],[100.416399,13.77263],[100.416502,13.773051],[100.416313,13.773112],[100.416121,13.773137],[100.41593,13.773157],[100.415642,13.773144],[100.415606,13.773092],[100.415561,13.773002]]]]}},
{"type":"Feature","id":"osm-w566361511","properties":{"id":"osm-w566361511","osm_id":566361511,"osm_type":"way","name":null,"name_en":null,"class":"park","classes_all":["park"],"tags":{"leisure":"park"},"area_m2":6465.2,"size_band":"small","district":"เขตตลิ่งชัน","district_en":"Taling Chan District","district_osm_id":2939954,"province":"กรุงเทพมหานคร","province_iso":"TH-10","multi_district":false,"reason_excluded":null,"reasons_all":[],"flags":[],"related_ids":{},"poi_inside":[],"opening_hours":null,"verification_mode":"continuous_gps","floor_level":null,"rep_point":[100.451395,13.749514]},"geometry":{"type":"MultiPolygon","coordinates":[[[[100.450737,13.749259],[100.450748,13.749158],[100.450812,13.749176],[100.450995,13.749268],[100.451034,13.749284],[100.451048,13.749324],[100.451056,13.749358],[100.451091,13.749378],[100.451153,13.749392],[100.451207,13.749383],[100.451258,13.749388],[100.452266,13.749569],[100.452594,13.749637],[100.452537,13.7499],[100.452297,13.74982],[100.450841,13.749672],[100.450827,13.749459],[100.450813,13.749275],[100.450737,13.749259]]]]}},
{"type":"Feature","id":"osm-w566923735","properties":{"id":"osm-w566923735","osm_id":566923735,"osm_type":"way","name":"Muang Thong Park","name_en":null,"class":"park","classes_all":["park"],"tags":{"leisure":"park","name":"Muang Thong Park"},"area_m2":14997.2,"size_band":"medium","district":"เขตประเวศ","district_en":"Prawet District","district_osm_id":3146414,"province":"กรุงเทพมหานคร","province_iso":"TH-10","multi_district":false,"reason_excluded":null,"reasons_all":[],"flags":[],"related_ids":{},"poi_inside":[],"opening_hours":null,"verification_mode":"continuous_gps","floor_level":null,"rep_point":[100.659979,13.730746]},"geometry":{"type":"MultiPolygon","coordinates":[[[[100.658838,13.730628],[100.659184,13.730545],[100.660211,13.730339],[100.660561,13.730298],[100.661076,13.730425],[100.661097,13.730864],[100.660098,13.730975],[100.659186,13.731098],[100.658956,13.731118],[100.658838,13.730628]]]]}},
{"type":"Feature","id":"osm-w568406124","properties":{"id":"osm-w568406124","osm_id":568406124,"osm_type":"way","name":null,"name_en":null,"class":"park","classes_all":["park"],"tags":{"leisure":"park"},"area_m2":3899.2,"size_band":"small","district":"อำเภอเมืองปทุมธานี","district_en":"Mueang Pathum Thani District","district_osm_id":2913009,"province":"จังหวัดปทุมธานี","province_iso":"TH-13","multi_district":false,"reason_excluded":null,"reasons_all":[],"flags":[],"related_ids":{},"poi_inside":[],"opening_hours":null,"verification_mode":"continuous_gps","floor_level":null,"rep_point":[100.480841,13.958516]},"geometry":{"type":"MultiPolygon","coordinates":[[[[100.480577,13.958331],[100.480657,13.958113],[100.480738,13.958037],[100.480903,13.95817],[100.480986,13.958248],[100.481032,13.958211],[100.48112,13.958633],[100.480773,13.95897],[100.480685,13.958843],[100.480626,13.958688],[100.480588,13.958576],[100.480583,13.958456],[100.480577,13.958331]]]]}},
{"type":"Feature","id":"osm-w568406126","properties":{"id":"osm-w568406126","osm_id":568406126,"osm_type":"way","name":null,"name_en":null,"class":"park","classes_all":["park"],"tags":{"leisure":"park"},"area_m2":3640.7,"size_band":"small","district":"อำเภอเมืองปทุมธานี","district_en":"Mueang Pathum Thani District","district_osm_id":2913009,"province":"จังหวัดปทุมธานี","province_iso":"TH-13","multi_district":false,"reason_excluded":null,"reasons_all":[],"flags":[],"related_ids":{},"poi_inside":[],"opening_hours":null,"verification_mode":"continuous_gps","floor_level":null,"rep_point":[100.480246,13.959813]},"geometry":{"type":"MultiPolygon","coordinates":[[[[100.479904,13.959703],[100.479998,13.95957],[100.480102,13.95946],[100.480209,13.959407],[100.48029,13.959386],[100.480349,13.959381],[100.480457,13.959412],[100.480539,13.959456],[100.480675,13.959583],[100.480514,13.959783],[100.480394,13.959844],[100.480369,13.959847],[100.480316,13.959848],[100.48033,13.959873],[100.480348,13.959888],[100.480329,13.959915],[100.480392,13.959968],[100.480565,13.960091],[100.480456,13.960209],[100.480386,13.960149],[100.480406,13.960113],[100.480356,13.96008],[100.480254,13.959992],[100.479904,13.959703]]]]}},
{"type":"Feature","id":"osm-w568549750","properties":{"id":"osm-w568549750","osm_id":568549750,"osm_type":"way","name":null,"name_en":null,"class":"park","classes_all":["park"],"tags":{"leisure":"park"},"area_m2":3442.5,"size_band":"small","district":"เขตสายไหม","district_en":"Sai Mai District","district_osm_id":2938035,"province":"กรุงเทพมหานคร","province_iso":"TH-10","multi_district":false,"reason_excluded":null,"reasons_all":[],"flags":[],"related_ids":{},"poi_inside":[],"opening_hours":null,"verification_mode":"continuous_gps","floor_level":null,"rep_point":[100.679055,13.906337]},"geometry":{"type":"MultiPolygon","coordinates":[[[[100.678628,13.906447],[100.678644,13.906187],[100.678665,13.906107],[100.679493,13.906228],[100.679436,13.906572],[100.678628,13.906447]]]]}},
{"type":"Feature","id":"osm-w568549772","properties":{"id":"osm-w568549772","osm_id":568549772,"osm_type":"way","name":null,"name_en":null,"class":"park","classes_all":["park"],"tags":{"leisure":"park"},"area_m2":19578.4,"size_band":"medium","district":"เขตสายไหม","district_en":"Sai Mai District","district_osm_id":2938035,"province":"กรุงเทพมหานคร","province_iso":"TH-10","multi_district":false,"reason_excluded":null,"reasons_all":[],"flags":[],"related_ids":{},"poi_inside":[],"opening_hours":null,"verification_mode":"continuous_gps","floor_level":null,"rep_point":[100.673988,13.905516]},"geometry":{"type":"MultiPolygon","coordinates":[[[[100.673533,13.904594],[100.674591,13.904579],[100.674583,13.904628],[100.674524,13.904982],[100.674465,13.905339],[100.674406,13.905693],[100.674348,13.906041],[100.674294,13.90637],[100.674286,13.906416],[100.673548,13.906404],[100.673533,13.904594]]]]}},
{"type":"Feature","id":"osm-w568549774","properties":{"id":"osm-w568549774","osm_id":568549774,"osm_type":"way","name":null,"name_en":null,"class":"park","classes_all":["park"],"tags":{"leisure":"park"},"area_m2":20782.9,"size_band":"medium","district":"เขตสายไหม","district_en":"Sai Mai District","district_osm_id":2938035,"province":"กรุงเทพมหานคร","province_iso":"TH-10","multi_district":false,"reason_excluded":null,"reasons_all":[],"flags":[],"related_ids":{},"poi_inside":[],"opening_hours":null,"verification_mode":"continuous_gps","floor_level":null,"rep_point":[100.674117,13.90375]},"geometry":{"type":"MultiPolygon","coordinates":[[[[100.673475,13.902876],[100.67388,13.903032],[100.674214,13.903168],[100.67454,13.903301],[100.674787,13.903393],[100.674756,13.903588],[100.674702,13.903912],[100.674641,13.904276],[100.674591,13.904579],[100.673533,13.904594],[100.673475,13.902876]]]]}},
{"type":"Feature","id":"osm-w568549793","properties":{"id":"osm-w568549793","osm_id":568549793,"osm_type":"way","name":null,"name_en":null,"class":"park","classes_all":["park"],"tags":{"leisure":"park"},"area_m2":3244.7,"size_band":"small","district":"เขตสายไหม","district_en":"Sai Mai District","district_osm_id":2938035,"province":"กรุงเทพมหานคร","province_iso":"TH-10","multi_district":false,"reason_excluded":null,"reasons_all":[],"flags":[],"related_ids":{},"poi_inside":[],"opening_hours":null,"verification_mode":"continuous_gps","floor_level":null,"rep_point":[100.673106,13.904831]},"geometry":{"type":"MultiPolygon","coordinates":[[[[100.672707,13.904671],[100.673494,13.904646],[100.673505,13.904991],[100.672719,13.905016],[100.672707,13.904671]]]]}},
{"type":"Feature","id":"osm-w570018343","properties":{"id":"osm-w570018343","osm_id":570018343,"osm_type":"way","name":null,"name_en":null,"class":"garden","classes_all":["garden"],"tags":{"leisure":"garden"},"area_m2":5101.4,"size_band":"small","district":"เขตสาทร","district_en":"Sathon District","district_osm_id":3147425,"province":"กรุงเทพมหานคร","province_iso":"TH-10","multi_district":false,"reason_excluded":null,"reasons_all":[],"flags":[],"related_ids":{},"poi_inside":[],"opening_hours":null,"verification_mode":"continuous_gps","floor_level":null,"rep_point":[100.541059,13.7167]},"geometry":{"type":"MultiPolygon","coordinates":[[[[100.540615,13.716846],[100.540929,13.716263],[100.541503,13.716554],[100.541189,13.717138],[100.540615,13.716846]]]]}},
{"type":"Feature","id":"osm-w570772215","properties":{"id":"osm-w570772215","osm_id":570772215,"osm_type":"way","name":null,"name_en":null,"class":"park","classes_all":["park"],"tags":{"leisure":"park"},"area_m2":14995.4,"size_band":"medium","district":"อำเภอคลองหลวง","district_en":"Khlong Luang District","district_osm_id":2913006,"province":"จังหวัดปทุมธานี","province_iso":"TH-13","multi_district":false,"reason_excluded":null,"reasons_all":[],"flags":[],"related_ids":{},"poi_inside":[],"opening_hours":null,"verification_mode":"continuous_gps","floor_level":null,"rep_point":[100.601519,14.078443]},"geometry":{"type":"MultiPolygon","coordinates":[[[[100.601055,14.077602],[100.601867,14.077544],[100.601899,14.079285],[100.601255,14.079298],[100.601055,14.077602]]]]}},
{"type":"Feature","id":"osm-w570773494","properties":{"id":"osm-w570773494","osm_id":570773494,"osm_type":"way","name":null,"name_en":null,"class":"garden","classes_all":["garden"],"tags":{"leisure":"garden"},"area_m2":6817.8,"size_band":"small","district":"อำเภอคลองหลวง","district_en":"Khlong Luang District","district_osm_id":2913006,"province":"จังหวัดปทุมธานี","province_iso":"TH-13","multi_district":false,"reason_excluded":null,"reasons_all":[],"flags":[],"related_ids":{"blockers":{"government":{"ids":["osm-n4068472359"],"share":0.046}}},"poi_inside":[],"opening_hours":null,"verification_mode":"continuous_gps","floor_level":null,"rep_point":[100.602916,14.076705]},"geometry":{"type":"MultiPolygon","coordinates":[[[[100.602376,14.076466],[100.603402,14.076403],[100.603468,14.07646],[100.603415,14.076944],[100.602409,14.077009],[100.602376,14.076466]]]]}},
{"type":"Feature","id":"osm-w583370164","properties":{"id":"osm-w583370164","osm_id":583370164,"osm_type":"way","name":"ตลาด 2 - 5","name_en":null,"class":"marketplace","classes_all":["marketplace"],"tags":{"amenity":"marketplace","building":"roof","name":"ตลาด 2 - 5"},"area_m2":8883.2,"size_band":"small","district":"อำเภอลำลูกกา","district_en":"Lam Luk Ka District","district_osm_id":2913007,"province":"จังหวัดปทุมธานี","province_iso":"TH-13","multi_district":false,"reason_excluded":null,"reasons_all":[],"flags":[],"related_ids":{},"poi_inside":[],"opening_hours":null,"verification_mode":"continuous_gps","floor_level":null,"rep_point":[100.618617,13.962461]},"geometry":{"type":"MultiPolygon","coordinates":[[[[100.618034,13.962648],[100.61835,13.961914],[100.619187,13.962274],[100.618919,13.963018],[100.618034,13.962648]]]]}},
{"type":"Feature","id":"osm-w583512012","properties":{"id":"osm-w583512012","osm_id":583512012,"osm_type":"way","name":"สวนสาธารณะกองทัพอากาศ","name_en":null,"class":"park","classes_all":["park"],"tags":{"leisure":"park","name":"สวนสาธารณะกองทัพอากาศ","name:th":"สวนสาธารณะกองทัพอากาศ"},"area_m2":86597.3,"size_band":"large","district":"เขตสายไหม","district_en":"Sai Mai District","district_osm_id":2938035,"province":"กรุงเทพมหานคร","province_iso":"TH-10","multi_district":false,"reason_excluded":null,"reasons_all":[],"flags":[],"related_ids":{"blockers":{"health":{"ids":["osm-w1464127074"],"share":0.0},"military":{"ids":["osm-r20046431","osm-w1464127074"],"share":0.0}}},"poi_inside":[],"opening_hours":null,"verification_mode":"continuous_gps","floor_level":null,"rep_point":[100.622914,13.908024]},"geometry":{"type":"MultiPolygon","coordinates":[[[[100.620345,13.906765],[100.62096,13.90642],[100.623143,13.907187],[100.624247,13.907599],[100.624608,13.907862],[100.624842,13.908186],[100.622118,13.90971],[100.621447,13.908596],[100.620345,13.906765]]]]}},
{"type":"Feature","id":"osm-w583668496","properties":{"id":"osm-w583668496","osm_id":583668496,"osm_type":"way","name":null,"name_en":null,"class":"park","classes_all":["park"],"tags":{"leisure":"park"},"area_m2":5715.8,"size_band":"small","district":"อำเภอเมืองปทุมธานี","district_en":"Mueang Pathum Thani District","district_osm_id":2913009,"province":"จังหวัดปทุมธานี","province_iso":"TH-13","multi_district":false,"reason_excluded":null,"reasons_all":[],"flags":[],"related_ids":{},"poi_inside":[],"opening_hours":null,"verification_mode":"continuous_gps","floor_level":null,"rep_point":[100.479408,13.961394]},"geometry":{"type":"MultiPolygon","coordinates":[[[[100.477974,13.962138],[100.478105,13.961986],[100.478186,13.961902],[100.478209,13.961927],[100.478546,13.962187],[100.478596,13.962233],[100.478635,13.962202],[100.478784,13.962034],[100.478894,13.961924],[100.479028,13.961766],[100.479244,13.961515],[100.479456,13.961261],[100.479573,13.961131],[100.479711,13.960923],[100.479795,13.960852],[100.479906,13.960729],[100.480016,13.960603],[100.480087,13.960526],[100.48022,13.96035],[100.480386,13.960149],[100.480456,13.960209],[100.480565,13.960091],[100.480581,13.960106],[100.48048,13.96028],[100.480431,13.960327],[100.480378,13.960303],[100.480323,13.960366],[100.480335,13.960402],[100.480069,13.9607],[100.479577,13.961272],[100.478634,13.962343],[100.478595,13.962313],[100.478404,13.962527],[100.477974,13.962138]]]]}},
{"type":"Feature","id":"osm-w584814881","properties":{"id":"osm-w584814881","osm_id":584814881,"osm_type":"way","name":"ลานออกกำลังกายชุมชนฟ้าคราม","name_en":null,"class":"park","classes_all":["park"],"tags":{"leisure":"park","name":"ลานออกกำลังกายชุมชนฟ้าคราม"},"area_m2":11663.9,"size_band":"medium","district":"อำเภอลำลูกกา","district_en":"Lam Luk Ka District","district_osm_id":2913007,"province":"จังหวัดปทุมธานี","province_iso":"TH-13","multi_district":false,"reason_excluded":null,"reasons_all":[],"flags":[],"related_ids":{},"poi_inside":[],"opening_hours":null,"verification_mode":"continuous_gps","floor_level":null,"rep_point":[100.643558,13.955861]},"geometry":{"type":"MultiPolygon","coordinates":[[[[100.642979,13.956433],[100.642981,13.95549],[100.644131,13.95545],[100.644139,13.95636],[100.643175,13.956231],[100.64312,13.956448],[100.642979,13.956433]]]]}},
{"type":"Feature","id":"osm-w584815383","properties":{"id":"osm-w584815383","osm_id":584815383,"osm_type":"way","name":"สวนสาธารณะที่ 2 หมู่บ้านพฤกษา20","name_en":null,"class":"park","classes_all":["park"],"tags":{"leisure":"park","name":"สวนสาธารณะที่ 2 หมู่บ้านพฤกษา20"},"area_m2":7737.1,"size_band":"small","district":"อำเภอลำลูกกา","district_en":"Lam Luk Ka District","district_osm_id":2913007,"province":"จังหวัดปทุมธานี","province_iso":"TH-13","multi_district":false,"reason_excluded":null,"reasons_all":[],"flags":[],"related_ids":{},"poi_inside":[],"opening_hours":null,"verification_mode":"continuous_gps","floor_level":null,"rep_point":[100.656242,13.957829]},"geometry":{"type":"MultiPolygon","coordinates":[[[[100.655567,13.957611],[100.655596,13.957582],[100.656749,13.957551],[100.65677,13.957575],[100.656775,13.957724],[100.65679,13.957744],[100.656892,13.957747],[100.656913,13.957764],[100.656914,13.957894],[100.656908,13.958035],[100.656886,13.958053],[100.655602,13.958085],[100.655574,13.958057],[100.655567,13.957611]]]]}},
{"type":"Feature","id":"osm-w584815410","properties":{"id":"osm-w584815410","osm_id":584815410,"osm_type":"way","name":"สวนสาธารณะที่ 1 หมู่บ้านพฤกษา20","name_en":null,"class":"park","classes_all":["park"],"tags":{"leisure":"park","name":"สวนสาธารณะที่ 1 หมู่บ้านพฤกษา20"},"area_m2":4144.0,"size_band":"small","district":"อำเภอลำลูกกา","district_en":"Lam Luk Ka District","district_osm_id":2913007,"province":"จังหวัดปทุมธานี","province_iso":"TH-13","multi_district":false,"reason_excluded":null,"reasons_all":[],"flags":[],"related_ids":{},"poi_inside":[],"opening_hours":null,"verification_mode":"continuous_gps","floor_level":null,"rep_point":[100.652133,13.957951]},"geometry":{"type":"MultiPolygon","coordinates":[[[[100.651884,13.957622],[100.651918,13.957597],[100.652321,13.957582],[100.652356,13.957621],[100.65238,13.958281],[100.652335,13.958324],[100.651943,13.958338],[100.651911,13.958307],[100.651884,13.957622]]]]}},
{"type":"Feature","id":"osm-w584815584","properties":{"id":"osm-w584815584","osm_id":584815584,"osm_type":"way","name":"สวนสาธารณะที่ 3 หมู่บ้านพฤกษา20","name_en":null,"class":"park","classes_all":["park"],"tags":{"leisure":"park","name":"สวนสาธารณะที่ 3 หมู่บ้านพฤกษา20"},"area_m2":6766.6,"size_band":"small","district":"อำเภอลำลูกกา","district_en":"Lam Luk Ka District","district_osm_id":2913007,"province":"จังหวัดปทุมธานี","province_iso":"TH-13","multi_district":false,"reason_excluded":null,"reasons_all":[],"flags":[],"related_ids":{},"poi_inside":[],"opening_hours":null,"verification_mode":"continuous_gps","floor_level":null,"rep_point":[100.658564,13.957179]},"geometry":{"type":"MultiPolygon","coordinates":[[[[100.657875,13.957006],[100.659196,13.956969],[100.65924,13.957012],[100.659254,13.957346],[100.659228,13.957386],[100.657891,13.95742],[100.657875,13.957006]]]]}},
{"type":"Feature","id":"osm-w584815853","properties":{"id":"osm-w584815853","osm_id":584815853,"osm_type":"way","name":"สวนสาธารณะที่ 4 หมู่บ้านพฤกษา20","name_en":null,"class":"park","classes_all":["park"],"tags":{"leisure":"park","name":"สวนสาธารณะที่ 4 หมู่บ้านพฤกษา20"},"area_m2":4175.4,"size_band":"small","district":"อำเภอลำลูกกา","district_en":"Lam Luk Ka District","district_osm_id":2913007,"province":"จังหวัดปทุมธานี","province_iso":"TH-13","multi_district":false,"reason_excluded":null,"reasons_all":[],"flags":[],"related_ids":{},"poi_inside":[],"opening_hours":null,"verification_mode":"continuous_gps","floor_level":null,"rep_point":[100.662637,13.956484]},"geometry":{"type":"MultiPolygon","coordinates":[[[[100.662378,13.955584],[100.662715,13.955573],[100.662753,13.957248],[100.662573,13.957254],[100.662505,13.955718],[100.662465,13.955719],[100.662378,13.95572],[100.662378,13.955584]]]]}},
{"type":"Feature","id":"osm-w584857320","properties":{"id":"osm-w584857320","osm_id":584857320,"osm_type":"way","name":"สวนสาธารณะ หมู่บ้านวังทองริเวอร์ปร์ค","name_en":null,"class":"park","classes_all":["park"],"tags":{"leisure":"park","name":"สวนสาธารณะ หมู่บ้านวังทองริเวอร์ปร์ค"},"area_m2":9480.6,"size_band":"small","district":"อำเภอลำลูกกา","district_en":"Lam Luk Ka District","district_osm_id":2913007,"province":"จังหวัดปทุมธานี","province_iso":"TH-13","multi_district":false,"reason_excluded":null,"reasons_all":[],"flags":["review_required"],"related_ids":{"review_reasons":["review_name"]},"poi_inside":[],"opening_hours":null,"verification_mode":"continuous_gps","floor_level":null,"rep_point":[100.630109,13.967293]},"geometry":{"type":"MultiPolygon","coordinates":[[[[100.62949,13.967601],[100.630167,13.966627],[100.630718,13.966986],[100.630071,13.967966],[100.62949,13.967601]]]]}},
{"type":"Feature","id":"osm-w584864316","properties":{"id":"osm-w584864316","osm_id":584864316,"osm_type":"way","name":"สวนสาธารณะ หมู่บ้าน200ปี รังสิต","name_en":null,"class":"park","classes_all":["park"],"tags":{"leisure":"park","name":"สวนสาธารณะ หมู่บ้าน200ปี รังสิต"},"area_m2":7889.8,"size_band":"small","district":"อำเภอธัญบุรี","district_en":"Thanyaburi District","district_osm_id":2913012,"province":"จังหวัดปทุมธานี","province_iso":"TH-13","multi_district":false,"reason_excluded":null,"reasons_all":[],"flags":[],"related_ids":{},"poi_inside":[],"opening_hours":null,"verification_mode":"continuous_gps","floor_level":null,"rep_point":[100.604278,13.992337]},"geometry":{"type":"MultiPolygon","coordinates":[[[[100.603846,13.992726],[100.603978,13.991844],[100.604711,13.991947],[100.604578,13.99283],[100.603846,13.992726]]]]}},
{"type":"Feature","id":"osm-w585166451","properties":{"id":"osm-w585166451","osm_id":585166451,"osm_type":"way","name":null,"name_en":null,"class":"park","classes_all":["park"],"tags":{"leisure":"park"},"area_m2":3559.4,"size_band":"small","district":"อำเภอบางพลี","district_en":"Bang Phli District","district_osm_id":11580982,"province":"จังหวัดสมุทรปราการ","province_iso":"TH-11","multi_district":false,"reason_excluded":null,"reasons_all":[],"flags":[],"related_ids":{},"poi_inside":[],"opening_hours":null,"verification_mode":"continuous_gps","floor_level":null,"rep_point":[100.71277,13.628986]},"geometry":{"type":"MultiPolygon","coordinates":[[[[100.712266,13.629114],[100.71228,13.628816],[100.713274,13.628858],[100.713261,13.629157],[100.712266,13.629114]]]]}},
{"type":"Feature","id":"osm-w585166530","properties":{"id":"osm-w585166530","osm_id":585166530,"osm_type":"way","name":null,"name_en":null,"class":"park","classes_all":["park"],"tags":{"leisure":"park"},"area_m2":5145.7,"size_band":"small","district":"อำเภอบางพลี","district_en":"Bang Phli District","district_osm_id":11580982,"province":"จังหวัดสมุทรปราการ","province_iso":"TH-11","multi_district":false,"reason_excluded":null,"reasons_all":[],"flags":[],"related_ids":{},"poi_inside":[],"opening_hours":null,"verification_mode":"continuous_gps","floor_level":null,"rep_point":[100.713305,13.627625]},"geometry":{"type":"MultiPolygon","coordinates":[[[[100.712739,13.627791],[100.712752,13.627404],[100.713874,13.62746],[100.713855,13.627839],[100.712739,13.627791]]]]}},
{"type":"Feature","id":"osm-w587982852","properties":{"id":"osm-w587982852","osm_id":587982852,"osm_type":"way","name":null,"name_en":null,"class":"garden","classes_all":["garden"],"tags":{"leisure":"garden"},"area_m2":3362.3,"size_band":"small","district":"เขตดอนเมือง","district_en":"Don Mueang District","district_osm_id":1639287,"province":"กรุงเทพมหานคร","province_iso":"TH-10","multi_district":false,"reason_excluded":null,"reasons_all":[],"flags":[],"related_ids":{},"poi_inside":[],"opening_hours":null,"verification_mode":"continuous_gps","floor_level":null,"rep_point":[100.591921,13.896335]},"geometry":{"type":"MultiPolygon","coordinates":[[[[100.591703,13.896543],[100.591712,13.896181],[100.591781,13.895699],[100.592219,13.896489],[100.591709,13.896757],[100.591703,13.896543]]]]}},
{"type":"Feature","id":"osm-w589121268","properties":{"id":"osm-w589121268","osm_id":589121268,"osm_type":"way","name":"สวนสระบัวโพธิ์ง๊วนตึ๊ง","name_en":null,"class":"park","classes_all":["park"],"tags":{"leisure":"park","name":"สวนสระบัวโพธิ์ง๊วนตึ๊ง","name:zh":"佛統普元堂蓮花公園"},"area_m2":5306.7,"size_band":"small","district":"อำเภอเมืองนครปฐม","district_en":"Mueang Nakhon Pathom District","district_osm_id":18931445,"province":"จังหวัดนครปฐม","province_iso":"TH-73","multi_district":false,"reason_excluded":null,"reasons_all":[],"flags":[],"related_ids":{},"poi_inside":[],"opening_hours":null,"verification_mode":"continuous_gps","floor_level":null,"rep_point":[100.063963,13.823204]},"geometry":{"type":"MultiPolygon","coordinates":[[[[100.063662,13.82363],[100.063674,13.822952],[100.063974,13.822839],[100.064009,13.822961],[100.064229,13.822887],[100.064278,13.823446],[100.064303,13.823582],[100.064246,13.823658],[100.064246,13.823668],[100.063923,13.823657],[100.063662,13.82363]]]]}},
{"type":"Feature","id":"osm-w589823137","properties":{"id":"osm-w589823137","osm_id":589823137,"osm_type":"way","name":null,"name_en":null,"class":"park","classes_all":["park"],"tags":{"leisure":"park"},"area_m2":4844.9,"size_band":"small","district":"อำเภอลาดหลุมแก้ว","district_en":"Lat Lum Kaeo District","district_osm_id":2913008,"province":"จังหวัดปทุมธานี","province_iso":"TH-13","multi_district":false,"reason_excluded":null,"reasons_all":[],"flags":[],"related_ids":{},"poi_inside":[],"opening_hours":null,"verification_mode":"continuous_gps","floor_level":null,"rep_point":[100.385275,14.03713]},"geometry":{"type":"MultiPolygon","coordinates":[[[[100.384919,14.036852],[100.385556,14.03678],[100.385631,14.037407],[100.384994,14.037479],[100.384919,14.036852]]]]}},
{"type":"Feature","id":"osm-w590236139","properties":{"id":"osm-w590236139","osm_id":590236139,"osm_type":"way","name":"main park","name_en":null,"class":"park","classes_all":["park"],"tags":{"leisure":"park","name":"main park"},"area_m2":6815.4,"size_band":"small","district":"อำเภอบางบัวทอง","district_en":"Bang Bua Thong District","district_osm_id":2689552,"province":"จังหวัดนนทบุรี","province_iso":"TH-12","multi_district":false,"reason_excluded":null,"reasons_all":[],"flags":[],"related_ids":{},"poi_inside":[],"opening_hours":null,"verification_mode":"continuous_gps","floor_level":null,"rep_point":[100.430965,13.952011]},"geometry":{"type":"MultiPolygon","coordinates":[[[[100.430424,13.951874],[100.431025,13.951472],[100.43121,13.951753],[100.431161,13.951784],[100.43116,13.951808],[100.431158,13.951835],[100.431188,13.951879],[100.43124,13.951897],[100.431285,13.951875],[100.431304,13.95185],[100.431505,13.952148],[100.430886,13.952534],[100.430704,13.95228],[100.430727,13.952246],[100.430744,13.952218],[100.430738,13.95217],[100.430728,13.952153],[100.430719,13.952138],[100.43069,13.952125],[100.430648,13.952129],[100.430607,13.952143],[100.430424,13.951874]]]]}},
{"type":"Feature","id":"osm-w59283338","properties":{"id":"osm-w59283338","osm_id":59283338,"osm_type":"way","name":"สวนพระนคร","name_en":"Phra Nakhon Park","class":"park","classes_all":["park"],"tags":{"alt_name":"สวนลาดกระบัง","alt_name:en":"Lat Krabang Park","alt_name:th":"สวนลาดกระบัง","leisure":"park","name":"สวนพระนคร","name:en":"Phra Nakhon Park","name:th":"สวนพระนคร","opening_hours":"Mo-Su 05:00-21:00","website":"http://203.155.220.217/office/ppdd/publicpark/thai/2011/park13.asp"},"area_m2":81796.2,"size_band":"large","district":"เขตลาดกระบัง","district_en":"Lat Krabang District","district_osm_id":3147500,"province":"กรุงเทพมหานคร","province_iso":"TH-10","multi_district":false,"reason_excluded":null,"reasons_all":[],"flags":[],"related_ids":{},"poi_inside":[],"opening_hours":"Mo-Su 05:00-21:00","verification_mode":"continuous_gps","floor_level":null,"rep_point":[100.781172,13.719108]},"geometry":{"type":"MultiPolygon","coordinates":[[[[100.780434,13.716707],[100.781814,13.716698],[100.781896,13.721509],[100.781899,13.721718],[100.78174,13.721716],[100.781639,13.721715],[100.780678,13.721705],[100.780602,13.721705],[100.780549,13.721704],[100.780434,13.716707]]]]}},
{"type":"Feature","id":"osm-w596101384","properties":{"id":"osm-w596101384","osm_id":596101384,"osm_type":"way","name":"ตลาดน้ำคลองลัดมะยม","name_en":"Khlong Lat Mae Zom Floating Market","class":"marketplace","classes_all":["marketplace"],"tags":{"addr:district":"Taling Chan","addr:housenumber":"30/1","addr:place":"หมู่ที่ 15","addr:postcode":"10170","addr:province":"Bangkok","addr:street":"Bang Ramat Rd","addr:subdistrict":"Bang Ramat","alt_name:en":"Khlong Lat Mae Floating Market","amenity":"marketplace","landuse":"retail","name":"ตลาดน้ำคลองลัดมะยม","name:en":"Khlong Lat Mae Zom Floating Market","name:th":"ตลาดน้ำคลองลัดมะยม","name:th-Latn":"Talat Nam Khlong Lat Mayom","opening_hours":"Sa-Su 08:00-17:00"},"area_m2":9687.7,"size_band":"small","district":"เขตตลิ่งชัน","district_en":"Taling Chan District","district_osm_id":2939954,"province":"กรุงเทพมหานคร","province_iso":"TH-10","multi_district":false,"reason_excluded":null,"reasons_all":[],"flags":[],"related_ids":{},"poi_inside":[],"opening_hours":"Sa-Su 08:00-17:00","verification_mode":"continuous_gps","floor_level":null,"rep_point":[100.415581,13.760754]},"geometry":{"type":"MultiPolygon","coordinates":[[[[100.415103,13.759748],[100.415495,13.759709],[100.415584,13.760254],[100.415849,13.760228],[100.415876,13.760473],[100.415916,13.76047],[100.415927,13.760603],[100.415854,13.760611],[100.41586,13.760681],[100.415887,13.760681],[100.4159,13.760827],[100.415549,13.760866],[100.415589,13.761171],[100.415425,13.761197],[100.415433,13.761267],[100.415626,13.761246],[100.415683,13.761689],[100.415425,13.761713],[100.415103,13.759748]]]]}},
{"type":"Feature","id":"osm-w602797716","properties":{"id":"osm-w602797716","osm_id":602797716,"osm_type":"way","name":null,"name_en":null,"class":"park","classes_all":["park"],"tags":{"leisure":"park"},"area_m2":3922.8,"size_band":"small","district":"อำเภอคลองหลวง","district_en":"Khlong Luang District","district_osm_id":2913006,"province":"จังหวัดปทุมธานี","province_iso":"TH-13","multi_district":false,"reason_excluded":null,"reasons_all":[],"flags":[],"related_ids":{},"poi_inside":[],"opening_hours":null,"verification_mode":"continuous_gps","floor_level":null,"rep_point":[100.6036,14.079659]},"geometry":{"type":"MultiPolygon","coordinates":[[[[100.603368,14.080163],[100.603376,14.0801],[100.603562,14.079219],[100.603591,14.079203],[100.603692,14.079198],[100.603787,14.080332],[100.603763,14.080348],[100.603539,14.08036],[100.603507,14.080352],[100.603462,14.080324],[100.603419,14.080287],[100.603368,14.080234],[100.603368,14.0802],[100.603368,14.080163]]]]}},
{"type":"Feature","id":"osm-w604537923","properties":{"id":"osm-w604537923","osm_id":604537923,"osm_type":"way","name":null,"name_en":null,"class":"pitch","classes_all":["pitch"],"tags":{"leisure":"pitch","sport":"soccer"},"area_m2":9178.3,"size_band":"small","district":"เขตลาดกระบัง","district_en":"Lat Krabang District","district_osm_id":3147500,"province":"กรุงเทพมหานคร","province_iso":"TH-10","multi_district":false,"reason_excluded":null,"reasons_all":[],"flags":[],"related_ids":{},"poi_inside":[],"opening_hours":null,"verification_mode":"continuous_gps","floor_level":null,"rep_point":[100.801095,13.770356]},"geometry":{"type":"MultiPolygon","coordinates":[[[[100.800454,13.770404],[100.800861,13.769775],[100.801735,13.770308],[100.801328,13.770937],[100.800454,13.770404]]]]}},
{"type":"Feature","id":"osm-w605790767","properties":{"id":"osm-w605790767","osm_id":605790767,"osm_type":"way","name":"Park","name_en":null,"class":"park","classes_all":["park"],"tags":{"leisure":"park","name":"Park"},"area_m2":5817.4,"size_band":"small","district":"เขตมีนบุรี","district_en":"Min Buri District","district_osm_id":3146413,"province":"กรุงเทพมหานคร","province_iso":"TH-10","multi_district":false,"reason_excluded":null,"reasons_all":[],"flags":[],"related_ids":{},"poi_inside":[],"opening_hours":null,"verification_mode":"continuous_gps","floor_level":null,"rep_point":[100.743429,13.829916]},"geometry":{"type":"MultiPolygon","coordinates":[[[[100.74296,13.83011],[100.743108,13.829532],[100.743899,13.829722],[100.743751,13.830301],[100.74296,13.83011]]]]}},
{"type":"Feature","id":"osm-w613460004","properties":{"id":"osm-w613460004","osm_id":613460004,"osm_type":"way","name":null,"name_en":null,"class":"park","classes_all":["park"],"tags":{"leisure":"park"},"area_m2":10208.1,"size_band":"medium","district":"เขตคลองเตย","district_en":"Khlong Toei District","district_osm_id":2938033,"province":"กรุงเทพมหานคร","province_iso":"TH-10","multi_district":false,"reason_excluded":null,"reasons_all":[],"flags":[],"related_ids":{},"poi_inside":[],"opening_hours":null,"verification_mode":"continuous_gps","floor_level":null,"rep_point":[100.56193,13.715088]},"geometry":{"type":"MultiPolygon","coordinates":[[[[100.561093,13.7152],[100.56159,13.715001],[100.561502,13.714796],[100.562238,13.714501],[100.562525,13.715175],[100.561293,13.71567],[100.561093,13.7152]]]]}},
{"type":"Feature","id":"osm-w617542036","properties":{"id":"osm-w617542036","osm_id":617542036,"osm_type":"way","name":"รับลมรันเวย์","name_en":"Runway Night Market","class":"marketplace","classes_all":["marketplace"],"tags":{"amenity":"marketplace","name":"ตลาดรับลมรันเวย์","name:en":"Runway Night Market","name:th":"รับลมรันเวย์"},"area_m2":23598.5,"size_band":"medium","district":"เขตลาดกระบัง","district_en":"Lat Krabang District","district_osm_id":3147500,"province":"กรุงเทพมหานคร","province_iso":"TH-10","multi_district":false,"reason_excluded":null,"reasons_all":[],"flags":["contains_religious_feature"],"related_ids":{"blockers":{"religious":{"ids":["osm-n11681978634"],"share":0.0025}},"religious_blockers":["osm-n11681978634"]},"poi_inside":[],"opening_hours":null,"verification_mode":"continuous_gps","floor_level":null,"rep_point":[100.747806,13.739912]},"geometry":{"type":"MultiPolygon","coordinates":[[[[100.746702,13.739465],[100.746803,13.739465],[100.747218,13.739462],[100.748894,13.739453],[100.748906,13.740362],[100.748291,13.740361],[100.748135,13.740361],[100.747846,13.74036],[100.746722,13.740359],[100.746702,13.739465]]]]}},
{"type":"Feature","id":"osm-w626849285","properties":{"id":"osm-w626849285","osm_id":626849285,"osm_type":"way","name":null,"name_en":null,"class":"park","classes_all":["park"],"tags":{"leisure":"park"},"area_m2":11277.5,"size_band":"medium","district":"เขตบึงกุ่ม","district_en":"Bueng Kum District","district_osm_id":2946805,"province":"กรุงเทพมหานคร","province_iso":"TH-10","multi_district":false,"reason_excluded":null,"reasons_all":[],"flags":[],"related_ids":{},"poi_inside":[],"opening_hours":null,"verification_mode":"continuous_gps","floor_level":null,"rep_point":[100.669065,13.799171]},"geometry":{"type":"MultiPolygon","coordinates":[[[[100.668508,13.799716],[100.66898,13.798408],[100.669622,13.798626],[100.66915,13.799934],[100.668508,13.799716]]]]}},
{"type":"Feature","id":"osm-w641160571","properties":{"id":"osm-w641160571","osm_id":641160571,"osm_type":"way","name":"สวนรมย์ราชเทวี","name_en":null,"class":"park","classes_all":["park"],"tags":{"leisure":"park","name":"สวนรมย์ราชเทวี"},"area_m2":17046.0,"size_band":"medium","district":"เขตราชเทวี","district_en":"Ratchathewi District","district_osm_id":92064,"province":"กรุงเทพมหานคร","province_iso":"TH-10","multi_district":false,"reason_excluded":null,"reasons_all":[],"flags":[],"related_ids":{},"poi_inside":[],"opening_hours":null,"verification_mode":"continuous_gps","floor_level":null,"rep_point":[100.54421,13.75861]},"geometry":{"type":"MultiPolygon","coordinates":[[[[100.543801,13.758214],[100.543996,13.75775],[100.544289,13.757374],[100.544638,13.757445],[100.544573,13.757664],[100.54453,13.758027],[100.544544,13.758408],[100.544622,13.758858],[100.544804,13.759388],[100.545169,13.759946],[100.544972,13.760011],[100.544432,13.759359],[100.544292,13.759406],[100.543882,13.758766],[100.543801,13.758453],[100.543801,13.758214]]]]}},
{"type":"Feature","id":"osm-w641160572","properties":{"id":"osm-w641160572","osm_id":641160572,"osm_type":"way","name":"สวนราชเทวีภิรมย์","name_en":null,"class":"park","classes_all":["park"],"tags":{"leisure":"park","name":"สวนราชเทวีภิรมย์"},"area_m2":33676.0,"size_band":"medium","district":"เขตราชเทวี","district_en":"Ratchathewi District","district_osm_id":92064,"province":"กรุงเทพมหานคร","province_iso":"TH-10","multi_district":false,"reason_excluded":null,"reasons_all":[],"flags":[],"related_ids":{},"poi_inside":[],"opening_hours":null,"verification_mode":"continuous_gps","floor_level":null,"rep_point":[100.549315,13.757285]},"geometry":{"type":"MultiPolygon","coordinates":[[[[100.547886,13.756988],[100.548083,13.756865],[100.549067,13.756947],[100.549414,13.756873],[100.549832,13.756735],[100.549976,13.756649],[100.550518,13.756489],[100.55066,13.756609],[100.550729,13.756792],[100.550706,13.757158],[100.550545,13.757412],[100.550155,13.757644],[100.549379,13.757871],[100.548411,13.758304],[100.547886,13.756988]]]]}},
{"type":"Feature","id":"osm-w643246598","properties":{"id":"osm-w643246598","osm_id":643246598,"osm_type":"way","name":"สวนป่าวิภาวดีรังสิต","name_en":"Vibhavadi Rangsit Forest Park","class":"park","classes_all":["park"],"tags":{"leisure":"park","name":"สวนป่าวิภาวดีรังสิต","name:en":"Vibhavadi Rangsit Forest Park","name:th":"สวนป่าวิภาวดีรังสิต","wikidata":"Q132744158"},"area_m2":15229.5,"size_band":"medium","district":"เขตดินแดง","district_en":"Din Daeng District","district_osm_id":2938031,"province":"กรุงเทพมหานคร","province_iso":"TH-10","multi_district":false,"reason_excluded":null,"reasons_all":[],"flags":[],"related_ids":{},"poi_inside":[],"opening_hours":null,"verification_mode":"continuous_gps","floor_level":null,"rep_point":[100.552933,13.771475]},"geometry":{"type":"MultiPolygon","coordinates":[[[[100.551991,13.770292],[100.552467,13.770043],[100.552682,13.770445],[100.552448,13.770572],[100.552777,13.771165],[100.552993,13.771051],[100.553791,13.772555],[100.553799,13.772586],[100.553796,13.772614],[100.553731,13.772647],[100.553509,13.772759],[100.553383,13.772725],[100.553322,13.772684],[100.552821,13.771784],[100.552458,13.771132],[100.552258,13.770771],[100.551991,13.770292]]]]}},
{"type":"Feature","id":"osm-w655146013","properties":{"id":"osm-w655146013","osm_id":655146013,"osm_type":"way","name":"Soi 4 Park","name_en":null,"class":"park","classes_all":["park"],"tags":{"leisure":"park","name":"Soi 4 Park"},"area_m2":5436.9,"size_band":"small","district":"อำเภอคลองหลวง","district_en":"Khlong Luang District","district_osm_id":2913006,"province":"จังหวัดปทุมธานี","province_iso":"TH-13","multi_district":false,"reason_excluded":null,"reasons_all":[],"flags":[],"related_ids":{},"poi_inside":[],"opening_hours":null,"verification_mode":"continuous_gps","floor_level":null,"rep_point":[100.702684,14.108056]},"geometry":{"type":"MultiPolygon","coordinates":[[[[100.701717,14.107943],[100.703648,14.107927],[100.703649,14.108169],[100.701722,14.108172],[100.701717,14.107943]]]]}},
{"type":"Feature","id":"osm-w655307324","properties":{"id":"osm-w655307324","osm_id":655307324,"osm_type":"way","name":null,"name_en":"Thai Market Lam Lukka","class":"marketplace","classes_all":["marketplace"],"tags":{"amenity":"marketplace","name:en":"Thai Market Lam Lukka","source":"survey"},"area_m2":9734.7,"size_band":"small","district":"อำเภอลำลูกกา","district_en":"Lam Luk Ka District","district_osm_id":2913007,"province":"จังหวัดปทุมธานี","province_iso":"TH-13","multi_district":false,"reason_excluded":null,"reasons_all":[],"flags":[],"related_ids":{},"poi_inside":[],"opening_hours":null,"verification_mode":"continuous_gps","floor_level":null,"rep_point":[100.752439,13.93763]},"geometry":{"type":"MultiPolygon","coordinates":[[[[100.752103,13.936873],[100.752628,13.936826],[100.752765,13.938388],[100.752258,13.938437],[100.752103,13.936873]]]]}},
{"type":"Feature","id":"osm-w655328068","properties":{"id":"osm-w655328068","osm_id":655328068,"osm_type":"way","name":null,"name_en":null,"class":"pitch","classes_all":["pitch"],"tags":{"leisure":"pitch","sport":"soccer"},"area_m2":4502.5,"size_band":"small","district":"อำเภอลำลูกกา","district_en":"Lam Luk Ka District","district_osm_id":2913007,"province":"จังหวัดปทุมธานี","province_iso":"TH-13","multi_district":false,"reason_excluded":null,"reasons_all":[],"flags":[],"related_ids":{},"poi_inside":[],"opening_hours":null,"verification_mode":"continuous_gps","floor_level":null,"rep_point":[100.699417,13.93398]},"geometry":{"type":"MultiPolygon","coordinates":[[[[100.699152,13.934341],[100.699169,13.933608],[100.699683,13.933619],[100.699665,13.934352],[100.699152,13.934341]]]]}},
{"type":"Feature","id":"osm-w655511983","properties":{"id":"osm-w655511983","osm_id":655511983,"osm_type":"way","name":"Navanakorn Park","name_en":null,"class":"park","classes_all":["park"],"tags":{"leisure":"park","name":"Navanakorn Park"},"area_m2":4885.3,"size_band":"small","district":"อำเภอคลองหลวง","district_en":"Khlong Luang District","district_osm_id":2913006,"province":"จังหวัดปทุมธานี","province_iso":"TH-13","multi_district":false,"reason_excluded":null,"reasons_all":[],"flags":[],"related_ids":{},"poi_inside":[],"opening_hours":null,"verification_mode":"continuous_gps","floor_level":null,"rep_point":[100.593129,14.114622]},"geometry":{"type":"MultiPolygon","coordinates":[[[[100.592799,14.114927],[100.592801,14.114316],[100.59345,14.114311],[100.593466,14.114944],[100.592799,14.114927]]]]}},
{"type":"Feature","id":"osm-w655552980","properties":{"id":"osm-w655552980","osm_id":655552980,"osm_type":"way","name":"Ratchathanee Front Park 1","name_en":null,"class":"park","classes_all":["park"],"tags":{"leisure":"park","name":"Ratchathanee Front Park 1"},"area_m2":47747.2,"size_band":"medium","district":"อำเภอคลองหลวง","district_en":"Khlong Luang District","district_osm_id":2913006,"province":"จังหวัดปทุมธานี","province_iso":"TH-13","multi_district":false,"reason_excluded":null,"reasons_all":[],"flags":["contains_religious_feature"],"related_ids":{"blockers":{"religious":{"ids":["osm-n6144127359"],"share":0.0025}},"religious_blockers":["osm-n6144127359"]},"poi_inside":[],"opening_hours":null,"verification_mode":"continuous_gps","floor_level":null,"rep_point":[100.707605,14.109384]},"geometry":{"type":"MultiPolygon","coordinates":[[[[100.705515,14.109852],[100.705519,14.108887],[100.709691,14.108917],[100.709695,14.109867],[100.705596,14.109852],[100.705515,14.109852]]]]}},
{"type":"Feature","id":"osm-w655553079","properties":{"id":"osm-w655553079","osm_id":655553079,"osm_type":"way","name":"Ratchathanee Front Park2","name_en":null,"class":"park","classes_all":["park"],"tags":{"leisure":"park","name":"Ratchathanee Front Park2"},"area_m2":47765.6,"size_band":"medium","district":"อำเภอคลองหลวง","district_en":"Khlong Luang District","district_osm_id":2913006,"province":"จังหวัดปทุมธานี","province_iso":"TH-13","multi_district":false,"reason_excluded":null,"reasons_all":[],"flags":["contains_religious_feature"],"related_ids":{"blockers":{"religious":{"ids":["osm-n6144127359"],"share":0.0021}},"religious_blockers":["osm-n6144127359"]},"poi_inside":[],"opening_hours":null,"verification_mode":"continuous_gps","floor_level":null,"rep_point":[100.707608,14.108417]},"geometry":{"type":"MultiPolygon","coordinates":[[[[100.705519,14.108887],[100.70552,14.107948],[100.7097,14.107942],[100.709691,14.108917],[100.705519,14.108887]]]]}},
{"type":"Feature","id":"osm-w657101770","properties":{"id":"osm-w657101770","osm_id":657101770,"osm_type":"way","name":null,"name_en":null,"class":"park","classes_all":["park"],"tags":{"leisure":"park"},"area_m2":3810.6,"size_band":"small","district":"อำเภอปากเกร็ด","district_en":"Pak Kret District","district_osm_id":2688301,"province":"จังหวัดนนทบุรี","province_iso":"TH-12","multi_district":false,"reason_excluded":null,"reasons_all":[],"flags":[],"related_ids":{},"poi_inside":[],"opening_hours":null,"verification_mode":"continuous_gps","floor_level":null,"rep_point":[100.45228,13.906119]},"geometry":{"type":"MultiPolygon","coordinates":[[[[100.451729,13.906005],[100.451882,13.905974],[100.45193,13.905972],[100.452142,13.905967],[100.452374,13.905962],[100.452702,13.905954],[100.452809,13.905908],[100.452811,13.906035],[100.45277,13.906175],[100.452742,13.906274],[100.452701,13.906343],[100.452678,13.906367],[100.452648,13.906372],[100.4524,13.906313],[100.452317,13.906294],[100.451863,13.906187],[100.4518,13.90616],[100.451746,13.906078],[100.451729,13.906005]]]]}},
{"type":"Feature","id":"osm-w657101773","properties":{"id":"osm-w657101773","osm_id":657101773,"osm_type":"way","name":null,"name_en":null,"class":"park","classes_all":["park"],"tags":{"leisure":"park"},"area_m2":6854.6,"size_band":"small","district":"อำเภอปากเกร็ด","district_en":"Pak Kret District","district_osm_id":2688301,"province":"จังหวัดนนทบุรี","province_iso":"TH-12","multi_district":false,"reason_excluded":null,"reasons_all":[],"flags":[],"related_ids":{},"poi_inside":[],"opening_hours":null,"verification_mode":"continuous_gps","floor_level":null,"rep_point":[100.450751,13.90603]},"geometry":{"type":"MultiPolygon","coordinates":[[[[100.449887,13.905848],[100.451167,13.905871],[100.451176,13.905819],[100.451946,13.905885],[100.45193,13.905972],[100.451882,13.905974],[100.451729,13.906005],[100.451474,13.906057],[100.451362,13.906055],[100.451274,13.9061],[100.451073,13.906186],[100.450934,13.906229],[100.45076,13.906234],[100.450426,13.906197],[100.450236,13.906176],[100.450003,13.906161],[100.449936,13.906164],[100.449896,13.906167],[100.449896,13.906098],[100.449887,13.905848]]]]}},
{"type":"Feature","id":"osm-w657553982","properties":{"id":"osm-w657553982","osm_id":657553982,"osm_type":"way","name":"ตลาดสิริมงคล","name_en":"Sirimongkol Market","class":"marketplace","classes_all":["marketplace"],"tags":{"amenity":"marketplace","name":"ตลาดสิริมงคล","name:en":"Sirimongkol Market","name:th":"ตลาดสิริมงคล","opening_hours":"Mo-Su 15:00-20:00"},"area_m2":5043.2,"size_band":"small","district":"อำเภอเมืองนนทบุรี","district_en":"Mueang Nonthaburi District","district_osm_id":2688300,"province":"จังหวัดนนทบุรี","province_iso":"TH-12","multi_district":false,"reason_excluded":null,"reasons_all":[],"flags":[],"related_ids":{},"poi_inside":[],"opening_hours":"Mo-Su 15:00-20:00","verification_mode":"continuous_gps","floor_level":null,"rep_point":[100.471471,13.835255]},"geometry":{"type":"MultiPolygon","coordinates":[[[[100.4709,13.83555],[100.471289,13.835155],[100.471349,13.835094],[100.471645,13.834794],[100.471936,13.835064],[100.471656,13.835355],[100.47161,13.835403],[100.47153,13.835481],[100.47119,13.835814],[100.471142,13.835766],[100.471098,13.835727],[100.4709,13.83555]]]]}},
{"type":"Feature","id":"osm-w657555916","properties":{"id":"osm-w657555916","osm_id":657555916,"osm_type":"way","name":"ตลาดชาวสยาม","name_en":"Chao Siam Market","class":"marketplace","classes_all":["marketplace"],"tags":{"amenity":"marketplace","name":"ตลาดชาวสยาม","name:en":"Chao Siam Market","name:th":"ตลาดชาวสยาม","opening_hours":"Mo-Fr 12:00-21:00; Sa-Su 08:00-21:00","phone":"0851337430, 0791174909"},"area_m2":4740.3,"size_band":"small","district":"อำเภอเมืองนนทบุรี","district_en":"Mueang Nonthaburi District","district_osm_id":2688300,"province":"จังหวัดนนทบุรี","province_iso":"TH-12","multi_district":false,"reason_excluded":null,"reasons_all":[],"flags":[],"related_ids":{},"poi_inside":[],"opening_hours":"Mo-Fr 12:00-21:00; Sa-Su 08:00-21:00","verification_mode":"continuous_gps","floor_level":null,"rep_point":[100.472055,13.835857]},"geometry":{"type":"MultiPolygon","coordinates":[[[[100.47153,13.836105],[100.472311,13.835355],[100.472581,13.835608],[100.471803,13.83635],[100.47153,13.836105]]]]}},
{"type":"Feature","id":"osm-w660638676","properties":{"id":"osm-w660638676","osm_id":660638676,"osm_type":"way","name":"ตลาดเช้าทุกวัน","name_en":"Chao Tuk Wan Morning Market","class":"marketplace","classes_all":["marketplace"],"tags":{"alt_name":"ตลาดเช้าวัดพุฒิปรางค์ปราโมทย์","alt_name:en":"Wat Putthiprangpramote Morning Market","alt_name:th":"ตลาดเช้าวัดพุฒิปรางค์ปราโมทย์","amenity":"marketplace","name":"ตลาดเช้าทุกวัน","name:en":"Chao Tuk Wan Morning Market","name:th":"ตลาดเช้าทุกวัน","phone":"0618270444"},"area_m2":3641.3,"size_band":"small","district":"อำเภอเมืองนนทบุรี","district_en":"Mueang Nonthaburi District","district_osm_id":2688300,"province":"จังหวัดนนทบุรี","province_iso":"TH-12","multi_district":false,"reason_excluded":null,"reasons_all":[],"flags":[],"related_ids":{},"poi_inside":[],"opening_hours":null,"verification_mode":"continuous_gps","floor_level":null,"rep_point":[100.472982,13.83669]},"geometry":{"type":"MultiPolygon","coordinates":[[[[100.472524,13.836934],[100.472859,13.83657],[100.473213,13.836269],[100.473421,13.83648],[100.4731,13.83681],[100.472831,13.837124],[100.472524,13.836934]]]]}},
{"type":"Feature","id":"osm-w661495362","properties":{"id":"osm-w661495362","osm_id":661495362,"osm_type":"way","name":null,"name_en":null,"class":"pitch","classes_all":["pitch"],"tags":{"access":"customers","leisure":"pitch","lit":"yes","sport":"soccer","surface":"artificial_turf"},"area_m2":3343.7,"size_band":"small","district":"เขตยานนาวา","district_en":"Yan Nawa District","district_osm_id":3147456,"province":"กรุงเทพมหานคร","province_iso":"TH-10","multi_district":false,"reason_excluded":null,"reasons_all":[],"flags":[],"related_ids":{},"poi_inside":[],"opening_hours":null,"verification_mode":"continuous_gps","floor_level":null,"rep_point":[100.542561,13.693956]},"geometry":{"type":"MultiPolygon","coordinates":[[[[100.542144,13.693941],[100.54281,13.69363],[100.542927,13.693856],[100.542978,13.69397],[100.542848,13.69403],[100.542311,13.694281],[100.542144,13.693941]]]]}},
{"type":"Feature","id":"osm-w664348105","properties":{"id":"osm-w664348105","osm_id":664348105,"osm_type":"way","name":"ตลาดนัดเรนโบว์","name_en":"Rainbow Flea Market","class":"marketplace","classes_all":["marketplace"],"tags":{"amenity":"marketplace","name":"ตลาดนัดเรนโบว์","name:en":"Rainbow Flea Market","name:th":"ตลาดนัดเรนโบว์"},"area_m2":31611.8,"size_band":"medium","district":"เขตดินแดง","district_en":"Din Daeng District","district_osm_id":2938031,"province":"กรุงเทพมหานคร","province_iso":"TH-10","multi_district":false,"reason_excluded":null,"reasons_all":[],"flags":[],"related_ids":{},"poi_inside":[],"opening_hours":null,"verification_mode":"continuous_gps","floor_level":null,"rep_point":[100.56259,13.772625]},"geometry":{"type":"MultiPolygon","coordinates":[[[[100.560266,13.772118],[100.560398,13.772111],[100.562733,13.771954],[100.563243,13.771924],[100.563267,13.771927],[100.56327,13.772104],[100.563397,13.772736],[100.563415,13.772808],[100.563392,13.773246],[100.562848,13.773269],[100.562804,13.77327],[100.562709,13.77327],[100.562122,13.773273],[100.561885,13.773292],[100.561842,13.772964],[100.56181,13.772669],[100.561808,13.772646],[100.561802,13.772593],[100.561641,13.772601],[100.561635,13.772601],[100.561583,13.772604],[100.561579,13.772604],[100.561526,13.772596],[100.56144,13.772583],[100.561181,13.772543],[100.560836,13.772557],[100.560667,13.772564],[100.560641,13.772242],[100.560277,13.772271],[100.560266,13.772188],[100.560266,13.772118]]]]}},
{"type":"Feature","id":"osm-w673531876","properties":{"id":"osm-w673531876","osm_id":673531876,"osm_type":"way","name":"ตลาดนำโชคทวี","name_en":"Numchoketawee Market","class":"marketplace","classes_all":["marketplace"],"tags":{"amenity":"marketplace","name":"ตลาดนำโชคทวี","name:en":"Numchoketawee Market","name:th":"ตลาดนำโชคทวี"},"area_m2":4993.7,"size_band":"small","district":"อำเภอบางกรวย","district_en":"Bang Kruai District","district_osm_id":2688299,"province":"จังหวัดนนทบุรี","province_iso":"TH-12","multi_district":false,"reason_excluded":null,"reasons_all":[],"flags":[],"related_ids":{},"poi_inside":[],"opening_hours":null,"verification_mode":"continuous_gps","floor_level":null,"rep_point":[100.478057,13.8246]},"geometry":{"type":"MultiPolygon","coordinates":[[[[100.477469,13.824276],[100.477477,13.824056],[100.478164,13.824309],[100.478342,13.824501],[100.478339,13.824699],[100.478099,13.825103],[100.477935,13.824773],[100.477469,13.824276]]]]}},
{"type":"Feature","id":"osm-w676287857","properties":{"id":"osm-w676287857","osm_id":676287857,"osm_type":"way","name":null,"name_en":null,"class":"park","classes_all":["park"],"tags":{"leisure":"park"},"area_m2":4121.8,"size_band":"small","district":"อำเภอธัญบุรี","district_en":"Thanyaburi District","district_osm_id":2913012,"province":"จังหวัดปทุมธานี","province_iso":"TH-13","multi_district":false,"reason_excluded":null,"reasons_all":[],"flags":[],"related_ids":{},"poi_inside":[],"opening_hours":null,"verification_mode":"continuous_gps","floor_level":null,"rep_point":[100.610071,13.996875]},"geometry":{"type":"MultiPolygon","coordinates":[[[[100.609868,13.996412],[100.609975,13.996418],[100.610113,13.996426],[100.610116,13.996554],[100.610241,13.996547],[100.61027,13.997508],[100.610234,13.997508],[100.610056,13.99746],[100.609907,13.997196],[100.609868,13.996412]]]]}},
{"type":"Feature","id":"osm-w677607702","properties":{"id":"osm-w677607702","osm_id":677607702,"osm_type":"way","name":null,"name_en":null,"class":"park","classes_all":["park"],"tags":{"leisure":"park"},"area_m2":5972.1,"size_band":"small","district":"เขตสายไหม","district_en":"Sai Mai District","district_osm_id":2938035,"province":"กรุงเทพมหานคร","province_iso":"TH-10","multi_district":false,"reason_excluded":null,"reasons_all":[],"flags":[],"related_ids":{},"poi_inside":[],"opening_hours":null,"verification_mode":"continuous_gps","floor_level":null,"rep_point":[100.657323,13.927721]},"geometry":{"type":"MultiPolygon","coordinates":[[[[100.657149,13.926828],[100.657427,13.926818],[100.657497,13.928615],[100.657219,13.928625],[100.657149,13.926828]]]]}},
{"type":"Feature","id":"osm-w684178111","properties":{"id":"osm-w684178111","osm_id":684178111,"osm_type":"way","name":"ตลาดนัดรถไฟ ศรีนครินทร์","name_en":"Train Night Market Srinakarin","class":"marketplace","classes_all":["marketplace"],"tags":{"addr:street":"Soi On Nut 46","amenity":"marketplace","contact:phone":"+66 81 827 5885;+66 86 126 7787;+66 81 732 8778;+66 81 752 5588","name":"ตลาดนัดรถไฟ ศรีนครินทร์","name:en":"Train Night Market Srinakarin","opening_hours":"Th-Su 17:00-01:00","wheelchair":"yes"},"area_m2":59992.5,"size_band":"large","district":"เขตประเวศ","district_en":"Prawet District","district_osm_id":3146414,"province":"กรุงเทพมหานคร","province_iso":"TH-10","multi_district":false,"reason_excluded":null,"reasons_all":[],"flags":[],"related_ids":{},"poi_inside":[],"opening_hours":"Th-Su 17:00-01:00","verification_mode":"continuous_gps","floor_level":null,"rep_point":[100.651086,13.694666]},"geometry":{"type":"MultiPolygon","coordinates":[[[[100.650225,13.696177],[100.65025,13.696019],[100.650414,13.695106],[100.650771,13.693074],[100.650685,13.693068],[100.650596,13.692986],[100.650598,13.692876],[100.650722,13.692045],[100.651047,13.692091],[100.651026,13.692257],[100.651268,13.692287],[100.6519,13.692364],[100.651791,13.693103],[100.651956,13.693125],[100.651843,13.693924],[100.651758,13.693936],[100.651719,13.693941],[100.651696,13.694226],[100.651626,13.69642],[100.651533,13.696404],[100.650225,13.696177]]]]}},
{"type":"Feature","id":"osm-w694225371","properties":{"id":"osm-w694225371","osm_id":694225371,"osm_type":"way","name":"Green Park","name_en":null,"class":"park","classes_all":["park"],"tags":{"description":"Green Park","leisure":"park","name":"Green Park"},"area_m2":3386.6,"size_band":"small","district":"อำเภอเมืองปทุมธานี","district_en":"Mueang Pathum Thani District","district_osm_id":2913009,"province":"จังหวัดปทุมธานี","province_iso":"TH-13","multi_district":false,"reason_excluded":null,"reasons_all":[],"flags":[],"related_ids":{},"poi_inside":[],"opening_hours":null,"verification_mode":"continuous_gps","floor_level":null,"rep_point":[100.531716,14.017264]},"geometry":{"type":"MultiPolygon","coordinates":[[[[100.531283,14.017212],[100.532077,14.016978],[100.532141,14.017316],[100.531396,14.017556],[100.531283,14.017212]]]]}},
{"type":"Feature","id":"osm-w700450522","properties":{"id":"osm-w700450522","osm_id":700450522,"osm_type":"way","name":"สวนหมู่บ้าน ","name_en":null,"class":"garden","classes_all":["garden"],"tags":{"leisure":"garden","name":"สวนหมู่บ้าน "},"area_m2":3254.9,"size_band":"small","district":"เขตดอนเมือง","district_en":"Don Mueang District","district_osm_id":1639287,"province":"กรุงเทพมหานคร","province_iso":"TH-10","multi_district":false,"reason_excluded":null,"reasons_all":[],"flags":[],"related_ids":{},"poi_inside":[],"opening_hours":null,"verification_mode":"continuous_gps","floor_level":null,"rep_point":[100.608162,13.949823]},"geometry":{"type":"MultiPolygon","coordinates":[[[[100.607936,13.950182],[100.607984,13.9498],[100.608033,13.949418],[100.608372,13.949457],[100.60834,13.949846],[100.608302,13.950214],[100.607936,13.950182]]]]}},
{"type":"Feature","id":"osm-w703312946","properties":{"id":"osm-w703312946","osm_id":703312946,"osm_type":"way","name":"สวนบางเตย","name_en":null,"class":"park","classes_all":["park"],"tags":{"leisure":"park","name":"สวนบางเตย","opening_hours":"sunrise-sunset"},"area_m2":5458.0,"size_band":"small","district":"อำเภอสามโคก","district_en":"Sam Khok District","district_osm_id":2913011,"province":"จังหวัดปทุมธานี","province_iso":"TH-13","multi_district":false,"reason_excluded":null,"reasons_all":[],"flags":[],"related_ids":{},"poi_inside":[],"opening_hours":"sunrise-sunset","verification_mode":"continuous_gps","floor_level":null,"rep_point":[100.524125,14.064833]},"geometry":{"type":"MultiPolygon","coordinates":[[[[100.52365,14.065119],[100.523727,14.064361],[100.524199,14.064732],[100.524474,14.064367],[100.524736,14.06443],[100.524497,14.065015],[100.524199,14.064934],[100.52365,14.065119]]]]}},
{"type":"Feature","id":"osm-w707577894","properties":{"id":"osm-w707577894","osm_id":707577894,"osm_type":"way","name":"อโรคยาอุทยาน ๗๗ ปี มหาวิทยาลัยเกษตรศาสตร์","name_en":"Arokaya Park, 77th Anniversary of Kasetsart University","class":"garden","classes_all":["garden"],"tags":{"leisure":"garden","name":"อโรคยาอุทยาน ๗๗ ปี มหาวิทยาลัยเกษตรศาสตร์","name:en":"Arokaya Park, 77th Anniversary of Kasetsart University","name:th":"อโรคยาอุทยาน ๗๗ ปี มหาวิทยาลัยเกษตรศาสตร์"},"area_m2":59348.0,"size_band":"large","district":"เขตจตุจักร","district_en":"Chatuchak District","district_osm_id":1639286,"province":"กรุงเทพมหานคร","province_iso":"TH-10","multi_district":false,"reason_excluded":null,"reasons_all":[],"flags":[],"related_ids":{},"poi_inside":[],"opening_hours":null,"verification_mode":"continuous_gps","floor_level":null,"rep_point":[100.580292,13.85478]},"geometry":{"type":"MultiPolygon","coordinates":[[[[100.57804,13.855215],[100.578056,13.855025],[100.579558,13.855247],[100.579645,13.854536],[100.579025,13.854444],[100.579149,13.853525],[100.580506,13.853678],[100.58053,13.853442],[100.581273,13.853522],[100.581242,13.853879],[100.581083,13.853863],[100.580749,13.856578],[100.579512,13.856403],[100.579474,13.85556],[100.57804,13.855215]]]]}},
{"type":"Feature","id":"osm-w726776642","properties":{"id":"osm-w726776642","osm_id":726776642,"osm_type":"way","name":"M9 Park","name_en":null,"class":"park","classes_all":["park"],"tags":{"leisure":"park","name":"M9 Park"},"area_m2":26870.2,"size_band":"medium","district":"อำเภอคลองหลวง","district_en":"Khlong Luang District","district_osm_id":2913006,"province":"จังหวัดปทุมธานี","province_iso":"TH-13","multi_district":false,"reason_excluded":null,"reasons_all":[],"flags":[],"related_ids":{},"poi_inside":[],"opening_hours":null,"verification_mode":"continuous_gps","floor_level":null,"rep_point":[100.711395,14.102876]},"geometry":{"type":"MultiPolygon","coordinates":[[[[100.71033,14.102331],[100.712442,14.102348],[100.712442,14.103422],[100.710364,14.103405],[100.71033,14.102331]]]]}},
{"type":"Feature","id":"osm-w733667798","properties":{"id":"osm-w733667798","osm_id":733667798,"osm_type":"way","name":"Bureerom Park 1","name_en":null,"class":"park","classes_all":["park"],"tags":{"addr:city":"สามวาตะวันตก","addr:postcode":"10510","addr:street":"เลียบคลองสอง","leisure":"park","name":"Bureerom Park 1","opening_hours":"08:00-22:00","operator":"bureerom village"},"area_m2":4661.9,"size_band":"small","district":"เขตคลองสามวา","district_en":"Khlong Sam Wa District","district_osm_id":2997412,"province":"กรุงเทพมหานคร","province_iso":"TH-10","multi_district":false,"reason_excluded":null,"reasons_all":[],"flags":[],"related_ids":{},"poi_inside":[],"opening_hours":"08:00-22:00","verification_mode":"continuous_gps","floor_level":null,"rep_point":[100.686977,13.861402]},"geometry":{"type":"MultiPolygon","coordinates":[[[[100.686496,13.861287],[100.687231,13.86105],[100.687404,13.861582],[100.686778,13.861824],[100.686722,13.861516],[100.686496,13.861287]]]]}},
{"type":"Feature","id":"osm-w733668090","properties":{"id":"osm-w733668090","osm_id":733668090,"osm_type":"way","name":"Bureerom Park 2","name_en":null,"class":"park","classes_all":["park"],"tags":{"leisure":"park","name":"Bureerom Park 2"},"area_m2":3149.4,"size_band":"small","district":"เขตคลองสามวา","district_en":"Khlong Sam Wa District","district_osm_id":2997412,"province":"กรุงเทพมหานคร","province_iso":"TH-10","multi_district":false,"reason_excluded":null,"reasons_all":[],"flags":[],"related_ids":{},"poi_inside":[],"opening_hours":null,"verification_mode":"continuous_gps","floor_level":null,"rep_point":[100.684966,13.863571]},"geometry":{"type":"MultiPolygon","coordinates":[[[[100.684784,13.863645],[100.684794,13.863403],[100.684809,13.863261],[100.684881,13.863135],[100.684895,13.86312],[100.68499,13.863235],[100.685067,13.863366],[100.685102,13.863511],[100.685189,13.863632],[100.685273,13.863729],[100.685343,13.863786],[100.685336,13.86384],[100.68525,13.863892],[100.68489,13.863981],[100.684825,13.863801],[100.684784,13.863645]]]]}},
{"type":"Feature","id":"osm-w733670886","properties":{"id":"osm-w733670886","osm_id":733670886,"osm_type":"way","name":"ปัญญาวิลเลจ","name_en":null,"class":"park","classes_all":["park"],"tags":{"leisure":"park","name":"ปัญญาวิลเลจ"},"area_m2":8375.7,"size_band":"small","district":"เขตคันนายาว","district_en":"Khan Na Yao District","district_osm_id":2946806,"province":"กรุงเทพมหานคร","province_iso":"TH-10","multi_district":false,"reason_excluded":null,"reasons_all":[],"flags":[],"related_ids":{},"poi_inside":[],"opening_hours":null,"verification_mode":"continuous_gps","floor_level":null,"rep_point":[100.675441,13.831189]},"geometry":{"type":"MultiPolygon","coordinates":[[[[100.674811,13.830973],[100.674813,13.830553],[100.674939,13.830467],[100.675084,13.830503],[100.67605,13.831406],[100.675719,13.83175],[100.674811,13.830973]]]]}},
{"type":"Feature","id":"osm-w733671495","properties":{"id":"osm-w733671495","osm_id":733671495,"osm_type":"way","name":"สวนเฉลิมพระเกียรติ ร.9","name_en":"Chalermprakiat Ror Kao Park","class":"park","classes_all":["park"],"tags":{"leisure":"park","name":"สวนเฉลิมพระเกียรติ ร.9","name:en":"Chalermprakiat Ror Kao Park","name:th":"สวนเฉลิมพระเกียรติ ร.9"},"area_m2":7043.0,"size_band":"small","district":"เขตมีนบุรี","district_en":"Min Buri District","district_osm_id":3146413,"province":"กรุงเทพมหานคร","province_iso":"TH-10","multi_district":false,"reason_excluded":null,"reasons_all":[],"flags":[],"related_ids":{},"poi_inside":[],"opening_hours":null,"verification_mode":"continuous_gps","floor_level":null,"rep_point":[100.732247,13.813203]},"geometry":{"type":"MultiPolygon","coordinates":[[[[100.731787,13.813373],[100.731793,13.813219],[100.732103,13.812674],[100.732563,13.812921],[100.732785,13.81304],[100.732701,13.813186],[100.732403,13.813711],[100.7318,13.813378],[100.731787,13.813373]]]]}},
{"type":"Feature","id":"osm-w733906522","properties":{"id":"osm-w733906522","osm_id":733906522,"osm_type":"way","name":null,"name_en":null,"class":"park","classes_all":["park"],"tags":{"leisure":"park"},"area_m2":7953.6,"size_band":"small","district":"เขตคลองสามวา","district_en":"Khlong Sam Wa District","district_osm_id":2997412,"province":"กรุงเทพมหานคร","province_iso":"TH-10","multi_district":false,"reason_excluded":null,"reasons_all":[],"flags":[],"related_ids":{},"poi_inside":[],"opening_hours":null,"verification_mode":"continuous_gps","floor_level":null,"rep_point":[100.68633,13.875143]},"geometry":{"type":"MultiPolygon","coordinates":[[[[100.685929,13.875702],[100.686238,13.874495],[100.686797,13.874584],[100.686288,13.87594],[100.686265,13.875929],[100.685942,13.875766],[100.685929,13.875702]]]]}},
{"type":"Feature","id":"osm-w733907625","properties":{"id":"osm-w733907625","osm_id":733907625,"osm_type":"way","name":null,"name_en":null,"class":"park","classes_all":["park"],"tags":{"leisure":"park"},"area_m2":14366.2,"size_band":"medium","district":"เขตคลองสามวา","district_en":"Khlong Sam Wa District","district_osm_id":2997412,"province":"กรุงเทพมหานคร","province_iso":"TH-10","multi_district":false,"reason_excluded":null,"reasons_all":[],"flags":[],"related_ids":{},"poi_inside":[],"opening_hours":null,"verification_mode":"continuous_gps","floor_level":null,"rep_point":[100.717426,13.862491]},"geometry":{"type":"MultiPolygon","coordinates":[[[[100.717078,13.86337],[100.717119,13.861536],[100.717724,13.861612],[100.717789,13.863429],[100.717078,13.86337]]]]}},
{"type":"Feature","id":"osm-w733907876","properties":{"id":"osm-w733907876","osm_id":733907876,"osm_type":"way","name":null,"name_en":null,"class":"park","classes_all":["park"],"tags":{"leisure":"park"},"area_m2":4487.6,"size_band":"small","district":"เขตคันนายาว","district_en":"Khan Na Yao District","district_osm_id":2946806,"province":"กรุงเทพมหานคร","province_iso":"TH-10","multi_district":false,"reason_excluded":null,"reasons_all":[],"flags":[],"related_ids":{},"poi_inside":[],"opening_hours":null,"verification_mode":"continuous_gps","floor_level":null,"rep_point":[100.673948,13.837559]},"geometry":{"type":"MultiPolygon","coordinates":[[[[100.673698,13.838036],[100.673776,13.837797],[100.673924,13.83732],[100.673897,13.837318],[100.674036,13.836807],[100.674133,13.83674],[100.674184,13.836641],[100.674324,13.836672],[100.674361,13.836721],[100.674597,13.836799],[100.673712,13.838018],[100.673698,13.838036]]]]}},
{"type":"Feature","id":"osm-w733907968","properties":{"id":"osm-w733907968","osm_id":733907968,"osm_type":"way","name":null,"name_en":null,"class":"park","classes_all":["park"],"tags":{"leisure":"park"},"area_m2":4674.6,"size_band":"small","district":"เขตคันนายาว","district_en":"Khan Na Yao District","district_osm_id":2946806,"province":"กรุงเทพมหานคร","province_iso":"TH-10","multi_district":false,"reason_excluded":null,"reasons_all":[],"flags":[],"related_ids":{},"poi_inside":[],"opening_hours":null,"verification_mode":"continuous_gps","floor_level":null,"rep_point":[100.664169,13.847611]},"geometry":{"type":"MultiPolygon","coordinates":[[[[100.66398,13.847544],[100.663996,13.847366],[100.664006,13.847177],[100.664006,13.847084],[100.664036,13.846981],[100.664254,13.847029],[100.664247,13.84717],[100.664311,13.847175],[100.664304,13.847204],[100.66449,13.847242],[100.664486,13.847276],[100.664431,13.847262],[100.66436,13.847252],[100.664357,13.847281],[100.66435,13.847328],[100.664385,13.847335],[100.664387,13.847369],[100.664362,13.84755],[100.664296,13.847881],[100.66434,13.847936],[100.664725,13.848035],[100.664599,13.848284],[100.664224,13.848027],[100.664115,13.847929],[100.664077,13.847874],[100.664109,13.847828],[100.664074,13.847756],[100.664017,13.847787],[100.663996,13.847673],[100.66398,13.847544]]]]}},
{"type":"Feature","id":"osm-w733908211","properties":{"id":"osm-w733908211","osm_id":733908211,"osm_type":"way","name":null,"name_en":null,"class":"park","classes_all":["park"],"tags":{"leisure":"park"},"area_m2":54551.1,"size_band":"large","district":"เขตคันนายาว","district_en":"Khan Na Yao District","district_osm_id":2946806,"province":"กรุงเทพมหานคร","province_iso":"TH-10","multi_district":false,"reason_excluded":null,"reasons_all":[],"flags":["crosses_major_way"],"related_ids":{"major_ways":["osm-w1393258232"]},"poi_inside":[],"opening_hours":null,"verification_mode":"continuous_gps","floor_level":null,"rep_point":[100.676528,13.848929]},"geometry":{"type":"MultiPolygon","coordinates":[[[[100.675132,13.848788],[100.675197,13.84847],[100.675491,13.848275],[100.676504,13.847613],[100.677001,13.848193],[100.677317,13.84846],[100.677646,13.848624],[100.678022,13.848786],[100.678031,13.848824],[100.677791,13.849034],[100.677591,13.849219],[100.67719,13.849602],[100.67687,13.849898],[100.676589,13.850051],[100.676136,13.850168],[100.675742,13.850216],[100.675329,13.850165],[100.675188,13.849345],[100.675132,13.848788]]]]}},
{"type":"Feature","id":"osm-w733908368","properties":{"id":"osm-w733908368","osm_id":733908368,"osm_type":"way","name":null,"name_en":null,"class":"park","classes_all":["park"],"tags":{"leisure":"park"},"area_m2":15216.5,"size_band":"medium","district":"เขตคันนายาว","district_en":"Khan Na Yao District","district_osm_id":2946806,"province":"กรุงเทพมหานคร","province_iso":"TH-10","multi_district":false,"reason_excluded":null,"reasons_all":[],"flags":[],"related_ids":{},"poi_inside":[],"opening_hours":null,"verification_mode":"continuous_gps","floor_level":null,"rep_point":[100.676797,13.84652]},"geometry":{"type":"MultiPolygon","coordinates":[[[[100.675551,13.846807],[100.677398,13.845775],[100.677618,13.846256],[100.677679,13.846342],[100.677691,13.846371],[100.677703,13.846398],[100.677686,13.846433],[100.677677,13.846481],[100.677602,13.846498],[100.677456,13.846542],[100.677235,13.846564],[100.675934,13.847255],[100.675898,13.847235],[100.675845,13.847235],[100.675551,13.846807]]]]}},
{"type":"Feature","id":"osm-w733913318","properties":{"id":"osm-w733913318","osm_id":733913318,"osm_type":"way","name":"Manorom 4","name_en":null,"class":"park","classes_all":["park"],"tags":{"leisure":"park","name":"Manorom 4"},"area_m2":18097.6,"size_band":"medium","district":"เขตคลองสามวา","district_en":"Khlong Sam Wa District","district_osm_id":2997412,"province":"กรุงเทพมหานคร","province_iso":"TH-10","multi_district":false,"reason_excluded":null,"reasons_all":[],"flags":[],"related_ids":{},"poi_inside":[],"opening_hours":null,"verification_mode":"continuous_gps","floor_level":null,"rep_point":[100.709864,13.863585]},"geometry":{"type":"MultiPolygon","coordinates":[[[[100.709537,13.864608],[100.709568,13.862997],[100.710178,13.863033],[100.710164,13.864137],[100.710867,13.864171],[100.710876,13.864785],[100.709663,13.864762],[100.709537,13.864608]]]]}},
{"type":"Feature","id":"osm-w733914076","properties":{"id":"osm-w733914076","osm_id":733914076,"osm_type":"way","name":null,"name_en":null,"class":"park","classes_all":["park"],"tags":{"leisure":"park"},"area_m2":3749.0,"size_band":"small","district":"เขตคลองสามวา","district_en":"Khlong Sam Wa District","district_osm_id":2997412,"province":"กรุงเทพมหานคร","province_iso":"TH-10","multi_district":false,"reason_excluded":null,"reasons_all":[],"flags":[],"related_ids":{},"poi_inside":[],"opening_hours":null,"verification_mode":"continuous_gps","floor_level":null,"rep_point":[100.701684,13.859468]},"geometry":{"type":"MultiPolygon","coordinates":[[[[100.701444,13.859854],[100.70145,13.859782],[100.701499,13.859123],[100.701895,13.859154],[100.701894,13.859899],[100.701444,13.859854]]]]}},
{"type":"Feature","id":"osm-w751895050","properties":{"id":"osm-w751895050","osm_id":751895050,"osm_type":"way","name":null,"name_en":null,"class":"garden","classes_all":["garden"],"tags":{"leisure":"garden","man_made":"courtyard"},"area_m2":4881.5,"size_band":"small","district":"เขตพระนคร","district_en":"Phra Nakhon District","district_osm_id":92053,"province":"กรุงเทพมหานคร","province_iso":"TH-10","multi_district":false,"reason_excluded":null,"reasons_all":[],"flags":[],"related_ids":{"blockers":{"government":{"ids":["osm-r10366097"],"share":0.0}}},"poi_inside":[],"opening_hours":null,"verification_mode":"continuous_gps","floor_level":null,"rep_point":[100.494848,13.754128]},"geometry":{"type":"MultiPolygon","coordinates":[[[[100.494473,13.753703],[100.494544,13.753616],[100.49473,13.75362],[100.494723,13.753916],[100.494721,13.754003],[100.494777,13.754004],[100.494776,13.754034],[100.49482,13.754035],[100.49492,13.754037],[100.494921,13.754007],[100.494972,13.754008],[100.494974,13.753922],[100.494982,13.753626],[100.495159,13.753629],[100.495236,13.753727],[100.495145,13.754044],[100.495097,13.754032],[100.495082,13.754086],[100.495058,13.754179],[100.495105,13.75419],[100.49501,13.754522],[100.494914,13.754597],[100.494905,13.754597],[100.494906,13.754536],[100.494826,13.754534],[100.494808,13.754534],[100.494792,13.754534],[100.494762,13.754533],[100.494761,13.754594],[100.494752,13.754594],[100.494657,13.754522],[100.49458,13.75418],[100.494633,13.754169],[100.494613,13.754078],[100.494602,13.754023],[100.494549,13.754034],[100.494473,13.753703]]]]}},
{"type":"Feature","id":"osm-w756433387","properties":{"id":"osm-w756433387","osm_id":756433387,"osm_type":"way","name":null,"name_en":null,"class":"park","classes_all":["park"],"tags":{"leisure":"park"},"area_m2":9248.3,"size_band":"small","district":"อำเภอบ้านแพ้ว","district_en":"Ban Phaeo District","district_osm_id":18931677,"province":"จังหวัดสมุทรสาคร","province_iso":"TH-74","multi_district":false,"reason_excluded":null,"reasons_all":[],"flags":["contains_religious_feature"],"related_ids":{"blockers":{"education":{"ids":["osm-w592504552"],"share":0.0094},"religious":{"ids":["osm-w592504562"],"share":0.0002}},"religious_blockers":["osm-w592504562"]},"poi_inside":[],"opening_hours":null,"verification_mode":"continuous_gps","floor_level":null,"rep_point":[100.140283,13.609883]},"geometry":{"type":"MultiPolygon","coordinates":[[[[100.139743,13.61007],[100.140316,13.609121],[100.140896,13.609483],[100.140792,13.609695],[100.140509,13.610333],[100.140489,13.610358],[100.140377,13.610331],[100.14012,13.610233],[100.139743,13.61007]]]]}},
{"type":"Feature","id":"osm-w756669665","properties":{"id":"osm-w756669665","osm_id":756669665,"osm_type":"way","name":"ตลาดนัดธรรมสุขใจ รังสิต คลอง1","name_en":null,"class":"marketplace","classes_all":["marketplace"],"tags":{"amenity":"marketplace","name":"ตลาดนัดธรรมสุขใจ รังสิต คลอง1"},"area_m2":6155.5,"size_band":"small","district":"อำเภอธัญบุรี","district_en":"Thanyaburi District","district_osm_id":2913012,"province":"จังหวัดปทุมธานี","province_iso":"TH-13","multi_district":false,"reason_excluded":null,"reasons_all":[],"flags":[],"related_ids":{},"poi_inside":[],"opening_hours":null,"verification_mode":"continuous_gps","floor_level":null,"rep_point":[100.626915,13.971662]},"geometry":{"type":"MultiPolygon","coordinates":[[[[100.626634,13.972248],[100.626783,13.971021],[100.627193,13.971076],[100.627052,13.9723],[100.626634,13.972248]]]]}},
{"type":"Feature","id":"osm-w758315724","properties":{"id":"osm-w758315724","osm_id":758315724,"osm_type":"way","name":"สวนชุมชนปัฐวิกรณ์ 1","name_en":null,"class":"park","classes_all":["park"],"tags":{"leisure":"park","name":"สวนชุมชนปัฐวิกรณ์ 1"},"area_m2":15818.1,"size_band":"medium","district":"เขตคันนายาว","district_en":"Khan Na Yao District","district_osm_id":2946806,"province":"กรุงเทพมหานคร","province_iso":"TH-10","multi_district":false,"reason_excluded":null,"reasons_all":[],"flags":[],"related_ids":{},"poi_inside":[],"opening_hours":null,"verification_mode":"continuous_gps","floor_level":null,"rep_point":[100.665598,13.813434]},"geometry":{"type":"MultiPolygon","coordinates":[[[[100.664892,13.814065],[100.665132,13.812864],[100.666189,13.813198],[100.666225,13.813219],[100.666132,13.81365],[100.665981,13.814298],[100.664892,13.814065]]]]}},
{"type":"Feature","id":"osm-w764307924","properties":{"id":"osm-w764307924","osm_id":764307924,"osm_type":"way","name":"สวนสาธารณะบ้านแพ้ว","name_en":null,"class":"park","classes_all":["park"],"tags":{"leisure":"park","name":"สวนสาธารณะบ้านแพ้ว"},"area_m2":42730.6,"size_band":"medium","district":"อำเภอบ้านแพ้ว","district_en":"Ban Phaeo District","district_osm_id":18931677,"province":"จังหวัดสมุทรสาคร","province_iso":"TH-74","multi_district":false,"reason_excluded":null,"reasons_all":[],"flags":["contains_religious_feature"],"related_ids":{"blockers":{"education":{"ids":["osm-w592345646"],"share":0.0},"religious":{"ids":["osm-w1107919812"],"share":0.0011}},"religious_blockers":["osm-w1107919812"]},"poi_inside":[],"opening_hours":null,"verification_mode":"continuous_gps","floor_level":null,"rep_point":[100.100205,13.587505]},"geometry":{"type":"MultiPolygon","coordinates":[[[[100.098849,13.587226],[100.099348,13.585988],[100.100139,13.586391],[100.100124,13.58649],[100.101228,13.587002],[100.100758,13.58821],[100.100373,13.58892],[100.099499,13.588546],[100.099906,13.587784],[100.098849,13.587226]]]]}},
{"type":"Feature","id":"osm-w764539701","properties":{"id":"osm-w764539701","osm_id":764539701,"osm_type":"way","name":"สวนรวบรวมและอนุรักษ์พรรณธุกรรมพืชไทย","name_en":null,"class":"garden","classes_all":["garden"],"tags":{"garden:type":"botanical","leisure":"garden","name":"สวนรวบรวมและอนุรักษ์พรรณธุกรรมพืชไทย"},"area_m2":14256.4,"size_band":"medium","district":"เขตจตุจักร","district_en":"Chatuchak District","district_osm_id":1639286,"province":"กรุงเทพมหานคร","province_iso":"TH-10","multi_district":false,"reason_excluded":null,"reasons_all":[],"flags":[],"related_ids":{},"poi_inside":[],"opening_hours":null,"verification_mode":"continuous_gps","floor_level":null,"rep_point":[100.57372,13.854665]},"geometry":{"type":"MultiPolygon","coordinates":[[[[100.573143,13.854372],[100.573516,13.854378],[100.573588,13.85438],[100.573582,13.853947],[100.57428,13.853908],[100.574284,13.854173],[100.574284,13.8542],[100.574285,13.854245],[100.574302,13.855402],[100.573806,13.855401],[100.573807,13.854951],[100.573155,13.854954],[100.573143,13.854372]]]]}},
{"type":"Feature","id":"osm-w764539827","properties":{"id":"osm-w764539827","osm_id":764539827,"osm_type":"way","name":"โครงการศูนย์เรียนรู้การผลิตพืชตามแนวพระราชดำริ","name_en":null,"class":"garden","classes_all":["garden"],"tags":{"garden:type":"botanical","leisure":"garden","name":"โครงการศูนย์เรียนรู้การผลิตพืชตามแนวพระราชดำริ"},"area_m2":19512.2,"size_band":"medium","district":"เขตจตุจักร","district_en":"Chatuchak District","district_osm_id":1639286,"province":"กรุงเทพมหานคร","province_iso":"TH-10","multi_district":false,"reason_excluded":null,"reasons_all":[],"flags":[],"related_ids":{},"poi_inside":[],"opening_hours":null,"verification_mode":"continuous_gps","floor_level":null,"rep_point":[100.574843,13.855483]},"geometry":{"type":"MultiPolygon","coordinates":[[[[100.574353,13.856268],[100.574353,13.854699],[100.575356,13.854668],[100.575305,13.856434],[100.574353,13.856268]]]]}},
{"type":"Feature","id":"osm-w766507129","properties":{"id":"osm-w766507129","osm_id":766507129,"osm_type":"way","name":"ลานกีฬาพัฒน์","name_en":null,"class":"park","classes_all":["park"],"tags":{"leisure":"park","name":"ลานกีฬาพัฒน์","opening_hours":"06:00-21:00"},"area_m2":21010.2,"size_band":"medium","district":"เขตบางกะปิ","district_en":"Bang Kapi District","district_osm_id":2939952,"province":"กรุงเทพมหานคร","province_iso":"TH-10","multi_district":false,"reason_excluded":null,"reasons_all":[],"flags":[],"related_ids":{},"poi_inside":[],"opening_hours":"06:00-21:00","verification_mode":"continuous_gps","floor_level":null,"rep_point":[100.651301,13.775621]},"geometry":{"type":"MultiPolygon","coordinates":[[[[100.649954,13.774822],[100.650216,13.774419],[100.650444,13.77447],[100.650395,13.774624],[100.65029,13.774655],[100.650271,13.774744],[100.651422,13.775025],[100.651786,13.775179],[100.65158,13.775809],[100.652916,13.776152],[100.652599,13.77681],[100.652182,13.776552],[100.65146,13.775994],[100.650707,13.775432],[100.650261,13.775035],[100.649954,13.774822]]]]}},
{"type":"Feature","id":"osm-w778621021","properties":{"id":"osm-w778621021","osm_id":778621021,"osm_type":"way","name":null,"name_en":null,"class":"park","classes_all":["park"],"tags":{"leisure":"park"},"area_m2":10483.8,"size_band":"medium","district":"เขตคลองสามวา","district_en":"Khlong Sam Wa District","district_osm_id":2997412,"province":"กรุงเทพมหานคร","province_iso":"TH-10","multi_district":false,"reason_excluded":null,"reasons_all":[],"flags":[],"related_ids":{},"poi_inside":[],"opening_hours":null,"verification_mode":"continuous_gps","floor_level":null,"rep_point":[100.715854,13.88352]},"geometry":{"type":"MultiPolygon","coordinates":[[[[100.715353,13.883741],[100.715359,13.883299],[100.715365,13.882868],[100.715987,13.882882],[100.716383,13.882902],[100.716338,13.88377],[100.715353,13.883741]]]]}},
{"type":"Feature","id":"osm-w779435916","properties":{"id":"osm-w779435916","osm_id":779435916,"osm_type":"way","name":"ตลาดเจ้าพระยา บางใหญ่","name_en":"Chao Phra Ya Market Bangyai","class":"marketplace","classes_all":["marketplace"],"tags":{"amenity":"marketplace","landuse":"retail","name":"ตลาดเจ้าพระยา บางใหญ่","name:en":"Chao Phra Ya Market Bangyai","name:th":"ตลาดเจ้าพระยา บางใหญ่"},"area_m2":16635.7,"size_band":"medium","district":"อำเภอบางใหญ่","district_en":"Bang Yai District","district_osm_id":2689553,"province":"จังหวัดนนทบุรี","province_iso":"TH-12","multi_district":false,"reason_excluded":null,"reasons_all":[],"flags":[],"related_ids":{},"poi_inside":[],"opening_hours":null,"verification_mode":"continuous_gps","floor_level":null,"rep_point":[100.440277,13.843791]},"geometry":{"type":"MultiPolygon","coordinates":[[[[100.439093,13.843382],[100.439344,13.843341],[100.439579,13.843347],[100.439658,13.84335],[100.439764,13.843389],[100.440088,13.843423],[100.440686,13.843663],[100.441127,13.843918],[100.441504,13.844104],[100.44115,13.844464],[100.441033,13.844337],[100.441001,13.84432],[100.440276,13.844286],[100.440273,13.844421],[100.439722,13.844467],[100.439626,13.843596],[100.439672,13.843501],[100.439578,13.843444],[100.439517,13.843531],[100.439507,13.843607],[100.439121,13.843652],[100.439093,13.843382]]]]}},
{"type":"Feature","id":"osm-w788490409","properties":{"id":"osm-w788490409","osm_id":788490409,"osm_type":"way","name":"สวน 60 พรรษาสมเด็จพระบรมราชินีนาถ","name_en":null,"class":"park","classes_all":["park"],"tags":{"leisure":"park","name":"สวน 60 พรรษาสมเด็จพระบรมราชินีนาถ"},"area_m2":28425.4,"size_band":"medium","district":"อำเภอบางเสาธง","district_en":"Bang Sao Thong District","district_osm_id":11580981,"province":"จังหวัดสมุทรปราการ","province_iso":"TH-11","multi_district":false,"reason_excluded":null,"reasons_all":[],"flags":["crosses_major_way"],"related_ids":{"major_ways":["osm-w367826925"]},"poi_inside":[],"opening_hours":null,"verification_mode":"continuous_gps","floor_level":null,"rep_point":[100.790478,13.573429]},"geometry":{"type":"MultiPolygon","coordinates":[[[[100.789034,13.573469],[100.789324,13.573376],[100.789164,13.572834],[100.789424,13.572791],[100.789617,13.572798],[100.789635,13.572837],[100.789676,13.572842],[100.789743,13.573124],[100.789859,13.573173],[100.791502,13.572679],[100.791633,13.573124],[100.791837,13.573067],[100.791928,13.573389],[100.789295,13.574195],[100.789034,13.573469]]]]}},
{"type":"Feature","id":"osm-w803391154","properties":{"id":"osm-w803391154","osm_id":803391154,"osm_type":"way","name":null,"name_en":null,"class":"marketplace","classes_all":["marketplace"],"tags":{"amenity":"marketplace"},"area_m2":9610.3,"size_band":"small","district":"เขตประเวศ","district_en":"Prawet District","district_osm_id":3146414,"province":"กรุงเทพมหานคร","province_iso":"TH-10","multi_district":false,"reason_excluded":null,"reasons_all":[],"flags":[],"related_ids":{},"poi_inside":[],"opening_hours":null,"verification_mode":"continuous_gps","floor_level":null,"rep_point":[100.648889,13.690994]},"geometry":{"type":"MultiPolygon","coordinates":[[[[100.647254,13.690485],[100.64948,13.690764],[100.649384,13.69117],[100.64732,13.690817],[100.647281,13.690803],[100.647254,13.690485]]]]}},
{"type":"Feature","id":"osm-w812777572","properties":{"id":"osm-w812777572","osm_id":812777572,"osm_type":"way","name":"สวนเสนาพาค","name_en":null,"class":"park","classes_all":["park"],"tags":{"leisure":"park","name":"สวนเสนาพาค"},"area_m2":37743.9,"size_band":"medium","district":"เขตคันนายาว","district_en":"Khan Na Yao District","district_osm_id":2946806,"province":"กรุงเทพมหานคร","province_iso":"TH-10","multi_district":false,"reason_excluded":null,"reasons_all":[],"flags":[],"related_ids":{},"poi_inside":[],"opening_hours":null,"verification_mode":"continuous_gps","floor_level":null,"rep_point":[100.670545,13.834998]},"geometry":{"type":"MultiPolygon","coordinates":[[[[100.668193,13.833437],[100.668569,13.832981],[100.672848,13.836559],[100.67268,13.837093],[100.668193,13.833437]]]]}},
{"type":"Feature","id":"osm-w815065805","properties":{"id":"osm-w815065805","osm_id":815065805,"osm_type":"way","name":"สวนรักษ์ธรรมชาติ","name_en":null,"class":"park","classes_all":["park"],"tags":{"leisure":"park","name":"สวนรักษ์ธรรมชาติ","name:th":"สวนรักษ์ธรรมชาติ"},"area_m2":5511.5,"size_band":"small","district":"เขตบางเขน","district_en":"Bang Khen District","district_osm_id":2938030,"province":"กรุงเทพมหานคร","province_iso":"TH-10","multi_district":false,"reason_excluded":null,"reasons_all":[],"flags":[],"related_ids":{"blockers":{"education":{"ids":["osm-w1453039405"],"share":0.0}}},"poi_inside":[],"opening_hours":null,"verification_mode":"continuous_gps","floor_level":null,"rep_point":[100.598032,13.876392]},"geometry":{"type":"MultiPolygon","coordinates":[[[[100.5977,13.876197],[100.598008,13.876148],[100.59798,13.875965],[100.598124,13.875947],[100.598468,13.876586],[100.597864,13.876884],[100.597832,13.877092],[100.597754,13.876904],[100.597732,13.876852],[100.597703,13.876768],[100.5977,13.876197]]]]}},
{"type":"Feature","id":"osm-w817664149","properties":{"id":"osm-w817664149","osm_id":817664149,"osm_type":"way","name":"ลานกว้างพรธิสาร 5","name_en":null,"class":"park","classes_all":["park"],"tags":{"leisure":"park","name":"ลานกว้างพรธิสาร 5"},"area_m2":6498.0,"size_band":"small","district":"อำเภอธัญบุรี","district_en":"Thanyaburi District","district_osm_id":2913012,"province":"จังหวัดปทุมธานี","province_iso":"TH-13","multi_district":false,"reason_excluded":null,"reasons_all":[],"flags":[],"related_ids":{},"poi_inside":[],"opening_hours":null,"verification_mode":"continuous_gps","floor_level":null,"rep_point":[100.769148,14.021329]},"geometry":{"type":"MultiPolygon","coordinates":[[[[100.768821,14.020883],[100.769451,14.020861],[100.769458,14.021223],[100.769478,14.021732],[100.768848,14.021742],[100.768846,14.021678],[100.76884,14.021428],[100.768836,14.021359],[100.768832,14.0213],[100.768821,14.020883]]]]}},
{"type":"Feature","id":"osm-w823099676","properties":{"id":"osm-w823099676","osm_id":823099676,"osm_type":"way","name":"ตลาดฟิน แพรกษา","name_en":null,"class":"marketplace","classes_all":["marketplace"],"tags":{"amenity":"marketplace","name":"ตลาดฟิน แพรกษา"},"area_m2":4505.7,"size_band":"small","district":"อำเภอเมืองสมุทรปราการ","district_en":"Mueang Samut Prakan District","district_osm_id":11580983,"province":"จังหวัดสมุทรปราการ","province_iso":"TH-11","multi_district":false,"reason_excluded":null,"reasons_all":[],"flags":[],"related_ids":{},"poi_inside":[],"opening_hours":null,"verification_mode":"continuous_gps","floor_level":null,"rep_point":[100.670086,13.56735]},"geometry":{"type":"MultiPolygon","coordinates":[[[[100.669845,13.568005],[100.670053,13.566663],[100.670326,13.566694],[100.670117,13.56805],[100.669845,13.568005]]]]}},
{"type":"Feature","id":"osm-w824050004","properties":{"id":"osm-w824050004","osm_id":824050004,"osm_type":"way","name":"Mini park","name_en":null,"class":"park","classes_all":["park"],"tags":{"leisure":"park","name":"Mini park"},"area_m2":4735.9,"size_band":"small","district":"เขตคลองสามวา","district_en":"Khlong Sam Wa District","district_osm_id":2997412,"province":"กรุงเทพมหานคร","province_iso":"TH-10","multi_district":false,"reason_excluded":null,"reasons_all":[],"flags":[],"related_ids":{},"poi_inside":[],"opening_hours":null,"verification_mode":"continuous_gps","floor_level":null,"rep_point":[100.685503,13.861051]},"geometry":{"type":"MultiPolygon","coordinates":[[[[100.685017,13.860585],[100.685316,13.860408],[100.685954,13.861518],[100.685704,13.86164],[100.685017,13.860585]]]]}},
{"type":"Feature","id":"osm-w824054761","properties":{"id":"osm-w824054761","osm_id":824054761,"osm_type":"way","name":"Payasurean","name_en":null,"class":"pitch","classes_all":["pitch"],"tags":{"leisure":"pitch","name":"Payasurean","sport":"soccer"},"area_m2":8592.3,"size_band":"small","district":"เขตสายไหม","district_en":"Sai Mai District","district_osm_id":2938035,"province":"กรุงเทพมหานคร","province_iso":"TH-10","multi_district":false,"reason_excluded":null,"reasons_all":[],"flags":[],"related_ids":{},"poi_inside":[],"opening_hours":null,"verification_mode":"continuous_gps","floor_level":null,"rep_point":[100.684612,13.878406]},"geometry":{"type":"MultiPolygon","coordinates":[[[[100.684034,13.878588],[100.684979,13.877612],[100.68506,13.877578],[100.68516,13.877674],[100.685117,13.877839],[100.685064,13.878028],[100.685198,13.87808],[100.685206,13.878224],[100.684434,13.878959],[100.684062,13.878612],[100.684034,13.878588]]]]}},
{"type":"Feature","id":"osm-w824055698","properties":{"id":"osm-w824055698","osm_id":824055698,"osm_type":"way","name":"Somapa","name_en":null,"class":"pitch","classes_all":["pitch"],"tags":{"leisure":"pitch","name":"Somapa","sport":"soccer"},"area_m2":14366.6,"size_band":"medium","district":"เขตคลองสามวา","district_en":"Khlong Sam Wa District","district_osm_id":2997412,"province":"กรุงเทพมหานคร","province_iso":"TH-10","multi_district":false,"reason_excluded":null,"reasons_all":[],"flags":[],"related_ids":{},"poi_inside":[],"opening_hours":null,"verification_mode":"continuous_gps","floor_level":null,"rep_point":[100.688553,13.854665]},"geometry":{"type":"MultiPolygon","coordinates":[[[[100.688062,13.85404],[100.689011,13.853858],[100.688984,13.855309],[100.688158,13.855291],[100.688062,13.85404]]]]}},
{"type":"Feature","id":"osm-w824056159","properties":{"id":"osm-w824056159","osm_id":824056159,"osm_type":"way","name":"Pacha Park","name_en":null,"class":"park","classes_all":["park"],"tags":{"leisure":"park","name":"Pacha Park"},"area_m2":5342.5,"size_band":"small","district":"เขตคลองสามวา","district_en":"Khlong Sam Wa District","district_osm_id":2997412,"province":"กรุงเทพมหานคร","province_iso":"TH-10","multi_district":false,"reason_excluded":null,"reasons_all":[],"flags":[],"related_ids":{},"poi_inside":[],"opening_hours":null,"verification_mode":"continuous_gps","floor_level":null,"rep_point":[100.720558,13.871289]},"geometry":{"type":"MultiPolygon","coordinates":[[[[100.719966,13.871419],[100.719969,13.87085],[100.720151,13.870865],[100.720276,13.871102],[100.721148,13.871167],[100.721152,13.871511],[100.720733,13.871495],[100.720652,13.871464],[100.720595,13.871429],[100.720367,13.871411],[100.719966,13.871419]]]]}},
{"type":"Feature","id":"osm-w824056474","properties":{"id":"osm-w824056474","osm_id":824056474,"osm_type":"way","name":"Mini PARK MPC","name_en":null,"class":"park","classes_all":["park"],"tags":{"leisure":"park","name":"Mini PARK MPC"},"area_m2":7157.0,"size_band":"small","district":"เขตคลองสามวา","district_en":"Khlong Sam Wa District","district_osm_id":2997412,"province":"กรุงเทพมหานคร","province_iso":"TH-10","multi_district":false,"reason_excluded":null,"reasons_all":[],"flags":[],"related_ids":{},"poi_inside":[],"opening_hours":null,"verification_mode":"continuous_gps","floor_level":null,"rep_point":[100.720843,13.876103]},"geometry":{"type":"MultiPolygon","coordinates":[[[[100.720537,13.876609],[100.72054,13.875604],[100.721158,13.875623],[100.721138,13.876582],[100.720537,13.876609]]]]}},
{"type":"Feature","id":"osm-w828320797","properties":{"id":"osm-w828320797","osm_id":828320797,"osm_type":"way","name":null,"name_en":null,"class":"park","classes_all":["park"],"tags":{"leisure":"park"},"area_m2":17401.8,"size_band":"medium","district":"เขตบางกะปิ","district_en":"Bang Kapi District","district_osm_id":2939952,"province":"กรุงเทพมหานคร","province_iso":"TH-10","multi_district":false,"reason_excluded":null,"reasons_all":[],"flags":[],"related_ids":{},"poi_inside":[],"opening_hours":null,"verification_mode":"continuous_gps","floor_level":null,"rep_point":[100.622602,13.757424]},"geometry":{"type":"MultiPolygon","coordinates":[[[[100.622402,13.756965],[100.622708,13.756924],[100.62272,13.757217],[100.622722,13.757362],[100.622757,13.75758],[100.622799,13.757802],[100.622855,13.757958],[100.622937,13.758074],[100.623079,13.758228],[100.623252,13.758292],[100.62343,13.75831],[100.623618,13.75832],[100.623828,13.758332],[100.624053,13.758348],[100.624184,13.758342],[100.624305,13.758278],[100.624389,13.758167],[100.624441,13.75804],[100.624452,13.757924],[100.62448,13.757731],[100.624494,13.757459],[100.624485,13.757284],[100.624448,13.75714],[100.624384,13.756988],[100.624306,13.756889],[100.624162,13.756758],[100.624061,13.756703],[100.623955,13.756662],[100.623783,13.756602],[100.623653,13.756575],[100.623523,13.756558],[100.623389,13.756541],[100.623515,13.756246],[100.623911,13.756382],[100.624166,13.756474],[100.624341,13.756596],[100.624479,13.75673],[100.6246,13.756908],[100.624678,13.757173],[100.62472,13.757383],[100.624704,13.757665],[100.624665,13.758115],[100.624647,13.758319],[100.624629,13.758496],[100.624621,13.758585],[100.624593,13.758664],[100.624079,13.758605],[100.62339,13.758516],[100.62304,13.75848],[100.622911,13.758414],[100.622752,13.758262],[100.622608,13.758031],[100.622538,13.757856],[100.622514,13.757727],[100.622491,13.757566],[100.622468,13.757389],[100.622437,13.757189],[100.622402,13.756965]]]]}},
{"type":"Feature","id":"osm-w828347022","properties":{"id":"osm-w828347022","osm_id":828347022,"osm_type":"way","name":null,"name_en":null,"class":"park","classes_all":["park"],"tags":{"leisure":"park"},"area_m2":3095.7,"size_band":"small","district":"อำเภอปากเกร็ด","district_en":"Pak Kret District","district_osm_id":2688301,"province":"จังหวัดนนทบุรี","province_iso":"TH-12","multi_district":false,"reason_excluded":null,"reasons_all":[],"flags":[],"related_ids":{},"poi_inside":[],"opening_hours":null,"verification_mode":"continuous_gps","floor_level":null,"rep_point":[100.507173,13.909765]},"geometry":{"type":"MultiPolygon","coordinates":[[[[100.506748,13.909975],[100.507209,13.909582],[100.507495,13.909948],[100.507105,13.910279],[100.506748,13.909975]]]]}},
{"type":"Feature","id":"osm-w838925488","properties":{"id":"osm-w838925488","osm_id":838925488,"osm_type":"way","name":null,"name_en":null,"class":"park","classes_all":["park"],"tags":{"leisure":"park"},"area_m2":4125.3,"size_band":"small","district":"อำเภอบ้านแพ้ว","district_en":"Ban Phaeo District","district_osm_id":18931677,"province":"จังหวัดสมุทรสาคร","province_iso":"TH-74","multi_district":false,"reason_excluded":null,"reasons_all":[],"flags":[],"related_ids":{},"poi_inside":[],"opening_hours":null,"verification_mode":"continuous_gps","floor_level":null,"rep_point":[100.139722,13.610485]},"geometry":{"type":"MultiPolygon","coordinates":[[[[100.139241,13.611184],[100.13963,13.610287],[100.139743,13.61007],[100.14012,13.610233],[100.139726,13.610682],[100.139515,13.611216],[100.139332,13.611184],[100.139241,13.611184]]]]}},
{"type":"Feature","id":"osm-w841275994","properties":{"id":"osm-w841275994","osm_id":841275994,"osm_type":"way","name":"สนามแบดมินตันศูนย์กีฬาหัวหมาก","name_en":"Hua Mak Badminton Court","class":"pitch","classes_all":["pitch"],"tags":{"leisure":"pitch","name":"สนามแบดมินตันศูนย์กีฬาหัวหมาก","name:en":"Hua Mak Badminton Court","name:th":"สนามแบดมินตันศูนย์กีฬาหัวหมาก","sport":"badminton"},"area_m2":6106.1,"size_band":"small","district":"เขตบางกะปิ","district_en":"Bang Kapi District","district_osm_id":2939952,"province":"กรุงเทพมหานคร","province_iso":"TH-10","multi_district":false,"reason_excluded":null,"reasons_all":[],"flags":[],"related_ids":{},"poi_inside":[],"opening_hours":null,"verification_mode":"continuous_gps","floor_level":null,"rep_point":[100.626129,13.75539]},"geometry":{"type":"MultiPolygon","coordinates":[[[[100.625459,13.755325],[100.62557,13.754981],[100.626734,13.755409],[100.626674,13.755562],[100.626618,13.755697],[100.626576,13.755801],[100.625561,13.755428],[100.625581,13.755372],[100.625459,13.755325]]]]}},
{"type":"Feature","id":"osm-w863619151","properties":{"id":"osm-w863619151","osm_id":863619151,"osm_type":"way","name":null,"name_en":null,"class":"marketplace","classes_all":["marketplace"],"tags":{"amenity":"marketplace"},"area_m2":6791.5,"size_band":"small","district":"เขตหลักสี่","district_en":"Lak Si District","district_osm_id":1639288,"province":"กรุงเทพมหานคร","province_iso":"TH-10","multi_district":false,"reason_excluded":null,"reasons_all":[],"flags":[],"related_ids":{},"poi_inside":[],"opening_hours":null,"verification_mode":"continuous_gps","floor_level":null,"rep_point":[100.579518,13.888688]},"geometry":{"type":"MultiPolygon","coordinates":[[[[100.578982,13.888458],[100.579691,13.888144],[100.580054,13.888918],[100.57924,13.88901],[100.578982,13.888458]]]]}},
{"type":"Feature","id":"osm-w864567390","properties":{"id":"osm-w864567390","osm_id":864567390,"osm_type":"way","name":null,"name_en":null,"class":"pitch","classes_all":["pitch"],"tags":{"leisure":"pitch","sport":"soccer"},"area_m2":3754.0,"size_band":"small","district":"เขตพญาไท","district_en":"Phaya Thai District","district_osm_id":92068,"province":"กรุงเทพมหานคร","province_iso":"TH-10","multi_district":false,"reason_excluded":null,"reasons_all":[],"flags":[],"related_ids":{},"poi_inside":[],"opening_hours":null,"verification_mode":"continuous_gps","floor_level":null,"rep_point":[100.53883,13.771883]},"geometry":{"type":"MultiPolygon","coordinates":[[[[100.538423,13.771832],[100.538995,13.771517],[100.539237,13.771933],[100.538665,13.772247],[100.538423,13.771832]]]]}},
{"type":"Feature","id":"osm-w890265111","properties":{"id":"osm-w890265111","osm_id":890265111,"osm_type":"way","name":"TT Market Bearing","name_en":null,"class":"marketplace","classes_all":["marketplace"],"tags":{"amenity":"marketplace","name":"TT Market Bearing"},"area_m2":4773.8,"size_band":"small","district":"อำเภอเมืองสมุทรปราการ","district_en":"Mueang Samut Prakan District","district_osm_id":11580983,"province":"จังหวัดสมุทรปราการ","province_iso":"TH-11","multi_district":false,"reason_excluded":null,"reasons_all":[],"flags":[],"related_ids":{},"poi_inside":[],"opening_hours":null,"verification_mode":"continuous_gps","floor_level":null,"rep_point":[100.619017,13.652207]},"geometry":{"type":"MultiPolygon","coordinates":[[[[100.618583,13.651875],[100.619023,13.651713],[100.619132,13.652008],[100.619222,13.651976],[100.619389,13.652406],[100.618885,13.652598],[100.618583,13.651875]]]]}},
{"type":"Feature","id":"osm-w890839063","properties":{"id":"osm-w890839063","osm_id":890839063,"osm_type":"way","name":"ตลาดนัดแอทแบริ่ง","name_en":null,"class":"marketplace","classes_all":["marketplace"],"tags":{"amenity":"marketplace","name":"ตลาดนัดแอทแบริ่ง"},"area_m2":11585.7,"size_band":"medium","district":"เขตบางนา","district_en":"Bang Na District","district_osm_id":3146412,"province":"กรุงเทพมหานคร","province_iso":"TH-10","multi_district":false,"reason_excluded":null,"reasons_all":[],"flags":[],"related_ids":{},"poi_inside":[],"opening_hours":null,"verification_mode":"continuous_gps","floor_level":null,"rep_point":[100.622193,13.655067]},"geometry":{"type":"MultiPolygon","coordinates":[[[[100.621506,13.654913],[100.622035,13.654685],[100.622079,13.654753],[100.62264,13.654412],[100.622653,13.654471],[100.622817,13.655221],[100.622837,13.655327],[100.622527,13.65545],[100.622022,13.655738],[100.621506,13.654913]]]]}},
{"type":"Feature","id":"osm-w895652079","properties":{"id":"osm-w895652079","osm_id":895652079,"osm_type":"way","name":"บางพลีสตรีทมาร์เก็ต","name_en":null,"class":"marketplace","classes_all":["marketplace"],"tags":{"amenity":"marketplace","name":"บางพลีสตรีทมาร์เก็ต"},"area_m2":3081.0,"size_band":"small","district":"อำเภอบางพลี","district_en":"Bang Phli District","district_osm_id":11580982,"province":"จังหวัดสมุทรปราการ","province_iso":"TH-11","multi_district":false,"reason_excluded":null,"reasons_all":[],"flags":[],"related_ids":{},"poi_inside":[],"opening_hours":null,"verification_mode":"continuous_gps","floor_level":null,"rep_point":[100.710383,13.634961]},"geometry":{"type":"MultiPolygon","coordinates":[[[[100.709996,13.634933],[100.710593,13.634644],[100.71077,13.634989],[100.710173,13.635278],[100.709996,13.634933]]]]}},
{"type":"Feature","id":"osm-w895663152","properties":{"id":"osm-w895663152","osm_id":895663152,"osm_type":"way","name":null,"name_en":null,"class":"pitch","classes_all":["pitch"],"tags":{"leisure":"pitch","sport":"soccer"},"area_m2":14698.4,"size_band":"medium","district":"อำเภอบางพลี","district_en":"Bang Phli District","district_osm_id":11580982,"province":"จังหวัดสมุทรปราการ","province_iso":"TH-11","multi_district":false,"reason_excluded":null,"reasons_all":[],"flags":[],"related_ids":{},"poi_inside":[],"opening_hours":null,"verification_mode":"continuous_gps","floor_level":null,"rep_point":[100.728998,13.630117]},"geometry":{"type":"MultiPolygon","coordinates":[[[[100.728598,13.629249],[100.729286,13.629208],[100.729397,13.630985],[100.728709,13.631026],[100.728598,13.629249]]]]}},
{"type":"Feature","id":"osm-w895664673","properties":{"id":"osm-w895664673","osm_id":895664673,"osm_type":"way","name":"สวนชุมชนธนาซิตี้","name_en":null,"class":"park","classes_all":["park"],"tags":{"leisure":"park","name":"สวนชุมชนธนาซิตี้"},"area_m2":6060.0,"size_band":"small","district":"อำเภอบางพลี","district_en":"Bang Phli District","district_osm_id":11580982,"province":"จังหวัดสมุทรปราการ","province_iso":"TH-11","multi_district":false,"reason_excluded":null,"reasons_all":[],"flags":[],"related_ids":{},"poi_inside":[],"opening_hours":null,"verification_mode":"continuous_gps","floor_level":null,"rep_point":[100.726644,13.646286]},"geometry":{"type":"MultiPolygon","coordinates":[[[[100.726171,13.646133],[100.726365,13.646078],[100.726882,13.64593],[100.726968,13.645904],[100.727004,13.645912],[100.727045,13.646101],[100.72705,13.64622],[100.727074,13.646272],[100.727114,13.646301],[100.727165,13.64632],[100.72702,13.646339],[100.727044,13.646553],[100.72625,13.646666],[100.726208,13.646386],[100.726171,13.646133]]]]}},
{"type":"Feature","id":"osm-w896709002","properties":{"id":"osm-w896709002","osm_id":896709002,"osm_type":"way","name":null,"name_en":null,"class":"pitch","classes_all":["pitch"],"tags":{"leisure":"pitch"},"area_m2":10252.8,"size_band":"medium","district":"อำเภอบางพลี","district_en":"Bang Phli District","district_osm_id":11580982,"province":"จังหวัดสมุทรปราการ","province_iso":"TH-11","multi_district":false,"reason_excluded":null,"reasons_all":[],"flags":[],"related_ids":{},"poi_inside":[],"opening_hours":null,"verification_mode":"continuous_gps","floor_level":null,"rep_point":[100.757567,13.616632]},"geometry":{"type":"MultiPolygon","coordinates":[[[[100.757164,13.617015],[100.757301,13.616171],[100.75737,13.616081],[100.757477,13.615983],[100.757623,13.61595],[100.757737,13.615972],[100.757844,13.616035],[100.757911,13.616106],[100.757969,13.616248],[100.757827,13.61713],[100.757741,13.617276],[100.757612,13.617359],[100.757439,13.617349],[100.757288,13.617301],[100.757185,13.617168],[100.757168,13.617086],[100.757164,13.617015]]]]}},
{"type":"Feature","id":"osm-w897441338","properties":{"id":"osm-w897441338","osm_id":897441338,"osm_type":"way","name":null,"name_en":null,"class":"park","classes_all":["park"],"tags":{"leisure":"park"},"area_m2":7968.0,"size_band":"small","district":"เขตทุ่งครุ","district_en":"Thung Khru District","district_osm_id":3147104,"province":"กรุงเทพมหานคร","province_iso":"TH-10","multi_district":false,"reason_excluded":null,"reasons_all":[],"flags":[],"related_ids":{},"poi_inside":[],"opening_hours":null,"verification_mode":"continuous_gps","floor_level":null,"rep_point":[100.511626,13.601878]},"geometry":{"type":"MultiPolygon","coordinates":[[[[100.510859,13.602318],[100.511287,13.602137],[100.511415,13.602013],[100.511435,13.601722],[100.511448,13.60136],[100.511573,13.601232],[100.51191,13.601095],[100.511928,13.60136],[100.511895,13.601742],[100.511757,13.602023],[100.511512,13.602658],[100.511022,13.602432],[100.510859,13.602318]]]]}},
{"type":"Feature","id":"osm-w900250671","properties":{"id":"osm-w900250671","osm_id":900250671,"osm_type":"way","name":null,"name_en":null,"class":"park","classes_all":["park"],"tags":{"leisure":"park"},"area_m2":3852.2,"size_band":"small","district":"เขตพระนคร","district_en":"Phra Nakhon District","district_osm_id":92053,"province":"กรุงเทพมหานคร","province_iso":"TH-10","multi_district":false,"reason_excluded":null,"reasons_all":[],"flags":[],"related_ids":{},"poi_inside":[],"opening_hours":null,"verification_mode":"continuous_gps","floor_level":null,"rep_point":[100.492967,13.74337]},"geometry":{"type":"MultiPolygon","coordinates":[[[[100.492516,13.743212],[100.492788,13.742945],[100.493413,13.743528],[100.493156,13.743792],[100.492516,13.743212]]]]}},
{"type":"Feature","id":"osm-w900250672","properties":{"id":"osm-w900250672","osm_id":900250672,"osm_type":"way","name":null,"name_en":null,"class":"park","classes_all":["park"],"tags":{"leisure":"park"},"area_m2":3013.5,"size_band":"small","district":"เขตพระนคร","district_en":"Phra Nakhon District","district_osm_id":92053,"province":"กรุงเทพมหานคร","province_iso":"TH-10","multi_district":false,"reason_excluded":null,"reasons_all":[],"flags":[],"related_ids":{},"poi_inside":[],"opening_hours":null,"verification_mode":"continuous_gps","floor_level":null,"rep_point":[100.493664,13.743829]},"geometry":{"type":"MultiPolygon","coordinates":[[[[100.493239,13.743924],[100.493616,13.743523],[100.494098,13.743773],[100.493901,13.743886],[100.493728,13.744002],[100.493762,13.74406],[100.493776,13.744166],[100.493239,13.743924]]]]}},
{"type":"Feature","id":"osm-w911103632","properties":{"id":"osm-w911103632","osm_id":911103632,"osm_type":"way","name":null,"name_en":null,"class":"marketplace","classes_all":["marketplace"],"tags":{"amenity":"marketplace"},"area_m2":6594.3,"size_band":"small","district":"อำเภอเมืองนครปฐม","district_en":"Mueang Nakhon Pathom District","district_osm_id":18931445,"province":"จังหวัดนครปฐม","province_iso":"TH-73","multi_district":false,"reason_excluded":null,"reasons_all":[],"flags":[],"related_ids":{},"poi_inside":[],"opening_hours":null,"verification_mode":"continuous_gps","floor_level":null,"rep_point":[100.064602,13.825673]},"geometry":{"type":"MultiPolygon","coordinates":[[[[100.064119,13.825466],[100.064128,13.825274],[100.064216,13.825091],[100.064479,13.825221],[100.064678,13.825291],[100.064906,13.825337],[100.064904,13.825385],[100.064888,13.825863],[100.064878,13.826155],[100.064695,13.826155],[100.064681,13.826186],[100.064476,13.826184],[100.06448,13.825929],[100.064299,13.825923],[100.064306,13.825896],[100.064312,13.825483],[100.064313,13.825466],[100.064119,13.825466]]]]}},
{"type":"Feature","id":"osm-w911154889","properties":{"id":"osm-w911154889","osm_id":911154889,"osm_type":"way","name":"ตลาดตั้งเซียฮวด","name_en":null,"class":"marketplace","classes_all":["marketplace"],"tags":{"amenity":"marketplace","name":"ตลาดตั้งเซียฮวด"},"area_m2":118711.8,"size_band":"large","district":"อำเภอเมืองนครปฐม","district_en":"Mueang Nakhon Pathom District","district_osm_id":18931445,"province":"จังหวัดนครปฐม","province_iso":"TH-73","multi_district":false,"reason_excluded":null,"reasons_all":[],"flags":[],"related_ids":{},"poi_inside":[],"opening_hours":null,"verification_mode":"continuous_gps","floor_level":null,"rep_point":[100.067116,13.813752]},"geometry":{"type":"MultiPolygon","coordinates":[[[[100.065437,13.815518],[100.065621,13.814661],[100.065661,13.814441],[100.065702,13.814259],[100.065768,13.813911],[100.065815,13.813514],[100.06611,13.813043],[100.066153,13.812975],[100.066163,13.81294],[100.066431,13.812054],[100.066459,13.811961],[100.066854,13.812043],[100.068703,13.812427],[100.068476,13.813592],[100.068363,13.814173],[100.068573,13.814298],[100.069085,13.81534],[100.069107,13.815818],[100.065437,13.815518]]]]}},
{"type":"Feature","id":"osm-w911154890","properties":{"id":"osm-w911154890","osm_id":911154890,"osm_type":"way","name":null,"name_en":null,"class":"garden","classes_all":["garden"],"tags":{"landuse":"recreation_ground","leisure":"garden"},"area_m2":49418.7,"size_band":"medium","district":"อำเภอเมืองนครปฐม","district_en":"Mueang Nakhon Pathom District","district_osm_id":18931445,"province":"จังหวัดนครปฐม","province_iso":"TH-73","multi_district":false,"reason_excluded":null,"reasons_all":[],"flags":[],"related_ids":{"blockers":{"religious":{"ids":["osm-w907615026"],"share":0.0}}},"poi_inside":[],"opening_hours":null,"verification_mode":"continuous_gps","floor_level":null,"rep_point":[100.064177,13.819036]},"geometry":{"type":"MultiPolygon","coordinates":[[[[100.062322,13.818662],[100.062434,13.818015],[100.063335,13.818115],[100.063531,13.818088],[100.063624,13.81797],[100.065558,13.818115],[100.065562,13.819602],[100.064598,13.819634],[100.064599,13.81937],[100.063887,13.81936],[100.062746,13.819353],[100.06284,13.818718],[100.062322,13.818662]]]]}},
{"type":"Feature","id":"osm-w915890943","properties":{"id":"osm-w915890943","osm_id":915890943,"osm_type":"way","name":"MEGA Park","name_en":null,"class":"park","classes_all":["park"],"tags":{"leisure":"park","name":"MEGA Park","operator":"MEGA Bangna"},"area_m2":8013.8,"size_band":"small","district":"อำเภอบางพลี","district_en":"Bang Phli District","district_osm_id":11580982,"province":"จังหวัดสมุทรปราการ","province_iso":"TH-11","multi_district":false,"reason_excluded":null,"reasons_all":[],"flags":[],"related_ids":{},"poi_inside":[],"opening_hours":null,"verification_mode":"continuous_gps","floor_level":null,"rep_point":[100.677709,13.643624]},"geometry":{"type":"MultiPolygon","coordinates":[[[[100.67733,13.64268],[100.677492,13.642632],[100.677495,13.642642],[100.677648,13.643063],[100.677658,13.64309],[100.677778,13.64332],[100.678016,13.643895],[100.677989,13.644236],[100.678034,13.644598],[100.678034,13.644752],[100.677964,13.644784],[100.67765,13.644422],[100.67749,13.644018],[100.677469,13.643763],[100.67756,13.643485],[100.677564,13.643361],[100.677462,13.643123],[100.677371,13.64283],[100.67733,13.64268]]]]}},
{"type":"Feature","id":"osm-w92362832","properties":{"id":"osm-w92362832","osm_id":92362832,"osm_type":"way","name":"สวนวนธรรม","name_en":"Wanadharm Park","class":"park","classes_all":["park"],"tags":{"addr:street":"ถนนเฉลิมพระเกียรติ ร.9 ซอย 7","leisure":"park","name":"สวนวนธรรม","name:en":"Wanadharm Park","name:th":"สวนวนธรรม","opening_hours":"05:00-21:00","website":"http://203.155.220.217/office/ppdd/publicpark/thai/2011/park17.asp","wikidata":"Q124023139","wikipedia":"th:สวนวนธรรม"},"area_m2":48929.2,"size_band":"medium","district":"เขตประเวศ","district_en":"Prawet District","district_osm_id":3146414,"province":"กรุงเทพมหานคร","province_iso":"TH-10","multi_district":false,"reason_excluded":null,"reasons_all":[],"flags":[],"related_ids":{},"poi_inside":[],"opening_hours":"05:00-21:00","verification_mode":"continuous_gps","floor_level":null,"rep_point":[100.656998,13.6829]},"geometry":{"type":"MultiPolygon","coordinates":[[[[100.655491,13.683841],[100.655503,13.683544],[100.655581,13.683291],[100.655703,13.683037],[100.65592,13.682763],[100.6562,13.682462],[100.65724,13.681683],[100.658512,13.683321],[100.65802,13.683628],[100.656478,13.683925],[100.655537,13.684084],[100.655491,13.683841]]]]}},
{"type":"Feature","id":"osm-w93061578","properties":{"id":"osm-w93061578","osm_id":93061578,"osm_type":"way","name":"สวน 60 พรรษา สมเด็จพระนางเจ้าฯ พระบรมราชินีนาถ","name_en":"Her Majesty the Queen's 60th Birthday Park","class":"park","classes_all":["park"],"tags":{"addr:street":"ถนนเคหะร่มเกล้า","leisure":"park","name":"สวน 60 พรรษา สมเด็จพระนางเจ้าฯ พระบรมราชินีนาถ","name:en":"Her Majesty the Queen's 60th Birthday Park","name:th":"สวน 60 พรรษา สมเด็จพระนางเจ้าฯ พระบรมราชินีนาถ","opening_hours":"05:00-21:00","website":"http://203.155.220.217/office/ppdd/publicpark/thai/2011/park20.asp"},"area_m2":85841.8,"size_band":"large","district":"เขตลาดกระบัง","district_en":"Lat Krabang District","district_osm_id":3147500,"province":"กรุงเทพมหานคร","province_iso":"TH-10","multi_district":false,"reason_excluded":null,"reasons_all":[],"flags":["contains_religious_feature"],"related_ids":{"blockers":{"religious":{"ids":["osm-n1078724788"],"share":0.0018}},"religious_blockers":["osm-n1078724788"]},"poi_inside":[],"opening_hours":"05:00-21:00","verification_mode":"continuous_gps","floor_level":null,"rep_point":[100.732402,13.76333]},"geometry":{"type":"MultiPolygon","coordinates":[[[[100.730196,13.763068],[100.731743,13.762003],[100.732134,13.761832],[100.733122,13.761829],[100.733125,13.762499],[100.73438,13.762522],[100.734465,13.762745],[100.734372,13.76382],[100.733358,13.763681],[100.732699,13.763591],[100.732036,13.764066],[100.732442,13.764612],[100.731944,13.764956],[100.731754,13.765076],[100.731696,13.76508],[100.73166,13.765056],[100.731562,13.764914],[100.730196,13.763068]]]]}},
{"type":"Feature","id":"osm-w94669639","properties":{"id":"osm-w94669639","osm_id":94669639,"osm_type":"way","name":"อุทยานมกุฎรมยสราญ","name_en":"Makut Rommayasaran Park","class":"park","classes_all":["park"],"tags":{"leisure":"park","name":"อุทยานมกุฎรมยสราญ","name:en":"Makut Rommayasaran Park","source":"yahoo aerial"},"area_m2":83767.3,"size_band":"large","district":"อำเภอเมืองนนทบุรี","district_en":"Mueang Nonthaburi District","district_osm_id":2688300,"province":"จังหวัดนนทบุรี","province_iso":"TH-12","multi_district":false,"reason_excluded":null,"reasons_all":[],"flags":[],"related_ids":{"blockers":{"government":{"ids":["osm-w199988238"],"share":0.0}}},"poi_inside":[],"opening_hours":null,"verification_mode":"continuous_gps","floor_level":null,"rep_point":[100.515714,13.861027]},"geometry":{"type":"MultiPolygon","coordinates":[[[[100.513687,13.860449],[100.51744,13.859913],[100.517794,13.861605],[100.516158,13.861847],[100.516201,13.862067],[100.516142,13.86214],[100.51578,13.8622],[100.515666,13.862024],[100.513902,13.862252],[100.513687,13.860449]]]]}},
{"type":"Feature","id":"osm-w947297055","properties":{"id":"osm-w947297055","osm_id":947297055,"osm_type":"way","name":"สวนสันติพร","name_en":null,"class":"park","classes_all":["park"],"tags":{"leisure":"park","name":"สวนสันติพร","name:th":"สวนสันติพร"},"area_m2":3859.4,"size_band":"small","district":"เขตพระนคร","district_en":"Phra Nakhon District","district_osm_id":92053,"province":"กรุงเทพมหานคร","province_iso":"TH-10","multi_district":false,"reason_excluded":null,"reasons_all":[],"flags":[],"related_ids":{},"poi_inside":[],"opening_hours":null,"verification_mode":"continuous_gps","floor_level":null,"rep_point":[100.495479,13.758466]},"geometry":{"type":"MultiPolygon","coordinates":[[[[100.494986,13.758566],[100.494999,13.758421],[100.495046,13.758296],[100.495121,13.758181],[100.495149,13.758189],[100.495813,13.758387],[100.495806,13.758432],[100.495805,13.758444],[100.496121,13.758487],[100.496105,13.758506],[100.495268,13.758683],[100.495256,13.758686],[100.495013,13.758734],[100.495003,13.758697],[100.494986,13.758566]]]]}},
{"type":"Feature","id":"osm-w948977589","properties":{"id":"osm-w948977589","osm_id":948977589,"osm_type":"way","name":"ICS Klong Field","name_en":null,"class":"pitch","classes_all":["pitch"],"tags":{"leisure":"pitch","name":"ICS Klong Field","sport":"soccer","surface":"grass"},"area_m2":6827.5,"size_band":"small","district":"อำเภอบางพลี","district_en":"Bang Phli District","district_osm_id":11580982,"province":"จังหวัดสมุทรปราการ","province_iso":"TH-11","multi_district":false,"reason_excluded":null,"reasons_all":[],"flags":[],"related_ids":{},"poi_inside":[],"opening_hours":null,"verification_mode":"continuous_gps","floor_level":null,"rep_point":[100.654395,13.668632]},"geometry":{"type":"MultiPolygon","coordinates":[[[[100.653804,13.668422],[100.654858,13.668327],[100.654961,13.668842],[100.653987,13.668998],[100.653804,13.668422]]]]}},
{"type":"Feature","id":"osm-w950315091","properties":{"id":"osm-w950315091","osm_id":950315091,"osm_type":"way","name":"ถนนคนเดินคลองโอ่งอ่าง","name_en":"Khlong Ong Ang Walking Street","class":"marketplace","classes_all":["marketplace"],"tags":{"amenity":"marketplace","name":"ถนนคนเดินคลองโอ่งอ่าง","name:en":"Khlong Ong Ang Walking Street","name:th":"ถนนคนเดินคลองโอ่งอ่าง","opening_hours":"Fr-Su 16:00-22:00"},"area_m2":12505.3,"size_band":"medium","district":"เขตพระนคร","district_en":"Phra Nakhon District","district_osm_id":92053,"province":"กรุงเทพมหานคร","province_iso":"TH-10","multi_district":true,"reason_excluded":null,"reasons_all":[],"flags":["crosses_major_way","multi_district"],"related_ids":{"districts":[92053,92056],"major_ways":["osm-w25706975","osm-w832948771"]},"poi_inside":[{"id":"osm-n14081460401","osm_id":14081460401,"tag":"historic=monument","name":null}],"opening_hours":"Fr-Su 16:00-22:00","verification_mode":"continuous_gps","floor_level":null,"rep_point":[100.503078,13.744685]},"geometry":{"type":"MultiPolygon","coordinates":[[[[100.501599,13.742739],[100.501638,13.742712],[100.501784,13.742653],[100.501826,13.742635],[100.502767,13.744032],[100.503226,13.744672],[100.503296,13.744782],[100.503568,13.745236],[100.503619,13.745363],[100.503963,13.746698],[100.50395,13.7467],[100.503799,13.746734],[100.503791,13.746736],[100.503513,13.745835],[100.503423,13.745539],[100.503423,13.745536],[100.503395,13.745444],[100.503345,13.745267],[100.503316,13.745171],[100.503148,13.744928],[100.503135,13.744917],[100.50312,13.744916],[100.503094,13.74493],[100.503075,13.744902],[100.503006,13.744797],[100.502984,13.74477],[100.502931,13.744698],[100.502829,13.74456],[100.502814,13.744539],[100.502576,13.744152],[100.501599,13.742739]]]]}},
{"type":"Feature","id":"osm-w96936815","properties":{"id":"osm-w96936815","osm_id":96936815,"osm_type":"way","name":"พระราชวังสนามจันทร์","name_en":"Sanam Chandra Palace","class":"park","classes_all":["park"],"tags":{"leisure":"park","name":"พระราชวังสนามจันทร์","name:en":"Sanam Chandra Palace","note":"this polygon is only as large as I confirmed via survey that the area is really a park, the actual area might be even bigger"},"area_m2":130263.7,"size_band":"large","district":"อำเภอเมืองนครปฐม","district_en":"Mueang Nakhon Pathom District","district_osm_id":18931445,"province":"จังหวัดนครปฐม","province_iso":"TH-73","multi_district":false,"reason_excluded":null,"reasons_all":[],"flags":["contains_religious_feature","crosses_major_way","review_required"],"related_ids":{"blockers":{"religious":{"ids":["osm-w1472988301"],"share":0.0001}},"major_ways":["osm-w96941641"],"religious_blockers":["osm-w1472988301"],"review_reasons":["review_name"]},"poi_inside":[{"id":"osm-n1123345225","osm_id":1123345225,"tag":"historic=monument","name":"อนุสาวรีย์ย่าเหล"},{"id":"osm-n2661388654","osm_id":2661388654,"tag":"tourism=attraction","name":"พระราชวังสนามจันทร์"}],"opening_hours":null,"verification_mode":"continuous_gps","floor_level":null,"rep_point":[100.045864,13.819475]},"geometry":{"type":"MultiPolygon","coordinates":[[[[100.04386,13.819049],[100.044299,13.818878],[100.044272,13.818732],[100.044196,13.818047],[100.045089,13.817983],[100.046356,13.8181],[100.047598,13.818227],[100.047621,13.818529],[100.047872,13.818869],[100.04788,13.819085],[100.047517,13.821287],[100.04735,13.82166],[100.046981,13.821474],[100.046922,13.821417],[100.046847,13.821364],[100.046729,13.821333],[100.046632,13.821302],[100.04645,13.821266],[100.046321,13.821245],[100.046251,13.821292],[100.04616,13.821328],[100.046106,13.821297],[100.046053,13.821234],[100.046031,13.821172],[100.046064,13.821099],[100.046069,13.821036],[100.046005,13.820969],[100.045994,13.82089],[100.045967,13.820786],[100.045903,13.820666],[100.045817,13.820614],[100.045742,13.820646],[100.045661,13.820692],[100.045565,13.820734],[100.045516,13.820797],[100.045468,13.82087],[100.045425,13.82089],[100.045372,13.82087],[100.045284,13.820826],[100.045205,13.820766],[100.045103,13.820677],[100.04498,13.82063],[100.044867,13.820594],[100.044787,13.82064],[100.044776,13.820719],[100.044706,13.820755],[100.04462,13.820781],[100.044562,13.820838],[100.044508,13.820937],[100.044545,13.821069],[100.043939,13.820945],[100.044094,13.820188],[100.043959,13.819866],[100.04386,13.819049]]]]}},
{"type":"Feature","id":"osm-w96940846","properties":{"id":"osm-w96940846","osm_id":96940846,"osm_type":"way","name":null,"name_en":null,"class":"park","classes_all":["park"],"tags":{"leisure":"park"},"area_m2":7490.9,"size_band":"small","district":"อำเภอเมืองนครปฐม","district_en":"Mueang Nakhon Pathom District","district_osm_id":18931445,"province":"จังหวัดนครปฐม","province_iso":"TH-73","multi_district":false,"reason_excluded":null,"reasons_all":[],"flags":[],"related_ids":{},"poi_inside":[],"opening_hours":null,"verification_mode":"continuous_gps","floor_level":null,"rep_point":[100.045487,13.821245]},"geometry":{"type":"MultiPolygon","coordinates":[[[[100.044964,13.82149],[100.044985,13.821391],[100.045012,13.821292],[100.045055,13.821151],[100.045151,13.821057],[100.045264,13.821031],[100.045409,13.82101],[100.045484,13.821],[100.045586,13.820958],[100.045618,13.820859],[100.045688,13.820802],[100.045742,13.820776],[100.045801,13.820786],[100.045865,13.820828],[100.045881,13.820885],[100.045854,13.820958],[100.045919,13.820963],[100.045956,13.821031],[100.045956,13.821125],[100.045962,13.821161],[100.045892,13.821203],[100.045913,13.82124],[100.045983,13.82125],[100.045999,13.821328],[100.045967,13.821375],[100.045913,13.821422],[100.045886,13.821479],[100.045833,13.821557],[100.045822,13.82162],[100.045758,13.821646],[100.045688,13.821677],[100.045613,13.821672],[100.045543,13.821641],[100.045484,13.82162],[100.045409,13.82162],[100.045356,13.821641],[100.045313,13.821698],[100.045248,13.821708],[100.0452,13.821677],[100.045103,13.82162],[100.045039,13.821599],[100.044991,13.821562],[100.044964,13.82149]]]]}},
{"type":"Feature","id":"osm-w96941085","properties":{"id":"osm-w96941085","osm_id":96941085,"osm_type":"way","name":null,"name_en":null,"class":"park","classes_all":["park"],"tags":{"leisure":"park"},"area_m2":15339.3,"size_band":"medium","district":"อำเภอเมืองนครปฐม","district_en":"Mueang Nakhon Pathom District","district_osm_id":18931445,"province":"จังหวัดนครปฐม","province_iso":"TH-73","multi_district":false,"reason_excluded":null,"reasons_all":[],"flags":[],"related_ids":{},"poi_inside":[],"opening_hours":null,"verification_mode":"continuous_gps","floor_level":null,"rep_point":[100.051052,13.817645]},"geometry":{"type":"MultiPolygon","coordinates":[[[[100.050409,13.817568],[100.05042,13.817412],[100.050468,13.817242],[100.05052,13.817176],[100.050584,13.817135],[100.050642,13.817094],[100.050715,13.817078],[100.050811,13.817073],[100.051405,13.817146],[100.051484,13.817166],[100.05153,13.817206],[100.051568,13.817273],[100.051615,13.817351],[100.051749,13.81785],[100.051754,13.8179],[100.051744,13.817951],[100.051728,13.817996],[100.051687,13.818031],[100.051635,13.818057],[100.051335,13.81814],[100.05079,13.818232],[100.050687,13.818248],[100.050625,13.818218],[100.050521,13.818142],[100.050462,13.81807],[100.050431,13.817983],[100.050409,13.817723],[100.050409,13.817568]]]]}},
{"type":"Feature","id":"osm-w97964930","properties":{"id":"osm-w97964930","osm_id":97964930,"osm_type":"way","name":"เซ็นทรัลปาร์คพระราม 2","name_en":"Central Park Rama II","class":"park","classes_all":["park"],"tags":{"leisure":"park","name":"เซ็นทรัลปาร์คพระราม 2","name:en":"Central Park Rama II","name:th":"เซ็นทรัลปาร์คพระราม 2"},"area_m2":21991.3,"size_band":"medium","district":"เขตบางขุนเทียน","district_en":"Bang Khun Thian District","district_osm_id":3147313,"province":"กรุงเทพมหานคร","province_iso":"TH-10","multi_district":false,"reason_excluded":null,"reasons_all":[],"flags":[],"related_ids":{"blockers":{"education":{"ids":["osm-w1158884931"],"share":0.0}}},"poi_inside":[],"opening_hours":null,"verification_mode":"continuous_gps","floor_level":null,"rep_point":[100.435851,13.665019]},"geometry":{"type":"MultiPolygon","coordinates":[[[[100.434902,13.665726],[100.435729,13.664277],[100.435769,13.664297],[100.436076,13.663734],[100.436205,13.663876],[100.43673,13.6642],[100.436728,13.664244],[100.436722,13.664353],[100.436728,13.66443],[100.436739,13.664494],[100.436616,13.664668],[100.436078,13.665525],[100.436074,13.665532],[100.435806,13.66537],[100.43542,13.665981],[100.435389,13.666036],[100.434902,13.665726]]]]}},
{"type":"Feature","id":"osm-w983080655","properties":{"id":"osm-w983080655","osm_id":983080655,"osm_type":"way","name":"ตลาดนัดมะลิ","name_en":"Mali Market","class":"marketplace","classes_all":["marketplace"],"tags":{"amenity":"marketplace","landuse":"retail","name":"ตลาดนัดมะลิ","name:en":"Mali Market","opening_hours":"Mo-Su 17:00-00:00"},"area_m2":77496.5,"size_band":"large","district":"อำเภอปากเกร็ด","district_en":"Pak Kret District","district_osm_id":2688301,"province":"จังหวัดนนทบุรี","province_iso":"TH-12","multi_district":false,"reason_excluded":null,"reasons_all":[],"flags":[],"related_ids":{},"poi_inside":[],"opening_hours":"Mo-Su 17:00-00:00","verification_mode":"continuous_gps","floor_level":null,"rep_point":[100.543725,13.927324]},"geometry":{"type":"MultiPolygon","coordinates":[[[[100.541883,13.927938],[100.544038,13.9254],[100.544391,13.925762],[100.545638,13.92671],[100.543313,13.929121],[100.541883,13.927938]]]]}},
{"type":"Feature","id":"osm-w983080656","properties":{"id":"osm-w983080656","osm_id":983080656,"osm_type":"way","name":null,"name_en":null,"class":"pitch","classes_all":["pitch"],"tags":{"leisure":"pitch","sport":"soccer"},"area_m2":9329.1,"size_band":"small","district":"อำเภอปากเกร็ด","district_en":"Pak Kret District","district_osm_id":2688301,"province":"จังหวัดนนทบุรี","province_iso":"TH-12","multi_district":false,"reason_excluded":null,"reasons_all":[],"flags":[],"related_ids":{},"poi_inside":[],"opening_hours":null,"verification_mode":"continuous_gps","floor_level":null,"rep_point":[100.541921,13.928748]},"geometry":{"type":"MultiPolygon","coordinates":[[[[100.541285,13.928936],[100.54201,13.928108],[100.542557,13.92856],[100.541833,13.929388],[100.541285,13.928936]]]]}},
{"type":"Feature","id":"osm-w985908371","properties":{"id":"osm-w985908371","osm_id":985908371,"osm_type":"way","name":null,"name_en":null,"class":"park","classes_all":["park"],"tags":{"leisure":"park"},"area_m2":4238.8,"size_band":"small","district":"เขตคลองสามวา","district_en":"Khlong Sam Wa District","district_osm_id":2997412,"province":"กรุงเทพมหานคร","province_iso":"TH-10","multi_district":false,"reason_excluded":null,"reasons_all":[],"flags":[],"related_ids":{},"poi_inside":[],"opening_hours":null,"verification_mode":"continuous_gps","floor_level":null,"rep_point":[100.712716,13.87097]},"geometry":{"type":"MultiPolygon","coordinates":[[[[100.71198,13.871494],[100.712,13.871389],[100.712614,13.871409],[100.712667,13.870552],[100.712789,13.870552],[100.712793,13.871796],[100.712651,13.871782],[100.712444,13.871717],[100.712274,13.87165],[100.712117,13.871578],[100.71198,13.871494]]]]}},
{"type":"Feature","id":"osm-w986167564","properties":{"id":"osm-w986167564","osm_id":986167564,"osm_type":"way","name":null,"name_en":null,"class":"park","classes_all":["park"],"tags":{"leisure":"park"},"area_m2":4797.6,"size_band":"small","district":"เขตคลองสามวา","district_en":"Khlong Sam Wa District","district_osm_id":2997412,"province":"กรุงเทพมหานคร","province_iso":"TH-10","multi_district":false,"reason_excluded":null,"reasons_all":[],"flags":[],"related_ids":{},"poi_inside":[],"opening_hours":null,"verification_mode":"continuous_gps","floor_level":null,"rep_point":[100.710467,13.873569]},"geometry":{"type":"MultiPolygon","coordinates":[[[[100.709536,13.873505],[100.709616,13.873394],[100.710162,13.873421],[100.710158,13.873469],[100.710251,13.873472],[100.710297,13.87343],[100.711403,13.873487],[100.711388,13.873648],[100.711144,13.873637],[100.710901,13.87364],[100.710639,13.873634],[100.710383,13.873642],[100.710149,13.873664],[100.709937,13.873687],[100.709588,13.873729],[100.709545,13.873696],[100.709536,13.873505]]]]}},
{"type":"Feature","id":"osm-w986167566","properties":{"id":"osm-w986167566","osm_id":986167566,"osm_type":"way","name":null,"name_en":null,"class":"park","classes_all":["park"],"tags":{"leisure":"park"},"area_m2":3485.7,"size_band":"small","district":"เขตคลองสามวา","district_en":"Khlong Sam Wa District","district_osm_id":2997412,"province":"กรุงเทพมหานคร","province_iso":"TH-10","multi_district":false,"reason_excluded":null,"reasons_all":[],"flags":[],"related_ids":{},"poi_inside":[],"opening_hours":null,"verification_mode":"continuous_gps","floor_level":null,"rep_point":[100.712723,13.873705]},"geometry":{"type":"MultiPolygon","coordinates":[[[[100.711616,13.87366],[100.711628,13.87352],[100.713218,13.873601],[100.713193,13.873873],[100.712944,13.873831],[100.712716,13.87378],[100.712404,13.87372],[100.712069,13.87369],[100.711831,13.87367],[100.711616,13.87366]]]]}},
{"type":"Feature","id":"osm-w986518095","properties":{"id":"osm-w986518095","osm_id":986518095,"osm_type":"way","name":null,"name_en":null,"class":"park","classes_all":["park"],"tags":{"leisure":"park"},"area_m2":8594.9,"size_band":"small","district":"เขตคลองสามวา","district_en":"Khlong Sam Wa District","district_osm_id":2997412,"province":"กรุงเทพมหานคร","province_iso":"TH-10","multi_district":false,"reason_excluded":null,"reasons_all":[],"flags":[],"related_ids":{},"poi_inside":[],"opening_hours":null,"verification_mode":"continuous_gps","floor_level":null,"rep_point":[100.712268,13.867454]},"geometry":{"type":"MultiPolygon","coordinates":[[[[100.712024,13.867064],[100.712063,13.866923],[100.71214,13.866674],[100.712222,13.866457],[100.712328,13.866331],[100.712506,13.866331],[100.712438,13.868279],[100.712173,13.868268],[100.712081,13.868155],[100.712093,13.86794],[100.712086,13.867619],[100.712051,13.867289],[100.712024,13.867064]]]]}},
{"type":"Feature","id":"osm-w99029135","properties":{"id":"osm-w99029135","osm_id":99029135,"osm_type":"way","name":"สวนสันติภาพ","name_en":"Santi Phap Park","class":"park","classes_all":["park"],"tags":{"addr:district":"ราชเทวี","addr:postcode":"10400","addr:province":"กรุงเทพมหานคร","addr:street":"ถนนราชวิถี","addr:subdistrict":"ถนนพญาไท","alt_name:en":"Peace Park","check_date:opening_hours":"2026-01-04","fee":"no","leisure":"park","name":"สวนสันติภาพ","name:en":"Santi Phap Park","name:th":"สวนสันติภาพ","opening_hours":"05:00-21:00","phone":"+66-2-2452461","source":"https://www.trip.com/travel-guide/attraction/bangkok/santiphap-park-61994649?curr=USD&locale=en-XX","toilets":"yes","website":"https://greener.bangkok.go.th/park/suan-santipap/","wikidata":"Q6896314","wikipedia":"en:Santiphap Park"},"area_m2":28403.2,"size_band":"medium","district":"เขตราชเทวี","district_en":"Ratchathewi District","district_osm_id":92064,"province":"กรุงเทพมหานคร","province_iso":"TH-10","multi_district":false,"reason_excluded":null,"reasons_all":[],"flags":[],"related_ids":{},"poi_inside":[{"id":"osm-n13718179680","osm_id":13718179680,"tag":"tourism=attraction","name":null}],"opening_hours":"05:00-21:00","verification_mode":"continuous_gps","floor_level":null,"rep_point":[100.540655,13.761563]},"geometry":{"type":"MultiPolygon","coordinates":[[[[100.539549,13.760201],[100.539771,13.760108],[100.539801,13.760096],[100.540138,13.759942],[100.541868,13.763069],[100.541762,13.763071],[100.541783,13.763117],[100.541764,13.763124],[100.541727,13.763113],[100.541691,13.763119],[100.541656,13.763143],[100.541634,13.763179],[100.541619,13.763185],[100.54159,13.763124],[100.541543,13.76315],[100.541532,13.763234],[100.541506,13.763246],[100.541493,13.763235],[100.541457,13.763228],[100.54137,13.763234],[100.541328,13.763199],[100.541283,13.763221],[100.54117,13.763278],[100.540518,13.762036],[100.540031,13.761091],[100.539704,13.760487],[100.539549,13.760201]]]]}},
{"type":"Feature","id":"osm-w99183813","properties":{"id":"osm-w99183813","osm_id":99183813,"osm_type":"way","name":"ตลาดธนบุรี สนามหลวง 2","name_en":"Thon Buri Sanamluang 2 Market","class":"marketplace","classes_all":["marketplace"],"tags":{"amenity":"marketplace","name":"ตลาดธนบุรี สนามหลวง 2","name:en":"Thon Buri Sanamluang 2 Market","name:th":"ตลาดธนบุรี สนามหลวง 2"},"area_m2":53604.5,"size_band":"large","district":"เขตทวีวัฒนา","district_en":"Thawi Watthana District","district_osm_id":2939955,"province":"กรุงเทพมหานคร","province_iso":"TH-10","multi_district":false,"reason_excluded":null,"reasons_all":[],"flags":[],"related_ids":{},"poi_inside":[],"opening_hours":null,"verification_mode":"continuous_gps","floor_level":null,"rep_point":[100.352251,13.747126]},"geometry":{"type":"MultiPolygon","coordinates":[[[[100.351,13.74794],[100.351104,13.746272],[100.353488,13.746388],[100.353413,13.747863],[100.353338,13.748447],[100.352163,13.748171],[100.351594,13.748118],[100.351,13.74794]]]]}}
]}
