{"type":"FeatureCollection","coverage_meta":{"data_date":"2026-09-01T20:20:50Z","attribution":"© OpenStreetMap contributors","license":"ODbL-1.0 (https://opendatacommons.org/licenses/odbl/1-0/)"},"features":[
{"type":"Feature","id":"osm-n10292742342","properties":{"id":"osm-n10292742342","osm_id":10292742342,"osm_type":"node","name":"ตลาดปัฐวิกรณ์","tags":{"amenity":"marketplace","name":"ตลาดปัฐวิกรณ์","name:en":"Patthavikorn Market","name:th":"ตลาดปัฐวิกรณ์"},"district":"เขตบึงกุ่ม","district_osm_id":2946805,"province":"กรุงเทพมหานคร","province_iso":"TH-10","reason_excluded":"point_only"},"geometry":{"type":"Point","coordinates":[100.65259,13.813783]}},
{"type":"Feature","id":"osm-n1034877297","properties":{"id":"osm-n1034877297","osm_id":1034877297,"osm_type":"node","name":"ป้อมพระจุลจอมเกล้า","tags":{"historic":"archaeological_site","name":"ป้อมพระจุลจอมเกล้า","name:en":"Fort King Chulalongkorn","name:th":"ป้อมพระจุลจอมเกล้า","source":"http://th.wikipedia.org/wiki/%E0%B8%9B%E0%B9%89%E0%B8%AD%E0%B8%A1%E0%B8%9E%E0%B8%A3%E0%B8%B0%E0%B8%88%E0%B8%B8%E0%B8%A5%E0%B8%88%E0%B8%AD%E0%B8%A1%E0%B9%80%E0%B8%81%E0%B8%A5%E0%B9%89%E0%B8%B2"},"district":"อำเภอพระสมุทรเจดีย์","district_osm_id":10958328,"province":"จังหวัดสมุทรปราการ","province_iso":"TH-11","reason_excluded":"point_only"},"geometry":{"type":"Point","coordinates":[100.583767,13.537827]}},
{"type":"Feature","id":"osm-n10537530628","properties":{"id":"osm-n10537530628","osm_id":10537530628,"osm_type":"node","name":"คลองสองวิถี","tags":{"name":"คลองสองวิถี","name:en":"Canal of changing salinity","name:th":"คลองสองวิถี","tourism":"attraction"},"district":"อำเภอพระประแดง","district_osm_id":11580984,"province":"จังหวัดสมุทรปราการ","province_iso":"TH-11","reason_excluded":"point_only"},"geometry":{"type":"Point","coordinates":[100.570139,13.69646]}},
{"type":"Feature","id":"osm-n10537530636","properties":{"id":"osm-n10537530636","osm_id":10537530636,"osm_type":"node","name":"วิถีชีวิตริมบึง","tags":{"name":"วิถีชีวิตริมบึง","name:en":"Life at the pond","name:th":"วิถีชีวิตริมบึง","tourism":"attraction"},"district":"อำเภอพระประแดง","district_osm_id":11580984,"province":"จังหวัดสมุทรปราการ","province_iso":"TH-11","reason_excluded":"point_only"},"geometry":{"type":"Point","coordinates":[100.567881,13.696679]}},
{"type":"Feature","id":"osm-n10537530637","properties":{"id":"osm-n10537530637","osm_id":10537530637,"osm_type":"node","name":"วิถีชีวิตชาวสวนคุ้งบางกระเจ้า","tags":{"name":"วิถีชีวิตชาวสวนคุ้งบางกระเจ้า","name:en":"Orchard Tradition in Bangkachao","name:th":"วิถีชีวิตชาวสวนคุ้งบางกระเจ้า","tourism":"attraction"},"district":"อำเภอพระประแดง","district_osm_id":11580984,"province":"จังหวัดสมุทรปราการ","province_iso":"TH-11","reason_excluded":"point_only"},"geometry":{"type":"Point","coordinates":[100.569323,13.694949]}},
{"type":"Feature","id":"osm-n10693106205","properties":{"id":"osm-n10693106205","osm_id":10693106205,"osm_type":"node","name":null,"tags":{"addr:postcode":"10330","name:en":"Dragon town","tourism":"attraction"},"district":"เขตปทุมวัน","district_osm_id":92063,"province":"กรุงเทพมหานคร","province_iso":"TH-10","reason_excluded":"point_only"},"geometry":{"type":"Point","coordinates":[100.524319,13.74122]}},
{"type":"Feature","id":"osm-n10707549184","properties":{"id":"osm-n10707549184","osm_id":10707549184,"osm_type":"node","name":null,"tags":{"historic":"memorial","memorial":"plaque"},"district":"เขตปทุมวัน","district_osm_id":92063,"province":"กรุงเทพมหานคร","province_iso":"TH-10","reason_excluded":"point_only"},"geometry":{"type":"Point","coordinates":[100.528192,13.739325]}},
{"type":"Feature","id":"osm-n10750002883","properties":{"id":"osm-n10750002883","osm_id":10750002883,"osm_type":"node","name":"The Street Ratchada Night Market","tags":{"amenity":"marketplace","name":"The Street Ratchada Night Market","opening_hours":"Mo-Su 17:00-23:00","wheelchair":"limited"},"district":"เขตดินแดง","district_osm_id":2938031,"province":"กรุงเทพมหานคร","province_iso":"TH-10","reason_excluded":"point_only"},"geometry":{"type":"Point","coordinates":[100.572644,13.770042]}},
{"type":"Feature","id":"osm-n10760950092","properties":{"id":"osm-n10760950092","osm_id":10760950092,"osm_type":"node","name":null,"tags":{"name:en":"Holy tree","tourism":"attraction"},"district":"เขตสัมพันธวงศ์","district_osm_id":92056,"province":"กรุงเทพมหานคร","province_iso":"TH-10","reason_excluded":"point_only"},"geometry":{"type":"Point","coordinates":[100.51304,13.733268]}},
{"type":"Feature","id":"osm-n10761806034","properties":{"id":"osm-n10761806034","osm_id":10761806034,"osm_type":"node","name":"พระบรมราชานุสาวรีย์ รัชกาลที่ 5","tags":{"access":"permit","historic":"monument","name":"พระบรมราชานุสาวรีย์ รัชกาลที่ 5"},"district":"เขตหลักสี่","district_osm_id":1639288,"province":"กรุงเทพมหานคร","province_iso":"TH-10","reason_excluded":"point_only"},"geometry":{"type":"Point","coordinates":[100.551163,13.879142]}},
{"type":"Feature","id":"osm-n10761806035","properties":{"id":"osm-n10761806035","osm_id":10761806035,"osm_type":"node","name":"พระแม่ธรณีบีบมวยผม","tags":{"access":"permit","historic":"monument","name":"พระแม่ธรณีบีบมวยผม"},"district":"เขตหลักสี่","district_osm_id":1639288,"province":"กรุงเทพมหานคร","province_iso":"TH-10","reason_excluded":"point_only"},"geometry":{"type":"Point","coordinates":[100.552629,13.880672]}},
{"type":"Feature","id":"osm-n10891486510","properties":{"id":"osm-n10891486510","osm_id":10891486510,"osm_type":"node","name":"ตำหนักสมเด็จ","tags":{"castle_type":"stately","historic":"castle","name":"ตำหนักสมเด็จ","name:th":"ตำหนักสมเด็จ"},"district":"เขตพระนคร","district_osm_id":92053,"province":"กรุงเทพมหานคร","province_iso":"TH-10","reason_excluded":"point_only"},"geometry":{"type":"Point","coordinates":[100.499477,13.768879]}},
{"type":"Feature","id":"osm-n10926034305","properties":{"id":"osm-n10926034305","osm_id":10926034305,"osm_type":"node","name":null,"tags":{"tourism":"attraction"},"district":"เขตบางพลัด","district_osm_id":2942281,"province":"กรุงเทพมหานคร","province_iso":"TH-10","reason_excluded":"point_only"},"geometry":{"type":"Point","coordinates":[100.488442,13.772196]}},
{"type":"Feature","id":"osm-n10958212086","properties":{"id":"osm-n10958212086","osm_id":10958212086,"osm_type":"node","name":"ตลาดนัดจุฬา","tags":{"amenity":"marketplace","name":"ตลาดนัดจุฬา","name:en":"Chula Flea Market","name:th":"ตลาดนัดจุฬา","seasonal":"yes"},"district":"เขตปทุมวัน","district_osm_id":92063,"province":"กรุงเทพมหานคร","province_iso":"TH-10","reason_excluded":"point_only"},"geometry":{"type":"Point","coordinates":[100.531508,13.735936]}},
{"type":"Feature","id":"osm-n11013367757","properties":{"id":"osm-n11013367757","osm_id":11013367757,"osm_type":"node","name":"อนุสาวรีย์เจ้าพระยาสุรวงษ์ไวยวัฒน์ (วร บุนนาค)","tags":{"access":"yes","historic":"monument","name":"อนุสาวรีย์เจ้าพระยาสุรวงษ์ไวยวัฒน์ (วร บุนนาค)","name:en":"Monument of Chaophraya Surawong Waiyawat","name:th":"อนุสาวรีย์เจ้าพระยาสุรวงษ์ไวยวัฒน์ (วร บุนนาค)"},"district":"เขตลาดกระบัง","district_osm_id":3147500,"province":"กรุงเทพมหานคร","province_iso":"TH-10","reason_excluded":"point_only"},"geometry":{"type":"Point","coordinates":[100.77997,13.72547]}},
{"type":"Feature","id":"osm-n11013367762","properties":{"id":"osm-n11013367762","osm_id":11013367762,"osm_type":"node","name":"อนุสาวรีย์อาจารย์ ดร.ปิฏฐะ บุนนาค","tags":{"access":"yes","historic":"monument","name":"อนุสาวรีย์อาจารย์ ดร.ปิฏฐะ บุนนาค"},"district":"เขตลาดกระบัง","district_osm_id":3147500,"province":"กรุงเทพมหานคร","province_iso":"TH-10","reason_excluded":"point_only"},"geometry":{"type":"Point","coordinates":[100.782539,13.726199]}},
{"type":"Feature","id":"osm-n1102897666","properties":{"id":"osm-n1102897666","osm_id":1102897666,"osm_type":"node","name":"ตลาดมหาชัย","tags":{"addr:district":"เมืองสมุทรสาคร","addr:postcode":"74000","addr:province":"สมุุทรสาคร","addr:subdistrict":"มหาชัย","amenity":"marketplace","description":"ตลาดมหาชัย ตลาดที่ขึ้นชื่อในเรื่องอาหารทะเล และของกินของฝากคุณภาพที่ได้รับความนิยม มีจุดชมวิวที่สวยงาม การเดินทางสะดวก  Mahachai Market Samutsakhon province is hub of seafood of Thailand , souvenir and food market, street food,\ntourist attraction;ตลาดมหาช","name":"ตลาดมหาชัย","name:en":"Mahachai Market","name:th":"ตลาดมหาชัย"},"district":"อำเภอเมืองสมุทรสาคร","district_osm_id":18935071,"province":"จังหวัดสมุทรสาคร","province_iso":"TH-74","reason_excluded":"point_only"},"geometry":{"type":"Point","coordinates":[100.276287,13.545394]}},
{"type":"Feature","id":"osm-n11054393005","properties":{"id":"osm-n11054393005","osm_id":11054393005,"osm_type":"node","name":null,"tags":{"name:en":"Precious Plastic Bangkok","tourism":"attraction"},"district":"เขตป้อมปราบศัตรูพ่าย","district_osm_id":92058,"province":"กรุงเทพมหานคร","province_iso":"TH-10","reason_excluded":"point_only"},"geometry":{"type":"Point","coordinates":[100.50905,13.757394]}},
{"type":"Feature","id":"osm-n11059228750","properties":{"id":"osm-n11059228750","osm_id":11059228750,"osm_type":"node","name":"ป้อมอินทรรังสรร","tags":{"historic":"ruins","name":"ป้อมอินทรรังสรร","name:en":"Inthararangsarn Fort","name:th":"ป้อมอินทรรังสรร","ruins":"fort"},"district":"เขตพระนคร","district_osm_id":92053,"province":"กรุงเทพมหานคร","province_iso":"TH-10","reason_excluded":"point_only"},"geometry":{"type":"Point","coordinates":[100.489409,13.752197]}},
{"type":"Feature","id":"osm-n11065195792","properties":{"id":"osm-n11065195792","osm_id":11065195792,"osm_type":"node","name":null,"tags":{"historic":"cannon"},"district":"เขตพระนคร","district_osm_id":92053,"province":"กรุงเทพมหานคร","province_iso":"TH-10","reason_excluded":"point_only"},"geometry":{"type":"Point","coordinates":[100.493786,13.75196]}},
{"type":"Feature","id":"osm-n11065195793","properties":{"id":"osm-n11065195793","osm_id":11065195793,"osm_type":"node","name":null,"tags":{"historic":"cannon"},"district":"เขตพระนคร","district_osm_id":92053,"province":"กรุงเทพมหานคร","province_iso":"TH-10","reason_excluded":"point_only"},"geometry":{"type":"Point","coordinates":[100.49384,13.751994]}},
{"type":"Feature","id":"osm-n11065195794","properties":{"id":"osm-n11065195794","osm_id":11065195794,"osm_type":"node","name":null,"tags":{"historic":"cannon"},"district":"เขตพระนคร","district_osm_id":92053,"province":"กรุงเทพมหานคร","province_iso":"TH-10","reason_excluded":"point_only"},"geometry":{"type":"Point","coordinates":[100.493886,13.752]}},
{"type":"Feature","id":"osm-n11065195795","properties":{"id":"osm-n11065195795","osm_id":11065195795,"osm_type":"node","name":null,"tags":{"historic":"cannon"},"district":"เขตพระนคร","district_osm_id":92053,"province":"กรุงเทพมหานคร","province_iso":"TH-10","reason_excluded":"point_only"},"geometry":{"type":"Point","coordinates":[100.493827,13.751928]}},
{"type":"Feature","id":"osm-n11065195796","properties":{"id":"osm-n11065195796","osm_id":11065195796,"osm_type":"node","name":null,"tags":{"historic":"cannon"},"district":"เขตพระนคร","district_osm_id":92053,"province":"กรุงเทพมหานคร","province_iso":"TH-10","reason_excluded":"point_only"},"geometry":{"type":"Point","coordinates":[100.493866,13.751929]}},
{"type":"Feature","id":"osm-n11065195797","properties":{"id":"osm-n11065195797","osm_id":11065195797,"osm_type":"node","name":null,"tags":{"historic":"cannon"},"district":"เขตพระนคร","district_osm_id":92053,"province":"กรุงเทพมหานคร","province_iso":"TH-10","reason_excluded":"point_only"},"geometry":{"type":"Point","coordinates":[100.493905,13.751932]}},
{"type":"Feature","id":"osm-n11065195799","properties":{"id":"osm-n11065195799","osm_id":11065195799,"osm_type":"node","name":null,"tags":{"historic":"cannon"},"district":"เขตพระนคร","district_osm_id":92053,"province":"กรุงเทพมหานคร","province_iso":"TH-10","reason_excluded":"point_only"},"geometry":{"type":"Point","coordinates":[100.493832,13.752147]}},
{"type":"Feature","id":"osm-n11065195800","properties":{"id":"osm-n11065195800","osm_id":11065195800,"osm_type":"node","name":null,"tags":{"historic":"cannon"},"district":"เขตพระนคร","district_osm_id":92053,"province":"กรุงเทพมหานคร","province_iso":"TH-10","reason_excluded":"point_only"},"geometry":{"type":"Point","coordinates":[100.493751,13.752175]}},
{"type":"Feature","id":"osm-n11065195801","properties":{"id":"osm-n11065195801","osm_id":11065195801,"osm_type":"node","name":null,"tags":{"historic":"cannon"},"district":"เขตพระนคร","district_osm_id":92053,"province":"กรุงเทพมหานคร","province_iso":"TH-10","reason_excluded":"point_only"},"geometry":{"type":"Point","coordinates":[100.493769,13.752224]}},
{"type":"Feature","id":"osm-n11065195802","properties":{"id":"osm-n11065195802","osm_id":11065195802,"osm_type":"node","name":null,"tags":{"historic":"cannon"},"district":"เขตพระนคร","district_osm_id":92053,"province":"กรุงเทพมหานคร","province_iso":"TH-10","reason_excluded":"point_only"},"geometry":{"type":"Point","coordinates":[100.493796,13.752244]}},
{"type":"Feature","id":"osm-n11065195803","properties":{"id":"osm-n11065195803","osm_id":11065195803,"osm_type":"node","name":null,"tags":{"historic":"cannon"},"district":"เขตพระนคร","district_osm_id":92053,"province":"กรุงเทพมหานคร","province_iso":"TH-10","reason_excluded":"point_only"},"geometry":{"type":"Point","coordinates":[100.493835,13.752244]}},
{"type":"Feature","id":"osm-n11065195804","properties":{"id":"osm-n11065195804","osm_id":11065195804,"osm_type":"node","name":null,"tags":{"historic":"cannon"},"district":"เขตพระนคร","district_osm_id":92053,"province":"กรุงเทพมหานคร","province_iso":"TH-10","reason_excluded":"point_only"},"geometry":{"type":"Point","coordinates":[100.493867,13.752246]}},
{"type":"Feature","id":"osm-n11065201305","properties":{"id":"osm-n11065201305","osm_id":11065201305,"osm_type":"node","name":null,"tags":{"historic":"cannon"},"district":"เขตพระนคร","district_osm_id":92053,"province":"กรุงเทพมหานคร","province_iso":"TH-10","reason_excluded":"point_only"},"geometry":{"type":"Point","coordinates":[100.493891,13.752255]}},
{"type":"Feature","id":"osm-n11065201306","properties":{"id":"osm-n11065201306","osm_id":11065201306,"osm_type":"node","name":null,"tags":{"historic":"cannon"},"district":"เขตพระนคร","district_osm_id":92053,"province":"กรุงเทพมหานคร","province_iso":"TH-10","reason_excluded":"point_only"},"geometry":{"type":"Point","coordinates":[100.493902,13.752186]}},
{"type":"Feature","id":"osm-n11065201307","properties":{"id":"osm-n11065201307","osm_id":11065201307,"osm_type":"node","name":null,"tags":{"historic":"cannon","name:en":"Thon Pha Sumen"},"district":"เขตพระนคร","district_osm_id":92053,"province":"กรุงเทพมหานคร","province_iso":"TH-10","reason_excluded":"point_only"},"geometry":{"type":"Point","coordinates":[100.493978,13.751224]}},
{"type":"Feature","id":"osm-n11065201308","properties":{"id":"osm-n11065201308","osm_id":11065201308,"osm_type":"node","name":null,"tags":{"historic":"cannon","name:en":"Sin Narayana"},"district":"เขตพระนคร","district_osm_id":92053,"province":"กรุงเทพมหานคร","province_iso":"TH-10","reason_excluded":"point_only"},"geometry":{"type":"Point","coordinates":[100.493936,13.751368]}},
{"type":"Feature","id":"osm-n11065201309","properties":{"id":"osm-n11065201309","osm_id":11065201309,"osm_type":"node","name":null,"tags":{"historic":"cannon","name:en":"Plongtam Hak Kho Suea"},"district":"เขตพระนคร","district_osm_id":92053,"province":"กรุงเทพมหานคร","province_iso":"TH-10","reason_excluded":"point_only"},"geometry":{"type":"Point","coordinates":[100.493981,13.751374]}},
{"type":"Feature","id":"osm-n11065201310","properties":{"id":"osm-n11065201310","osm_id":11065201310,"osm_type":"node","name":null,"tags":{"historic":"cannon"},"district":"เขตพระนคร","district_osm_id":92053,"province":"กรุงเทพมหานคร","province_iso":"TH-10","reason_excluded":"point_only"},"geometry":{"type":"Point","coordinates":[100.4939,13.751187]}},
{"type":"Feature","id":"osm-n11065201311","properties":{"id":"osm-n11065201311","osm_id":11065201311,"osm_type":"node","name":null,"tags":{"historic":"cannon"},"district":"เขตพระนคร","district_osm_id":92053,"province":"กรุงเทพมหานคร","province_iso":"TH-10","reason_excluded":"point_only"},"geometry":{"type":"Point","coordinates":[100.493947,13.75115]}},
{"type":"Feature","id":"osm-n11065201312","properties":{"id":"osm-n11065201312","osm_id":11065201312,"osm_type":"node","name":null,"tags":{"historic":"cannon","name:en":"Suea Rai Phen Thayan"},"district":"เขตพระนคร","district_osm_id":92053,"province":"กรุงเทพมหานคร","province_iso":"TH-10","reason_excluded":"point_only"},"geometry":{"type":"Point","coordinates":[100.493971,13.751153]}},
{"type":"Feature","id":"osm-n11065201313","properties":{"id":"osm-n11065201313","osm_id":11065201313,"osm_type":"node","name":null,"tags":{"historic":"cannon","name:en":"Sai Asuni Phaeo Ratri"},"district":"เขตพระนคร","district_osm_id":92053,"province":"กรุงเทพมหานคร","province_iso":"TH-10","reason_excluded":"point_only"},"geometry":{"type":"Point","coordinates":[100.493995,13.751156]}},
{"type":"Feature","id":"osm-n11065201314","properties":{"id":"osm-n11065201314","osm_id":11065201314,"osm_type":"node","name":null,"tags":{"historic":"cannon","name:en":"Ninlanon Thang Khen"},"district":"เขตพระนคร","district_osm_id":92053,"province":"กรุงเทพมหานคร","province_iso":"TH-10","reason_excluded":"point_only"},"geometry":{"type":"Point","coordinates":[100.494019,13.751159]}},
{"type":"Feature","id":"osm-n11065201315","properties":{"id":"osm-n11065201315","osm_id":11065201315,"osm_type":"node","name":null,"tags":{"historic":"cannon","name:en":"Traiphop Phai"},"district":"เขตพระนคร","district_osm_id":92053,"province":"กรุงเทพมหานคร","province_iso":"TH-10","reason_excluded":"point_only"},"geometry":{"type":"Point","coordinates":[100.494043,13.751162]}},
{"type":"Feature","id":"osm-n11065201316","properties":{"id":"osm-n11065201316","osm_id":11065201316,"osm_type":"node","name":null,"tags":{"historic":"cannon","name:en":"Waiyarap Fat Rod"},"district":"เขตพระนคร","district_osm_id":92053,"province":"กรุงเทพมหานคร","province_iso":"TH-10","reason_excluded":"point_only"},"geometry":{"type":"Point","coordinates":[100.494066,13.751166]}},
{"type":"Feature","id":"osm-n11065201317","properties":{"id":"osm-n11065201317","osm_id":11065201317,"osm_type":"node","name":null,"tags":{"historic":"cannon","name:en":"Phoomat Prap Man"},"district":"เขตพระนคร","district_osm_id":92053,"province":"กรุงเทพมหานคร","province_iso":"TH-10","reason_excluded":"point_only"},"geometry":{"type":"Point","coordinates":[100.494052,13.751202]}},
{"type":"Feature","id":"osm-n11065201318","properties":{"id":"osm-n11065201318","osm_id":11065201318,"osm_type":"node","name":null,"tags":{"historic":"cannon","name:en":"Chin Sao Sai"},"district":"เขตพระนคร","district_osm_id":92053,"province":"กรุงเทพมหานคร","province_iso":"TH-10","reason_excluded":"point_only"},"geometry":{"type":"Point","coordinates":[100.493908,13.751433]}},
{"type":"Feature","id":"osm-n11065201319","properties":{"id":"osm-n11065201319","osm_id":11065201319,"osm_type":"node","name":null,"tags":{"historic":"cannon","name:en":"Phaya Tani"},"district":"เขตพระนคร","district_osm_id":92053,"province":"กรุงเทพมหานคร","province_iso":"TH-10","reason_excluded":"point_only"},"geometry":{"type":"Point","coordinates":[100.493942,13.751438]}},
{"type":"Feature","id":"osm-n11065201320","properties":{"id":"osm-n11065201320","osm_id":11065201320,"osm_type":"node","name":null,"tags":{"historic":"cannon","name:en":"Makasak Kaek Khai"},"district":"เขตพระนคร","district_osm_id":92053,"province":"กรุงเทพมหานคร","province_iso":"TH-10","reason_excluded":"point_only"},"geometry":{"type":"Point","coordinates":[100.493983,13.751443]}},
{"type":"Feature","id":"osm-n11065201321","properties":{"id":"osm-n11065201321","osm_id":11065201321,"osm_type":"node","name":null,"tags":{"historic":"cannon"},"district":"เขตพระนคร","district_osm_id":92053,"province":"กรุงเทพมหานคร","province_iso":"TH-10","reason_excluded":"point_only"},"geometry":{"type":"Point","coordinates":[100.493881,13.75139]}},
{"type":"Feature","id":"osm-n11065201335","properties":{"id":"osm-n11065201335","osm_id":11065201335,"osm_type":"node","name":null,"tags":{"historic":"cannon"},"district":"เขตพระนคร","district_osm_id":92053,"province":"กรุงเทพมหานคร","province_iso":"TH-10","reason_excluded":"point_only"},"geometry":{"type":"Point","coordinates":[100.493836,13.751758]}},
{"type":"Feature","id":"osm-n11065201336","properties":{"id":"osm-n11065201336","osm_id":11065201336,"osm_type":"node","name":null,"tags":{"historic":"cannon"},"district":"เขตพระนคร","district_osm_id":92053,"province":"กรุงเทพมหานคร","province_iso":"TH-10","reason_excluded":"point_only"},"geometry":{"type":"Point","coordinates":[100.49394,13.751774]}},
{"type":"Feature","id":"osm-n11065201337","properties":{"id":"osm-n11065201337","osm_id":11065201337,"osm_type":"node","name":null,"tags":{"historic":"cannon"},"district":"เขตพระนคร","district_osm_id":92053,"province":"กรุงเทพมหานคร","province_iso":"TH-10","reason_excluded":"point_only"},"geometry":{"type":"Point","coordinates":[100.49397,13.75161]}},
{"type":"Feature","id":"osm-n11065201338","properties":{"id":"osm-n11065201338","osm_id":11065201338,"osm_type":"node","name":null,"tags":{"historic":"cannon"},"district":"เขตพระนคร","district_osm_id":92053,"province":"กรุงเทพมหานคร","province_iso":"TH-10","reason_excluded":"point_only"},"geometry":{"type":"Point","coordinates":[100.493851,13.751596]}},
{"type":"Feature","id":"osm-n11189886758","properties":{"id":"osm-n11189886758","osm_id":11189886758,"osm_type":"node","name":"Fashion walk","tags":{"amenity":"marketplace","check_date":"2023-09-14","name":"Fashion walk"},"district":"เขตราชเทวี","district_osm_id":92064,"province":"กรุงเทพมหานคร","province_iso":"TH-10","reason_excluded":"point_only"},"geometry":{"type":"Point","coordinates":[100.538461,13.763653]}},
{"type":"Feature","id":"osm-n1121782389","properties":{"id":"osm-n1121782389","osm_id":1121782389,"osm_type":"node","name":"อนุสาวรีย์พญากง","tags":{"historic":"monument","name":"อนุสาวรีย์พญากง"},"district":"อำเภอเมืองนครปฐม","district_osm_id":18931445,"province":"จังหวัดนครปฐม","province_iso":"TH-73","reason_excluded":"point_only"},"geometry":{"type":"Point","coordinates":[100.06131,13.82313]}},
{"type":"Feature","id":"osm-n11265419029","properties":{"id":"osm-n11265419029","osm_id":11265419029,"osm_type":"node","name":"ตลาดสดแยกลำลูกกา","tags":{"amenity":"marketplace","name":"Yaek Lam Luk Ka Market","name:th":"ตลาดสดแยกลำลูกกา"},"district":"เขตสายไหม","district_osm_id":2938035,"province":"กรุงเทพมหานคร","province_iso":"TH-10","reason_excluded":"point_only"},"geometry":{"type":"Point","coordinates":[100.623128,13.949827]}},
{"type":"Feature","id":"osm-n11304015799","properties":{"id":"osm-n11304015799","osm_id":11304015799,"osm_type":"node","name":"อนุเสาวรีย์ท่านเจ้าพระยาบดินทรเดชา","tags":{"historic":"memorial","memorial":"statue","name":"อนุเสาวรีย์ท่านเจ้าพระยาบดินทรเดชา"},"district":"เขตวังทองหลาง","district_osm_id":2939956,"province":"กรุงเทพมหานคร","province_iso":"TH-10","reason_excluded":"point_only"},"geometry":{"type":"Point","coordinates":[100.614916,13.770483]}},
{"type":"Feature","id":"osm-n11369871949","properties":{"id":"osm-n11369871949","osm_id":11369871949,"osm_type":"node","name":"ตลาดนัดเลียบด่วนแดนเนรมิต","tags":{"amenity":"marketplace","name":"ตลาดนัดเลียบด่วนแดนเนรมิต","name:en":"Liabduan Danneramit Night Market","name:th":"ตลาดนัดเลียบด่วนแดนเนรมิต","opening_hours":"Mo-Su 16:00-00:00"},"district":"เขตจตุจักร","district_osm_id":1639286,"province":"กรุงเทพมหานคร","province_iso":"TH-10","reason_excluded":"point_only"},"geometry":{"type":"Point","coordinates":[100.564988,13.820519]}},
{"type":"Feature","id":"osm-n11378645811","properties":{"id":"osm-n11378645811","osm_id":11378645811,"osm_type":"node","name":null,"tags":{"name:en":"Big Buddha","tourism":"attraction"},"district":"เขตธนบุรี","district_osm_id":3147281,"province":"กรุงเทพมหานคร","province_iso":"TH-10","reason_excluded":"point_only"},"geometry":{"type":"Point","coordinates":[100.470913,13.720069]}},
{"type":"Feature","id":"osm-n11380861205","properties":{"id":"osm-n11380861205","osm_id":11380861205,"osm_type":"node","name":null,"tags":{"tourism":"attraction"},"district":"อำเภอเมืองนครปฐม","district_osm_id":18931445,"province":"จังหวัดนครปฐม","province_iso":"TH-73","reason_excluded":"point_only"},"geometry":{"type":"Point","coordinates":[100.114237,13.811276]}},
{"type":"Feature","id":"osm-n11380861206","properties":{"id":"osm-n11380861206","osm_id":11380861206,"osm_type":"node","name":null,"tags":{"tourism":"attraction"},"district":"อำเภอเมืองนครปฐม","district_osm_id":18931445,"province":"จังหวัดนครปฐม","province_iso":"TH-73","reason_excluded":"point_only"},"geometry":{"type":"Point","coordinates":[100.113707,13.810741]}},
{"type":"Feature","id":"osm-n11380861207","properties":{"id":"osm-n11380861207","osm_id":11380861207,"osm_type":"node","name":null,"tags":{"tourism":"attraction"},"district":"อำเภอเมืองนครปฐม","district_osm_id":18931445,"province":"จังหวัดนครปฐม","province_iso":"TH-73","reason_excluded":"point_only"},"geometry":{"type":"Point","coordinates":[100.11472,13.812048]}},
{"type":"Feature","id":"osm-n11380861208","properties":{"id":"osm-n11380861208","osm_id":11380861208,"osm_type":"node","name":null,"tags":{"tourism":"attraction"},"district":"อำเภอเมืองนครปฐม","district_osm_id":18931445,"province":"จังหวัดนครปฐม","province_iso":"TH-73","reason_excluded":"point_only"},"geometry":{"type":"Point","coordinates":[100.114384,13.810611]}},
{"type":"Feature","id":"osm-n11380861381","properties":{"id":"osm-n11380861381","osm_id":11380861381,"osm_type":"node","name":null,"tags":{"tourism":"attraction"},"district":"อำเภอเมืองนครปฐม","district_osm_id":18931445,"province":"จังหวัดนครปฐม","province_iso":"TH-73","reason_excluded":"point_only"},"geometry":{"type":"Point","coordinates":[100.096447,13.815184]}},
{"type":"Feature","id":"osm-n11380861459","properties":{"id":"osm-n11380861459","osm_id":11380861459,"osm_type":"node","name":null,"tags":{"tourism":"attraction"},"district":"อำเภอเมืองนครปฐม","district_osm_id":18931445,"province":"จังหวัดนครปฐม","province_iso":"TH-73","reason_excluded":"point_only"},"geometry":{"type":"Point","coordinates":[100.092625,13.814419]}},
{"type":"Feature","id":"osm-n11404157014","properties":{"id":"osm-n11404157014","osm_id":11404157014,"osm_type":"node","name":null,"tags":{"tourism":"attraction"},"district":"อำเภอนครชัยศรี","district_osm_id":18931531,"province":"จังหวัดนครปฐม","province_iso":"TH-73","reason_excluded":"point_only"},"geometry":{"type":"Point","coordinates":[100.177172,13.776488]}},
{"type":"Feature","id":"osm-n11404157268","properties":{"id":"osm-n11404157268","osm_id":11404157268,"osm_type":"node","name":null,"tags":{"tourism":"attraction"},"district":"อำเภอพุทธมณฑล","district_osm_id":18931587,"province":"จังหวัดนครปฐม","province_iso":"TH-73","reason_excluded":"point_only"},"geometry":{"type":"Point","coordinates":[100.31419,13.787688]}},
{"type":"Feature","id":"osm-n11404157277","properties":{"id":"osm-n11404157277","osm_id":11404157277,"osm_type":"node","name":null,"tags":{"tourism":"attraction"},"district":"อำเภอพุทธมณฑล","district_osm_id":18931587,"province":"จังหวัดนครปฐม","province_iso":"TH-73","reason_excluded":"point_only"},"geometry":{"type":"Point","coordinates":[100.313326,13.788639]}},
{"type":"Feature","id":"osm-n11404157278","properties":{"id":"osm-n11404157278","osm_id":11404157278,"osm_type":"node","name":null,"tags":{"tourism":"attraction"},"district":"อำเภอพุทธมณฑล","district_osm_id":18931587,"province":"จังหวัดนครปฐม","province_iso":"TH-73","reason_excluded":"point_only"},"geometry":{"type":"Point","coordinates":[100.312922,13.788639]}},
{"type":"Feature","id":"osm-n11404157279","properties":{"id":"osm-n11404157279","osm_id":11404157279,"osm_type":"node","name":null,"tags":{"tourism":"attraction"},"district":"อำเภอพุทธมณฑล","district_osm_id":18931587,"province":"จังหวัดนครปฐม","province_iso":"TH-73","reason_excluded":"point_only"},"geometry":{"type":"Point","coordinates":[100.31281,13.788813]}},
{"type":"Feature","id":"osm-n11404157280","properties":{"id":"osm-n11404157280","osm_id":11404157280,"osm_type":"node","name":null,"tags":{"tourism":"attraction"},"district":"อำเภอพุทธมณฑล","district_osm_id":18931587,"province":"จังหวัดนครปฐม","province_iso":"TH-73","reason_excluded":"point_only"},"geometry":{"type":"Point","coordinates":[100.313473,13.788923]}},
{"type":"Feature","id":"osm-n11404157281","properties":{"id":"osm-n11404157281","osm_id":11404157281,"osm_type":"node","name":null,"tags":{"tourism":"attraction"},"district":"อำเภอพุทธมณฑล","district_osm_id":18931587,"province":"จังหวัดนครปฐม","province_iso":"TH-73","reason_excluded":"point_only"},"geometry":{"type":"Point","coordinates":[100.313427,13.788855]}},
{"type":"Feature","id":"osm-n11404157282","properties":{"id":"osm-n11404157282","osm_id":11404157282,"osm_type":"node","name":null,"tags":{"tourism":"attraction"},"district":"อำเภอพุทธมณฑล","district_osm_id":18931587,"province":"จังหวัดนครปฐม","province_iso":"TH-73","reason_excluded":"point_only"},"geometry":{"type":"Point","coordinates":[100.313516,13.788537]}},
{"type":"Feature","id":"osm-n11404157283","properties":{"id":"osm-n11404157283","osm_id":11404157283,"osm_type":"node","name":null,"tags":{"tourism":"attraction"},"district":"อำเภอพุทธมณฑล","district_osm_id":18931587,"province":"จังหวัดนครปฐม","province_iso":"TH-73","reason_excluded":"point_only"},"geometry":{"type":"Point","coordinates":[100.312761,13.788498]}},
{"type":"Feature","id":"osm-n11404157284","properties":{"id":"osm-n11404157284","osm_id":11404157284,"osm_type":"node","name":null,"tags":{"tourism":"attraction"},"district":"อำเภอพุทธมณฑล","district_osm_id":18931587,"province":"จังหวัดนครปฐม","province_iso":"TH-73","reason_excluded":"point_only"},"geometry":{"type":"Point","coordinates":[100.312741,13.788865]}},
{"type":"Feature","id":"osm-n11422724270","properties":{"id":"osm-n11422724270","osm_id":11422724270,"osm_type":"node","name":null,"tags":{"name:en":"Khlong Sean Saep (Walking Street)","name:fr":"Khlong Sean Saep (Walking Street)","tourism":"attraction"},"district":"เขตปทุมวัน","district_osm_id":92063,"province":"กรุงเทพมหานคร","province_iso":"TH-10","reason_excluded":"point_only"},"geometry":{"type":"Point","coordinates":[100.530795,13.74918]}},
{"type":"Feature","id":"osm-n11482746568","properties":{"id":"osm-n11482746568","osm_id":11482746568,"osm_type":"node","name":null,"tags":{"historic":"memorial","memorial":"plaque"},"district":"เขตปทุมวัน","district_osm_id":92063,"province":"กรุงเทพมหานคร","province_iso":"TH-10","reason_excluded":"point_only"},"geometry":{"type":"Point","coordinates":[100.525481,13.741064]}},
{"type":"Feature","id":"osm-n11482846254","properties":{"id":"osm-n11482846254","osm_id":11482846254,"osm_type":"node","name":"แบบจำลองเมืองกรุงเทพมหานคร","tags":{"name":"แบบจำลองเมืองกรุงเทพมหานคร","name:en":"The Bangkok City Model","name:th":"แบบจำลองเมืองกรุงเทพมหานคร","tourism":"attraction"},"district":"เขตคลองเตย","district_osm_id":2938033,"province":"กรุงเทพมหานคร","province_iso":"TH-10","reason_excluded":"point_only"},"geometry":{"type":"Point","coordinates":[100.557031,13.72714]}},
{"type":"Feature","id":"osm-n11503801869","properties":{"id":"osm-n11503801869","osm_id":11503801869,"osm_type":"node","name":"Hor Phra Puthamingmongkol Tammasataan","tags":{"historic":"monument","name":"Hor Phra Puthamingmongkol Tammasataan"},"district":"อำเภอปากเกร็ด","district_osm_id":2688301,"province":"จังหวัดนนทบุรี","province_iso":"TH-12","reason_excluded":"point_only"},"geometry":{"type":"Point","coordinates":[100.536272,13.910245]}},
{"type":"Feature","id":"osm-n11561464849","properties":{"id":"osm-n11561464849","osm_id":11561464849,"osm_type":"node","name":"Wat Phra Men","tags":{"historic":"ruins","historic:civilization":"Dvaravati","name":"Wat Phra Men","ruins":"temple"},"district":"อำเภอเมืองนครปฐม","district_osm_id":18931445,"province":"จังหวัดนครปฐม","province_iso":"TH-73","reason_excluded":"point_only"},"geometry":{"type":"Point","coordinates":[100.067035,13.811294]}},
{"type":"Feature","id":"osm-n1157481788","properties":{"id":"osm-n1157481788","osm_id":1157481788,"osm_type":"node","name":null,"tags":{"amenity":"marketplace"},"district":"เขตบางแค","district_osm_id":2946804,"province":"กรุงเทพมหานคร","province_iso":"TH-10","reason_excluded":"point_only"},"geometry":{"type":"Point","coordinates":[100.421203,13.704693]}},
{"type":"Feature","id":"osm-n11575695730","properties":{"id":"osm-n11575695730","osm_id":11575695730,"osm_type":"node","name":null,"tags":{"amenity":"marketplace"},"district":"เขตป้อมปราบศัตรูพ่าย","district_osm_id":92058,"province":"กรุงเทพมหานคร","province_iso":"TH-10","reason_excluded":"point_only"},"geometry":{"type":"Point","coordinates":[100.514846,13.756446]}},
{"type":"Feature","id":"osm-n11575695731","properties":{"id":"osm-n11575695731","osm_id":11575695731,"osm_type":"node","name":null,"tags":{"amenity":"marketplace"},"district":"เขตพระนคร","district_osm_id":92053,"province":"กรุงเทพมหานคร","province_iso":"TH-10","reason_excluded":"point_only"},"geometry":{"type":"Point","coordinates":[100.503512,13.76933]}},
{"type":"Feature","id":"osm-n11575740659","properties":{"id":"osm-n11575740659","osm_id":11575740659,"osm_type":"node","name":null,"tags":{"amenity":"marketplace"},"district":"เขตดุสิต","district_osm_id":92069,"province":"กรุงเทพมหานคร","province_iso":"TH-10","reason_excluded":"point_only"},"geometry":{"type":"Point","coordinates":[100.504304,13.770222]}},
{"type":"Feature","id":"osm-n11575743173","properties":{"id":"osm-n11575743173","osm_id":11575743173,"osm_type":"node","name":null,"tags":{"amenity":"marketplace"},"district":"เขตพระนคร","district_osm_id":92053,"province":"กรุงเทพมหานคร","province_iso":"TH-10","reason_excluded":"point_only"},"geometry":{"type":"Point","coordinates":[100.502767,13.768548]}},
{"type":"Feature","id":"osm-n11622043131","properties":{"id":"osm-n11622043131","osm_id":11622043131,"osm_type":"node","name":"เมือง โบราณ","tags":{"name":"The Ancient City","name:th":"เมือง โบราณ","tourism":"attraction"},"district":"อำเภอเมืองสมุทรปราการ","district_osm_id":11580983,"province":"จังหวัดสมุทรปราการ","province_iso":"TH-11","reason_excluded":"point_only"},"geometry":{"type":"Point","coordinates":[100.624,13.540547]}},
{"type":"Feature","id":"osm-n11632208088","properties":{"id":"osm-n11632208088","osm_id":11632208088,"osm_type":"node","name":"ตลาดกรมชลประทาน","tags":{"amenity":"marketplace","building":"roof","name":"ตลาดกรมชลประทาน","name:en":"Chonprathan Market","name:th":"ตลาดกรมชลประทาน"},"district":"อำเภอปากเกร็ด","district_osm_id":2688301,"province":"จังหวัดนนทบุรี","province_iso":"TH-12","reason_excluded":"point_only"},"geometry":{"type":"Point","coordinates":[100.51032,13.891632]}},
{"type":"Feature","id":"osm-n11675957572","properties":{"id":"osm-n11675957572","osm_id":11675957572,"osm_type":"node","name":"บ้าน บางคูวัด","tags":{"name":"บ้าน บางคูวัด","tourism":"attraction"},"district":"อำเภอเมืองปทุมธานี","district_osm_id":2913009,"province":"จังหวัดปทุมธานี","province_iso":"TH-13","reason_excluded":"point_only"},"geometry":{"type":"Point","coordinates":[100.502915,13.958953]}},
{"type":"Feature","id":"osm-n11675957670","properties":{"id":"osm-n11675957670","osm_id":11675957670,"osm_type":"node","name":"สมยศ ข้าวต้ม","tags":{"name":"สมยศ ข้าวต้ม","tourism":"attraction"},"district":"เขตลาดพร้าว","district_osm_id":2938034,"province":"กรุงเทพมหานคร","province_iso":"TH-10","reason_excluded":"point_only"},"geometry":{"type":"Point","coordinates":[100.59766,13.820807]}},
{"type":"Feature","id":"osm-n11675957671","properties":{"id":"osm-n11675957671","osm_id":11675957671,"osm_type":"node","name":"ข้าวต้ม สมยศ กทม","tags":{"name":"ข้าวต้ม สมยศ กทม","tourism":"attraction"},"district":"เขตลาดพร้าว","district_osm_id":2938034,"province":"กรุงเทพมหานคร","province_iso":"TH-10","reason_excluded":"point_only"},"geometry":{"type":"Point","coordinates":[100.597672,13.820875]}},
{"type":"Feature","id":"osm-n11675957770","properties":{"id":"osm-n11675957770","osm_id":11675957770,"osm_type":"node","name":"บ้านจุ๋ม กทม","tags":{"name":"บ้านจุ๋ม กทม","tourism":"attraction"},"district":"เขตลาดพร้าว","district_osm_id":2938034,"province":"กรุงเทพมหานคร","province_iso":"TH-10","reason_excluded":"point_only"},"geometry":{"type":"Point","coordinates":[100.626754,13.840338]}},
{"type":"Feature","id":"osm-n11675957771","properties":{"id":"osm-n11675957771","osm_id":11675957771,"osm_type":"node","name":"สเต็กลุงเชิด ใกล้ วัดมะเกลือ","tags":{"name":"สเต็กลุงเชิด ใกล้ วัดมะเกลือ","tourism":"attraction"},"district":"อำเภอไทรน้อย","district_osm_id":2689554,"province":"จังหวัดนนทบุรี","province_iso":"TH-12","reason_excluded":"point_only"},"geometry":{"type":"Point","coordinates":[100.288049,13.888818]}},
{"type":"Feature","id":"osm-n11675957870","properties":{"id":"osm-n11675957870","osm_id":11675957870,"osm_type":"node","name":"บ้าน อ.เอ.  129  นนทบุรี","tags":{"name":"บ้าน อ.เอ.  129  นนทบุรี","tourism":"attraction"},"district":"อำเภอเมืองนนทบุรี","district_osm_id":2688300,"province":"จังหวัดนนทบุรี","province_iso":"TH-12","reason_excluded":"point_only"},"geometry":{"type":"Point","coordinates":[100.472206,13.855754]}},
{"type":"Feature","id":"osm-n11675959371","properties":{"id":"osm-n11675959371","osm_id":11675959371,"osm_type":"node","name":"H","tags":{"name":"H","tourism":"attraction"},"district":"อำเภอเมืองปทุมธานี","district_osm_id":2913009,"province":"จังหวัดปทุมธานี","province_iso":"TH-13","reason_excluded":"point_only"},"geometry":{"type":"Point","coordinates":[100.499325,13.963804]}},
{"type":"Feature","id":"osm-n11675959470","properties":{"id":"osm-n11675959470","osm_id":11675959470,"osm_type":"node","name":null,"tags":{"tourism":"attraction"},"district":"อำเภอพระประแดง","district_osm_id":11580984,"province":"จังหวัดสมุทรปราการ","province_iso":"TH-11","reason_excluded":"point_only"},"geometry":{"type":"Point","coordinates":[100.53415,13.659214]}},
{"type":"Feature","id":"osm-n11675992069","properties":{"id":"osm-n11675992069","osm_id":11675992069,"osm_type":"node","name":"ปากซอย39","tags":{"name":"ปากซอย39","tourism":"attraction"},"district":"อำเภอพระประแดง","district_osm_id":11580984,"province":"จังหวัดสมุทรปราการ","province_iso":"TH-11","reason_excluded":"point_only"},"geometry":{"type":"Point","coordinates":[100.522804,13.649596]}},
{"type":"Feature","id":"osm-n11703060914","properties":{"id":"osm-n11703060914","osm_id":11703060914,"osm_type":"node","name":"Street food and fruits","tags":{"amenity":"marketplace","name":"Street food and fruits"},"district":"เขตป้อมปราบศัตรูพ่าย","district_osm_id":92058,"province":"กรุงเทพมหานคร","province_iso":"TH-10","reason_excluded":"point_only"},"geometry":{"type":"Point","coordinates":[100.510508,13.745555]}},
{"type":"Feature","id":"osm-n11813283392","properties":{"id":"osm-n11813283392","osm_id":11813283392,"osm_type":"node","name":"เมืองเก่ากำแพงแสน","tags":{"access":"yes","archaeological_site":"city","historic":"archaeological_site","historic:civilization":"dvaravati","name":"เมืองเก่ากำแพงแสน","name:th":"เมืองเก่ากำแพงแสน","wikidata":"Q13025699","wikipedia":"th:เมืองเก่ากำแพงแสน"},"district":"อำเภอกำแพงแสน","district_osm_id":18931389,"province":"จังหวัดนครปฐม","province_iso":"TH-73","reason_excluded":"point_only"},"geometry":{"type":"Point","coordinates":[99.962641,13.990911]}},
{"type":"Feature","id":"osm-n11891606110","properties":{"id":"osm-n11891606110","osm_id":11891606110,"osm_type":"node","name":null,"tags":{"historic":"aircraft"},"district":"เขตลาดกระบัง","district_osm_id":3147500,"province":"กรุงเทพมหานคร","province_iso":"TH-10","reason_excluded":"point_only"},"geometry":{"type":"Point","coordinates":[100.802385,13.718743]}},
{"type":"Feature","id":"osm-n11896705609","properties":{"id":"osm-n11896705609","osm_id":11896705609,"osm_type":"node","name":"พระพุทธวิสุทธิมงคล","tags":{"historic":"memorial","material":"metal","name":"พระพุทธวิสุทธิมงคล","name:th":"พระพุทธวิสุทธิมงคล"},"district":"เขตคลองเตย","district_osm_id":2938033,"province":"กรุงเทพมหานคร","province_iso":"TH-10","reason_excluded":"point_only"},"geometry":{"type":"Point","coordinates":[100.557447,13.728287]}},
{"type":"Feature","id":"osm-n11925157119","properties":{"id":"osm-n11925157119","osm_id":11925157119,"osm_type":"node","name":null,"tags":{"historic":"wayside_cross"},"district":"เขตบางขุนเทียน","district_osm_id":3147313,"province":"กรุงเทพมหานคร","province_iso":"TH-10","reason_excluded":"point_only"},"geometry":{"type":"Point","coordinates":[100.432828,13.567092]}},
{"type":"Feature","id":"osm-n1199673166","properties":{"id":"osm-n1199673166","osm_id":1199673166,"osm_type":"node","name":"จุลประโทนเจดีย์","tags":{"historic":"ruins","historic:civilization":"Dvaravati","name":"จุลประโทนเจดีย์","name:en":"Chula Prathon Chedi","ruins":"temple"},"district":"อำเภอเมืองนครปฐม","district_osm_id":18931445,"province":"จังหวัดนครปฐม","province_iso":"TH-73","reason_excluded":"point_only"},"geometry":{"type":"Point","coordinates":[100.100676,13.815624]}},
{"type":"Feature","id":"osm-n12146548812","properties":{"id":"osm-n12146548812","osm_id":12146548812,"osm_type":"node","name":"ตำหนักพระองค์เจ้าเทวีวิไลยวรรณ","tags":{"historic":"manor","name":"ตำหนักพระองค์เจ้าเทวีวิไลยวรรณ","name:en":"Villa of Princess Devi Vilaivan","name:th":"ตำหนักพระองค์เจ้าเทวีวิไลยวรรณ"},"district":"เขตพระนคร","district_osm_id":92053,"province":"กรุงเทพมหานคร","province_iso":"TH-10","reason_excluded":"point_only"},"geometry":{"type":"Point","coordinates":[100.490541,13.748038]}},
{"type":"Feature","id":"osm-n12146548813","properties":{"id":"osm-n12146548813","osm_id":12146548813,"osm_type":"node","name":"ตำหนักพระองค์เจ้าสุนทรีนาฏ","tags":{"historic":"manor","name":"ตำหนักพระองค์เจ้าสุนทรีนาฏ","name:en":"Villa of Princess Sutrinart","name:th":"ตำหนักพระองค์เจ้าสุนทรีนาฏ"},"district":"เขตพระนคร","district_osm_id":92053,"province":"กรุงเทพมหานคร","province_iso":"TH-10","reason_excluded":"point_only"},"geometry":{"type":"Point","coordinates":[100.490733,13.748055]}},
{"type":"Feature","id":"osm-n12146548815","properties":{"id":"osm-n12146548815","osm_id":12146548815,"osm_type":"node","name":"ตำหนักพระองค์เจ้าเฉิดโฉม","tags":{"historic":"manor","name":"ตำหนักพระองค์เจ้าเฉิดโฉม","name:en":"Villa of Princess Cherdchom","name:th":"ตำหนักพระองค์เจ้าเฉิดโฉม"},"district":"เขตพระนคร","district_osm_id":92053,"province":"กรุงเทพมหานคร","province_iso":"TH-10","reason_excluded":"point_only"},"geometry":{"type":"Point","coordinates":[100.490906,13.748073]}},
{"type":"Feature","id":"osm-n12210708407","properties":{"id":"osm-n12210708407","osm_id":12210708407,"osm_type":"node","name":"BoltRing - BoltKey","tags":{"addr:district":"ดินแดง","addr:postcode":"10400","addr:province":"กรุงเทพมหานคร","addr:street":"ซอยวิภาวดีรังสิต 10","addr:subdistrict":"รัชดาภิเษก","amenity":"marketplace","building":"detached","currency:THB":"yes","email":"boltring99@gmail.com","name":"BoltRing - BoltKey","name:en":"BoltRing - BoltKey","payment:lightning":"yes","payment:onchain":"yes","survey:date":"2024-09-30","website":"https://geyser.fund/project/boltring"},"district":"เขตดินแดง","district_osm_id":2938031,"province":"กรุงเทพมหานคร","province_iso":"TH-10","reason_excluded":"point_only"},"geometry":{"type":"Point","coordinates":[100.562298,13.789908]}},
{"type":"Feature","id":"osm-n12311446004","properties":{"id":"osm-n12311446004","osm_id":12311446004,"osm_type":"node","name":null,"tags":{"amenity":"marketplace","name:en":"Walking street (night market)","opening_hours":"Sa-Su 17:00-22:00"},"district":"อำเภอเมืองนครปฐม","district_osm_id":18931445,"province":"จังหวัดนครปฐม","province_iso":"TH-73","reason_excluded":"point_only"},"geometry":{"type":"Point","coordinates":[100.053268,13.822758]}},
{"type":"Feature","id":"osm-n12311704646","properties":{"id":"osm-n12311704646","osm_id":12311704646,"osm_type":"node","name":"พระบรมราชานุสาวรีย์ ร.9","tags":{"addr:postcode":"10300","alt_name":"พระบรมราชานุสาวรีย์พระบาทสมเด็จพระบรมชนกาธิเบศร มหาภูมิพลอดุลยเดชมหาราช บรมนาถบพิตร","artwork_type":"statue","historic":"monument","name":"พระบรมราชานุสาวรีย์ ร.9","name:en":"King Rama IX Memorial Statue","name:th":"พระบรมราชานุสาวรีย์ ร.9","tourism":"artwork"},"district":"เขตดุสิต","district_osm_id":92069,"province":"กรุงเทพมหานคร","province_iso":"TH-10","reason_excluded":"point_only"},"geometry":{"type":"Point","coordinates":[100.517487,13.762864]}},
{"type":"Feature","id":"osm-n12397335514","properties":{"id":"osm-n12397335514","osm_id":12397335514,"osm_type":"node","name":"The Great Hall of Vajradhamma","tags":{"name":"The Great Hall of Vajradhamma","tourism":"attraction"},"district":"อำเภอเมืองสมุทรปราการ","district_osm_id":11580983,"province":"จังหวัดสมุทรปราการ","province_iso":"TH-11","reason_excluded":"point_only"},"geometry":{"type":"Point","coordinates":[100.625162,13.544735]}},
{"type":"Feature","id":"osm-n12404838923","properties":{"id":"osm-n12404838923","osm_id":12404838923,"osm_type":"node","name":"ป้ายกรุงเทพ • Bangkok","tags":{"name":"ป้ายกรุงเทพ • Bangkok","name:th":"ป้ายกรุงเทพ • Bangkok","tourism":"attraction"},"district":"เขตปทุมวัน","district_osm_id":92063,"province":"กรุงเทพมหานคร","province_iso":"TH-10","reason_excluded":"point_only"},"geometry":{"type":"Point","coordinates":[100.53077,13.746259]}},
{"type":"Feature","id":"osm-n12411893575","properties":{"id":"osm-n12411893575","osm_id":12411893575,"osm_type":"node","name":null,"tags":{"historic":"memorial","memorial":"war_memorial"},"district":"เขตสายไหม","district_osm_id":2938035,"province":"กรุงเทพมหานคร","province_iso":"TH-10","reason_excluded":"point_only"},"geometry":{"type":"Point","coordinates":[100.626381,13.925208]}},
{"type":"Feature","id":"osm-n12428810504","properties":{"id":"osm-n12428810504","osm_id":12428810504,"osm_type":"node","name":"Abandond building","tags":{"name":"Abandond building","tourism":"attraction"},"district":"เขตป้อมปราบศัตรูพ่าย","district_osm_id":92058,"province":"กรุงเทพมหานคร","province_iso":"TH-10","reason_excluded":"point_only"},"geometry":{"type":"Point","coordinates":[100.5148,13.749598]}},
{"type":"Feature","id":"osm-n12428810731","properties":{"id":"osm-n12428810731","osm_id":12428810731,"osm_type":"node","name":"Living animals","tags":{"amenity":"marketplace","name":"Living animals"},"district":"เขตจตุจักร","district_osm_id":1639286,"province":"กรุงเทพมหานคร","province_iso":"TH-10","reason_excluded":"point_only"},"geometry":{"type":"Point","coordinates":[100.549287,13.802815]}},
{"type":"Feature","id":"osm-n12428810745","properties":{"id":"osm-n12428810745","osm_id":12428810745,"osm_type":"node","name":null,"tags":{"historic":"monument"},"district":"เขตจตุจักร","district_osm_id":1639286,"province":"กรุงเทพมหานคร","province_iso":"TH-10","reason_excluded":"point_only"},"geometry":{"type":"Point","coordinates":[100.548894,13.806108]}},
{"type":"Feature","id":"osm-n12428813641","properties":{"id":"osm-n12428813641","osm_id":12428813641,"osm_type":"node","name":null,"tags":{"historic":"wayside_cross"},"district":"เขตจตุจักร","district_osm_id":1639286,"province":"กรุงเทพมหานคร","province_iso":"TH-10","reason_excluded":"point_only"},"geometry":{"type":"Point","coordinates":[100.54814,13.805401]}},
{"type":"Feature","id":"osm-n12428813819","properties":{"id":"osm-n12428813819","osm_id":12428813819,"osm_type":"node","name":"Nature information pathway","tags":{"name":"Nature information pathway","tourism":"attraction"},"district":"เขตจตุจักร","district_osm_id":1639286,"province":"กรุงเทพมหานคร","province_iso":"TH-10","reason_excluded":"point_only"},"geometry":{"type":"Point","coordinates":[100.549482,13.807218]}},
{"type":"Feature","id":"osm-n12428813832","properties":{"id":"osm-n12428813832","osm_id":12428813832,"osm_type":"node","name":"Boule playground","tags":{"name":"Boule playground","tourism":"attraction"},"district":"เขตจตุจักร","district_osm_id":1639286,"province":"กรุงเทพมหานคร","province_iso":"TH-10","reason_excluded":"point_only"},"geometry":{"type":"Point","coordinates":[100.555653,13.811786]}},
{"type":"Feature","id":"osm-n12428814621","properties":{"id":"osm-n12428814621","osm_id":12428814621,"osm_type":"node","name":"Pedal boat rental","tags":{"name":"Pedal boat rental","tourism":"attraction"},"district":"เขตจตุจักร","district_osm_id":1639286,"province":"กรุงเทพมหานคร","province_iso":"TH-10","reason_excluded":"point_only"},"geometry":{"type":"Point","coordinates":[100.556122,13.815962]}},
{"type":"Feature","id":"osm-n12430290801","properties":{"id":"osm-n12430290801","osm_id":12430290801,"osm_type":"node","name":null,"tags":{"historic":"monument","name:en":"Mini Pagode"},"district":"เขตสาทร","district_osm_id":3147425,"province":"กรุงเทพมหานคร","province_iso":"TH-10","reason_excluded":"point_only"},"geometry":{"type":"Point","coordinates":[100.522777,13.713522]}},
{"type":"Feature","id":"osm-n12433524701","properties":{"id":"osm-n12433524701","osm_id":12433524701,"osm_type":"node","name":null,"tags":{"historic":"memorial","memorial":"plaque"},"district":"เขตพระนคร","district_osm_id":92053,"province":"กรุงเทพมหานคร","province_iso":"TH-10","reason_excluded":"point_only"},"geometry":{"type":"Point","coordinates":[100.500898,13.756897]}},
{"type":"Feature","id":"osm-n12433524801","properties":{"id":"osm-n12433524801","osm_id":12433524801,"osm_type":"node","name":null,"tags":{"historic":"monument"},"district":"เขตพระนคร","district_osm_id":92053,"province":"กรุงเทพมหานคร","province_iso":"TH-10","reason_excluded":"point_only"},"geometry":{"type":"Point","coordinates":[100.499135,13.757262]}},
{"type":"Feature","id":"osm-n12433524901","properties":{"id":"osm-n12433524901","osm_id":12433524901,"osm_type":"node","name":null,"tags":{"historic":"monument"},"district":"เขตพระนคร","district_osm_id":92053,"province":"กรุงเทพมหานคร","province_iso":"TH-10","reason_excluded":"point_only"},"geometry":{"type":"Point","coordinates":[100.499406,13.757203]}},
{"type":"Feature","id":"osm-n12434975901","properties":{"id":"osm-n12434975901","osm_id":12434975901,"osm_type":"node","name":null,"tags":{"historic":"monument"},"district":"เขตจตุจักร","district_osm_id":1639286,"province":"กรุงเทพมหานคร","province_iso":"TH-10","reason_excluded":"point_only"},"geometry":{"type":"Point","coordinates":[100.557058,13.807921]}},
{"type":"Feature","id":"osm-n12435089001","properties":{"id":"osm-n12435089001","osm_id":12435089001,"osm_type":"node","name":null,"tags":{"historic":"monument"},"district":"เขตจตุจักร","district_osm_id":1639286,"province":"กรุงเทพมหานคร","province_iso":"TH-10","reason_excluded":"point_only"},"geometry":{"type":"Point","coordinates":[100.561797,13.812918]}},
{"type":"Feature","id":"osm-n12438400244","properties":{"id":"osm-n12438400244","osm_id":12438400244,"osm_type":"node","name":null,"tags":{"amenity":"marketplace"},"district":"เขตหนองแขม","district_osm_id":2942283,"province":"กรุงเทพมหานคร","province_iso":"TH-10","reason_excluded":"point_only"},"geometry":{"type":"Point","coordinates":[100.33879,13.677449]}},
{"type":"Feature","id":"osm-n12468584279","properties":{"id":"osm-n12468584279","osm_id":12468584279,"osm_type":"node","name":"ตลาดน้ำบางกอกน้อย","tags":{"amenity":"marketplace","name":"ตลาดน้ำบางกอกน้อย","name:en":"Bangkok Noi Floating Market","name:th":"ตลาดน้ำบางกอกน้อย"},"district":"เขตบางกอกน้อย","district_osm_id":2942282,"province":"กรุงเทพมหานคร","province_iso":"TH-10","reason_excluded":"point_only"},"geometry":{"type":"Point","coordinates":[100.477158,13.763938]}},
{"type":"Feature","id":"osm-n12468600835","properties":{"id":"osm-n12468600835","osm_id":12468600835,"osm_type":"node","name":"พระอนุสาวรีย์ กรมหลวงชุมพร","tags":{"historic":"monument","name":"พระอนุสาวรีย์ กรมหลวงชุมพร","name:en":"Abhakara Kiartivongse monument","name:th":"พระอนุสาวรีย์ กรมหลวงชุมพร"},"district":"เขตบางกอกน้อย","district_osm_id":2942282,"province":"กรุงเทพมหานคร","province_iso":"TH-10","reason_excluded":"point_only"},"geometry":{"type":"Point","coordinates":[100.479386,13.74927]}},
{"type":"Feature","id":"osm-n12491825247","properties":{"id":"osm-n12491825247","osm_id":12491825247,"osm_type":"node","name":"ตลาดบางพัฒนา","tags":{"amenity":"marketplace","name":"ตลาดบางพัฒนา","name:th":"ตลาดบางพัฒนา"},"district":"เขตบางพลัด","district_osm_id":2942281,"province":"กรุงเทพมหานคร","province_iso":"TH-10","reason_excluded":"point_only"},"geometry":{"type":"Point","coordinates":[100.489934,13.783869]}},
{"type":"Feature","id":"osm-n12508852234","properties":{"id":"osm-n12508852234","osm_id":12508852234,"osm_type":"node","name":null,"tags":{"historic":"tomb"},"district":"เขตยานนาวา","district_osm_id":3147456,"province":"กรุงเทพมหานคร","province_iso":"TH-10","reason_excluded":"point_only"},"geometry":{"type":"Point","coordinates":[100.54964,13.681018]}},
{"type":"Feature","id":"osm-n12508852235","properties":{"id":"osm-n12508852235","osm_id":12508852235,"osm_type":"node","name":null,"tags":{"historic":"tomb"},"district":"เขตยานนาวา","district_osm_id":3147456,"province":"กรุงเทพมหานคร","province_iso":"TH-10","reason_excluded":"point_only"},"geometry":{"type":"Point","coordinates":[100.549662,13.68101]}},
{"type":"Feature","id":"osm-n12508852236","properties":{"id":"osm-n12508852236","osm_id":12508852236,"osm_type":"node","name":null,"tags":{"historic":"tomb"},"district":"เขตยานนาวา","district_osm_id":3147456,"province":"กรุงเทพมหานคร","province_iso":"TH-10","reason_excluded":"point_only"},"geometry":{"type":"Point","coordinates":[100.549687,13.680999]}},
{"type":"Feature","id":"osm-n12509850647","properties":{"id":"osm-n12509850647","osm_id":12509850647,"osm_type":"node","name":"ตลาดวัดกลาง","tags":{"amenity":"marketplace","name":"ตลาดวัดกลาง","name:en":"Wat Klang Market","name:th":"ตลาดวัดกลาง","opening_hours":"Mo-Su 04:00-16:00"},"district":"เขตธนบุรี","district_osm_id":3147281,"province":"กรุงเทพมหานคร","province_iso":"TH-10","reason_excluded":"point_only"},"geometry":{"type":"Point","coordinates":[100.480956,13.723034]}},
{"type":"Feature","id":"osm-n12516843543","properties":{"id":"osm-n12516843543","osm_id":12516843543,"osm_type":"node","name":"ตลาดเก่าหัวตะเข้","tags":{"amenity":"marketplace","name":"ตลาดเก่าหัวตะเข้","name:en":"Hua Takhe Old Market","name:th":"ตลาดเก่าหัวตะเข้"},"district":"เขตลาดกระบัง","district_osm_id":3147500,"province":"กรุงเทพมหานคร","province_iso":"TH-10","reason_excluded":"point_only"},"geometry":{"type":"Point","coordinates":[100.788404,13.724211]}},
{"type":"Feature","id":"osm-n12548689611","properties":{"id":"osm-n12548689611","osm_id":12548689611,"osm_type":"node","name":"ตลาดสดเทศบาลเมืองพระประแดง","tags":{"amenity":"marketplace","name":"ตลาดสดเทศบาลเมืองพระประแดง"},"district":"อำเภอพระประแดง","district_osm_id":11580984,"province":"จังหวัดสมุทรปราการ","province_iso":"TH-11","reason_excluded":"point_only"},"geometry":{"type":"Point","coordinates":[100.533081,13.658533]}},
{"type":"Feature","id":"osm-n1255818005","properties":{"id":"osm-n1255818005","osm_id":1255818005,"osm_type":"node","name":"floating market","tags":{"amenity":"marketplace","name":"ตลาดน้ำคลองลัดมะยม","name:en":"Khlong Lat Mayom Floating Market","name:th":"floating market","opening_hours":"Sa-Su 08:00-17:00"},"district":"เขตตลิ่งชัน","district_osm_id":2939954,"province":"กรุงเทพมหานคร","province_iso":"TH-10","reason_excluded":"point_only"},"geometry":{"type":"Point","coordinates":[100.4157,13.761079]}},
{"type":"Feature","id":"osm-n12603485901","properties":{"id":"osm-n12603485901","osm_id":12603485901,"osm_type":"node","name":"ตลาดสายเนตร","tags":{"addr:street":"ซอยรามอินทรา 73/1","amenity":"marketplace","name":"ตลาดสายเนตร","opening_hours":"24/7"},"district":"เขตคันนายาว","district_osm_id":2946806,"province":"กรุงเทพมหานคร","province_iso":"TH-10","reason_excluded":"point_only"},"geometry":{"type":"Point","coordinates":[100.6639,13.839582]}},
{"type":"Feature","id":"osm-n12608820101","properties":{"id":"osm-n12608820101","osm_id":12608820101,"osm_type":"node","name":null,"tags":{"amenity":"marketplace"},"district":"เขตมีนบุรี","district_osm_id":3146413,"province":"กรุงเทพมหานคร","province_iso":"TH-10","reason_excluded":"point_only"},"geometry":{"type":"Point","coordinates":[100.729706,13.81167]}},
{"type":"Feature","id":"osm-n12619823328","properties":{"id":"osm-n12619823328","osm_id":12619823328,"osm_type":"node","name":"ตลาดเอี่ยมสมบัติ","tags":{"amenity":"marketplace","name":"ตลาดเอี่ยมสมบัติ"},"district":"เขตสวนหลวง","district_osm_id":3146643,"province":"กรุงเทพมหานคร","province_iso":"TH-10","reason_excluded":"point_only"},"geometry":{"type":"Point","coordinates":[100.64271,13.713665]}},
{"type":"Feature","id":"osm-n12630031575","properties":{"id":"osm-n12630031575","osm_id":12630031575,"osm_type":"node","name":null,"tags":{"historic":"boundary_stone"},"district":"เขตดินแดง","district_osm_id":2938031,"province":"กรุงเทพมหานคร","province_iso":"TH-10","reason_excluded":"point_only"},"geometry":{"type":"Point","coordinates":[100.557672,13.778168]}},
{"type":"Feature","id":"osm-n12651721701","properties":{"id":"osm-n12651721701","osm_id":12651721701,"osm_type":"node","name":null,"tags":{"amenity":"marketplace","name:en":"Food market"},"district":"เขตพระนคร","district_osm_id":92053,"province":"กรุงเทพมหานคร","province_iso":"TH-10","reason_excluded":"point_only"},"geometry":{"type":"Point","coordinates":[100.49927,13.750536]}},
{"type":"Feature","id":"osm-n12655908301","properties":{"id":"osm-n12655908301","osm_id":12655908301,"osm_type":"node","name":null,"tags":{"amenity":"marketplace","name:en":"Fruit market"},"district":"เขตดุสิต","district_osm_id":92069,"province":"กรุงเทพมหานคร","province_iso":"TH-10","reason_excluded":"point_only"},"geometry":{"type":"Point","coordinates":[100.517852,13.756245]}},
{"type":"Feature","id":"osm-n12662990977","properties":{"id":"osm-n12662990977","osm_id":12662990977,"osm_type":"node","name":"ตลาดไทยรุ่งทิพย์","tags":{"amenity":"marketplace","name":"ตลาดไทยรุ่งทิพย์"},"district":"อำเภอบางบ่อ","district_osm_id":11580980,"province":"จังหวัดสมุทรปราการ","province_iso":"TH-11","reason_excluded":"point_only"},"geometry":{"type":"Point","coordinates":[100.817269,13.509319]}},
{"type":"Feature","id":"osm-n12694915091","properties":{"id":"osm-n12694915091","osm_id":12694915091,"osm_type":"node","name":null,"tags":{"historic":"memorial","name:en":"Lek - Prapai Viriyahbhun"},"district":"อำเภอเมืองสมุทรปราการ","district_osm_id":11580983,"province":"จังหวัดสมุทรปราการ","province_iso":"TH-11","reason_excluded":"point_only"},"geometry":{"type":"Point","coordinates":[100.588933,13.628904]}},
{"type":"Feature","id":"osm-n12710226400","properties":{"id":"osm-n12710226400","osm_id":12710226400,"osm_type":"node","name":null,"tags":{"name:en":"Reclining Buddha","tourism":"attraction"},"district":"เขตธนบุรี","district_osm_id":3147281,"province":"กรุงเทพมหานคร","province_iso":"TH-10","reason_excluded":"point_only"},"geometry":{"type":"Point","coordinates":[100.471331,13.719827]}},
{"type":"Feature","id":"osm-n12710231554","properties":{"id":"osm-n12710231554","osm_id":12710231554,"osm_type":"node","name":null,"tags":{"level":"5","name:en":"Glass Pagoda","tourism":"attraction"},"district":"เขตภาษีเจริญ","district_osm_id":2946807,"province":"กรุงเทพมหานคร","province_iso":"TH-10","reason_excluded":"point_only"},"geometry":{"type":"Point","coordinates":[100.470765,13.720848]}},
{"type":"Feature","id":"osm-n12712910196","properties":{"id":"osm-n12712910196","osm_id":12712910196,"osm_type":"node","name":"พระราชานุสาวรีย์สมเด็จพระศรีพัชรินทราบรมราชินีนาถ","tags":{"historic":"memorial","name":"พระราชานุสาวรีย์สมเด็จพระศรีพัชรินทราบรมราชินีนาถ","name:en":"The Royal Monument Her Majesty Queen Sri Bajarindra, The Queen Mother"},"district":"เขตปทุมวัน","district_osm_id":92063,"province":"กรุงเทพมหานคร","province_iso":"TH-10","reason_excluded":"point_only"},"geometry":{"type":"Point","coordinates":[100.53225,13.731757]}},
{"type":"Feature","id":"osm-n12731416537","properties":{"id":"osm-n12731416537","osm_id":12731416537,"osm_type":"node","name":null,"tags":{"amenity":"marketplace","check_date":"2025-04-05"},"district":"เขตคลองเตย","district_osm_id":2938033,"province":"กรุงเทพมหานคร","province_iso":"TH-10","reason_excluded":"point_only"},"geometry":{"type":"Point","coordinates":[100.600995,13.70522]}},
{"type":"Feature","id":"osm-n12763486241","properties":{"id":"osm-n12763486241","osm_id":12763486241,"osm_type":"node","name":"ตลาดนัดพรธิสาร6","tags":{"addr:district":"หนองเสือ","addr:postcode":"12170","addr:province":"ปทุมธานี","addr:subdistrict":"บึงบอน","amenity":"marketplace","check_date":"2025-08-21","check_date:currency:XBT":"2025-08-21","contact:facebook":"https://www.facebook.com/porntisan6/","currency:XBT":"yes","name":"ตลาดนัดพรธิสาร6","opening_hours":"Mo-Su 15:00-21:00","payment:lightning":"yes","payment:lightning_contactless":"no","payment:onchain":"no","phone":"+66 96 535 1626"},"district":"อำเภอหนองเสือ","district_osm_id":2913010,"province":"จังหวัดปทุมธานี","province_iso":"TH-13","reason_excluded":"point_only"},"geometry":{"type":"Point","coordinates":[100.755988,14.049233]}},
{"type":"Feature","id":"osm-n12788180347","properties":{"id":"osm-n12788180347","osm_id":12788180347,"osm_type":"node","name":"อนุสาวรีย์พระองค์เจ้าอรุณนิภาคุณากร","tags":{"historic":"memorial","name":"แนุสาวรีย์พระองค์เจ้าอรุณนิภาคุณากร","name:en":"Arunnibhagunakorn Memorial","name:th":"อนุสาวรีย์พระองค์เจ้าอรุณนิภาคุณากร","source":"https://archaeology.sac.or.th/archaeology/706","subject:wikidata":"Q13017727"},"district":"เขตพระนคร","district_osm_id":92053,"province":"กรุงเทพมหานคร","province_iso":"TH-10","reason_excluded":"point_only"},"geometry":{"type":"Point","coordinates":[100.497512,13.748791]}},
{"type":"Feature","id":"osm-n12792330388","properties":{"id":"osm-n12792330388","osm_id":12792330388,"osm_type":"node","name":"อนุสาวรีย์จอมพล ป. พิบูลสงคราม","tags":{"historic":"monument","name":"อนุสาวรีย์จอมพล ป. พิบูลสงคราม"},"district":"อำเภอเมืองนนทบุรี","district_osm_id":2688300,"province":"จังหวัดนนทบุรี","province_iso":"TH-12","reason_excluded":"point_only"},"geometry":{"type":"Point","coordinates":[100.503781,13.822794]}},
{"type":"Feature","id":"osm-n12792330389","properties":{"id":"osm-n12792330389","osm_id":12792330389,"osm_type":"node","name":"อนุสาวรีย์อาจารย์สง่า ดีมาก","tags":{"historic":"monument","name":"อนุสาวรีย์อาจารย์สง่า ดีมาก"},"district":"อำเภอเมืองนนทบุรี","district_osm_id":2688300,"province":"จังหวัดนนทบุรี","province_iso":"TH-12","reason_excluded":"point_only"},"geometry":{"type":"Point","coordinates":[100.503606,13.822639]}},
{"type":"Feature","id":"osm-n12865797301","properties":{"id":"osm-n12865797301","osm_id":12865797301,"osm_type":"node","name":null,"tags":{"name:en":"Space & Time Cube+","opening_hours":"Mo-Su 10:30-21:30","tourism":"attraction"},"district":"เขตภาษีเจริญ","district_osm_id":2946807,"province":"กรุงเทพมหานคร","province_iso":"TH-10","reason_excluded":"point_only"},"geometry":{"type":"Point","coordinates":[100.435013,13.712372]}},
{"type":"Feature","id":"osm-n12915497488","properties":{"id":"osm-n12915497488","osm_id":12915497488,"osm_type":"node","name":"ตลาดตรอกหม้อ","tags":{"amenity":"marketplace","name":"ตลาดตรอกหม้อ","name:en":"Trok Mor Morning Market","opening_hours":"Mo-Su 05:00-10:00"},"district":"เขตพระนคร","district_osm_id":92053,"province":"กรุงเทพมหานคร","province_iso":"TH-10","reason_excluded":"point_only"},"geometry":{"type":"Point","coordinates":[100.499241,13.749582]}},
{"type":"Feature","id":"osm-n12997277485","properties":{"id":"osm-n12997277485","osm_id":12997277485,"osm_type":"node","name":"พระยูไลไภษัชยคุรุพุทธเจ้า","tags":{"historic":"memorial","memorial":"statue","name":"พระยูไลไภษัชยคุรุพุทธเจ้า"},"district":"อำเภอสามพราน","district_osm_id":18931634,"province":"จังหวัดนครปฐม","province_iso":"TH-73","reason_excluded":"point_only"},"geometry":{"type":"Point","coordinates":[100.213006,13.694748]}},
{"type":"Feature","id":"osm-n13039128401","properties":{"id":"osm-n13039128401","osm_id":13039128401,"osm_type":"node","name":"ตลาดอินดี้ ปิ่นเกล้า","tags":{"amenity":"marketplace","name":"Indy Market Pinklao","name:th":"ตลาดอินดี้ ปิ่นเกล้า"},"district":"เขตบางพลัด","district_osm_id":2942281,"province":"กรุงเทพมหานคร","province_iso":"TH-10","reason_excluded":"point_only"},"geometry":{"type":"Point","coordinates":[100.484452,13.77728]}},
{"type":"Feature","id":"osm-n13059166084","properties":{"id":"osm-n13059166084","osm_id":13059166084,"osm_type":"node","name":"อนุสาวรีย์ รัชกาลที่ 5","tags":{"historic":"monument","name":"อนุสาวรีย์ รัชกาลที่ 5"},"district":"อำเภอเมืองนนทบุรี","district_osm_id":2688300,"province":"จังหวัดนนทบุรี","province_iso":"TH-12","reason_excluded":"point_only"},"geometry":{"type":"Point","coordinates":[100.531121,13.880823]}},
{"type":"Feature","id":"osm-n13071787291","properties":{"id":"osm-n13071787291","osm_id":13071787291,"osm_type":"node","name":"เอเลี่ยน","tags":{"name":"เอเลี่ยน","name:en":"Alien","tourism":"attraction"},"district":"อำเภอธัญบุรี","district_osm_id":2913012,"province":"จังหวัดปทุมธานี","province_iso":"TH-13","reason_excluded":"point_only"},"geometry":{"type":"Point","coordinates":[100.674918,13.990963]}},
{"type":"Feature","id":"osm-n13071787292","properties":{"id":"osm-n13071787292","osm_id":13071787292,"osm_type":"node","name":null,"tags":{"name:en":"Crazy Zone","ref":"3","tourism":"attraction"},"district":"อำเภอธัญบุรี","district_osm_id":2913012,"province":"จังหวัดปทุมธานี","province_iso":"TH-13","reason_excluded":"point_only"},"geometry":{"type":"Point","coordinates":[100.674664,13.989635]}},
{"type":"Feature","id":"osm-n13071787293","properties":{"id":"osm-n13071787293","osm_id":13071787293,"osm_type":"node","name":null,"tags":{"name:en":"Dreamy Garden","ref":"3","tourism":"attraction"},"district":"อำเภอธัญบุรี","district_osm_id":2913012,"province":"จังหวัดปทุมธานี","province_iso":"TH-13","reason_excluded":"point_only"},"geometry":{"type":"Point","coordinates":[100.674683,13.990165]}},
{"type":"Feature","id":"osm-n13071787294","properties":{"id":"osm-n13071787294","osm_id":13071787294,"osm_type":"node","name":"บ้านยักษ์","tags":{"name":"บ้านยักษ์","name:en":"Giant’s House","tourism":"attraction"},"district":"อำเภอธัญบุรี","district_osm_id":2913012,"province":"จังหวัดปทุมธานี","province_iso":"TH-13","reason_excluded":"point_only"},"geometry":{"type":"Point","coordinates":[100.674784,13.990559]}},
{"type":"Feature","id":"osm-n13099704001","properties":{"id":"osm-n13099704001","osm_id":13099704001,"osm_type":"node","name":"Kosum Ruam Chai Market","tags":{"amenity":"marketplace","name":"Kosum Ruam Chai Market"},"district":"เขตดอนเมือง","district_osm_id":1639287,"province":"กรุงเทพมหานคร","province_iso":"TH-10","reason_excluded":"point_only"},"geometry":{"type":"Point","coordinates":[100.578351,13.910476]}},
{"type":"Feature","id":"osm-n13205101697","properties":{"id":"osm-n13205101697","osm_id":13205101697,"osm_type":"node","name":null,"tags":{"historic":"monument"},"district":"เขตบางนา","district_osm_id":3146412,"province":"กรุงเทพมหานคร","province_iso":"TH-10","reason_excluded":"point_only"},"geometry":{"type":"Point","coordinates":[100.58616,13.671517]}},
{"type":"Feature","id":"osm-n13273609379","properties":{"id":"osm-n13273609379","osm_id":13273609379,"osm_type":"node","name":null,"tags":{"historic":"memorial","memorial":"statue","panoramax":"5a6a4d81-4818-4125-9cd0-e928699259ba","statue":"equestrian","subject:wikidata":"Q320097"},"district":"อำเภอบางกรวย","district_osm_id":2688299,"province":"จังหวัดนนทบุรี","province_iso":"TH-12","reason_excluded":"point_only"},"geometry":{"type":"Point","coordinates":[100.471399,13.817999]}},
{"type":"Feature","id":"osm-n13469466611","properties":{"id":"osm-n13469466611","osm_id":13469466611,"osm_type":"node","name":null,"tags":{"historic":"memorial","inscription":"萬壽亭及泰中建交廿五週年友誼園建委會名錄","memorial":"plaque"},"district":"เขตปทุมวัน","district_osm_id":92063,"province":"กรุงเทพมหานคร","province_iso":"TH-10","reason_excluded":"point_only"},"geometry":{"type":"Point","coordinates":[100.54276,13.728745]}},
{"type":"Feature","id":"osm-n13587105125","properties":{"id":"osm-n13587105125","osm_id":13587105125,"osm_type":"node","name":null,"tags":{"amenity":"marketplace"},"district":"เขตคลองเตย","district_osm_id":2938033,"province":"กรุงเทพมหานคร","province_iso":"TH-10","reason_excluded":"point_only"},"geometry":{"type":"Point","coordinates":[100.591788,13.709845]}},
{"type":"Feature","id":"osm-n13608698353","properties":{"id":"osm-n13608698353","osm_id":13608698353,"osm_type":"node","name":null,"tags":{"amenity":"marketplace"},"district":"เขตบางกะปิ","district_osm_id":2939952,"province":"กรุงเทพมหานคร","province_iso":"TH-10","reason_excluded":"point_only"},"geometry":{"type":"Point","coordinates":[100.656699,13.750578]}},
{"type":"Feature","id":"osm-n13613567717","properties":{"id":"osm-n13613567717","osm_id":13613567717,"osm_type":"node","name":"นาฬิกาแดด","tags":{"amenity":"clock","display":"sundial","image":"https://streetcomplete.app/​p/329898.jpg","name":"นาฬิกาแดด","name:th":"นาฬิกาแดด","tourism":"attraction"},"district":"เขตปทุมวัน","district_osm_id":92063,"province":"กรุงเทพมหานคร","province_iso":"TH-10","reason_excluded":"point_only"},"geometry":{"type":"Point","coordinates":[100.542596,13.728913]}},
{"type":"Feature","id":"osm-n13638804897","properties":{"id":"osm-n13638804897","osm_id":13638804897,"osm_type":"node","name":"โบราณสถานฐานป้อมพระราชวังหลัง","tags":{"historic":"archaeological_site","name":"โบราณสถานฐานป้อมพระราชวังหลัง","name:en":"Fort Foundation","name:th":"โบราณสถานฐานป้อมพระราชวังหลัง"},"district":"เขตบางกอกน้อย","district_osm_id":2942282,"province":"กรุงเทพมหานคร","province_iso":"TH-10","reason_excluded":"point_only"},"geometry":{"type":"Point","coordinates":[100.486622,13.759686]}},
{"type":"Feature","id":"osm-n13714186001","properties":{"id":"osm-n13714186001","osm_id":13714186001,"osm_type":"node","name":"ตลาดนัดพระพรหมคลองสอง","tags":{"addr:postcode":"10510","addr:street":"ถนนเลียบคลองสอง","amenity":"marketplace","name":"ตลาดนัดพระพรหมคลองสอง"},"district":"เขตคลองสามวา","district_osm_id":2997412,"province":"กรุงเทพมหานคร","province_iso":"TH-10","reason_excluded":"point_only"},"geometry":{"type":"Point","coordinates":[100.693514,13.859774]}},
{"type":"Feature","id":"osm-n13720951201","properties":{"id":"osm-n13720951201","osm_id":13720951201,"osm_type":"node","name":"ตลาดวีวัน","tags":{"addr:housenumber":"95/2","addr:postcode":"74000","addr:street":"ถนนบางปลา","amenity":"marketplace","name":"ตลาดวีวัน"},"district":"อำเภอเมืองสมุทรสาคร","district_osm_id":18935071,"province":"จังหวัดสมุทรสาคร","province_iso":"TH-74","reason_excluded":"point_only"},"geometry":{"type":"Point","coordinates":[100.265812,13.589812]}},
{"type":"Feature","id":"osm-n1374648065","properties":{"id":"osm-n1374648065","osm_id":1374648065,"osm_type":"node","name":null,"tags":{"historic":"monument"},"district":"เขตจตุจักร","district_osm_id":1639286,"province":"กรุงเทพมหานคร","province_iso":"TH-10","reason_excluded":"point_only"},"geometry":{"type":"Point","coordinates":[100.576612,13.845087]}},
{"type":"Feature","id":"osm-n13765833246","properties":{"id":"osm-n13765833246","osm_id":13765833246,"osm_type":"node","name":null,"tags":{"historic":"cannon","name:en":"Phlil Phirun Saen Ha"},"district":"เขตพระนคร","district_osm_id":92053,"province":"กรุงเทพมหานคร","province_iso":"TH-10","reason_excluded":"point_only"},"geometry":{"type":"Point","coordinates":[100.494022,13.751418]}},
{"type":"Feature","id":"osm-n13811314911","properties":{"id":"osm-n13811314911","osm_id":13811314911,"osm_type":"node","name":null,"tags":{"historic":"railway_car"},"district":"เขตปทุมวัน","district_osm_id":92063,"province":"กรุงเทพมหานคร","province_iso":"TH-10","reason_excluded":"point_only"},"geometry":{"type":"Point","coordinates":[100.516689,13.745305]}},
{"type":"Feature","id":"osm-n13811314912","properties":{"id":"osm-n13811314912","osm_id":13811314912,"osm_type":"node","name":null,"tags":{"historic":"railway_car"},"district":"เขตปทุมวัน","district_osm_id":92063,"province":"กรุงเทพมหานคร","province_iso":"TH-10","reason_excluded":"point_only"},"geometry":{"type":"Point","coordinates":[100.516561,13.74516]}},
{"type":"Feature","id":"osm-n13811314913","properties":{"id":"osm-n13811314913","osm_id":13811314913,"osm_type":"node","name":null,"tags":{"historic":"railway_car"},"district":"เขตปทุมวัน","district_osm_id":92063,"province":"กรุงเทพมหานคร","province_iso":"TH-10","reason_excluded":"point_only"},"geometry":{"type":"Point","coordinates":[100.5166,13.745262]}},
{"type":"Feature","id":"osm-n13827271304","properties":{"id":"osm-n13827271304","osm_id":13827271304,"osm_type":"node","name":null,"tags":{"amenity":"game_feeding","attraction":"animal","fee":"yes","tourism":"attraction"},"district":"เขตสัมพันธวงศ์","district_osm_id":92056,"province":"กรุงเทพมหานคร","province_iso":"TH-10","reason_excluded":"point_only"},"geometry":{"type":"Point","coordinates":[100.504416,13.738564]}},
{"type":"Feature","id":"osm-n13865862557","properties":{"id":"osm-n13865862557","osm_id":13865862557,"osm_type":"node","name":"อาหารทะเลแห้ง","tags":{"addr:district":"เมืองสมุทรสาคร","addr:postcode":"74000","addr:province":"สมุทรสาคร","addr:street":"ถนนสุขาภิบาล","addr:subdistrict":"มหาชัย","amenity":"marketplace","description":"อาหารทะเลแห้ง อาหารแห้ง ตลาดอาหารทะเลที่มีชื่อเสียระดับประเทศ","name":"อาหารทะเลแห้ง","name:en":"Dried seafood market","reg_name":"ของแห้ง"},"district":"อำเภอเมืองสมุทรสาคร","district_osm_id":18935071,"province":"จังหวัดสมุทรสาคร","province_iso":"TH-74","reason_excluded":"point_only"},"geometry":{"type":"Point","coordinates":[100.276645,13.545771]}},
{"type":"Feature","id":"osm-n13865902999","properties":{"id":"osm-n13865902999","osm_id":13865902999,"osm_type":"node","name":"ตลาดอาหารทะเล","tags":{"addr:district":"เมืองสมุทรสาคร","addr:province":"สมุทรสาคร","addr:subdistrict":"มหาชัย","amenity":"marketplace","name":"ตลาดอาหารทะเล","name:en":"Fish Market","operator":"มหาชัย"},"district":"อำเภอเมืองสมุทรสาคร","district_osm_id":18935071,"province":"จังหวัดสมุทรสาคร","province_iso":"TH-74","reason_excluded":"point_only"},"geometry":{"type":"Point","coordinates":[100.276588,13.545745]}},
{"type":"Feature","id":"osm-n13966693493","properties":{"id":"osm-n13966693493","osm_id":13966693493,"osm_type":"node","name":"1978 World Orchid Conference","tags":{"historic":"memorial","inscription":"Commemorating the 1978 World Orchid Conference in Bangkok","memorial":"sculpture","name":"1978 World Orchid Conference"},"district":"อำเภอสามพราน","district_osm_id":18931634,"province":"จังหวัดนครปฐม","province_iso":"TH-73","reason_excluded":"point_only"},"geometry":{"type":"Point","coordinates":[100.242508,13.732833]}},
{"type":"Feature","id":"osm-n14023966454","properties":{"id":"osm-n14023966454","osm_id":14023966454,"osm_type":"node","name":null,"tags":{"amenity":"marketplace","fixme":"please add name:th, name:en, opening_hours"},"district":"เขตลาดกระบัง","district_osm_id":3147500,"province":"กรุงเทพมหานคร","province_iso":"TH-10","reason_excluded":"point_only"},"geometry":{"type":"Point","coordinates":[100.746938,13.727256]}},
{"type":"Feature","id":"osm-n14038808477","properties":{"id":"osm-n14038808477","osm_id":14038808477,"osm_type":"node","name":"Flower Market","tags":{"addr:country":"Thailand","addr:district":"พระนคร","addr:postcode":"10200","addr:province":"กรุงเทพมหานคร","addr:province:en":"Bangkok","addr:street":"ถนนจักรเพชร","addr:street:en":"Chakphet road","addr:subdistrict":"วังบูรพาภิรมย์","amenity":"marketplace","country":"ไทย","description":"Pak Khlong Talat Flower Market","name":"Flower Market"},"district":"เขตพระนคร","district_osm_id":92053,"province":"กรุงเทพมหานคร","province_iso":"TH-10","reason_excluded":"point_only"},"geometry":{"type":"Point","coordinates":[100.496444,13.742079]}},
{"type":"Feature","id":"osm-n14067706401","properties":{"id":"osm-n14067706401","osm_id":14067706401,"osm_type":"node","name":"Song Klong Floating Market","tags":{"amenity":"marketplace","name":"Song Klong Floating Market"},"district":"เขตตลิ่งชัน","district_osm_id":2939954,"province":"กรุงเทพมหานคร","province_iso":"TH-10","reason_excluded":"point_only"},"geometry":{"type":"Point","coordinates":[100.458158,13.777772]}},
{"type":"Feature","id":"osm-n14074442193","properties":{"id":"osm-n14074442193","osm_id":14074442193,"osm_type":"node","name":"พระราชดำรัส","tags":{"historic":"memorial","memorial":"plaque","name":"พระราชดำรัส","name:th":"พระราชดำรัส"},"district":"เขตบางกอกน้อย","district_osm_id":2942282,"province":"กรุงเทพมหานคร","province_iso":"TH-10","reason_excluded":"point_only"},"geometry":{"type":"Point","coordinates":[100.486685,13.759482]}},
{"type":"Feature","id":"osm-n14089117102","properties":{"id":"osm-n14089117102","osm_id":14089117102,"osm_type":"node","name":null,"tags":{"name:en":"path to Hidden cafe","tourism":"attraction"},"district":"เขตธนบุรี","district_osm_id":3147281,"province":"กรุงเทพมหานคร","province_iso":"TH-10","reason_excluded":"point_only"},"geometry":{"type":"Point","coordinates":[100.47206,13.721495]}},
{"type":"Feature","id":"osm-n14091758365","properties":{"id":"osm-n14091758365","osm_id":14091758365,"osm_type":"node","name":"จุดกำเนิดวิศวกรรมเคมีของไทย","tags":{"historic":"memorial","memorial":"plaque","name":"จุดกำเนิดวิศวกรรมเคมีของไทย"},"district":"เขตปทุมวัน","district_osm_id":92063,"province":"กรุงเทพมหานคร","province_iso":"TH-10","reason_excluded":"point_only"},"geometry":{"type":"Point","coordinates":[100.529812,13.736286]}},
{"type":"Feature","id":"osm-n14097978101","properties":{"id":"osm-n14097978101","osm_id":14097978101,"osm_type":"node","name":null,"tags":{"name:en":"Shortcut to Khao San","tourism":"attraction"},"district":"เขตพระนคร","district_osm_id":92053,"province":"กรุงเทพมหานคร","province_iso":"TH-10","reason_excluded":"point_only"},"geometry":{"type":"Point","coordinates":[100.494914,13.75951]}},
{"type":"Feature","id":"osm-n14097989201","properties":{"id":"osm-n14097989201","osm_id":14097989201,"osm_type":"node","name":null,"tags":{"name:en":"shortcut","tourism":"attraction"},"district":"เขตพระนคร","district_osm_id":92053,"province":"กรุงเทพมหานคร","province_iso":"TH-10","reason_excluded":"point_only"},"geometry":{"type":"Point","coordinates":[100.495027,13.759218]}},
{"type":"Feature","id":"osm-n14098786776","properties":{"id":"osm-n14098786776","osm_id":14098786776,"osm_type":"node","name":"กรุงธนบุรี","tags":{"historic":"memorial","material":"metal","memorial":"plaque","name":"กรุงธนบุรี","name:th":"กรุงธนบุรี"},"district":"เขตบางกอกน้อย","district_osm_id":2942282,"province":"กรุงเทพมหานคร","province_iso":"TH-10","reason_excluded":"point_only"},"geometry":{"type":"Point","coordinates":[100.483257,13.752304]}},
{"type":"Feature","id":"osm-n14118807788","properties":{"id":"osm-n14118807788","osm_id":14118807788,"osm_type":"node","name":"ตลาดน้ำวัดตะเคียน","tags":{"amenity":"marketplace","name":"ตลาดน้ำวัดตะเคียน","name:en":"Wat Takien Floating Market"},"district":"อำเภอบางกรวย","district_osm_id":2688299,"province":"จังหวัดนนทบุรี","province_iso":"TH-12","reason_excluded":"point_only"},"geometry":{"type":"Point","coordinates":[100.422753,13.827401]}},
{"type":"Feature","id":"osm-n14118881607","properties":{"id":"osm-n14118881607","osm_id":14118881607,"osm_type":"node","name":"ตลาดน้ำบางคูเวียง","tags":{"amenity":"marketplace","name":"ตลาดน้ำบางคูเวียง","name:en":"Bang Khu Wiang Floating Market"},"district":"อำเภอบางกรวย","district_osm_id":2688299,"province":"จังหวัดนนทบุรี","province_iso":"TH-12","reason_excluded":"point_only"},"geometry":{"type":"Point","coordinates":[100.43008,13.832064]}},
{"type":"Feature","id":"osm-n14136272501","properties":{"id":"osm-n14136272501","osm_id":14136272501,"osm_type":"node","name":"เจ้าสัว 69","tags":{"addr:postcode":"10160","amenity":"marketplace","name":"เจ้าสัว 69","name:en":"ChaoSua 69"},"district":"เขตหนองแขม","district_osm_id":2942283,"province":"กรุงเทพมหานคร","province_iso":"TH-10","reason_excluded":"point_only"},"geometry":{"type":"Point","coordinates":[100.382275,13.688119]}},
{"type":"Feature","id":"osm-n1496839207","properties":{"id":"osm-n1496839207","osm_id":1496839207,"osm_type":"node","name":"ตลาดชัยกูล","tags":{"amenity":"marketplace","name":"ตลาดชัยกูล"},"district":"เขตจอมทอง","district_osm_id":3147007,"province":"กรุงเทพมหานคร","province_iso":"TH-10","reason_excluded":"point_only"},"geometry":{"type":"Point","coordinates":[100.453921,13.675422]}},
{"type":"Feature","id":"osm-n1512566431","properties":{"id":"osm-n1512566431","osm_id":1512566431,"osm_type":"node","name":"ตลาดรุ่งเจริญ","tags":{"amenity":"marketplace","name":"ตลาดรุ่งเจริญ"},"district":"เขตบางขุนเทียน","district_osm_id":3147313,"province":"กรุงเทพมหานคร","province_iso":"TH-10","reason_excluded":"point_only"},"geometry":{"type":"Point","coordinates":[100.442886,13.655227]}},
{"type":"Feature","id":"osm-n1592068403","properties":{"id":"osm-n1592068403","osm_id":1592068403,"osm_type":"node","name":"ตลาดสดเอกชัย","tags":{"amenity":"marketplace","name":"ตลาดสดเอกชัย"},"district":"เขตบางบอน","district_osm_id":3147312,"province":"กรุงเทพมหานคร","province_iso":"TH-10","reason_excluded":"point_only"},"geometry":{"type":"Point","coordinates":[100.426616,13.674885]}},
{"type":"Feature","id":"osm-n1625414970","properties":{"id":"osm-n1625414970","osm_id":1625414970,"osm_type":"node","name":"ตลาดน้ำคลองภาษีเจริญ วัดนิมมานรดี","tags":{"alt_name":"ตลาดน้ำวัดนิมมานรดี","amenity":"marketplace","name":"ตลาดน้ำคลองภาษีเจริญ วัดนิมมานรดี"},"district":"เขตภาษีเจริญ","district_osm_id":2946807,"province":"กรุงเทพมหานคร","province_iso":"TH-10","reason_excluded":"point_only"},"geometry":{"type":"Point","coordinates":[100.427125,13.707524]}},
{"type":"Feature","id":"osm-n1627884610","properties":{"id":"osm-n1627884610","osm_id":1627884610,"osm_type":"node","name":"วิน วิน พลาซ่า","tags":{"amenity":"marketplace","name":"วิน วิน พลาซ่า","name:en":"Win Win Plaza","name:th":"วิน วิน พลาซ่า"},"district":"เขตบางแค","district_osm_id":2946804,"province":"กรุงเทพมหานคร","province_iso":"TH-10","reason_excluded":"point_only"},"geometry":{"type":"Point","coordinates":[100.40965,13.711002]}},
{"type":"Feature","id":"osm-n1641043367","properties":{"id":"osm-n1641043367","osm_id":1641043367,"osm_type":"node","name":"Bang Nam Phueng Floating Market","tags":{"name":"Bang Nam Phueng Floating Market","name:en":"Bang Nam Pheung Floating Market","opening_hours":"Sa-Su 08:00-17:00","shop":"farm","tourism":"attraction","wikidata":"Q18398194","wikimedia_commons":"Category:Bang Nam Phueng Floating Market","wikipedia":"en:Bang Nam Phueng Floating Market"},"district":"อำเภอพระประแดง","district_osm_id":11580984,"province":"จังหวัดสมุทรปราการ","province_iso":"TH-11","reason_excluded":"point_only"},"geometry":{"type":"Point","coordinates":[100.576055,13.68027]}},
{"type":"Feature","id":"osm-n1687584773","properties":{"id":"osm-n1687584773","osm_id":1687584773,"osm_type":"node","name":"พระบรมราชานุสาวรีย์รัชกาลที่ 7","tags":{"artwork_type":"statue","historic":"monument","name":"พระบรมราชานุสาวรีย์รัชกาลที่ 7","name:es":"Estatua del rey Rama VII","tourism":"artwork"},"district":"อำเภอปากเกร็ด","district_osm_id":2688301,"province":"จังหวัดนนทบุรี","province_iso":"TH-12","reason_excluded":"point_only"},"geometry":{"type":"Point","coordinates":[100.537133,13.90926]}},
{"type":"Feature","id":"osm-n1697593671","properties":{"id":"osm-n1697593671","osm_id":1697593671,"osm_type":"node","name":"พระบรมราชานุสาวรีย์พระบาทสมเด็จพระเจ้าอยู่หัวอานันทมหิดล","tags":{"description":"https://photos.app.goo.gl/QYi2EPUFweNoNjSt5","historic":"monument","image":"https://images.mapillary.com/amfj67EWGinq9dLuiWjdjg/thumb-2048.jpg","mapillary":"923875608406743","name":"พระบรมราชานุสาวรีย์พระบาทสมเด็จพระเจ้าอยู่หัวอานันทมหิดล","name:en":"King Ananda Mahidol statue"},"district":"เขตปทุมวัน","district_osm_id":92063,"province":"กรุงเทพมหานคร","province_iso":"TH-10","reason_excluded":"point_only"},"geometry":{"type":"Point","coordinates":[100.536744,13.733198]}},
{"type":"Feature","id":"osm-n1754863651","properties":{"id":"osm-n1754863651","osm_id":1754863651,"osm_type":"node","name":"Lan Chang Styled Scripture Repository and Wihan (070)","tags":{"name":"Lan Chang Styled Scripture Repository and Wihan (070)","tourism":"attraction"},"district":"อำเภอเมืองสมุทรปราการ","district_osm_id":11580983,"province":"จังหวัดสมุทรปราการ","province_iso":"TH-11","reason_excluded":"point_only"},"geometry":{"type":"Point","coordinates":[100.635366,13.54786]}},
{"type":"Feature","id":"osm-n1801775559","properties":{"id":"osm-n1801775559","osm_id":1801775559,"osm_type":"node","name":"ตลาดประชานิเวศน์ 1","tags":{"amenity":"marketplace","name":"ตลาดประชานิเวศน์ 1","name:en":"Pracha Niwet 1 Market","name:th":"ตลาดประชานิเวศน์ 1","name:zh":"周末市场"},"district":"เขตจตุจักร","district_osm_id":1639286,"province":"กรุงเทพมหานคร","province_iso":"TH-10","reason_excluded":"point_only"},"geometry":{"type":"Point","coordinates":[100.545062,13.84055]}},
{"type":"Feature","id":"osm-n1858889425","properties":{"id":"osm-n1858889425","osm_id":1858889425,"osm_type":"node","name":"ตลาดศาลายา","tags":{"amenity":"marketplace","name":"ตลาดศาลายา","name:en":"Sala Ya Market","name:th":"ตลาดศาลายา"},"district":"อำเภอพุทธมณฑล","district_osm_id":18931587,"province":"จังหวัดนครปฐม","province_iso":"TH-73","reason_excluded":"point_only"},"geometry":{"type":"Point","coordinates":[100.326139,13.801874]}},
{"type":"Feature","id":"osm-n1872413363","properties":{"id":"osm-n1872413363","osm_id":1872413363,"osm_type":"node","name":"สะพานพระราม 8","tags":{"man_made":"tower","name":"สะพานพระราม 8","name:en":"Rama VIII Bridge","name:th":"สะพานพระราม 8","tourism":"attraction","wikidata":"Q1092231","wikimedia_commons":"Category:Rama VIII Bridge","wikipedia":"en:Rama VIII Bridge"},"district":"เขตบางพลัด","district_osm_id":2942281,"province":"กรุงเทพมหานคร","province_iso":"TH-10","reason_excluded":"point_only"},"geometry":{"type":"Point","coordinates":[100.495856,13.769645]}},
{"type":"Feature","id":"osm-n1873065953","properties":{"id":"osm-n1873065953","osm_id":1873065953,"osm_type":"node","name":null,"tags":{"artwork_type":"statue","historic":"memorial","tourism":"artwork"},"district":"เขตดุสิต","district_osm_id":92069,"province":"กรุงเทพมหานคร","province_iso":"TH-10","reason_excluded":"point_only"},"geometry":{"type":"Point","coordinates":[100.513532,13.762791]}},
{"type":"Feature","id":"osm-n1886961362","properties":{"id":"osm-n1886961362","osm_id":1886961362,"osm_type":"node","name":"อนุสาวรีย์ทหารอาสา สงครามโลกครั้งที่ 1","tags":{"historic":"memorial","image":"https://images.mapillary.com/rF5WS1ezb7VqcDBDxSPpmQ/thumb-2048.jpg","mapillary":"2990198357879972","memorial":"war_memorial","name":"อนุสาวรีย์ทหารอาสา สงครามโลกครั้งที่ 1","name:en":"Memorial of Expeditionary Force","name:th":"อนุสาวรีย์ทหารอาสา สงครามโลกครั้งที่ 1","wikidata":"Q13023636","wikimedia_commons":"Category:Monument of The Expeditionary Force, Bangkok","wikipedia":"th:อนุสาวรีย์ทหารอาสา"},"district":"เขตพระนคร","district_osm_id":92053,"province":"กรุงเทพมหานคร","province_iso":"TH-10","reason_excluded":"point_only"},"geometry":{"type":"Point","coordinates":[100.493254,13.758211]}},
{"type":"Feature","id":"osm-n1886961610","properties":{"id":"osm-n1886961610","osm_id":1886961610,"osm_type":"node","name":null,"tags":{"historic":"city_gate"},"district":"เขตพระนคร","district_osm_id":92053,"province":"กรุงเทพมหานคร","province_iso":"TH-10","reason_excluded":"point_only"},"geometry":{"type":"Point","coordinates":[100.501624,13.760066]}},
{"type":"Feature","id":"osm-n2006038962","properties":{"id":"osm-n2006038962","osm_id":2006038962,"osm_type":"node","name":"บางกอกฟุตซอลอารีนา","tags":{"leisure":"stadium","name":"บางกอกฟุตซอลอารีนา","name:en":"Bangkok Arena","name:th":"บางกอกฟุตซอลอารีนา","sport":"soccer","tourism":"attraction","wikidata":"Q4855206","wikipedia":"en:Bangkok Arena"},"district":"เขตหนองจอก","district_osm_id":3147501,"province":"กรุงเทพมหานคร","province_iso":"TH-10","reason_excluded":"point_only"},"geometry":{"type":"Point","coordinates":[100.849627,13.832724]}},
{"type":"Feature","id":"osm-n2064798506","properties":{"id":"osm-n2064798506","osm_id":2064798506,"osm_type":"node","name":"ตลาดนัด","tags":{"amenity":"marketplace","level":"0","name":"ตลาดนัด"},"district":"เขตลาดพร้าว","district_osm_id":2938034,"province":"กรุงเทพมหานคร","province_iso":"TH-10","reason_excluded":"point_only"},"geometry":{"type":"Point","coordinates":[100.610788,13.834142]}},
{"type":"Feature","id":"osm-n2103267687","properties":{"id":"osm-n2103267687","osm_id":2103267687,"osm_type":"node","name":"ตลาดน้ำพิมาลราช","tags":{"amenity":"marketplace","name":"ตลาดน้ำพิมาลราช"},"district":"อำเภอบางบัวทอง","district_osm_id":2689552,"province":"จังหวัดนนทบุรี","province_iso":"TH-12","reason_excluded":"point_only"},"geometry":{"type":"Point","coordinates":[100.42889,13.907784]}},
{"type":"Feature","id":"osm-n2112444955","properties":{"id":"osm-n2112444955","osm_id":2112444955,"osm_type":"node","name":"west one","tags":{"amenity":"marketplace","facebook":"westone","level":"1","name":"west one","opening_hours":"11:00-21:00","parking":"yes","payment:credit_cards":"yes","type":"luxury bag"},"district":"วัฒนา","district_osm_id":2938036,"province":"กรุงเทพมหานคร","province_iso":"TH-10","reason_excluded":"point_only"},"geometry":{"type":"Point","coordinates":[100.574125,13.727939]}},
{"type":"Feature","id":"osm-n2114201572","properties":{"id":"osm-n2114201572","osm_id":2114201572,"osm_type":"node","name":"Eiffel tower condense","tags":{"designation":"take a photo point","historic":"memorial","name":"Eiffel tower condense"},"district":"เขตตลิ่งชัน","district_osm_id":2939954,"province":"กรุงเทพมหานคร","province_iso":"TH-10","reason_excluded":"point_only"},"geometry":{"type":"Point","coordinates":[100.442306,13.767158]}},
{"type":"Feature","id":"osm-n2140123654","properties":{"id":"osm-n2140123654","osm_id":2140123654,"osm_type":"node","name":null,"tags":{"historic":"monument"},"district":"อำเภอบางเสาธง","district_osm_id":11580981,"province":"จังหวัดสมุทรปราการ","province_iso":"TH-11","reason_excluded":"point_only"},"geometry":{"type":"Point","coordinates":[100.840005,13.611975]}},
{"type":"Feature","id":"osm-n2156104165","properties":{"id":"osm-n2156104165","osm_id":2156104165,"osm_type":"node","name":"ตลาดกลางคืนพัฒน์พงษ์","tags":{"amenity":"marketplace","name":"ตลาดกลางคืนพัฒน์พงษ์","name:en":"Patpong Night Market","name:th":"ตลาดกลางคืนพัฒน์พงษ์","opening_hours":"Mo-Su 18:00-00:00"},"district":"เขตบางรัก","district_osm_id":92061,"province":"กรุงเทพมหานคร","province_iso":"TH-10","reason_excluded":"point_only"},"geometry":{"type":"Point","coordinates":[100.531828,13.728684]}},
{"type":"Feature","id":"osm-n2156126350","properties":{"id":"osm-n2156126350","osm_id":2156126350,"osm_type":"node","name":"Soi 38 Nightmarket","tags":{"amenity":"marketplace","name":"Soi 38 Nightmarket"},"district":"เขตคลองเตย","district_osm_id":2938033,"province":"กรุงเทพมหานคร","province_iso":"TH-10","reason_excluded":"point_only"},"geometry":{"type":"Point","coordinates":[100.578726,13.723656]}},
{"type":"Feature","id":"osm-n2264455621","properties":{"id":"osm-n2264455621","osm_id":2264455621,"osm_type":"node","name":null,"tags":{"amenity":"marketplace"},"district":"อำเภอสามพราน","district_osm_id":18931634,"province":"จังหวัดนครปฐม","province_iso":"TH-73","reason_excluded":"point_only"},"geometry":{"type":"Point","coordinates":[100.229778,13.748212]}},
{"type":"Feature","id":"osm-n2264455632","properties":{"id":"osm-n2264455632","osm_id":2264455632,"osm_type":"node","name":"fresh market","tags":{"amenity":"marketplace","designation":"fresh market","name":"fresh market"},"district":"อำเภอสามพราน","district_osm_id":18931634,"province":"จังหวัดนครปฐม","province_iso":"TH-73","reason_excluded":"point_only"},"geometry":{"type":"Point","coordinates":[100.229393,13.746482]}},
{"type":"Feature","id":"osm-n2289305431","properties":{"id":"osm-n2289305431","osm_id":2289305431,"osm_type":"node","name":"ตลาดใหม่คุณาวรรณ","tags":{"amenity":"marketplace","name":"ตลาดใหม่คุณาวรรณ"},"district":"อำเภอกำแพงแสน","district_osm_id":18931389,"province":"จังหวัดนครปฐม","province_iso":"TH-73","reason_excluded":"point_only"},"geometry":{"type":"Point","coordinates":[99.996472,13.995837]}},
{"type":"Feature","id":"osm-n2302206883","properties":{"id":"osm-n2302206883","osm_id":2302206883,"osm_type":"node","name":"ศูนย์สินค้าผลิตภัณฑ์พื้นเมือง ตลาดโอเดียน","tags":{"amenity":"marketplace","name":"ศูนย์สินค้าผลิตภัณฑ์พื้นเมือง ตลาดโอเดียน"},"district":"อำเภอเมืองนครปฐม","district_osm_id":18931445,"province":"จังหวัดนครปฐม","province_iso":"TH-73","reason_excluded":"point_only"},"geometry":{"type":"Point","coordinates":[100.057509,13.817656]}},
{"type":"Feature","id":"osm-n2302214597","properties":{"id":"osm-n2302214597","osm_id":2302214597,"osm_type":"node","name":"ตลาดสดเทศบาล 1","tags":{"amenity":"marketplace","name":"ตลาดสดเทศบาล 1"},"district":"อำเภอเมืองนครปฐม","district_osm_id":18931445,"province":"จังหวัดนครปฐม","province_iso":"TH-73","reason_excluded":"point_only"},"geometry":{"type":"Point","coordinates":[100.057385,13.818382]}},
{"type":"Feature","id":"osm-n2313566471","properties":{"id":"osm-n2313566471","osm_id":2313566471,"osm_type":"node","name":"อนุสาวรีย์ชัยสมรภูมิ","tags":{"historic":"monument","name":"อนุสาวรีย์ชัยสมรภูมิ","name:en":"Victory Monument","name:ja":"戦勝記念塔"},"district":"เขตราชเทวี","district_osm_id":92064,"province":"กรุงเทพมหานคร","province_iso":"TH-10","reason_excluded":"point_only"},"geometry":{"type":"Point","coordinates":[100.538285,13.76493]}},
{"type":"Feature","id":"osm-n2337055730","properties":{"id":"osm-n2337055730","osm_id":2337055730,"osm_type":"node","name":"อนุสรณ์สถาน 14 ตุลา 16","tags":{"addr:street":"ถนนราชดำเนินกลาง","alt_name:en":"October 14 Memorial","historic":"monument","name":"อนุสรณ์สถาน 14 ตุลา 16","name:en":"14 October 73 Memorial","name:th":"อนุสรณ์สถาน 14 ตุลา 16"},"district":"เขตพระนคร","district_osm_id":92053,"province":"กรุงเทพมหานคร","province_iso":"TH-10","reason_excluded":"point_only"},"geometry":{"type":"Point","coordinates":[100.49912,13.756814]}},
{"type":"Feature","id":"osm-n2373599662","properties":{"id":"osm-n2373599662","osm_id":2373599662,"osm_type":"node","name":"ตลาดนัดอินเตอร์โซน","tags":{"amenity":"marketplace","name":"ตลาดนัดอินเตอร์โซน","name:en":"Interzone Flea Market","name:th":"ตลาดนัดอินเตอร์โซน","opening_hours":"Mo,Th 15.00-20.00"},"district":"อำเภอคลองหลวง","district_osm_id":2913006,"province":"จังหวัดปทุมธานี","province_iso":"TH-13","reason_excluded":"point_only"},"geometry":{"type":"Point","coordinates":[100.597944,14.075948]}},
{"type":"Feature","id":"osm-n2411891456","properties":{"id":"osm-n2411891456","osm_id":2411891456,"osm_type":"node","name":null,"tags":{"description":"พระราชานุสาวรีย์สมเด็จพระศรีนครินทราบรมราชชนนี; Statue of Princess Srinagarindra","historic":"memorial"},"district":"อำเภอปากเกร็ด","district_osm_id":2688301,"province":"จังหวัดนนทบุรี","province_iso":"TH-12","reason_excluded":"point_only"},"geometry":{"type":"Point","coordinates":[100.555052,13.932272]}},
{"type":"Feature","id":"osm-n2439974805","properties":{"id":"osm-n2439974805","osm_id":2439974805,"osm_type":"node","name":"บิ๊กซี สำโรง","tags":{"amenity":"marketplace","name":"Big C Samrong","name:th":"บิ๊กซี สำโรง"},"district":"อำเภอเมืองสมุทรปราการ","district_osm_id":11580983,"province":"จังหวัดสมุทรปราการ","province_iso":"TH-11","reason_excluded":"point_only"},"geometry":{"type":"Point","coordinates":[100.596554,13.64997]}},
{"type":"Feature","id":"osm-n2523582170","properties":{"id":"osm-n2523582170","osm_id":2523582170,"osm_type":"node","name":null,"tags":{"description":"Commemorative plaque","historic":"memorial"},"district":"อำเภอปากเกร็ด","district_osm_id":2688301,"province":"จังหวัดนนทบุรี","province_iso":"TH-12","reason_excluded":"point_only"},"geometry":{"type":"Point","coordinates":[100.554893,13.932154]}},
{"type":"Feature","id":"osm-n2558452831","properties":{"id":"osm-n2558452831","osm_id":2558452831,"osm_type":"node","name":"ตลาดหทัยมิตร","tags":{"amenity":"marketplace","name":"ตลาดหทัยมิตร"},"district":"เขตคลองสามวา","district_osm_id":2997412,"province":"กรุงเทพมหานคร","province_iso":"TH-10","reason_excluded":"point_only"},"geometry":{"type":"Point","coordinates":[100.722988,13.860235]}},
{"type":"Feature","id":"osm-n2649275573","properties":{"id":"osm-n2649275573","osm_id":2649275573,"osm_type":"node","name":"นาฬิกาแดด","tags":{"amenity":"clock","display":"sundial","inscription":"Swiss Tribute to H.M. the King's Sixth Cycle Birthday\n\nThis sundial, crafted by Türler Watches & Jewellery Zurich/Switzerland, was sponsored by the following contributors:\n\n[Table of sponsors]","name":"นาฬิกาแดด","name:en":"Sundial","name:th":"นาฬิกาแดด","start_date":"1999-12-05","support":"ground","tourism":"attraction","visibility":"house"},"district":"เขตปทุมวัน","district_osm_id":92063,"province":"กรุงเทพมหานคร","province_iso":"TH-10","reason_excluded":"point_only"},"geometry":{"type":"Point","coordinates":[100.541656,13.730553]}},
{"type":"Feature","id":"osm-n269347919","properties":{"id":"osm-n269347919","osm_id":269347919,"osm_type":"node","name":"ประตูวิเสทชัยศรี (ทางเข้าหลัก)","tags":{"barrier":"gate","historic":"monument","image":"https://www.mapillary.com/app/?pKey=527837658220002","mapillary":"527837658220002","motor_vehicle":"no","name":"ประตูวิเสทชัยศรี (ทางเข้าหลัก)","name:en":"Wiset Chaisri Gate (Royal Palace Entrance)","name:ja":"ウィセット・チャイシー門","name:zh":"大皇宮入口"},"district":"เขตพระนคร","district_osm_id":92053,"province":"กรุงเทพมหานคร","province_iso":"TH-10","reason_excluded":"point_only"},"geometry":{"type":"Point","coordinates":[100.491173,13.752268]}},
{"type":"Feature","id":"osm-n2987127004","properties":{"id":"osm-n2987127004","osm_id":2987127004,"osm_type":"node","name":null,"tags":{"amenity":"marketplace"},"district":"เขตดินแดง","district_osm_id":2938031,"province":"กรุงเทพมหานคร","province_iso":"TH-10","reason_excluded":"point_only"},"geometry":{"type":"Point","coordinates":[100.563598,13.756751]}},
{"type":"Feature","id":"osm-n304195460","properties":{"id":"osm-n304195460","osm_id":304195460,"osm_type":"node","name":null,"tags":{"name:en":"Holy Monkey Palace","tourism":"attraction"},"district":"อำเภอเมืองสมุทรปราการ","district_osm_id":11580983,"province":"จังหวัดสมุทรปราการ","province_iso":"TH-11","reason_excluded":"point_only"},"geometry":{"type":"Point","coordinates":[100.599226,13.572779]}},
{"type":"Feature","id":"osm-n3049880444","properties":{"id":"osm-n3049880444","osm_id":3049880444,"osm_type":"node","name":"ศูนย์อนุรักษ์ทางทะเล","tags":{"name":"ศูนย์อนุรักษ์ทางทะเล","tourism":"attraction"},"district":"อำเภอเมืองสมุทรสาคร","district_osm_id":18935071,"province":"จังหวัดสมุทรสาคร","province_iso":"TH-74","reason_excluded":"point_only"},"geometry":{"type":"Point","coordinates":[100.335426,13.48786]}},
{"type":"Feature","id":"osm-n3076116134","properties":{"id":"osm-n3076116134","osm_id":3076116134,"osm_type":"node","name":null,"tags":{"historic":"monument"},"district":"อำเภอธัญบุรี","district_osm_id":2913012,"province":"จังหวัดปทุมธานี","province_iso":"TH-13","reason_excluded":"point_only"},"geometry":{"type":"Point","coordinates":[100.708197,14.008233]}},
{"type":"Feature","id":"osm-n3076147233","properties":{"id":"osm-n3076147233","osm_id":3076147233,"osm_type":"node","name":null,"tags":{"historic":"monument"},"district":"อำเภอหนองเสือ","district_osm_id":2913010,"province":"จังหวัดปทุมธานี","province_iso":"TH-13","reason_excluded":"point_only"},"geometry":{"type":"Point","coordinates":[100.778822,14.094893]}},
{"type":"Feature","id":"osm-n3096831601","properties":{"id":"osm-n3096831601","osm_id":3096831601,"osm_type":"node","name":"Homegate Real Estate Co. Ltd.","tags":{"addr:housenumber":"303/20","addr:postcode":"10120","addr:province":"กรุงเทพมหานคร","addr:street":"ถนนรัชดาภิเษก","amenity":"marketplace","name":"Homegate Real Estate Co. Ltd.","office":"estate_agent","phone":"+66 922 5454 58","source":"Owner","website":"http://www.homegate.co.th"},"district":"เขตยานนาวา","district_osm_id":3147456,"province":"กรุงเทพมหานคร","province_iso":"TH-10","reason_excluded":"point_only"},"geometry":{"type":"Point","coordinates":[100.536921,13.70125]}},
{"type":"Feature","id":"osm-n3101484792","properties":{"id":"osm-n3101484792","osm_id":3101484792,"osm_type":"node","name":"Wat Seangsiritham Floating Market","tags":{"name":"Wat Seangsiritham Floating Market","tourism":"attraction"},"district":"อำเภอปากเกร็ด","district_osm_id":2688301,"province":"จังหวัดนนทบุรี","province_iso":"TH-12","reason_excluded":"point_only"},"geometry":{"type":"Point","coordinates":[100.472203,13.902548]}},
{"type":"Feature","id":"osm-n3102016366","properties":{"id":"osm-n3102016366","osm_id":3102016366,"osm_type":"node","name":null,"tags":{"tourism":"attraction"},"district":"อำเภอบางกรวย","district_osm_id":2688299,"province":"จังหวัดนนทบุรี","province_iso":"TH-12","reason_excluded":"point_only"},"geometry":{"type":"Point","coordinates":[100.470425,13.811411]}},
{"type":"Feature","id":"osm-n3103270270","properties":{"id":"osm-n3103270270","osm_id":3103270270,"osm_type":"node","name":"ตลาดสดศิริชัย","tags":{"amenity":"marketplace","name":"ตลาดสดศิริชัย"},"district":"เขตบางบอน","district_osm_id":3147312,"province":"กรุงเทพมหานคร","province_iso":"TH-10","reason_excluded":"point_only"},"geometry":{"type":"Point","coordinates":[100.426296,13.673374]}},
{"type":"Feature","id":"osm-n3112658917","properties":{"id":"osm-n3112658917","osm_id":3112658917,"osm_type":"node","name":"ศาลเจ้าพ่อมัจฉาณุ","tags":{"name":"ศาลเจ้าพ่อมัจฉาณุ","tourism":"attraction","wheelchair":"yes"},"district":"อำเภอเมืองสมุทรสาคร","district_osm_id":18935071,"province":"จังหวัดสมุทรสาคร","province_iso":"TH-74","reason_excluded":"point_only"},"geometry":{"type":"Point","coordinates":[100.362667,13.487779]}},
{"type":"Feature","id":"osm-n3125855338","properties":{"id":"osm-n3125855338","osm_id":3125855338,"osm_type":"node","name":"ตลาดระแหง","tags":{"name":"ตลาดระแหง","tourism":"attraction"},"district":"อำเภอลาดหลุมแก้ว","district_osm_id":2913008,"province":"จังหวัดปทุมธานี","province_iso":"TH-13","reason_excluded":"point_only"},"geometry":{"type":"Point","coordinates":[100.419947,14.041704]}},
{"type":"Feature","id":"osm-n3136547892","properties":{"id":"osm-n3136547892","osm_id":3136547892,"osm_type":"node","name":"ศูนย์แสดงพันธ์สัตว์น้ำสมุทรสาคร","tags":{"name":"ศูนย์แสดงพันธ์สัตว์น้ำสมุทรสาคร","name:nl":"Samut Sakhon Aquarium","tourism":"attraction"},"district":"อำเภอเมืองสมุทรสาคร","district_osm_id":18935071,"province":"จังหวัดสมุทรสาคร","province_iso":"TH-74","reason_excluded":"point_only"},"geometry":{"type":"Point","coordinates":[100.307848,13.497668]}},
{"type":"Feature","id":"osm-n3136574004","properties":{"id":"osm-n3136574004","osm_id":3136574004,"osm_type":"node","name":"ศูนย์ศึกษาธรรมชาติป่าชายเลนอ่าวมหาชัย","tags":{"name":"ศูนย์ศึกษาธรรมชาติป่าชายเลนอ่าวมหาชัย","name:th":"ศูนย์ศึกษาธรรมชาติป่าชายเลนอ่าวมหาชัย","tourism":"attraction"},"district":"อำเภอเมืองสมุทรสาคร","district_osm_id":18935071,"province":"จังหวัดสมุทรสาคร","province_iso":"TH-74","reason_excluded":"point_only"},"geometry":{"type":"Point","coordinates":[100.270465,13.502557]}},
{"type":"Feature","id":"osm-n3176409880","properties":{"id":"osm-n3176409880","osm_id":3176409880,"osm_type":"node","name":"ลานพระจอม","tags":{"historic":"monument","name":"ลานพระจอม"},"district":"เขตทุ่งครุ","district_osm_id":3147104,"province":"กรุงเทพมหานคร","province_iso":"TH-10","reason_excluded":"point_only"},"geometry":{"type":"Point","coordinates":[100.496192,13.651498]}},
{"type":"Feature","id":"osm-n3250471811","properties":{"id":"osm-n3250471811","osm_id":3250471811,"osm_type":"node","name":null,"tags":{"amenity":"marketplace"},"district":"อำเภอเมืองสมุทรสาคร","district_osm_id":18935071,"province":"จังหวัดสมุทรสาคร","province_iso":"TH-74","reason_excluded":"point_only"},"geometry":{"type":"Point","coordinates":[100.197072,13.528072]}},
{"type":"Feature","id":"osm-n3327935041","properties":{"id":"osm-n3327935041","osm_id":3327935041,"osm_type":"node","name":"ลำพู บางกระสอบ","tags":{"name":"ลำพู บางกระสอบ","tourism":"attraction"},"district":"อำเภอพระประแดง","district_osm_id":11580984,"province":"จังหวัดสมุทรปราการ","province_iso":"TH-11","reason_excluded":"point_only"},"geometry":{"type":"Point","coordinates":[100.565379,13.665222]}},
{"type":"Feature","id":"osm-n3529791755","properties":{"id":"osm-n3529791755","osm_id":3529791755,"osm_type":"node","name":"Monument","tags":{"historic":"monument","name":"Monument"},"district":"เขตราชเทวี","district_osm_id":92064,"province":"กรุงเทพมหานคร","province_iso":"TH-10","reason_excluded":"point_only"},"geometry":{"type":"Point","coordinates":[100.536722,13.762785]}},
{"type":"Feature","id":"osm-n3529878891","properties":{"id":"osm-n3529878891","osm_id":3529878891,"osm_type":"node","name":"Prince Mahidol Statue","tags":{"historic":"memorial","name":"Prince Mahidol Statue"},"district":"เขตราชเทวี","district_osm_id":92064,"province":"กรุงเทพมหานคร","province_iso":"TH-10","reason_excluded":"point_only"},"geometry":{"type":"Point","coordinates":[100.534234,13.766395]}},
{"type":"Feature","id":"osm-n3662465076","properties":{"id":"osm-n3662465076","osm_id":3662465076,"osm_type":"node","name":"ตลาดน้ำบึงพระยาสุเรนทร์","tags":{"amenity":"marketplace","name":"ตลาดน้ำบึงพระยาสุเรนทร์","name:en":"Bueng Phraya Floating Market","name:th":"ตลาดน้ำบึงพระยาสุเรนทร์"},"district":"เขตคลองสามวา","district_osm_id":2997412,"province":"กรุงเทพมหานคร","province_iso":"TH-10","reason_excluded":"point_only"},"geometry":{"type":"Point","coordinates":[100.685582,13.873321]}},
{"type":"Feature","id":"osm-n3667974665","properties":{"id":"osm-n3667974665","osm_id":3667974665,"osm_type":"node","name":"ตลาดสดสมุทรปราการ","tags":{"amenity":"marketplace","name":"ตลาดสดสมุทรปราการ"},"district":"อำเภอเมืองสมุทรปราการ","district_osm_id":11580983,"province":"จังหวัดสมุทรปราการ","province_iso":"TH-11","reason_excluded":"point_only"},"geometry":{"type":"Point","coordinates":[100.596238,13.594571]}},
{"type":"Feature","id":"osm-n3724152155","properties":{"id":"osm-n3724152155","osm_id":3724152155,"osm_type":"node","name":"ตลาดสดเกียรติทงชัย","tags":{"amenity":"marketplace","name":"ตลาดสดเกียรติทงชัย","name:en":"Kiat Thongchai Market","name:th":"ตลาดสดเกียรติทงชัย"},"district":"เขตดินแดง","district_osm_id":2938031,"province":"กรุงเทพมหานคร","province_iso":"TH-10","reason_excluded":"point_only"},"geometry":{"type":"Point","coordinates":[100.571148,13.779264]}},
{"type":"Feature","id":"osm-n3742274015","properties":{"id":"osm-n3742274015","osm_id":3742274015,"osm_type":"node","name":"Siam Gypsy Market","tags":{"amenity":"marketplace","designation":"Night market","name":"Siam Gypsy Market"},"district":"เขตบางซื่อ","district_osm_id":1639285,"province":"กรุงเทพมหานคร","province_iso":"TH-10","reason_excluded":"point_only"},"geometry":{"type":"Point","coordinates":[100.532353,13.822221]}},
{"type":"Feature","id":"osm-n3752913483","properties":{"id":"osm-n3752913483","osm_id":3752913483,"osm_type":"node","name":"ร้านบิ๊กหอย หัวท่อ","tags":{"amenity":"marketplace","name":"ร้านบิ๊กหอย หัวท่อ"},"district":"อำเภอพระสมุทรเจดีย์","district_osm_id":10958328,"province":"จังหวัดสมุทรปราการ","province_iso":"TH-11","reason_excluded":"point_only"},"geometry":{"type":"Point","coordinates":[100.448438,13.541986]}},
{"type":"Feature","id":"osm-n3925702847","properties":{"id":"osm-n3925702847","osm_id":3925702847,"osm_type":"node","name":"รูปปั้นพระเยซ","tags":{"historic":"memorial","name":"Jesus Statue","name:th":"รูปปั้นพระเยซ"},"district":"อำเภอเมืองสมุทรปราการ","district_osm_id":11580983,"province":"จังหวัดสมุทรปราการ","province_iso":"TH-11","reason_excluded":"point_only"},"geometry":{"type":"Point","coordinates":[100.603598,13.628194]}},
{"type":"Feature","id":"osm-n3971793710","properties":{"id":"osm-n3971793710","osm_id":3971793710,"osm_type":"node","name":null,"tags":{"amenity":"marketplace"},"district":"เขตบางรัก","district_osm_id":92061,"province":"กรุงเทพมหานคร","province_iso":"TH-10","reason_excluded":"point_only"},"geometry":{"type":"Point","coordinates":[100.51971,13.728547]}},
{"type":"Feature","id":"osm-n3977868210","properties":{"id":"osm-n3977868210","osm_id":3977868210,"osm_type":"node","name":"ท่าพระจันทร์","tags":{"historic":"yes","name":"ท่าพระจันทร์","name:en":"Tha Pra Chan","name:th":"ท่าพระจันทร์","place":"neighbourhood","wikidata":"Q6578846","wikimedia_commons":"Category:Tha Phra Chan","wikipedia":"en:Tha Phrachan"},"district":"เขตพระนคร","district_osm_id":92053,"province":"กรุงเทพมหานคร","province_iso":"TH-10","reason_excluded":"point_only"},"geometry":{"type":"Point","coordinates":[100.489327,13.756429]}},
{"type":"Feature","id":"osm-n3977890869","properties":{"id":"osm-n3977890869","osm_id":3977890869,"osm_type":"node","name":null,"tags":{"amenity":"marketplace","name:en":"Market - telephone parts"},"district":"เขตป้อมปราบศัตรูพ่าย","district_osm_id":92058,"province":"กรุงเทพมหานคร","province_iso":"TH-10","reason_excluded":"point_only"},"geometry":{"type":"Point","coordinates":[100.507278,13.745024]}},
{"type":"Feature","id":"osm-n3977891081","properties":{"id":"osm-n3977891081","osm_id":3977891081,"osm_type":"node","name":null,"tags":{"amenity":"marketplace","name:en":"Street food market"},"district":"เขตพระนคร","district_osm_id":92053,"province":"กรุงเทพมหานคร","province_iso":"TH-10","reason_excluded":"point_only"},"geometry":{"type":"Point","coordinates":[100.503432,13.759623]}},
{"type":"Feature","id":"osm-n3977891361","properties":{"id":"osm-n3977891361","osm_id":3977891361,"osm_type":"node","name":null,"tags":{"amenity":"marketplace","note":"Vegetables market"},"district":"เขตป้อมปราบศัตรูพ่าย","district_osm_id":92058,"province":"กรุงเทพมหานคร","province_iso":"TH-10","reason_excluded":"point_only"},"geometry":{"type":"Point","coordinates":[100.51061,13.742145]}},
{"type":"Feature","id":"osm-n3995523989","properties":{"id":"osm-n3995523989","osm_id":3995523989,"osm_type":"node","name":"พระพุทธศรีอริยเมตไตรย","tags":{"colour":"gold","height":"32","historic":"memorial","memorial":"statue","name":"พระพุทธศรีอริยเมตไตรย","name:en":"Phra Phuttha Si Ariyamettrai","name:ru":"Пра аммиретрай","start_date":"1927","tourism":"attraction"},"district":"เขตพระนคร","district_osm_id":92053,"province":"กรุงเทพมหานคร","province_iso":"TH-10","reason_excluded":"point_only"},"geometry":{"type":"Point","coordinates":[100.503021,13.767273]}},
{"type":"Feature","id":"osm-n407681014","properties":{"id":"osm-n407681014","osm_id":407681014,"osm_type":"node","name":null,"tags":{"amenity":"marketplace","name:en":"Sra Phatthana Market"},"district":"อำเภอกำแพงแสน","district_osm_id":18931389,"province":"จังหวัดนครปฐม","province_iso":"TH-73","reason_excluded":"point_only"},"geometry":{"type":"Point","coordinates":[100.013494,14.079968]}},
{"type":"Feature","id":"osm-n4130721589","properties":{"id":"osm-n4130721589","osm_id":4130721589,"osm_type":"node","name":"Sea Life Bangkok Ocean World","tags":{"addr:housenumber":"991","addr:street":"Rama 1 Rd","email":"marketing.bangkok@merlinentertainments.biz","name":"Sea Life Bangkok Ocean World","name:ru":"Океанариум Бангкока Морская жизнь","name:zh":"暹羅海洋世界","opening_hours":"Mo-Su 10:00-21:00","phone":"+6626872000","tourism":"attraction","website":"https://sealifebangkok.com/"},"district":"เขตปทุมวัน","district_osm_id":92063,"province":"กรุงเทพมหานคร","province_iso":"TH-10","reason_excluded":"point_only"},"geometry":{"type":"Point","coordinates":[100.535198,13.746975]}},
{"type":"Feature","id":"osm-n4172934221","properties":{"id":"osm-n4172934221","osm_id":4172934221,"osm_type":"node","name":"Dolphin Show","tags":{"name":"Dolphin Show","tourism":"attraction"},"district":"เขตคลองสามวา","district_osm_id":2997412,"province":"กรุงเทพมหานคร","province_iso":"TH-10","reason_excluded":"point_only"},"geometry":{"type":"Point","coordinates":[100.704912,13.868173]}},
{"type":"Feature","id":"osm-n4228110892","properties":{"id":"osm-n4228110892","osm_id":4228110892,"osm_type":"node","name":null,"tags":{"amenity":"marketplace","name:en":"Bang Phrom Market","opening_hours":"Su, Tu, Fr"},"district":"เขตตลิ่งชัน","district_osm_id":2939954,"province":"กรุงเทพมหานคร","province_iso":"TH-10","reason_excluded":"point_only"},"geometry":{"type":"Point","coordinates":[100.454519,13.755961]}},
{"type":"Feature","id":"osm-n4240101592","properties":{"id":"osm-n4240101592","osm_id":4240101592,"osm_type":"node","name":"พิพิธภัณฑ์เมืองโบราณ","tags":{"addr:housenumber":"1","addr:postcode":"10110","addr:street":"ถนนสุขุมวิท","name":"Muang Boran Ancient Siam","name:th":"พิพิธภัณฑ์เมืองโบราณ","opening_hours":"Mo-Su 09:00-18:00","phone":"+66 2026 88009","tourism":"attraction","website":"http://www.ancientcitygroup.net/ancientsiam/en/"},"district":"อำเภอเมืองสมุทรปราการ","district_osm_id":11580983,"province":"จังหวัดสมุทรปราการ","province_iso":"TH-11","reason_excluded":"point_only"},"geometry":{"type":"Point","coordinates":[100.624182,13.541043]}},
{"type":"Feature","id":"osm-n4255552589","properties":{"id":"osm-n4255552589","osm_id":4255552589,"osm_type":"node","name":"Bruth Bund Home Salaya","tags":{"name":"Bruth Bund Home Salaya","tourism":"attraction"},"district":"อำเภอพุทธมณฑล","district_osm_id":18931587,"province":"จังหวัดนครปฐม","province_iso":"TH-73","reason_excluded":"point_only"},"geometry":{"type":"Point","coordinates":[100.311055,13.799078]}},
{"type":"Feature","id":"osm-n4257127190","properties":{"id":"osm-n4257127190","osm_id":4257127190,"osm_type":"node","name":"Thai Bamboo Tattoo","tags":{"addr:postcode":"100600","addr:street":"Soi Lat Ya 6, Khlong San, Bangkok","name":"Thai Bamboo Tattoo","phone":"+66895056689","tourism":"attraction"},"district":"เขตคลองสาน","district_osm_id":3147280,"province":"กรุงเทพมหานคร","province_iso":"TH-10","reason_excluded":"point_only"},"geometry":{"type":"Point","coordinates":[100.499079,13.727486]}},
{"type":"Feature","id":"osm-n4294122090","properties":{"id":"osm-n4294122090","osm_id":4294122090,"osm_type":"node","name":"สนามมวยเวทีสถานีโทรทัศน์สีกองทัพบกช่อง 7","tags":{"alt_name":"สนามมวยช่อง 7;เวทีมวยไทย 7 สี","leisure":"stadium","name":"สนามมวยเวทีสถานีโทรทัศน์สีกองทัพบกช่อง 7","name:en":"Channel 7 Boxing Stadium","opening_hours":"Su 10:00-22:00","sport":"boxing","tourism":"attraction"},"district":"เขตจตุจักร","district_osm_id":1639286,"province":"กรุงเทพมหานคร","province_iso":"TH-10","reason_excluded":"point_only"},"geometry":{"type":"Point","coordinates":[100.556966,13.803378]}},
{"type":"Feature","id":"osm-n4330802201","properties":{"id":"osm-n4330802201","osm_id":4330802201,"osm_type":"node","name":"Phyathai Palace","tags":{"name":"Phyathai Palace","tourism":"attraction"},"district":"เขตราชเทวี","district_osm_id":92064,"province":"กรุงเทพมหานคร","province_iso":"TH-10","reason_excluded":"point_only"},"geometry":{"type":"Point","coordinates":[100.532942,13.767993]}},
{"type":"Feature","id":"osm-n4333980589","properties":{"id":"osm-n4333980589","osm_id":4333980589,"osm_type":"node","name":"Airplane Graveyard","tags":{"name":"Airplane Graveyard","tourism":"attraction","website":"https://airplanegraveyardbangkok.com/"},"district":"เขตบางกะปิ","district_osm_id":2939952,"province":"กรุงเทพมหานคร","province_iso":"TH-10","reason_excluded":"point_only"},"geometry":{"type":"Point","coordinates":[100.652395,13.764958]}},
{"type":"Feature","id":"osm-n4345431737","properties":{"id":"osm-n4345431737","osm_id":4345431737,"osm_type":"node","name":"Took Lae Dee","tags":{"air_conditioning":"yes","amenity":"restaurant","name":"Took Lae Dee","opening_hours":"24/7","payment:credit_cards":"yes","payment:debit_cards":"yes","tourism":"attraction"},"district":"เขตคลองเตย","district_osm_id":2938033,"province":"กรุงเทพมหานคร","province_iso":"TH-10","reason_excluded":"point_only"},"geometry":{"type":"Point","coordinates":[100.560787,13.732592]}},
{"type":"Feature","id":"osm-n4346158390","properties":{"id":"osm-n4346158390","osm_id":4346158390,"osm_type":"node","name":"วัดบางปลา","tags":{"historic":"monument","name":"วัดบางปลา"},"district":"อำเภอเมืองสมุทรสาคร","district_osm_id":18935071,"province":"จังหวัดสมุทรสาคร","province_iso":"TH-74","reason_excluded":"point_only"},"geometry":{"type":"Point","coordinates":[100.231517,13.585207]}},
{"type":"Feature","id":"osm-n4346158393","properties":{"id":"osm-n4346158393","osm_id":4346158393,"osm_type":"node","name":"วัดทอง","tags":{"historic":"monument","name":"วัดทอง"},"district":"อำเภอเมืองสมุทรสาคร","district_osm_id":18935071,"province":"จังหวัดสมุทรสาคร","province_iso":"TH-74","reason_excluded":"point_only"},"geometry":{"type":"Point","coordinates":[100.26568,13.57809]}},
{"type":"Feature","id":"osm-n4347024040","properties":{"id":"osm-n4347024040","osm_id":4347024040,"osm_type":"node","name":"อนุสาวรีย์ ดร.ไสว สุทธิพิทักษ์ และ อ.สนั่น เกตุทัต","tags":{"historic":"memorial","name":"อนุสาวรีย์ ดร.ไสว สุทธิพิทักษ์ และ อ.สนั่น เกตุทัต"},"district":"เขตหลักสี่","district_osm_id":1639288,"province":"กรุงเทพมหานคร","province_iso":"TH-10","reason_excluded":"point_only"},"geometry":{"type":"Point","coordinates":[100.550063,13.871243]}},
{"type":"Feature","id":"osm-n4353598389","properties":{"id":"osm-n4353598389","osm_id":4353598389,"osm_type":"node","name":"บ้านครูไก่","tags":{"name":"บ้านครูไก่","tourism":"attraction"},"district":"เขตบางแค","district_osm_id":2946804,"province":"กรุงเทพมหานคร","province_iso":"TH-10","reason_excluded":"point_only"},"geometry":{"type":"Point","coordinates":[100.402656,13.749444]}},
{"type":"Feature","id":"osm-n4353601889","properties":{"id":"osm-n4353601889","osm_id":4353601889,"osm_type":"node","name":"บ้านครูไก่","tags":{"name":"บ้านครูไก่","tourism":"attraction"},"district":"เขตบางแค","district_osm_id":2946804,"province":"กรุงเทพมหานคร","province_iso":"TH-10","reason_excluded":"point_only"},"geometry":{"type":"Point","coordinates":[100.402639,13.749249]}},
{"type":"Feature","id":"osm-n4354748097","properties":{"id":"osm-n4354748097","osm_id":4354748097,"osm_type":"node","name":null,"tags":{"addr:street":"ถนนลาดพร้าว","name:ja":"タラワディー","tourism":"attraction"},"district":"เขตบางกะปิ","district_osm_id":2939952,"province":"กรุงเทพมหานคร","province_iso":"TH-10","reason_excluded":"point_only"},"geometry":{"type":"Point","coordinates":[100.633418,13.763615]}},
{"type":"Feature","id":"osm-n4369198089","properties":{"id":"osm-n4369198089","osm_id":4369198089,"osm_type":"node","name":"Gia","tags":{"name":"Gia","tourism":"attraction"},"district":"เขตคลองสามวา","district_osm_id":2997412,"province":"กรุงเทพมหานคร","province_iso":"TH-10","reason_excluded":"point_only"},"geometry":{"type":"Point","coordinates":[100.704214,13.867431]}},
{"type":"Feature","id":"osm-n4385272478","properties":{"id":"osm-n4385272478","osm_id":4385272478,"osm_type":"node","name":null,"tags":{"amenity":"marketplace"},"district":"อำเภอสามพราน","district_osm_id":18931634,"province":"จังหวัดนครปฐม","province_iso":"TH-73","reason_excluded":"point_only"},"geometry":{"type":"Point","coordinates":[100.215252,13.742527]}},
{"type":"Feature","id":"osm-n4412727689","properties":{"id":"osm-n4412727689","osm_id":4412727689,"osm_type":"node","name":"UBER wasutha","tags":{"name":"UBER wasutha","name:th":"UBER wasutha","opening_hours":"Mo-Su 09:30-18:30","tourism":"attraction"},"district":"เขตสวนหลวง","district_osm_id":3146643,"province":"กรุงเทพมหานคร","province_iso":"TH-10","reason_excluded":"point_only"},"geometry":{"type":"Point","coordinates":[100.634495,13.742445]}},
{"type":"Feature","id":"osm-n4496308191","properties":{"id":"osm-n4496308191","osm_id":4496308191,"osm_type":"node","name":null,"tags":{"name:en":"Zanook wakepark","tourism":"attraction"},"district":"เขตบางบอน","district_osm_id":3147312,"province":"กรุงเทพมหานคร","province_iso":"TH-10","reason_excluded":"point_only"},"geometry":{"type":"Point","coordinates":[100.384094,13.65704]}},
{"type":"Feature","id":"osm-n4504470589","properties":{"id":"osm-n4504470589","osm_id":4504470589,"osm_type":"node","name":"1122.1","tags":{"name":"1122.1","name:th":"1122.1","tourism":"attraction"},"district":"อำเภอเมืองสมุทรปราการ","district_osm_id":11580983,"province":"จังหวัดสมุทรปราการ","province_iso":"TH-11","reason_excluded":"point_only"},"geometry":{"type":"Point","coordinates":[100.621555,13.538132]}},
{"type":"Feature","id":"osm-n4527517188","properties":{"id":"osm-n4527517188","osm_id":4527517188,"osm_type":"node","name":"ตลาดคุณตาพลอย","tags":{"amenity":"marketplace","name":"ตลาดคุณตาพลอย"},"district":"เขตหนองแขม","district_osm_id":2942283,"province":"กรุงเทพมหานคร","province_iso":"TH-10","reason_excluded":"point_only"},"geometry":{"type":"Point","coordinates":[100.353892,13.684004]}},
{"type":"Feature","id":"osm-n4527735484","properties":{"id":"osm-n4527735484","osm_id":4527735484,"osm_type":"node","name":"ตลาดภู่ยอดยิ่ง","tags":{"amenity":"marketplace","name":"ตลาดภู่ยอดยิ่ง"},"district":"อำเภอกระทุ่มแบน","district_osm_id":18934962,"province":"จังหวัดสมุทรสาคร","province_iso":"TH-74","reason_excluded":"point_only"},"geometry":{"type":"Point","coordinates":[100.326298,13.676208]}},
{"type":"Feature","id":"osm-n4532243704","properties":{"id":"osm-n4532243704","osm_id":4532243704,"osm_type":"node","name":"Na Krung Thewes","tags":{"amenity":"marketplace","name":"Na Krung Thewes"},"district":"เขตพระนคร","district_osm_id":92053,"province":"กรุงเทพมหานคร","province_iso":"TH-10","reason_excluded":"point_only"},"geometry":{"type":"Point","coordinates":[100.505017,13.767899]}},
{"type":"Feature","id":"osm-n4548468400","properties":{"id":"osm-n4548468400","osm_id":4548468400,"osm_type":"node","name":null,"tags":{"amenity":"marketplace"},"district":"วัฒนา","district_osm_id":2938036,"province":"กรุงเทพมหานคร","province_iso":"TH-10","reason_excluded":"point_only"},"geometry":{"type":"Point","coordinates":[100.586149,13.74297]}},
{"type":"Feature","id":"osm-n4561184893","properties":{"id":"osm-n4561184893","osm_id":4561184893,"osm_type":"node","name":"วัดโบสถ์หลวงพ่อโต","tags":{"name":"วัดโบสถ์หลวงพ่อโต","name:en":"Wat Bot Luang Pho To","name:th":"วัดโบสถ์หลวงพ่อโต","tourism":"attraction"},"district":"อำเภอสามโคก","district_osm_id":2913011,"province":"จังหวัดปทุมธานี","province_iso":"TH-13","reason_excluded":"point_only"},"geometry":{"type":"Point","coordinates":[100.540974,14.114302]}},
{"type":"Feature","id":"osm-n4571108791","properties":{"id":"osm-n4571108791","osm_id":4571108791,"osm_type":"node","name":"Windchill Ltd.'s Factory","tags":{"addr:housenumber":"39/10, 39/11","addr:postcode":"11110","addr:street":"345","historic":"castle","name":"Windchill Ltd.'s Factory","opening_hours":"Mo-Sa 08:00-17:00","phone":"029231551"},"district":"อำเภอบางบัวทอง","district_osm_id":2689552,"province":"จังหวัดนนทบุรี","province_iso":"TH-12","reason_excluded":"point_only"},"geometry":{"type":"Point","coordinates":[100.429856,13.943351]}},
{"type":"Feature","id":"osm-n4579360550","properties":{"id":"osm-n4579360550","osm_id":4579360550,"osm_type":"node","name":null,"tags":{"historic":"memorial","memorial":"war_memorial"},"district":"เขตสายไหม","district_osm_id":2938035,"province":"กรุงเทพมหานคร","province_iso":"TH-10","reason_excluded":"point_only"},"geometry":{"type":"Point","coordinates":[100.625424,13.923491]}},
{"type":"Feature","id":"osm-n4594858490","properties":{"id":"osm-n4594858490","osm_id":4594858490,"osm_type":"node","name":null,"tags":{"name:en":"Flashlight Market","name:fr":"Marché à la torche","tourism":"attraction"},"district":"เขตป้อมปราบศัตรูพ่าย","district_osm_id":92058,"province":"กรุงเทพมหานคร","province_iso":"TH-10","reason_excluded":"point_only"},"geometry":{"type":"Point","coordinates":[100.51108,13.746831]}},
{"type":"Feature","id":"osm-n4605865763","properties":{"id":"osm-n4605865763","osm_id":4605865763,"osm_type":"node","name":"Market","tags":{"amenity":"marketplace","name":"Market"},"district":"เขตปทุมวัน","district_osm_id":92063,"province":"กรุงเทพมหานคร","province_iso":"TH-10","reason_excluded":"point_only"},"geometry":{"type":"Point","coordinates":[100.517233,13.738092]}},
{"type":"Feature","id":"osm-n4605868307","properties":{"id":"osm-n4605868307","osm_id":4605868307,"osm_type":"node","name":"ตึกเก่าบนถนนทรงวาด","tags":{"name":"ตึกเก่าบนถนนทรงวาด","name:en":"Old building at Thanon Song Wat","name:th":"ตึกเก่าบนถนนทรงวาด","tourism":"attraction"},"district":"เขตสัมพันธวงศ์","district_osm_id":92056,"province":"กรุงเทพมหานคร","province_iso":"TH-10","reason_excluded":"point_only"},"geometry":{"type":"Point","coordinates":[100.507611,13.738089]}},
{"type":"Feature","id":"osm-n4608882560","properties":{"id":"osm-n4608882560","osm_id":4608882560,"osm_type":"node","name":"ตลาดน้ำบางคูลัด","tags":{"amenity":"marketplace","name":"ตลาดน้ำบางคูลัด"},"district":"อำเภอบางใหญ่","district_osm_id":2689553,"province":"จังหวัดนนทบุรี","province_iso":"TH-12","reason_excluded":"point_only"},"geometry":{"type":"Point","coordinates":[100.363512,13.842451]}},
{"type":"Feature","id":"osm-n4627914389","properties":{"id":"osm-n4627914389","osm_id":4627914389,"osm_type":"node","name":"ไมอามี่ บางปู","tags":{"name":"ไมอามี่ บางปู","name:en":"Miami Bangpoo","tourism":"attraction"},"district":"อำเภอเมืองสมุทรปราการ","district_osm_id":11580983,"province":"จังหวัดสมุทรปราการ","province_iso":"TH-11","reason_excluded":"point_only"},"geometry":{"type":"Point","coordinates":[100.618929,13.54236]}},
{"type":"Feature","id":"osm-n4660006569","properties":{"id":"osm-n4660006569","osm_id":4660006569,"osm_type":"node","name":"ประติมากรรม 80 ปี ธรรมศาสตร์","tags":{"historic":"memorial","memorial":"sculpture","name":"ประติมากรรม 80 ปี ธรรมศาสตร์","name:en":"80th years Thammasat sculpture","name:th":"ประติมากรรม 80 ปี ธรรมศาสตร์"},"district":"อำเภอคลองหลวง","district_osm_id":2913006,"province":"จังหวัดปทุมธานี","province_iso":"TH-13","reason_excluded":"point_only"},"geometry":{"type":"Point","coordinates":[100.602924,14.074998]}},
{"type":"Feature","id":"osm-n4677450589","properties":{"id":"osm-n4677450589","osm_id":4677450589,"osm_type":"node","name":null,"tags":{"name:en":"New On Nut Night Market","tourism":"attraction"},"district":"วัฒนา","district_osm_id":2938036,"province":"กรุงเทพมหานคร","province_iso":"TH-10","reason_excluded":"point_only"},"geometry":{"type":"Point","coordinates":[100.602501,13.705143]}},
{"type":"Feature","id":"osm-n4690189491","properties":{"id":"osm-n4690189491","osm_id":4690189491,"osm_type":"node","name":"ตลาดน้ำขวัญ-เรียม","tags":{"addr:housenumber":"ฃอย187  soi 187","addr:street":"ถนนรามคำแหง","name":"ตลาดน้ำขวัญเรียน","name:en":"Kwan-Riam Floating Market","name:th":"ตลาดน้ำขวัญ-เรียม","name:zh":"夸尼里亚姆水上市场","opening_hours":"Sa-Su 06:00-20:00","tourism":"attraction"},"district":"เขตมีนบุรี","district_osm_id":3146413,"province":"กรุงเทพมหานคร","province_iso":"TH-10","reason_excluded":"point_only"},"geometry":{"type":"Point","coordinates":[100.709438,13.799373]}},
{"type":"Feature","id":"osm-n4690189492","properties":{"id":"osm-n4690189492","osm_id":4690189492,"osm_type":"node","name":"ตลาดน้ำขวัญ-เรียม","tags":{"addr:housenumber":"soi 187","addr:street":"ถนนรามคำแหง","name":"ตลาดน้ำขวัญ-เรียม","name:en":"Kwan Roam Floating Market (revised)","name:th":"ตลาดน้ำขวัญ-เรียม","opening_hours":"Sa-Su 06:00-20:00","tourism":"attraction"},"district":"เขตมีนบุรี","district_osm_id":3146413,"province":"กรุงเทพมหานคร","province_iso":"TH-10","reason_excluded":"point_only"},"geometry":{"type":"Point","coordinates":[100.710075,13.800811]}},
{"type":"Feature","id":"osm-n4702924590","properties":{"id":"osm-n4702924590","osm_id":4702924590,"osm_type":"node","name":"ป้อมพระจุล","tags":{"name":"ป้อมพระจุล","name:th":"ป้อมพระจุล","tourism":"attraction","wikidata":"Q16304373","wikimedia_commons":"Category:Chulachomklao Fort","wikipedia":"en:Chulachomklao Fort"},"district":"อำเภอพระสมุทรเจดีย์","district_osm_id":10958328,"province":"จังหวัดสมุทรปราการ","province_iso":"TH-11","reason_excluded":"point_only"},"geometry":{"type":"Point","coordinates":[100.573047,13.54061]}},
{"type":"Feature","id":"osm-n4702924591","properties":{"id":"osm-n4702924591","osm_id":4702924591,"osm_type":"node","name":"ทางเข้าวัดสาขลา","tags":{"name":"ทางเข้าวัดสาขลา","name:th":"ทางเข้าวัดสาขลา","tourism":"attraction"},"district":"อำเภอพระสมุทรเจดีย์","district_osm_id":10958328,"province":"จังหวัดสมุทรปราการ","province_iso":"TH-11","reason_excluded":"point_only"},"geometry":{"type":"Point","coordinates":[100.573006,13.572166]}},
{"type":"Feature","id":"osm-n4702957993","properties":{"id":"osm-n4702957993","osm_id":4702957993,"osm_type":"node","name":"แยกพระสมุทรเจดีห์","tags":{"name":"แยกพระสมุทรเจดีห์","name:th":"แยกพระสมุทรเจดีห์","tourism":"attraction"},"district":"อำเภอพระสมุทรเจดีย์","district_osm_id":10958328,"province":"จังหวัดสมุทรปราการ","province_iso":"TH-11","reason_excluded":"point_only"},"geometry":{"type":"Point","coordinates":[100.579722,13.594525]}},
{"type":"Feature","id":"osm-n4702965190","properties":{"id":"osm-n4702965190","osm_id":4702965190,"osm_type":"node","name":"ทางเข้าหมู่บ้านริมสวนฟ้าใส","tags":{"addr:postcode":"10210","addr:street":"ถนนสรงประภา","name":"ทางเข้าหมู่บ้านริมสวนฟ้าใส","name:th":"ทางเข้าหมู่บ้านริมสวนฟ้าใส","tourism":"attraction"},"district":"เขตดอนเมือง","district_osm_id":1639287,"province":"กรุงเทพมหานคร","province_iso":"TH-10","reason_excluded":"point_only"},"geometry":{"type":"Point","coordinates":[100.585073,13.92351]}},
{"type":"Feature","id":"osm-n4707657593","properties":{"id":"osm-n4707657593","osm_id":4707657593,"osm_type":"node","name":null,"tags":{"name:en":"Samut Sakhon Province Central Stadium","tourism":"attraction"},"district":"อำเภอเมืองสมุทรสาคร","district_osm_id":18935071,"province":"จังหวัดสมุทรสาคร","province_iso":"TH-74","reason_excluded":"point_only"},"geometry":{"type":"Point","coordinates":[100.265431,13.547471]}},
{"type":"Feature","id":"osm-n4725831894","properties":{"id":"osm-n4725831894","osm_id":4725831894,"osm_type":"node","name":"Seasons condo","tags":{"name":"Seasons condo","name:th":"Seasons condo","tourism":"attraction"},"district":"อำเภอเมืองสมุทรปราการ","district_osm_id":11580983,"province":"จังหวัดสมุทรปราการ","province_iso":"TH-11","reason_excluded":"point_only"},"geometry":{"type":"Point","coordinates":[100.622507,13.62409]}},
{"type":"Feature","id":"osm-n4747938223","properties":{"id":"osm-n4747938223","osm_id":4747938223,"osm_type":"node","name":null,"tags":{"historic":"castle"},"district":"อำเภอบางบัวทอง","district_osm_id":2689552,"province":"จังหวัดนนทบุรี","province_iso":"TH-12","reason_excluded":"point_only"},"geometry":{"type":"Point","coordinates":[100.394907,13.958202]}},
{"type":"Feature","id":"osm-n4801754122","properties":{"id":"osm-n4801754122","osm_id":4801754122,"osm_type":"node","name":null,"tags":{"name:en":"Huai Kwang night market","tourism":"attraction"},"district":"เขตดินแดง","district_osm_id":2938031,"province":"กรุงเทพมหานคร","province_iso":"TH-10","reason_excluded":"point_only"},"geometry":{"type":"Point","coordinates":[100.57318,13.778268]}},
{"type":"Feature","id":"osm-n4805059822","properties":{"id":"osm-n4805059822","osm_id":4805059822,"osm_type":"node","name":null,"tags":{"name:zh":"金东尼人妖秀","tourism":"attraction"},"district":"เขตห้วยขวาง","district_osm_id":2938032,"province":"กรุงเทพมหานคร","province_iso":"TH-10","reason_excluded":"point_only"},"geometry":{"type":"Point","coordinates":[100.577378,13.78541]}},
{"type":"Feature","id":"osm-n4828115524","properties":{"id":"osm-n4828115524","osm_id":4828115524,"osm_type":"node","name":"ณ ลาดกระบัง","tags":{"name":"ณ ลาดกระบัง","name:th":"ณ ลาดกระบัง","tourism":"attraction"},"district":"เขตลาดกระบัง","district_osm_id":3147500,"province":"กรุงเทพมหานคร","province_iso":"TH-10","reason_excluded":"point_only"},"geometry":{"type":"Point","coordinates":[100.789708,13.724141]}},
{"type":"Feature","id":"osm-n4847035621","properties":{"id":"osm-n4847035621","osm_id":4847035621,"osm_type":"node","name":null,"tags":{"name:zh":"毒蛇研究中心","tourism":"attraction"},"district":"เขตลาดกระบัง","district_osm_id":3147500,"province":"กรุงเทพมหานคร","province_iso":"TH-10","reason_excluded":"point_only"},"geometry":{"type":"Point","coordinates":[100.804481,13.717259]}},
{"type":"Feature","id":"osm-n4847218022","properties":{"id":"osm-n4847218022","osm_id":4847218022,"osm_type":"node","name":null,"tags":{"name:zh":"眉南河遊船餐廳","tourism":"attraction"},"district":"เขตธนบุรี","district_osm_id":3147281,"province":"กรุงเทพมหานคร","province_iso":"TH-10","reason_excluded":"point_only"},"geometry":{"type":"Point","coordinates":[100.490166,13.701007]}},
{"type":"Feature","id":"osm-n4892016221","properties":{"id":"osm-n4892016221","osm_id":4892016221,"osm_type":"node","name":null,"tags":{"name:en":"Street market","name:ko":"스트릿마켓","tourism":"attraction"},"district":"เขตราชเทวี","district_osm_id":92064,"province":"กรุงเทพมหานคร","province_iso":"TH-10","reason_excluded":"point_only"},"geometry":{"type":"Point","coordinates":[100.537634,13.763042]}},
{"type":"Feature","id":"osm-n4959541921","properties":{"id":"osm-n4959541921","osm_id":4959541921,"osm_type":"node","name":null,"tags":{"name:en":"flower martket","tourism":"attraction"},"district":"เขตจตุจักร","district_osm_id":1639286,"province":"กรุงเทพมหานคร","province_iso":"TH-10","reason_excluded":"point_only"},"geometry":{"type":"Point","coordinates":[100.548675,13.797809]}},
{"type":"Feature","id":"osm-n4969529130","properties":{"id":"osm-n4969529130","osm_id":4969529130,"osm_type":"node","name":"หอนาฬิกา","tags":{"historic":"monument","name":"หอนาฬิกา","name:th":"หอนาฬิกา"},"district":"เขตจตุจักร","district_osm_id":1639286,"province":"กรุงเทพมหานคร","province_iso":"TH-10","reason_excluded":"point_only"},"geometry":{"type":"Point","coordinates":[100.578098,13.821131]}},
{"type":"Feature","id":"osm-n4969530729","properties":{"id":"osm-n4969530729","osm_id":4969530729,"osm_type":"node","name":"ประตูจันทร์","tags":{"historic":"monument","name":"ประตูจันทร์","name:th":"ประตูจันทร์"},"district":"เขตจตุจักร","district_osm_id":1639286,"province":"กรุงเทพมหานคร","province_iso":"TH-10","reason_excluded":"point_only"},"geometry":{"type":"Point","coordinates":[100.577193,13.819305]}},
{"type":"Feature","id":"osm-n4973143821","properties":{"id":"osm-n4973143821","osm_id":4973143821,"osm_type":"node","name":null,"tags":{"addr:street":"ถนนสุขุมวิท ซอย4","description":"Go Go Bar Area","description:ja":"ゴーゴーバー密集地帯","name:ar":"نانا بلازا","name:en":"Nana Plaza","name:ja":"ナナ・プラザ","name:ko":"나나플라자","name:zh":"拿拿廣場","opening_hours":"24/7","tourism":"attraction","wikidata":"Q441839","wikimedia_commons":"Category:Nana Plaza","wikipedia":"en:Nana Plaza"},"district":"เขตคลองเตย","district_osm_id":2938033,"province":"กรุงเทพมหานคร","province_iso":"TH-10","reason_excluded":"point_only"},"geometry":{"type":"Point","coordinates":[100.553034,13.741484]}},
{"type":"Feature","id":"osm-n5017437622","properties":{"id":"osm-n5017437622","osm_id":5017437622,"osm_type":"node","name":"วัดเวฬุ","tags":{"name":"วัดเวฬุวนาราม","name:th":"วัดเวฬุ","tourism":"attraction"},"district":"อำเภอบางเลน","district_osm_id":18929643,"province":"จังหวัดนครปฐม","province_iso":"TH-73","reason_excluded":"point_only"},"geometry":{"type":"Point","coordinates":[100.233772,13.9633]}},
{"type":"Feature","id":"osm-n5102832927","properties":{"id":"osm-n5102832927","osm_id":5102832927,"osm_type":"node","name":null,"tags":{"name:en":"House of Lucie Center for Photography","tourism":"attraction"},"district":"วัฒนา","district_osm_id":2938036,"province":"กรุงเทพมหานคร","province_iso":"TH-10","reason_excluded":"point_only"},"geometry":{"type":"Point","coordinates":[100.585753,13.727566]}},
{"type":"Feature","id":"osm-n5130510225","properties":{"id":"osm-n5130510225","osm_id":5130510225,"osm_type":"node","name":"สนามบินดอนเมือง","tags":{"name":"สนามบินดอนเมือง","tourism":"attraction"},"district":"เขตดอนเมือง","district_osm_id":1639287,"province":"กรุงเทพมหานคร","province_iso":"TH-10","reason_excluded":"point_only"},"geometry":{"type":"Point","coordinates":[100.600684,13.913897]}},
{"type":"Feature","id":"osm-n5208029422","properties":{"id":"osm-n5208029422","osm_id":5208029422,"osm_type":"node","name":null,"tags":{"historic":"monument"},"district":"อำเภอเมืองนครปฐม","district_osm_id":18931445,"province":"จังหวัดนครปฐม","province_iso":"TH-73","reason_excluded":"point_only"},"geometry":{"type":"Point","coordinates":[100.05045,13.819603]}},
{"type":"Feature","id":"osm-n5248196522","properties":{"id":"osm-n5248196522","osm_id":5248196522,"osm_type":"node","name":"Night market","tags":{"name":"Night market","tourism":"attraction"},"district":"เขตตลิ่งชัน","district_osm_id":2939954,"province":"กรุงเทพมหานคร","province_iso":"TH-10","reason_excluded":"point_only"},"geometry":{"type":"Point","coordinates":[100.425924,13.780334]}},
{"type":"Feature","id":"osm-n5250908988","properties":{"id":"osm-n5250908988","osm_id":5250908988,"osm_type":"node","name":"Mini World","tags":{"name":"Mini World","tourism":"attraction"},"district":"เขตคลองสามวา","district_osm_id":2997412,"province":"กรุงเทพมหานคร","province_iso":"TH-10","reason_excluded":"point_only"},"geometry":{"type":"Point","coordinates":[100.70242,13.866112]}},
{"type":"Feature","id":"osm-n5250908991","properties":{"id":"osm-n5250908991","osm_id":5250908991,"osm_type":"node","name":"Bird Show","tags":{"name":"Bird Show","tourism":"attraction"},"district":"เขตคลองสามวา","district_osm_id":2997412,"province":"กรุงเทพมหานคร","province_iso":"TH-10","reason_excluded":"point_only"},"geometry":{"type":"Point","coordinates":[100.704046,13.865594]}},
{"type":"Feature","id":"osm-n5250908993","properties":{"id":"osm-n5250908993","osm_id":5250908993,"osm_type":"node","name":"Sea Lion Show","tags":{"name":"Sea Lion Show","tourism":"attraction"},"district":"เขตคลองสามวา","district_osm_id":2997412,"province":"กรุงเทพมหานคร","province_iso":"TH-10","reason_excluded":"point_only"},"geometry":{"type":"Point","coordinates":[100.701881,13.866533]}},
{"type":"Feature","id":"osm-n5250908995","properties":{"id":"osm-n5250908995","osm_id":5250908995,"osm_type":"node","name":"crocodile garden","tags":{"name":"crocodile garden","tourism":"attraction"},"district":"เขตคลองสามวา","district_osm_id":2997412,"province":"กรุงเทพมหานคร","province_iso":"TH-10","reason_excluded":"point_only"},"geometry":{"type":"Point","coordinates":[100.704499,13.866607]}},
{"type":"Feature","id":"osm-n5250908998","properties":{"id":"osm-n5250908998","osm_id":5250908998,"osm_type":"node","name":"Manatee","tags":{"name":"Manatee","opening_hours":"Mo-Fr 10:00-16:00;Sa-Su 10:00-16:30;PH 10:00-16:30 open","tourism":"attraction"},"district":"เขตคลองสามวา","district_osm_id":2997412,"province":"กรุงเทพมหานคร","province_iso":"TH-10","reason_excluded":"point_only"},"geometry":{"type":"Point","coordinates":[100.704084,13.866272]}},
{"type":"Feature","id":"osm-n5263028895","properties":{"id":"osm-n5263028895","osm_id":5263028895,"osm_type":"node","name":"ลานบัวเหล็ก","tags":{"historic":"memorial","memorial":"statue","name":"ลานบัวเหล็ก","name:en":"Iron Lotus Statue","name:th":"ลานบัวเหล็ก"},"district":"อำเภอคลองหลวง","district_osm_id":2913006,"province":"จังหวัดปทุมธานี","province_iso":"TH-13","reason_excluded":"point_only"},"geometry":{"type":"Point","coordinates":[100.728125,14.035303]}},
{"type":"Feature","id":"osm-n5265310928","properties":{"id":"osm-n5265310928","osm_id":5265310928,"osm_type":"node","name":"วัดสิงห์","tags":{"name":"วัดสิงห์","tourism":"attraction"},"district":"อำเภอบางกรวย","district_osm_id":2688299,"province":"จังหวัดนนทบุรี","province_iso":"TH-12","reason_excluded":"point_only"},"geometry":{"type":"Point","coordinates":[100.419194,13.824149]}},
{"type":"Feature","id":"osm-n5265311024","properties":{"id":"osm-n5265311024","osm_id":5265311024,"osm_type":"node","name":"ตลาดน้ำวัดนังคัลฯ","tags":{"name":"ตลาดน้ำวัดนังคัลฯ","tourism":"attraction"},"district":"อำเภอลำลูกกา","district_osm_id":2913007,"province":"จังหวัดปทุมธานี","province_iso":"TH-13","reason_excluded":"point_only"},"geometry":{"type":"Point","coordinates":[100.749142,13.933188]}},
{"type":"Feature","id":"osm-n5269645822","properties":{"id":"osm-n5269645822","osm_id":5269645822,"osm_type":"node","name":"Saule pleureur","tags":{"name":"Saule pleureur","tourism":"attraction"},"district":"เขตจตุจักร","district_osm_id":1639286,"province":"กรุงเทพมหานคร","province_iso":"TH-10","reason_excluded":"point_only"},"geometry":{"type":"Point","coordinates":[100.579328,13.817355]}},
{"type":"Feature","id":"osm-n5273247521","properties":{"id":"osm-n5273247521","osm_id":5273247521,"osm_type":"node","name":"ตลาดยิ่งรวยยิ่งรวย","tags":{"amenity":"marketplace","name":"ตลาดยิ่งรวยยิ่งรวย"},"district":"เขตบางขุนเทียน","district_osm_id":3147313,"province":"กรุงเทพมหานคร","province_iso":"TH-10","reason_excluded":"point_only"},"geometry":{"type":"Point","coordinates":[100.44822,13.653701]}},
{"type":"Feature","id":"osm-n5273823922","properties":{"id":"osm-n5273823922","osm_id":5273823922,"osm_type":"node","name":"CATERPILLAR กม.20","tags":{"addr:street":"ถนนบางนา-ตราด","historic":"castle","name":"CATERPILLAR กม.20"},"district":"อำเภอบางพลี","district_osm_id":11580982,"province":"จังหวัดสมุทรปราการ","province_iso":"TH-11","reason_excluded":"point_only"},"geometry":{"type":"Point","coordinates":[100.780892,13.604547]}},
{"type":"Feature","id":"osm-n5295068748","properties":{"id":"osm-n5295068748","osm_id":5295068748,"osm_type":"node","name":"Metal Art","tags":{"historic":"monument","name":"Metal Art"},"district":"อำเภอคลองหลวง","district_osm_id":2913006,"province":"จังหวัดปทุมธานี","province_iso":"TH-13","reason_excluded":"point_only"},"geometry":{"type":"Point","coordinates":[100.604402,14.075038]}},
{"type":"Feature","id":"osm-n5295069849","properties":{"id":"osm-n5295069849","osm_id":5295069849,"osm_type":"node","name":null,"tags":{"historic":"monument","inscription":"The big flower sculpture near Thammasat Park.","leisure":"park","name:en":"Flower Sculpture"},"district":"อำเภอคลองหลวง","district_osm_id":2913006,"province":"จังหวัดปทุมธานี","province_iso":"TH-13","reason_excluded":"point_only"},"geometry":{"type":"Point","coordinates":[100.609786,14.075116]}},
{"type":"Feature","id":"osm-n5297414121","properties":{"id":"osm-n5297414121","osm_id":5297414121,"osm_type":"node","name":"บ้าน","tags":{"addr:street":"Thanon Rat Phatthana","name":"บ้าน","name:en":"Auan","tourism":"attraction"},"district":"เขตสะพานสูง","district_osm_id":3146415,"province":"กรุงเทพมหานคร","province_iso":"TH-10","reason_excluded":"point_only"},"geometry":{"type":"Point","coordinates":[100.708502,13.764678]}},
{"type":"Feature","id":"osm-n5313270376","properties":{"id":"osm-n5313270376","osm_id":5313270376,"osm_type":"node","name":null,"tags":{"amenity":"marketplace"},"district":"เขตคลองเตย","district_osm_id":2938033,"province":"กรุงเทพมหานคร","province_iso":"TH-10","reason_excluded":"point_only"},"geometry":{"type":"Point","coordinates":[100.561459,13.732144]}},
{"type":"Feature","id":"osm-n5314499222","properties":{"id":"osm-n5314499222","osm_id":5314499222,"osm_type":"node","name":"วัดเทพสรธรรมาราม","tags":{"name":"วัดเทพสรธรรมาราม","tourism":"attraction"},"district":"อำเภอเมืองปทุมธานี","district_osm_id":2913009,"province":"จังหวัดปทุมธานี","province_iso":"TH-13","reason_excluded":"point_only"},"geometry":{"type":"Point","coordinates":[100.564423,13.969007]}},
{"type":"Feature","id":"osm-n5323185123","properties":{"id":"osm-n5323185123","osm_id":5323185123,"osm_type":"node","name":"ตลาดน้ำทุ่งบัวแดง","tags":{"name":"ตลาดน้ำทุ่งบัวแดง","tourism":"attraction"},"district":"อำเภอบางเลน","district_osm_id":18929643,"province":"จังหวัดนครปฐม","province_iso":"TH-73","reason_excluded":"point_only"},"geometry":{"type":"Point","coordinates":[100.157485,14.013489]}},
{"type":"Feature","id":"osm-n5323201421","properties":{"id":"osm-n5323201421","osm_id":5323201421,"osm_type":"node","name":"ตลาดบางหลวง รศ.121","tags":{"name":"ตลาดบางหลวง รศ.121","tourism":"attraction"},"district":"อำเภอบางเลน","district_osm_id":18929643,"province":"จังหวัดนครปฐม","province_iso":"TH-73","reason_excluded":"point_only"},"geometry":{"type":"Point","coordinates":[100.120419,14.11954]}},
{"type":"Feature","id":"osm-n5325181021","properties":{"id":"osm-n5325181021","osm_id":5325181021,"osm_type":"node","name":null,"tags":{"addr:street":"Siam Paragon 5th Floor, 991 Rama1 Road, Pathumwan, Bangkok 10330","name:en":"KidZania","tourism":"attraction"},"district":"เขตปทุมวัน","district_osm_id":92063,"province":"กรุงเทพมหานคร","province_iso":"TH-10","reason_excluded":"point_only"},"geometry":{"type":"Point","coordinates":[100.535169,13.74677]}},
{"type":"Feature","id":"osm-n5325818120","properties":{"id":"osm-n5325818120","osm_id":5325818120,"osm_type":"node","name":"หัวรถจักร ร.ฟ.ท. 950","tags":{"artwork_type":"sculpture","historic":"locomotive","inscription":"Location of the old Bangkok Noi railway station closed in 2003","name":"หัวรถจักร ร.ฟ.ท. 950","name:en":"Mikado Steam Locomotive No. 950","name:th":"หัวรถจักร ร.ฟ.ท. 950","tourism":"artwork"},"district":"เขตบางกอกน้อย","district_osm_id":2942282,"province":"กรุงเทพมหานคร","province_iso":"TH-10","reason_excluded":"point_only"},"geometry":{"type":"Point","coordinates":[100.487283,13.760012]}},
{"type":"Feature","id":"osm-n5339841722","properties":{"id":"osm-n5339841722","osm_id":5339841722,"osm_type":"node","name":null,"tags":{"name:en":"Mangrove Samut Prakan","tourism":"attraction"},"district":"อำเภอพระสมุทรเจดีย์","district_osm_id":10958328,"province":"จังหวัดสมุทรปราการ","province_iso":"TH-11","reason_excluded":"point_only"},"geometry":{"type":"Point","coordinates":[100.533986,13.516108]}},
{"type":"Feature","id":"osm-n5342565922","properties":{"id":"osm-n5342565922","osm_id":5342565922,"osm_type":"node","name":"TARS Gallery","tags":{"addr:street":"ซอยสุขุมวิท 67","name":"TARS Gallery","tourism":"attraction"},"district":"วัฒนา","district_osm_id":2938036,"province":"กรุงเทพมหานคร","province_iso":"TH-10","reason_excluded":"point_only"},"geometry":{"type":"Point","coordinates":[100.590809,13.717322]}},
{"type":"Feature","id":"osm-n5342566021","properties":{"id":"osm-n5342566021","osm_id":5342566021,"osm_type":"node","name":"RMA Institute","tags":{"addr:street":"Soi Sai Nam Thip 2","name":"RMA Institute","tourism":"attraction"},"district":"เขตคลองเตย","district_osm_id":2938033,"province":"กรุงเทพมหานคร","province_iso":"TH-10","reason_excluded":"point_only"},"geometry":{"type":"Point","coordinates":[100.563153,13.726907]}},
{"type":"Feature","id":"osm-n5350019821","properties":{"id":"osm-n5350019821","osm_id":5350019821,"osm_type":"node","name":null,"tags":{"name:en":"Bang Kachao","tourism":"attraction","wikidata":"Q15979254"},"district":"อำเภอพระประแดง","district_osm_id":11580984,"province":"จังหวัดสมุทรปราการ","province_iso":"TH-11","reason_excluded":"point_only"},"geometry":{"type":"Point","coordinates":[100.566723,13.69645]}},
{"type":"Feature","id":"osm-n5384897421","properties":{"id":"osm-n5384897421","osm_id":5384897421,"osm_type":"node","name":"Chaophraya Princess Cruise","tags":{"name":"Chaophraya Princess Cruise","tourism":"attraction"},"district":"เขตคลองสาน","district_osm_id":3147280,"province":"กรุงเทพมหานคร","province_iso":"TH-10","reason_excluded":"point_only"},"geometry":{"type":"Point","coordinates":[100.503531,13.711079]}},
{"type":"Feature","id":"osm-n5384897422","properties":{"id":"osm-n5384897422","osm_id":5384897422,"osm_type":"node","name":"Dry Fruits","tags":{"name":"Dry Fruits","tourism":"attraction"},"district":"เขตสวนหลวง","district_osm_id":3146643,"province":"กรุงเทพมหานคร","province_iso":"TH-10","reason_excluded":"point_only"},"geometry":{"type":"Point","coordinates":[100.652226,13.739807]}},
{"type":"Feature","id":"osm-n5448426047","properties":{"id":"osm-n5448426047","osm_id":5448426047,"osm_type":"node","name":null,"tags":{"amenity":"marketplace"},"district":"อำเภอหนองเสือ","district_osm_id":2913010,"province":"จังหวัดปทุมธานี","province_iso":"TH-13","reason_excluded":"point_only"},"geometry":{"type":"Point","coordinates":[100.779875,14.131393]}},
{"type":"Feature","id":"osm-n5458223521","properties":{"id":"osm-n5458223521","osm_id":5458223521,"osm_type":"node","name":null,"tags":{"name:en":"Flora Ville Golf & Country Club","phone":"6625982878","tourism":"attraction"},"district":"อำเภอเมืองปทุมธานี","district_osm_id":2913009,"province":"จังหวัดปทุมธานี","province_iso":"TH-13","reason_excluded":"point_only"},"geometry":{"type":"Point","coordinates":[100.503767,13.972487]}},
{"type":"Feature","id":"osm-n5469385421","properties":{"id":"osm-n5469385421","osm_id":5469385421,"osm_type":"node","name":"โอโชน","tags":{"name":"โอโชน","name:en":"Open Air Night Market","opening_hours":"Mo-Su 18:00-23:55","tourism":"attraction"},"district":"เขตดอนเมือง","district_osm_id":1639287,"province":"กรุงเทพมหานคร","province_iso":"TH-10","reason_excluded":"point_only"},"geometry":{"type":"Point","coordinates":[100.577125,13.928522]}},
{"type":"Feature","id":"osm-n5487209194","properties":{"id":"osm-n5487209194","osm_id":5487209194,"osm_type":"node","name":"เสาเอเชี่ยนเกมส์","tags":{"historic":"monument","name":"เสาเอเชี่ยนเกมส์","name:en":"Asian games Columns","name:th":"เสาเอเชี่ยนเกมส์"},"district":"อำเภอคลองหลวง","district_osm_id":2913006,"province":"จังหวัดปทุมธานี","province_iso":"TH-13","reason_excluded":"point_only"},"geometry":{"type":"Point","coordinates":[100.603227,14.06716]}},
{"type":"Feature","id":"osm-n5508845001","properties":{"id":"osm-n5508845001","osm_id":5508845001,"osm_type":"node","name":"Justice Sculpture","tags":{"historic":"monument","name":"Justice Sculpture"},"district":"อำเภอคลองหลวง","district_osm_id":2913006,"province":"จังหวัดปทุมธานี","province_iso":"TH-13","reason_excluded":"point_only"},"geometry":{"type":"Point","coordinates":[100.607596,14.075181]}},
{"type":"Feature","id":"osm-n5511705342","properties":{"id":"osm-n5511705342","osm_id":5511705342,"osm_type":"node","name":null,"tags":{"tourism":"attraction"},"district":"เขตป้อมปราบศัตรูพ่าย","district_osm_id":92058,"province":"กรุงเทพมหานคร","province_iso":"TH-10","reason_excluded":"point_only"},"geometry":{"type":"Point","coordinates":[100.508279,13.744002]}},
{"type":"Feature","id":"osm-n5566900321","properties":{"id":"osm-n5566900321","osm_id":5566900321,"osm_type":"node","name":null,"tags":{"name:fr":"Accès aux avions (50 bahts au SDF sur les lieux pas plus)","opening_hours":"24/7","tourism":"attraction"},"district":"เขตบางกะปิ","district_osm_id":2939952,"province":"กรุงเทพมหานคร","province_iso":"TH-10","reason_excluded":"point_only"},"geometry":{"type":"Point","coordinates":[100.650964,13.766546]}},
{"type":"Feature","id":"osm-n5578039921","properties":{"id":"osm-n5578039921","osm_id":5578039921,"osm_type":"node","name":null,"tags":{"name:zh":"皮件展示中心","tourism":"attraction"},"district":"เขตลาดกระบัง","district_osm_id":3147500,"province":"กรุงเทพมหานคร","province_iso":"TH-10","reason_excluded":"point_only"},"geometry":{"type":"Point","coordinates":[100.8388,13.704744]}},
{"type":"Feature","id":"osm-n5603128339","properties":{"id":"osm-n5603128339","osm_id":5603128339,"osm_type":"node","name":null,"tags":{"name:en":"Maxx Hotel","tourism":"attraction"},"district":"เขตห้วยขวาง","district_osm_id":2938032,"province":"กรุงเทพมหานคร","province_iso":"TH-10","reason_excluded":"point_only"},"geometry":{"type":"Point","coordinates":[100.576113,13.754762]}},
{"type":"Feature","id":"osm-n567014290","properties":{"id":"osm-n567014290","osm_id":567014290,"osm_type":"node","name":"ผ่านฟ้าลีลาศ","tags":{"amenity":"ferry_terminal","ferry":"yes","name":"ผ่านฟ้าลีลาศ","name:en":"Phanfa Leelard","name:fr":"Phanfa Leelard","name:ru":"Phanfa Leelard","name:th":"ผ่านฟ้าลีลาศ","network":"Golden Mount Line","opening_hours":"Mo-Fr 08:00-20:00; Sa-Su 08:00-19:30","public_transport":"stop_position","ref":"W5","tourism":"attraction"},"district":"เขตป้อมปราบศัตรูพ่าย","district_osm_id":92058,"province":"กรุงเทพมหานคร","province_iso":"TH-10","reason_excluded":"point_only"},"geometry":{"type":"Point","coordinates":[100.506445,13.755512]}},
{"type":"Feature","id":"osm-n5744765948","properties":{"id":"osm-n5744765948","osm_id":5744765948,"osm_type":"node","name":null,"tags":{"historic":"monument"},"district":"เขตราชเทวี","district_osm_id":92064,"province":"กรุงเทพมหานคร","province_iso":"TH-10","reason_excluded":"point_only"},"geometry":{"type":"Point","coordinates":[100.560506,13.749612]}},
{"type":"Feature","id":"osm-n5814463453","properties":{"id":"osm-n5814463453","osm_id":5814463453,"osm_type":"node","name":"ลิตเติ้ลเจแปน","tags":{"name":"ลิตเติ้ลเจแปน","name:en":"Little Japan","name:th":"ลิตเติ้ลเจแปน","tourism":"attraction"},"district":"เขตบางรัก","district_osm_id":92061,"province":"กรุงเทพมหานคร","province_iso":"TH-10","reason_excluded":"point_only"},"geometry":{"type":"Point","coordinates":[100.533503,13.729587]}},
{"type":"Feature","id":"osm-n5820861955","properties":{"id":"osm-n5820861955","osm_id":5820861955,"osm_type":"node","name":"อนุสาวรีย์หมู","tags":{"description":"https://photos.app.goo.gl/Q3fGHXqujPrLQ2zw5","historic":"memorial","image":"https://images.mapillary.com/d0CAITE50mo2vm8E7CvjLQ/thumb-2048.jpg","mapillary":"1774945372678854","name":"อนุสาวรีย์หมู","name:en":"Pig Memorial","name:th":"อนุสาวรีย์หมู","official_name":"อนุสาวรีย์สหชาติ","official_name:th":"อนุสาวรีย์สหชาติ","start_date":"1913","wikidata":"Q2211964","wikipedia":"th:อนุสาวรีย์หมูและสะพานปีกุน"},"district":"เขตพระนคร","district_osm_id":92053,"province":"กรุงเทพมหานคร","province_iso":"TH-10","reason_excluded":"point_only"},"geometry":{"type":"Point","coordinates":[100.49621,13.749866]}},
{"type":"Feature","id":"osm-n5827289928","properties":{"id":"osm-n5827289928","osm_id":5827289928,"osm_type":"node","name":"อนุสาวรีย์สมเด็จเจ้าฟ้าจุฑาธุชธราดิลก","tags":{"historic":"memorial","memorial":"statue","name":"อนุสาวรีย์สมเด็จเจ้าฟ้าจุฑาธุชธราดิลก","name:th":"อนุสาวรีย์สมเด็จเจ้าฟ้าจุฑาธุชธราดิลก","official_name:th":"พระอนุสาวรีย์ สมเด็จพระเจ้าบรมวงศ์เธอ เจ้าฟ้าจุฑาธุชธราดิลก กรมขุนเพ็ชรบูรณ์อินทราชัย","start_date":"1994"},"district":"เขตพระนคร","district_osm_id":92053,"province":"กรุงเทพมหานคร","province_iso":"TH-10","reason_excluded":"point_only"},"geometry":{"type":"Point","coordinates":[100.498958,13.744425]}},
{"type":"Feature","id":"osm-n5837490385","properties":{"id":"osm-n5837490385","osm_id":5837490385,"osm_type":"node","name":"Mingoo mediation","tags":{"name":"Mingoo mediation","tourism":"attraction"},"district":"อำเภอสามโคก","district_osm_id":2913011,"province":"จังหวัดปทุมธานี","province_iso":"TH-13","reason_excluded":"point_only"},"geometry":{"type":"Point","coordinates":[100.572691,14.07579]}},
{"type":"Feature","id":"osm-n5894221286","properties":{"id":"osm-n5894221286","osm_id":5894221286,"osm_type":"node","name":null,"tags":{"name:en":"Zanook Wake Park","tourism":"attraction"},"district":"เขตบางบอน","district_osm_id":3147312,"province":"กรุงเทพมหานคร","province_iso":"TH-10","reason_excluded":"point_only"},"geometry":{"type":"Point","coordinates":[100.384256,13.658658]}},
{"type":"Feature","id":"osm-n5899787685","properties":{"id":"osm-n5899787685","osm_id":5899787685,"osm_type":"node","name":null,"tags":{"name:en":"Cheeze POP-Up Market","tourism":"attraction"},"district":"เขตปทุมวัน","district_osm_id":92063,"province":"กรุงเทพมหานคร","province_iso":"TH-10","reason_excluded":"point_only"},"geometry":{"type":"Point","coordinates":[100.539931,13.745951]}},
{"type":"Feature","id":"osm-n5901823787","properties":{"id":"osm-n5901823787","osm_id":5901823787,"osm_type":"node","name":null,"tags":{"name:en":"Street market","tourism":"attraction"},"district":"เขตดุสิต","district_osm_id":92069,"province":"กรุงเทพมหานคร","province_iso":"TH-10","reason_excluded":"point_only"},"geometry":{"type":"Point","coordinates":[100.51812,13.756661]}},
{"type":"Feature","id":"osm-n5903091185","properties":{"id":"osm-n5903091185","osm_id":5903091185,"osm_type":"node","name":null,"tags":{"historic":"monument","name:ru":"Памятник Инопланетянам"},"district":"วัฒนา","district_osm_id":2938036,"province":"กรุงเทพมหานคร","province_iso":"TH-10","reason_excluded":"point_only"},"geometry":{"type":"Point","coordinates":[100.593217,13.71404]}},
{"type":"Feature","id":"osm-n5933329550","properties":{"id":"osm-n5933329550","osm_id":5933329550,"osm_type":"node","name":"พระบรมราชานุสาวรีย์ รัชกาลที่ 8","tags":{"artwork_type":"statue","historic":"monument","name":"พระบรมราชานุสาวรีย์ รัชกาลที่ 8","name:en":"King Rama VIII Monument","name:th":"พระบรมราชานุสาวรีย์ รัชกาลที่ 8","tourism":"artwork"},"district":"เขตป้อมปราบศัตรูพ่าย","district_osm_id":92058,"province":"กรุงเทพมหานคร","province_iso":"TH-10","reason_excluded":"point_only"},"geometry":{"type":"Point","coordinates":[100.516034,13.745964]}},
{"type":"Feature","id":"osm-n5938466356","properties":{"id":"osm-n5938466356","osm_id":5938466356,"osm_type":"node","name":"พระราชานุสาวรีย์ สมเด็จพระเทพศิรินทราบรมราชินี","tags":{"artwork_type":"statue","historic":"monument","name":"พระราชานุสาวรีย์ สมเด็จพระเทพศิรินทราบรมราชินี","name:en":"Queen Debsirindra Monument","name:th":"พระราชานุสาวรีย์ สมเด็จพระเทพศิรินทราบรมราชินี","tourism":"artwork"},"district":"เขตป้อมปราบศัตรูพ่าย","district_osm_id":92058,"province":"กรุงเทพมหานคร","province_iso":"TH-10","reason_excluded":"point_only"},"geometry":{"type":"Point","coordinates":[100.5157,13.746058]}},
{"type":"Feature","id":"osm-n5960714086","properties":{"id":"osm-n5960714086","osm_id":5960714086,"osm_type":"node","name":"Prasat Sikhoraphum (090)","tags":{"name":"Prasat Sikhoraphum (090)","tourism":"attraction"},"district":"อำเภอเมืองสมุทรปราการ","district_osm_id":11580983,"province":"จังหวัดสมุทรปราการ","province_iso":"TH-11","reason_excluded":"point_only"},"geometry":{"type":"Point","coordinates":[100.631505,13.545342]}},
{"type":"Feature","id":"osm-n5960714087","properties":{"id":"osm-n5960714087","osm_id":5960714087,"osm_type":"node","name":"The Phanom Rung Sanctuary (087)","tags":{"name":"The Phanom Rung Sanctuary (087)","tourism":"attraction"},"district":"อำเภอเมืองสมุทรปราการ","district_osm_id":11580983,"province":"จังหวัดสมุทรปราการ","province_iso":"TH-11","reason_excluded":"point_only"},"geometry":{"type":"Point","coordinates":[100.632145,13.545997]}},
{"type":"Feature","id":"osm-n5960719586","properties":{"id":"osm-n5960719586","osm_id":5960719586,"osm_type":"node","name":"Dvaravati Wihan (091)","tags":{"name":"Dvaravati Wihan (091)","tourism":"attraction"},"district":"อำเภอเมืองสมุทรปราการ","district_osm_id":11580983,"province":"จังหวัดสมุทรปราการ","province_iso":"TH-11","reason_excluded":"point_only"},"geometry":{"type":"Point","coordinates":[100.631626,13.544993]}},
{"type":"Feature","id":"osm-n5983702350","properties":{"id":"osm-n5983702350","osm_id":5983702350,"osm_type":"node","name":"หลักกิโลเมตรที่ 0","tags":{"access":"yes","historic":"monument","name":"หลักกิโลเมตรที่ 0","name:en":"Zero kilometer marker","name:th":"หลักกิโลเมตรที่ 0","official_name":"หลักกิโลเมตรที่ ๐","official_name:th":"หลักกิโลเมตรที่ ๐","subject:wikidata":"Q329477"},"district":"เขตพระนคร","district_osm_id":92053,"province":"กรุงเทพมหานคร","province_iso":"TH-10","reason_excluded":"point_only"},"geometry":{"type":"Point","coordinates":[100.502162,13.757257]}},
{"type":"Feature","id":"osm-n5990512899","properties":{"id":"osm-n5990512899","osm_id":5990512899,"osm_type":"node","name":null,"tags":{"historic":"monument"},"district":"เขตปทุมวัน","district_osm_id":92063,"province":"กรุงเทพมหานคร","province_iso":"TH-10","reason_excluded":"point_only"},"geometry":{"type":"Point","coordinates":[100.516938,13.746644]}},
{"type":"Feature","id":"osm-n6011706356","properties":{"id":"osm-n6011706356","osm_id":6011706356,"osm_type":"node","name":null,"tags":{"historic":"memorial","memorial":"statue"},"district":"เขตสายไหม","district_osm_id":2938035,"province":"กรุงเทพมหานคร","province_iso":"TH-10","reason_excluded":"point_only"},"geometry":{"type":"Point","coordinates":[100.68418,13.919635]}},
{"type":"Feature","id":"osm-n6015239985","properties":{"id":"osm-n6015239985","osm_id":6015239985,"osm_type":"node","name":null,"tags":{"name:en":"Enduro Park Thailand","tourism":"attraction"},"district":"เขตบางบอน","district_osm_id":3147312,"province":"กรุงเทพมหานคร","province_iso":"TH-10","reason_excluded":"point_only"},"geometry":{"type":"Point","coordinates":[100.384261,13.655321]}},
{"type":"Feature","id":"osm-n6031151086","properties":{"id":"osm-n6031151086","osm_id":6031151086,"osm_type":"node","name":null,"tags":{"name:en":"Udomsuk Walk","tourism":"attraction"},"district":"เขตพระโขนง","district_osm_id":3146642,"province":"กรุงเทพมหานคร","province_iso":"TH-10","reason_excluded":"point_only"},"geometry":{"type":"Point","coordinates":[100.629741,13.678458]}},
{"type":"Feature","id":"osm-n6059277593","properties":{"id":"osm-n6059277593","osm_id":6059277593,"osm_type":"node","name":null,"tags":{"historic":"memorial","memorial":"statue"},"district":"เขตราชเทวี","district_osm_id":92064,"province":"กรุงเทพมหานคร","province_iso":"TH-10","reason_excluded":"point_only"},"geometry":{"type":"Point","coordinates":[100.55979,13.748627]}},
{"type":"Feature","id":"osm-n6069909589","properties":{"id":"osm-n6069909589","osm_id":6069909589,"osm_type":"node","name":"sai tai mai center night market","tags":{"addr:housenumber":"8","addr:postcode":"10170","addr:street":"ถนนบรมราชชนนี","name":"sai tai mai center night market","opening_hours":"Mo-Su 18:00-18:00","tourism":"attraction"},"district":"เขตตลิ่งชัน","district_osm_id":2939954,"province":"กรุงเทพมหานคร","province_iso":"TH-10","reason_excluded":"point_only"},"geometry":{"type":"Point","coordinates":[100.420016,13.779074]}},
{"type":"Feature","id":"osm-n6086165434","properties":{"id":"osm-n6086165434","osm_id":6086165434,"osm_type":"node","name":"ระฆัง สน.ชนะสงคราม","tags":{"alt_name:en":"The Impregnable Bell","alt_name:th":"ระฆังสถานีตำรวจชนะสงคราม","historic":"memorial","inscription":"IMPREGNABLE","memorial":"bell","name":"ระฆัง สน.ชนะสงคราม","name:en":"Chanasongkram Police Station Bell","name:th":"ระฆัง สน.ชนะสงคราม","start_date":"1951"},"district":"เขตพระนคร","district_osm_id":92053,"province":"กรุงเทพมหานคร","province_iso":"TH-10","reason_excluded":"point_only"},"geometry":{"type":"Point","coordinates":[100.495806,13.759711]}},
{"type":"Feature","id":"osm-n6110949759","properties":{"id":"osm-n6110949759","osm_id":6110949759,"osm_type":"node","name":"อนุสรณ์สถาน","tags":{"historic":"memorial","name":"อนุสรณ์สถาน"},"district":"เขตทุ่งครุ","district_osm_id":3147104,"province":"กรุงเทพมหานคร","province_iso":"TH-10","reason_excluded":"point_only"},"geometry":{"type":"Point","coordinates":[100.494343,13.650795]}},
{"type":"Feature","id":"osm-n6163747497","properties":{"id":"osm-n6163747497","osm_id":6163747497,"osm_type":"node","name":null,"tags":{"name:en":"Captain Bush Lane (House No. 1)","tourism":"attraction"},"district":"เขตบางรัก","district_osm_id":92061,"province":"กรุงเทพมหานคร","province_iso":"TH-10","reason_excluded":"point_only"},"geometry":{"type":"Point","coordinates":[100.514956,13.728746]}},
{"type":"Feature","id":"osm-n6163747800","properties":{"id":"osm-n6163747800","osm_id":6163747800,"osm_type":"node","name":null,"tags":{"name:en":"Soi Japan (soi 33)","tourism":"attraction"},"district":"วัฒนา","district_osm_id":2938036,"province":"กรุงเทพมหานคร","province_iso":"TH-10","reason_excluded":"point_only"},"geometry":{"type":"Point","coordinates":[100.567324,13.733484]}},
{"type":"Feature","id":"osm-n6165028947","properties":{"id":"osm-n6165028947","osm_id":6165028947,"osm_type":"node","name":"พระบรมราชานุสาวรีย์ สมเด็จพระเจ้าตากสินมหาราช​","tags":{"historic":"memorial","memorial":"statue","name":"พระบรมราชานุสาวรีย์ สมเด็จพระเจ้าตากสินมหาราช​","name:en":"Statues of King Taksin","name:th":"พระบรมราชานุสาวรีย์ สมเด็จพระเจ้าตากสินมหาราช​","start_date":"12 January 1998","wikimedia_commons":"Category:Statues of King Taksin, Phra Racha Wang Derm"},"district":"เขตบางกอกใหญ่","district_osm_id":2939953,"province":"กรุงเทพมหานคร","province_iso":"TH-10","reason_excluded":"point_only"},"geometry":{"type":"Point","coordinates":[100.490436,13.742846]}},
{"type":"Feature","id":"osm-n6169968286","properties":{"id":"osm-n6169968286","osm_id":6169968286,"osm_type":"node","name":null,"tags":{"name:en":"Street Food & Shopping","tourism":"attraction"},"district":"เขตราชเทวี","district_osm_id":92064,"province":"กรุงเทพมหานคร","province_iso":"TH-10","reason_excluded":"point_only"},"geometry":{"type":"Point","coordinates":[100.539144,13.750426]}},
{"type":"Feature","id":"osm-n6170071285","properties":{"id":"osm-n6170071285","osm_id":6170071285,"osm_type":"node","name":null,"tags":{"name:en":"Street Food","tourism":"attraction"},"district":"เขตราชเทวี","district_osm_id":92064,"province":"กรุงเทพมหานคร","province_iso":"TH-10","reason_excluded":"point_only"},"geometry":{"type":"Point","coordinates":[100.539308,13.754243]}},
{"type":"Feature","id":"osm-n6170094486","properties":{"id":"osm-n6170094486","osm_id":6170094486,"osm_type":"node","name":null,"tags":{"addr:postcode":"10400","name:en":"Suan Pakkad Palace Museum","tourism":"attraction"},"district":"เขตราชเทวี","district_osm_id":92064,"province":"กรุงเทพมหานคร","province_iso":"TH-10","reason_excluded":"point_only"},"geometry":{"type":"Point","coordinates":[100.537651,13.757054]}},
{"type":"Feature","id":"osm-n6197723886","properties":{"id":"osm-n6197723886","osm_id":6197723886,"osm_type":"node","name":null,"tags":{"name:en":"Street Food","tourism":"attraction"},"district":"เขตพญาไท","district_osm_id":92068,"province":"กรุงเทพมหานคร","province_iso":"TH-10","reason_excluded":"point_only"},"geometry":{"type":"Point","coordinates":[100.544328,13.781311]}},
{"type":"Feature","id":"osm-n6197828356","properties":{"id":"osm-n6197828356","osm_id":6197828356,"osm_type":"node","name":null,"tags":{"name:en":"Street Food","tourism":"attraction"},"district":"เขตพญาไท","district_osm_id":92068,"province":"กรุงเทพมหานคร","province_iso":"TH-10","reason_excluded":"point_only"},"geometry":{"type":"Point","coordinates":[100.544489,13.780958]}},
{"type":"Feature","id":"osm-n6202401585","properties":{"id":"osm-n6202401585","osm_id":6202401585,"osm_type":"node","name":"ตลาดองค์พระปฐมเจดีย์","tags":{"amenity":"marketplace","name":"ตลาดองค์พระปฐมเจดีย์","name:en":"Phra Pathom Chedi Market"},"district":"อำเภอเมืองนครปฐม","district_osm_id":18931445,"province":"จังหวัดนครปฐม","province_iso":"TH-73","reason_excluded":"point_only"},"geometry":{"type":"Point","coordinates":[100.058462,13.819197]}},
{"type":"Feature","id":"osm-n6211788322","properties":{"id":"osm-n6211788322","osm_id":6211788322,"osm_type":"node","name":"7 สิ่งมหัศจรรย์​ของโลก","tags":{"name":"7 สิ่งมหัศจรรย์​ของโลก","name:en":"Seven Wonders of the World","ref":"3","tourism":"attraction"},"district":"อำเภอธัญบุรี","district_osm_id":2913012,"province":"จังหวัดปทุมธานี","province_iso":"TH-13","reason_excluded":"point_only"},"geometry":{"type":"Point","coordinates":[100.674691,13.988916]}},
{"type":"Feature","id":"osm-n6225820516","properties":{"id":"osm-n6225820516","osm_id":6225820516,"osm_type":"node","name":"โซนโฟโตเปีย","tags":{"name":"โซนโฟโตเปีย","name:en":"Photopia","tourism":"attraction"},"district":"อำเภอธัญบุรี","district_osm_id":2913012,"province":"จังหวัดปทุมธานี","province_iso":"TH-13","reason_excluded":"point_only"},"geometry":{"type":"Point","coordinates":[100.675418,13.990733]}},
{"type":"Feature","id":"osm-n6225820521","properties":{"id":"osm-n6225820521","osm_id":6225820521,"osm_type":"node","name":"ปราสาทผีสิง","tags":{"name":"ปราสาทผีสิง","name:en":"Haunted Mansion","tourism":"attraction"},"district":"อำเภอธัญบุรี","district_osm_id":2913012,"province":"จังหวัดปทุมธานี","province_iso":"TH-13","reason_excluded":"point_only"},"geometry":{"type":"Point","coordinates":[100.675666,13.9925]}},
{"type":"Feature","id":"osm-n6228065572","properties":{"id":"osm-n6228065572","osm_id":6228065572,"osm_type":"node","name":"ฮอลลีวู้ด​ แอ็คชั่น​","tags":{"name":"ฮอลลีวู้ด​ แอ็คชั่น​","name:en":"Hollywood Action","tourism":"attraction"},"district":"อำเภอธัญบุรี","district_osm_id":2913012,"province":"จังหวัดปทุมธานี","province_iso":"TH-13","reason_excluded":"point_only"},"geometry":{"type":"Point","coordinates":[100.675565,13.994594]}},
{"type":"Feature","id":"osm-n6228066097","properties":{"id":"osm-n6228066097","osm_id":6228066097,"osm_type":"node","name":"เมืองหิมะ","tags":{"name":"เมืองหิมะ","name:en":"Snow Town","tourism":"attraction"},"district":"อำเภอธัญบุรี","district_osm_id":2913012,"province":"จังหวัดปทุมธานี","province_iso":"TH-13","reason_excluded":"point_only"},"geometry":{"type":"Point","coordinates":[100.675258,13.994293]}},
{"type":"Feature","id":"osm-n6228818686","properties":{"id":"osm-n6228818686","osm_id":6228818686,"osm_type":"node","name":"ตลาดคลองขุดเจ้าเมือง","tags":{"name":"ตลาดคลองขุดเจ้าเมือง","tourism":"attraction"},"district":"อำเภอพระประแดง","district_osm_id":11580984,"province":"จังหวัดสมุทรปราการ","province_iso":"TH-11","reason_excluded":"point_only"},"geometry":{"type":"Point","coordinates":[100.520246,13.641298]}},
{"type":"Feature","id":"osm-n6238166686","properties":{"id":"osm-n6238166686","osm_id":6238166686,"osm_type":"node","name":null,"tags":{"name:de":"Nachtmarkt","tourism":"attraction"},"district":"อำเภอพุทธมณฑล","district_osm_id":18931587,"province":"จังหวัดนครปฐม","province_iso":"TH-73","reason_excluded":"point_only"},"geometry":{"type":"Point","coordinates":[100.312138,13.801777]}},
{"type":"Feature","id":"osm-n6261109087","properties":{"id":"osm-n6261109087","osm_id":6261109087,"osm_type":"node","name":null,"tags":{"name:de":"Aussichtsplattform mit Wasserspielen","toilets:wheelchair":"yes","tourism":"attraction","wheelchair":"yes"},"district":"วัฒนา","district_osm_id":2938036,"province":"กรุงเทพมหานคร","province_iso":"TH-10","reason_excluded":"point_only"},"geometry":{"type":"Point","coordinates":[100.569217,13.731274]}},
{"type":"Feature","id":"osm-n6269455564","properties":{"id":"osm-n6269455564","osm_id":6269455564,"osm_type":"node","name":"Thai Junk (113)","tags":{"name":"Thai Junk (113)","tourism":"attraction"},"district":"อำเภอเมืองสมุทรปราการ","district_osm_id":11580983,"province":"จังหวัดสมุทรปราการ","province_iso":"TH-11","reason_excluded":"point_only"},"geometry":{"type":"Point","coordinates":[100.630854,13.553039]}},
{"type":"Feature","id":"osm-n6269457274","properties":{"id":"osm-n6269457274","osm_id":6269457274,"osm_type":"node","name":"Sala of Ramayana (107)","tags":{"name":"Sala of Ramayana (107)","tourism":"attraction"},"district":"อำเภอเมืองสมุทรปราการ","district_osm_id":11580983,"province":"จังหวัดสมุทรปราการ","province_iso":"TH-11","reason_excluded":"point_only"},"geometry":{"type":"Point","coordinates":[100.629814,13.553442]}},
{"type":"Feature","id":"osm-n6269477530","properties":{"id":"osm-n6269477530","osm_id":6269477530,"osm_type":"node","name":"Sumeru Mountain (102)","tags":{"name":"Sumeru Mountain (102)","tourism":"attraction"},"district":"อำเภอเมืองสมุทรปราการ","district_osm_id":11580983,"province":"จังหวัดสมุทรปราการ","province_iso":"TH-11","reason_excluded":"point_only"},"geometry":{"type":"Point","coordinates":[100.628358,13.549932]}},
{"type":"Feature","id":"osm-n6269480267","properties":{"id":"osm-n6269480267","osm_id":6269480267,"osm_type":"node","name":"Mondop of Bodhisattva Avalokitesavara (105)","tags":{"name":"Mondop of Bodhisattva Avalokitesavara (105)","tourism":"attraction"},"district":"อำเภอเมืองสมุทรปราการ","district_osm_id":11580983,"province":"จังหวัดสมุทรปราการ","province_iso":"TH-11","reason_excluded":"point_only"},"geometry":{"type":"Point","coordinates":[100.627031,13.551438]}},
{"type":"Feature","id":"osm-n6269510392","properties":{"id":"osm-n6269510392","osm_id":6269510392,"osm_type":"node","name":"The Rainbow Bridge (111)","tags":{"name":"The Rainbow Bridge (111)","tourism":"attraction"},"district":"อำเภอเมืองสมุทรปราการ","district_osm_id":11580983,"province":"จังหวัดสมุทรปราการ","province_iso":"TH-11","reason_excluded":"point_only"},"geometry":{"type":"Point","coordinates":[100.629335,13.54867]}},
{"type":"Feature","id":"osm-n6269514732","properties":{"id":"osm-n6269514732","osm_id":6269514732,"osm_type":"node","name":"Sala of Ten Reincarnations (100)","tags":{"name":"Sala of Ten Reincarnations (100)","tourism":"attraction"},"district":"อำเภอเมืองสมุทรปราการ","district_osm_id":11580983,"province":"จังหวัดสมุทรปราการ","province_iso":"TH-11","reason_excluded":"point_only"},"geometry":{"type":"Point","coordinates":[100.628446,13.548807]}},
{"type":"Feature","id":"osm-n6269517337","properties":{"id":"osm-n6269517337","osm_id":6269517337,"osm_type":"node","name":"The Chedi of Cham Thewi (054)","tags":{"name":"The Chedi of Cham Thewi (054)","tourism":"attraction"},"district":"อำเภอเมืองสมุทรปราการ","district_osm_id":11580983,"province":"จังหวัดสมุทรปราการ","province_iso":"TH-11","reason_excluded":"point_only"},"geometry":{"type":"Point","coordinates":[100.631766,13.551304]}},
{"type":"Feature","id":"osm-n6269518753","properties":{"id":"osm-n6269518753","osm_id":6269518753,"osm_type":"node","name":"Phra That Chom Kitti (061)","tags":{"name":"Phra That Chom Kitti (061)","tourism":"attraction"},"district":"อำเภอเมืองสมุทรปราการ","district_osm_id":11580983,"province":"จังหวัดสมุทรปราการ","province_iso":"TH-11","reason_excluded":"point_only"},"geometry":{"type":"Point","coordinates":[100.632254,13.552191]}},
{"type":"Feature","id":"osm-n6269523152","properties":{"id":"osm-n6269523152","osm_id":6269523152,"osm_type":"node","name":"The Wihan at Sa-Moeng (056)","tags":{"name":"The Wihan at Sa-Moeng (056)","tourism":"attraction"},"district":"อำเภอเมืองสมุทรปราการ","district_osm_id":11580983,"province":"จังหวัดสมุทรปราการ","province_iso":"TH-11","reason_excluded":"point_only"},"geometry":{"type":"Point","coordinates":[100.631583,13.551672]}},
{"type":"Feature","id":"osm-n6269574320","properties":{"id":"osm-n6269574320","osm_id":6269574320,"osm_type":"node","name":"The Water Hall (059)","tags":{"name":"The Water Hall (059)","tourism":"attraction"},"district":"อำเภอเมืองสมุทรปราการ","district_osm_id":11580983,"province":"จังหวัดสมุทรปราการ","province_iso":"TH-11","reason_excluded":"point_only"},"geometry":{"type":"Point","coordinates":[100.632452,13.5526]}},
{"type":"Feature","id":"osm-n6269574321","properties":{"id":"osm-n6269574321","osm_id":6269574321,"osm_type":"node","name":"The Wihan of Wat Chiang (058)","tags":{"name":"The Wihan of Wat Chiang (058)","tourism":"attraction"},"district":"อำเภอเมืองสมุทรปราการ","district_osm_id":11580983,"province":"จังหวัดสมุทรปราการ","province_iso":"TH-11","reason_excluded":"point_only"},"geometry":{"type":"Point","coordinates":[100.632071,13.552563]}},
{"type":"Feature","id":"osm-n6269574322","properties":{"id":"osm-n6269574322","osm_id":6269574322,"osm_type":"node","name":"Chedi Chet Yod (057)","tags":{"name":"Chedi Chet Yod (057)","tourism":"attraction"},"district":"อำเภอเมืองสมุทรปราการ","district_osm_id":11580983,"province":"จังหวัดสมุทรปราการ","province_iso":"TH-11","reason_excluded":"point_only"},"geometry":{"type":"Point","coordinates":[100.631684,13.552028]}},
{"type":"Feature","id":"osm-n6269588927","properties":{"id":"osm-n6269588927","osm_id":6269588927,"osm_type":"node","name":"The Garden of Sacred Stupa (092)","tags":{"name":"The Garden of Sacred Stupa (092)","tourism":"attraction"},"district":"อำเภอเมืองสมุทรปราการ","district_osm_id":11580983,"province":"จังหวัดสมุทรปราการ","province_iso":"TH-11","reason_excluded":"point_only"},"geometry":{"type":"Point","coordinates":[100.630806,13.545208]}},
{"type":"Feature","id":"osm-n6269594084","properties":{"id":"osm-n6269594084","osm_id":6269594084,"osm_type":"node","name":"Prasat Sadok Kok Thom (093)","tags":{"name":"Prasat Sadok Kok Thom (093)","tourism":"attraction"},"district":"อำเภอเมืองสมุทรปราการ","district_osm_id":11580983,"province":"จังหวัดสมุทรปราการ","province_iso":"TH-11","reason_excluded":"point_only"},"geometry":{"type":"Point","coordinates":[100.63056,13.544463]}},
{"type":"Feature","id":"osm-n6269598120","properties":{"id":"osm-n6269598120","osm_id":6269598120,"osm_type":"node","name":"The Garden of Phra Aphaimani (096)","tags":{"name":"The Garden of Phra Aphaimani (096)","tourism":"attraction"},"district":"อำเภอเมืองสมุทรปราการ","district_osm_id":11580983,"province":"จังหวัดสมุทรปราการ","province_iso":"TH-11","reason_excluded":"point_only"},"geometry":{"type":"Point","coordinates":[100.629172,13.544653]}},
{"type":"Feature","id":"osm-n6269598121","properties":{"id":"osm-n6269598121","osm_id":6269598121,"osm_type":"node","name":"The Ancient Theatrical Pavillion (094)","tags":{"name":"The Ancient Theatrical Pavillion (094)","tourism":"attraction"},"district":"อำเภอเมืองสมุทรปราการ","district_osm_id":11580983,"province":"จังหวัดสมุทรปราการ","province_iso":"TH-11","reason_excluded":"point_only"},"geometry":{"type":"Point","coordinates":[100.630096,13.545052]}},
{"type":"Feature","id":"osm-n6269607219","properties":{"id":"osm-n6269607219","osm_id":6269607219,"osm_type":"node","name":"The Hall of Wat Nimit (095)","tags":{"name":"The Hall of Wat Nimit (095)","tourism":"attraction"},"district":"อำเภอเมืองสมุทรปราการ","district_osm_id":11580983,"province":"จังหวัดสมุทรปราการ","province_iso":"TH-11","reason_excluded":"point_only"},"geometry":{"type":"Point","coordinates":[100.629385,13.544356]}},
{"type":"Feature","id":"osm-n6269607220","properties":{"id":"osm-n6269607220","osm_id":6269607220,"osm_type":"node","name":"ᐅ Dusit Maha Prasat Palace (023)","tags":{"name":"ᐅ Dusit Maha Prasat Palace (023)","name:en":"The Grand Palace","tourism":"attraction"},"district":"อำเภอเมืองสมุทรปราการ","district_osm_id":11580983,"province":"จังหวัดสมุทรปราการ","province_iso":"TH-11","reason_excluded":"point_only"},"geometry":{"type":"Point","coordinates":[100.627906,13.545424]}},
{"type":"Feature","id":"osm-n6269607221","properties":{"id":"osm-n6269607221","osm_id":6269607221,"osm_type":"node","name":"Rattanakosin Dwelling (024)","tags":{"name":"Rattanakosin Dwelling (024)","tourism":"attraction"},"district":"อำเภอเมืองสมุทรปราการ","district_osm_id":11580983,"province":"จังหวัดสมุทรปราการ","province_iso":"TH-11","reason_excluded":"point_only"},"geometry":{"type":"Point","coordinates":[100.628314,13.545143]}},
{"type":"Feature","id":"osm-n6269609370","properties":{"id":"osm-n6269609370","osm_id":6269609370,"osm_type":"node","name":"Khun Phaen House (019)","tags":{"name":"Khun Phaen House (019)","tourism":"attraction"},"district":"อำเภอเมืองสมุทรปราการ","district_osm_id":11580983,"province":"จังหวัดสมุทรปราการ","province_iso":"TH-11","reason_excluded":"point_only"},"geometry":{"type":"Point","coordinates":[100.628217,13.546365]}},
{"type":"Feature","id":"osm-n6269609371","properties":{"id":"osm-n6269609371","osm_id":6269609371,"osm_type":"node","name":"Sanpet Prasat Palace (027)","tags":{"name":"Sanpet Prasat Palace (027)","tourism":"attraction"},"district":"อำเภอเมืองสมุทรปราการ","district_osm_id":11580983,"province":"จังหวัดสมุทรปราการ","province_iso":"TH-11","reason_excluded":"point_only"},"geometry":{"type":"Point","coordinates":[100.628511,13.546013]}},
{"type":"Feature","id":"osm-n6269610640","properties":{"id":"osm-n6269610640","osm_id":6269610640,"osm_type":"node","name":"The Kam Yaad Palace Hall (029)","tags":{"name":"The Kam Yaad Palace Hall (029)","tourism":"attraction"},"district":"อำเภอเมืองสมุทรปราการ","district_osm_id":11580983,"province":"จังหวัดสมุทรปราการ","province_iso":"TH-11","reason_excluded":"point_only"},"geometry":{"type":"Point","coordinates":[100.628817,13.546468]}},
{"type":"Feature","id":"osm-n6269627489","properties":{"id":"osm-n6269627489","osm_id":6269627489,"osm_type":"node","name":"The Footprint of the Lord Buddha (033)","tags":{"name":"The Footprint of the Lord Buddha (033)","tourism":"attraction"},"district":"อำเภอเมืองสมุทรปราการ","district_osm_id":11580983,"province":"จังหวัดสมุทรปราการ","province_iso":"TH-11","reason_excluded":"point_only"},"geometry":{"type":"Point","coordinates":[100.629696,13.545972]}},
{"type":"Feature","id":"osm-n6269629976","properties":{"id":"osm-n6269629976","osm_id":6269629976,"osm_type":"node","name":"The Churning of the Ocean (089)","tags":{"name":"The Churning of the Ocean (089)","tourism":"attraction"},"district":"อำเภอเมืองสมุทรปราการ","district_osm_id":11580983,"province":"จังหวัดสมุทรปราการ","province_iso":"TH-11","reason_excluded":"point_only"},"geometry":{"type":"Point","coordinates":[100.633073,13.54716]}},
{"type":"Feature","id":"osm-n6269629977","properties":{"id":"osm-n6269629977","osm_id":6269629977,"osm_type":"node","name":"The Primai Sanctuary (086)","tags":{"name":"The Primai Sanctuary (086)","tourism":"attraction"},"district":"อำเภอเมืองสมุทรปราการ","district_osm_id":11580983,"province":"จังหวัดสมุทรปราการ","province_iso":"TH-11","reason_excluded":"point_only"},"geometry":{"type":"Point","coordinates":[100.630799,13.546284]}},
{"type":"Feature","id":"osm-n6269630866","properties":{"id":"osm-n6269630866","osm_id":6269630866,"osm_type":"node","name":"The Octagonal Sala (088)","tags":{"name":"The Octagonal Sala (088)","tourism":"attraction"},"district":"อำเภอเมืองสมุทรปราการ","district_osm_id":11580983,"province":"จังหวัดสมุทรปราการ","province_iso":"TH-11","reason_excluded":"point_only"},"geometry":{"type":"Point","coordinates":[100.63286,13.546969]}},
{"type":"Feature","id":"osm-n6269636624","properties":{"id":"osm-n6269636624","osm_id":6269636624,"osm_type":"node","name":"The Reclining Bhudda (073)","tags":{"name":"The Reclining Bhudda (073)","tourism":"attraction"},"district":"อำเภอเมืองสมุทรปราการ","district_osm_id":11580983,"province":"จังหวัดสมุทรปราการ","province_iso":"TH-11","reason_excluded":"point_only"},"geometry":{"type":"Point","coordinates":[100.634392,13.545888]}},
{"type":"Feature","id":"osm-n6269636625","properties":{"id":"osm-n6269636625","osm_id":6269636625,"osm_type":"node","name":"Prasat Phra Wihan (072)","tags":{"name":"Prasat Phra Wihan (072)","tourism":"attraction"},"district":"อำเภอเมืองสมุทรปราการ","district_osm_id":11580983,"province":"จังหวัดสมุทรปราการ","province_iso":"TH-11","reason_excluded":"point_only"},"geometry":{"type":"Point","coordinates":[100.633879,13.546122]}},
{"type":"Feature","id":"osm-n6269805790","properties":{"id":"osm-n6269805790","osm_id":6269805790,"osm_type":"node","name":"Phrat That Phanom (071)","tags":{"name":"Phrat That Phanom (071)","tourism":"attraction"},"district":"อำเภอเมืองสมุทรปราการ","district_osm_id":11580983,"province":"จังหวัดสมุทรปราการ","province_iso":"TH-11","reason_excluded":"point_only"},"geometry":{"type":"Point","coordinates":[100.635588,13.547644]}},
{"type":"Feature","id":"osm-n6276438086","properties":{"id":"osm-n6276438086","osm_id":6276438086,"osm_type":"node","name":"หอนาฬิกาไลออนส์","tags":{"historic":"monument","name":"หอนาฬิกาไลออนส์","name:de":"Uhrenturm","name:en":"Clock tower"},"district":"เขตจตุจักร","district_osm_id":1639286,"province":"กรุงเทพมหานคร","province_iso":"TH-10","reason_excluded":"point_only"},"geometry":{"type":"Point","coordinates":[100.552661,13.802522]}},
{"type":"Feature","id":"osm-n6282356185","properties":{"id":"osm-n6282356185","osm_id":6282356185,"osm_type":"node","name":"ตลาดน้ำปีกกา","tags":{"name":"ตลาดน้ำปีกกา","tourism":"attraction"},"district":"อำเภอบางบ่อ","district_osm_id":11580980,"province":"จังหวัดสมุทรปราการ","province_iso":"TH-11","reason_excluded":"point_only"},"geometry":{"type":"Point","coordinates":[100.87447,13.529727]}},
{"type":"Feature","id":"osm-n6282419893","properties":{"id":"osm-n6282419893","osm_id":6282419893,"osm_type":"node","name":"ตลาดน้ำวัดสุคันฯ","tags":{"amenity":"marketplace","name":"ตลาดน้ำวัดสุคันฯ"},"district":"อำเภอบางบ่อ","district_osm_id":11580980,"province":"จังหวัดสมุทรปราการ","province_iso":"TH-11","reason_excluded":"point_only"},"geometry":{"type":"Point","coordinates":[100.859354,13.632011]}},
{"type":"Feature","id":"osm-n6315289024","properties":{"id":"osm-n6315289024","osm_id":6315289024,"osm_type":"node","name":"เรือนไทย","tags":{"name":"เรือนไทย","name:en":"Tradidional Thai House","tourism":"attraction"},"district":"อำเภอพุทธมณฑล","district_osm_id":18931587,"province":"จังหวัดนครปฐม","province_iso":"TH-73","reason_excluded":"point_only"},"geometry":{"type":"Point","coordinates":[100.324462,13.790342]}},
{"type":"Feature","id":"osm-n6351870585","properties":{"id":"osm-n6351870585","osm_id":6351870585,"osm_type":"node","name":"ปราสาทเทพนิยายแดนเนรมิต","tags":{"name":"ปราสาทเทพนิยายแดนเนรมิต","tourism":"attraction"},"district":"เขตจตุจักร","district_osm_id":1639286,"province":"กรุงเทพมหานคร","province_iso":"TH-10","reason_excluded":"point_only"},"geometry":{"type":"Point","coordinates":[100.564847,13.820387]}},
{"type":"Feature","id":"osm-n6372474518","properties":{"id":"osm-n6372474518","osm_id":6372474518,"osm_type":"node","name":"Morning market stall","tags":{"amenity":"marketplace","description":"This market stall sell fresh food.\nIt's open in the morning; close around late morning.","name":"Morning market stall"},"district":"เขตบางคอแหลม","district_osm_id":3147455,"province":"กรุงเทพมหานคร","province_iso":"TH-10","reason_excluded":"point_only"},"geometry":{"type":"Point","coordinates":[100.510237,13.697376]}},
{"type":"Feature","id":"osm-n6397692185","properties":{"id":"osm-n6397692185","osm_id":6397692185,"osm_type":"node","name":null,"tags":{"name:en":"Big Tree","tourism":"attraction"},"district":"อำเภอพระประแดง","district_osm_id":11580984,"province":"จังหวัดสมุทรปราการ","province_iso":"TH-11","reason_excluded":"point_only"},"geometry":{"type":"Point","coordinates":[100.574965,13.683024]}},
{"type":"Feature","id":"osm-n6433805685","properties":{"id":"osm-n6433805685","osm_id":6433805685,"osm_type":"node","name":"ตลาดอิงน้ำสามโคก","tags":{"name":"ตลาดอิงน้ำสามโคก","tourism":"attraction"},"district":"อำเภอสามโคก","district_osm_id":2913011,"province":"จังหวัดปทุมธานี","province_iso":"TH-13","reason_excluded":"point_only"},"geometry":{"type":"Point","coordinates":[100.52529,14.069994]}},
{"type":"Feature","id":"osm-n6547358278","properties":{"id":"osm-n6547358278","osm_id":6547358278,"osm_type":"node","name":"The Paseo Food Mall","tags":{"amenity":"marketplace","name":"The Paseo Food Mall","opening_hours":"PH,Mo-Su 08:00-19:00"},"district":"เขตลาดกระบัง","district_osm_id":3147500,"province":"กรุงเทพมหานคร","province_iso":"TH-10","reason_excluded":"point_only"},"geometry":{"type":"Point","coordinates":[100.726884,13.721935]}},
{"type":"Feature","id":"osm-n6555608085","properties":{"id":"osm-n6555608085","osm_id":6555608085,"osm_type":"node","name":null,"tags":{"name:en":"Don Kai Di","tourism":"attraction","wikidata":"Q19618900","wikipedia":"en:Don Kai Di"},"district":"อำเภอกระทุ่มแบน","district_osm_id":18934962,"province":"จังหวัดสมุทรสาคร","province_iso":"TH-74","reason_excluded":"point_only"},"geometry":{"type":"Point","coordinates":[100.252328,13.640734]}},
{"type":"Feature","id":"osm-n6604775095","properties":{"id":"osm-n6604775095","osm_id":6604775095,"osm_type":"node","name":null,"tags":{"name:en":"Catfish Farm","tourism":"attraction"},"district":"เขตลาดกระบัง","district_osm_id":3147500,"province":"กรุงเทพมหานคร","province_iso":"TH-10","reason_excluded":"point_only"},"geometry":{"type":"Point","coordinates":[100.752865,13.72422]}},
{"type":"Feature","id":"osm-n6652994819","properties":{"id":"osm-n6652994819","osm_id":6652994819,"osm_type":"node","name":"ซุ้มเฉลิมพระเกียรติพระบาทสมเด็จพระวชิรเกล้าเจ้าอยู่หัว","tags":{"historic":"memorial","inscription":"ซุ้มเฉลิมพระเกียรติพระบาทสมเด็จพระวชิรเกล้าเจ้าอยู่หัว เนื่องในโอกาสพระราชพิธีมหามงคลเฉลิมพระชนมพรรษา ๖ รอบ ๒๘ กรกฎาคม ๒๕๖๗ ทางพระเจริญ","name":"ซุ้มเฉลิมพระเกียรติพระบาทสมเด็จพระวชิรเกล้าเจ้าอยู่หัว","name:th":"ซุ้มเฉลิมพระเกียรติพระบาทสมเด็จพระวชิรเกล้าเจ้าอยู่หัว"},"district":"เขตพระนคร","district_osm_id":92053,"province":"กรุงเทพมหานคร","province_iso":"TH-10","reason_excluded":"point_only"},"geometry":{"type":"Point","coordinates":[100.498362,13.757404]}},
{"type":"Feature","id":"osm-n6743329188","properties":{"id":"osm-n6743329188","osm_id":6743329188,"osm_type":"node","name":"Sky","tags":{"name":"Sky","tourism":"attraction"},"district":"เขตจตุจักร","district_osm_id":1639286,"province":"กรุงเทพมหานคร","province_iso":"TH-10","reason_excluded":"point_only"},"geometry":{"type":"Point","coordinates":[100.58042,13.802044]}},
{"type":"Feature","id":"osm-n6763296085","properties":{"id":"osm-n6763296085","osm_id":6763296085,"osm_type":"node","name":null,"tags":{"name:en":"Chatuchak 2 Minburi market","tourism":"attraction"},"district":"เขตมีนบุรี","district_osm_id":3146413,"province":"กรุงเทพมหานคร","province_iso":"TH-10","reason_excluded":"point_only"},"geometry":{"type":"Point","coordinates":[100.726008,13.813382]}},
{"type":"Feature","id":"osm-n6815094085","properties":{"id":"osm-n6815094085","osm_id":6815094085,"osm_type":"node","name":null,"tags":{"name:en":"Nok Hook 2","opening_hours":"Mo-Su 11:00-22:00","tourism":"attraction"},"district":"อำเภอเมืองปทุมธานี","district_osm_id":2913009,"province":"จังหวัดปทุมธานี","province_iso":"TH-13","reason_excluded":"point_only"},"geometry":{"type":"Point","coordinates":[100.552838,13.969663]}},
{"type":"Feature","id":"osm-n6918390687","properties":{"id":"osm-n6918390687","osm_id":6918390687,"osm_type":"node","name":"ตลาดนัดสายไหม","tags":{"name":"ตลาดนัดสายไหม","name:en":"Sai Mai Night Market","tourism":"attraction"},"district":"เขตสายไหม","district_osm_id":2938035,"province":"กรุงเทพมหานคร","province_iso":"TH-10","reason_excluded":"point_only"},"geometry":{"type":"Point","coordinates":[100.668197,13.92216]}},
{"type":"Feature","id":"osm-n6938860286","properties":{"id":"osm-n6938860286","osm_id":6938860286,"osm_type":"node","name":"taro","tags":{"name":"taro","tourism":"attraction"},"district":"เขตลาดกระบัง","district_osm_id":3147500,"province":"กรุงเทพมหานคร","province_iso":"TH-10","reason_excluded":"point_only"},"geometry":{"type":"Point","coordinates":[100.726012,13.730296]}},
{"type":"Feature","id":"osm-n6980108185","properties":{"id":"osm-n6980108185","osm_id":6980108185,"osm_type":"node","name":"สุสานรถไฟ","tags":{"name":"สุสานรถไฟ","name:en":"Train cemetery","name:th":"สุสานรถไฟ","tourism":"attraction"},"district":"เขตจตุจักร","district_osm_id":1639286,"province":"กรุงเทพมหานคร","province_iso":"TH-10","reason_excluded":"point_only"},"geometry":{"type":"Point","coordinates":[100.544712,13.815904]}},
{"type":"Feature","id":"osm-n7041806402","properties":{"id":"osm-n7041806402","osm_id":7041806402,"osm_type":"node","name":null,"tags":{"amenity":"marketplace","name:en":"Amulet Market"},"district":"เขตพระนคร","district_osm_id":92053,"province":"กรุงเทพมหานคร","province_iso":"TH-10","reason_excluded":"point_only"},"geometry":{"type":"Point","coordinates":[100.504792,13.754439]}},
{"type":"Feature","id":"osm-n7055785586","properties":{"id":"osm-n7055785586","osm_id":7055785586,"osm_type":"node","name":"บ้านกุสุมา","tags":{"addr:housenumber":"31/11","addr:postcode":"10230","addr:street":"ถนนนาคนิวาส","name":"บ้านกุสุมา","name:en":"Baan Kusuma","opening_hours":"Mo, We, Fr 17:00-20:00","phone":"0818071819","tourism":"attraction"},"district":"เขตลาดพร้าว","district_osm_id":2938034,"province":"กรุงเทพมหานคร","province_iso":"TH-10","reason_excluded":"point_only"},"geometry":{"type":"Point","coordinates":[100.609437,13.808037]}},
{"type":"Feature","id":"osm-n7058244860","properties":{"id":"osm-n7058244860","osm_id":7058244860,"osm_type":"node","name":"อนุสรณ์สถานนักเรียนสารวัตรทหาร 2488","tags":{"historic":"monument","name":"อนุสรณ์สถานนักเรียนสารวัตรทหาร 2488","name:th":"อนุสรณ์สถานนักเรียนสารวัตรทหาร 2488"},"district":"เขตปทุมวัน","district_osm_id":92063,"province":"กรุงเทพมหานคร","province_iso":"TH-10","reason_excluded":"point_only"},"geometry":{"type":"Point","coordinates":[100.528214,13.739615]}},
{"type":"Feature","id":"osm-n7089996385","properties":{"id":"osm-n7089996385","osm_id":7089996385,"osm_type":"node","name":null,"tags":{"name:ru":"Поля для получения морской соли.","tourism":"attraction"},"district":"อำเภอเมืองสมุทรสาคร","district_osm_id":18935071,"province":"จังหวัดสมุทรสาคร","province_iso":"TH-74","reason_excluded":"point_only"},"geometry":{"type":"Point","coordinates":[100.09321,13.458362]}},
{"type":"Feature","id":"osm-n7097582652","properties":{"id":"osm-n7097582652","osm_id":7097582652,"osm_type":"node","name":"ตลาดพระปิ่น 3","tags":{"addr:city":"บางแม่นาง","addr:street":"ถนนกาญจนาภิเษก (ด้านตะวันตก)","amenity":"marketplace","cuisine":"regional","description":"ร้านค้า คลาดนัด อาหารสด","name":"ตลาดพระปิ่น 3"},"district":"อำเภอบางใหญ่","district_osm_id":2689553,"province":"จังหวัดนนทบุรี","province_iso":"TH-12","reason_excluded":"point_only"},"geometry":{"type":"Point","coordinates":[100.409807,13.85789]}},
{"type":"Feature","id":"osm-n7121670285","properties":{"id":"osm-n7121670285","osm_id":7121670285,"osm_type":"node","name":null,"tags":{"name:en":"Mettique","tourism":"attraction"},"district":"เขตปทุมวัน","district_osm_id":92063,"province":"กรุงเทพมหานคร","province_iso":"TH-10","reason_excluded":"point_only"},"geometry":{"type":"Point","coordinates":[100.540066,13.745433]}},
{"type":"Feature","id":"osm-n7125483685","properties":{"id":"osm-n7125483685","osm_id":7125483685,"osm_type":"node","name":"pétanque","tags":{"name":"pétanque","tourism":"attraction"},"district":"เขตคันนายาว","district_osm_id":2946806,"province":"กรุงเทพมหานคร","province_iso":"TH-10","reason_excluded":"point_only"},"geometry":{"type":"Point","coordinates":[100.69172,13.800329]}},
{"type":"Feature","id":"osm-n7141808836","properties":{"id":"osm-n7141808836","osm_id":7141808836,"osm_type":"node","name":"ตลาดวัดน้อยนพคุณ","tags":{"amenity":"marketplace","name":"ตลาดวัดน้อยนพคุณ","wheelchair":"yes"},"district":"เขตดุสิต","district_osm_id":92069,"province":"กรุงเทพมหานคร","province_iso":"TH-10","reason_excluded":"point_only"},"geometry":{"type":"Point","coordinates":[100.520735,13.783925]}},
{"type":"Feature","id":"osm-n7231919792","properties":{"id":"osm-n7231919792","osm_id":7231919792,"osm_type":"node","name":"ตลาดสองคุณจ่า","tags":{"addr:city":"แขวงบางแค","addr:postcode":"10160","addr:street":"บางแค 4","amenity":"marketplace","name":"ตลาดสองคุณจ่า","opening_hours":"10:00-22:00"},"district":"เขตบางแค","district_osm_id":2946804,"province":"กรุงเทพมหานคร","province_iso":"TH-10","reason_excluded":"point_only"},"geometry":{"type":"Point","coordinates":[100.419852,13.703995]}},
{"type":"Feature","id":"osm-n7299066786","properties":{"id":"osm-n7299066786","osm_id":7299066786,"osm_type":"node","name":null,"tags":{"name:en":"Food street","tourism":"attraction"},"district":"เขตดินแดง","district_osm_id":2938031,"province":"กรุงเทพมหานคร","province_iso":"TH-10","reason_excluded":"point_only"},"geometry":{"type":"Point","coordinates":[100.565283,13.761125]}},
{"type":"Feature","id":"osm-n7304243003","properties":{"id":"osm-n7304243003","osm_id":7304243003,"osm_type":"node","name":null,"tags":{"historic":"memorial","image":"https://images.mapillary.com/y6thP9Blw3Xi7onT4jr-7w/thumb-2048.jpg","mapillary":"6530532883639390","name:en":"Monument to Rama IV"},"district":"เขตพระนคร","district_osm_id":92053,"province":"กรุงเทพมหานคร","province_iso":"TH-10","reason_excluded":"point_only"},"geometry":{"type":"Point","coordinates":[100.492378,13.751512]}},
{"type":"Feature","id":"osm-n7310462371","properties":{"id":"osm-n7310462371","osm_id":7310462371,"osm_type":"node","name":null,"tags":{"description":"https://photos.app.goo.gl/EpngKXQF5e1uukER9","historic":"memorial","image":"https://images.mapillary.com/hXYyC1lFnzheNpxQCBHPIg/thumb-2048.jpg","mapillary":"335744901299957","memorial":"cannon"},"district":"เขตพระนคร","district_osm_id":92053,"province":"กรุงเทพมหานคร","province_iso":"TH-10","reason_excluded":"point_only"},"geometry":{"type":"Point","coordinates":[100.490007,13.750749]}},
{"type":"Feature","id":"osm-n7310483993","properties":{"id":"osm-n7310483993","osm_id":7310483993,"osm_type":"node","name":null,"tags":{"historic":"memorial","image":"https://www.mapillary.com/app/?pKey=880519782504149","mapillary":"880519782504149"},"district":"เขตพระนคร","district_osm_id":92053,"province":"กรุงเทพมหานคร","province_iso":"TH-10","reason_excluded":"point_only"},"geometry":{"type":"Point","coordinates":[100.491313,13.752987]}},
{"type":"Feature","id":"osm-n7312316624","properties":{"id":"osm-n7312316624","osm_id":7312316624,"osm_type":"node","name":null,"tags":{"historic":"memorial","image":"https://images.mapillary.com/HkapzCMobyNJ3eMeKR6BQg/thumb-2048.jpg","mapillary":"842964449632359"},"district":"เขตปทุมวัน","district_osm_id":92063,"province":"กรุงเทพมหานคร","province_iso":"TH-10","reason_excluded":"point_only"},"geometry":{"type":"Point","coordinates":[100.546022,13.735484]}},
{"type":"Feature","id":"osm-n7312316635","properties":{"id":"osm-n7312316635","osm_id":7312316635,"osm_type":"node","name":null,"tags":{"historic":"memorial","image":"https://images.mapillary.com/GFkAQYUfgwGRNPVe0H3acQ/thumb-2048.jpg","mapillary":"765416390829586"},"district":"เขตปทุมวัน","district_osm_id":92063,"province":"กรุงเทพมหานคร","province_iso":"TH-10","reason_excluded":"point_only"},"geometry":{"type":"Point","coordinates":[100.545849,13.734354]}},
{"type":"Feature","id":"osm-n7315994721","properties":{"id":"osm-n7315994721","osm_id":7315994721,"osm_type":"node","name":null,"tags":{"historic":"memorial","image":"https://images.mapillary.com/tuYcceyJ2ysPt_SnfJ2ipw/thumb-2048.jpg","layer":"1","level":"2","mapillary":"516823979686761"},"district":"เขตสัมพันธวงศ์","district_osm_id":92056,"province":"กรุงเทพมหานคร","province_iso":"TH-10","reason_excluded":"point_only"},"geometry":{"type":"Point","coordinates":[100.513761,13.73774]}},
{"type":"Feature","id":"osm-n7326386204","properties":{"id":"osm-n7326386204","osm_id":7326386204,"osm_type":"node","name":null,"tags":{"historic":"memorial","image":"https://images.mapillary.com/iiNfVUHDKQ3MudNcZuOBEw/thumb-2048.jpg","mapillary":"499930671420895"},"district":"เขตพระนคร","district_osm_id":92053,"province":"กรุงเทพมหานคร","province_iso":"TH-10","reason_excluded":"point_only"},"geometry":{"type":"Point","coordinates":[100.496102,13.751826]}},
{"type":"Feature","id":"osm-n7326500451","properties":{"id":"osm-n7326500451","osm_id":7326500451,"osm_type":"node","name":null,"tags":{"historic":"memorial","image":"https://images.mapillary.com/nKzfRPdARpFLL5IR65hTPw/thumb-2048.jpg","mapillary":"216887283304235","memorial":"grave"},"district":"เขตพระนคร","district_osm_id":92053,"province":"กรุงเทพมหานคร","province_iso":"TH-10","reason_excluded":"point_only"},"geometry":{"type":"Point","coordinates":[100.49684,13.749593]}},
{"type":"Feature","id":"osm-n7326872796","properties":{"id":"osm-n7326872796","osm_id":7326872796,"osm_type":"node","name":"อนุสาวรีย์เจ้าจอมมารดาย้อย","tags":{"historic":"tomb","image":"https://upload.wikimedia.org/wikipedia/commons/9/9c/Noble_Consort_Yoi_Mausoleum_อนุสาวรีย์เจ้าจอมมารดาย้อย_%282025%29_-_img_04.jpg","mapillary":"872045343525572","memorial":"grave","name":"อนุสาวรีย์เจ้าจอมมารดาย้อย","name:en":"Chao Chom Manda Yoi Monument","name:th":"อนุสาวรีย์เจ้าจอมมารดาย้อย"},"district":"เขตพระนคร","district_osm_id":92053,"province":"กรุงเทพมหานคร","province_iso":"TH-10","reason_excluded":"point_only"},"geometry":{"type":"Point","coordinates":[100.496653,13.749314]}},
{"type":"Feature","id":"osm-n7327888314","properties":{"id":"osm-n7327888314","osm_id":7327888314,"osm_type":"node","name":"อนุสาวรีย์กรมหลวงชินวรสิริวัฒน์ วัดราชบพิธ","tags":{"historic":"memorial","image":"https://upload.wikimedia.org/wikipedia/commons/f/f7/Jinavara_Sirivaddhana_Memorial_อนุสาวรีย์กรมหลวงชินวรสิริวัฒน์_วัดราชบพิธ_%282025%29_-_img_02.jpg","mapillary":"382229933038735","name":"อนุสาวรีย์กรมหลวงชินวรสิริวัฒน์ วัดราชบพิธ","name:en":"Jinavara Sirivaddhana Memorial","name:th":"อนุสาวรีย์กรมหลวงชินวรสิริวัฒน์ วัดราชบพิธ","source":"https://archaeology.sac.or.th/archaeology/706","subject:wikidata":"Q13017922","wikimedia_commons":"Category:Jinavara Sirivaddhana Memorial, Wat Ratchabophit"},"district":"เขตพระนคร","district_osm_id":92053,"province":"กรุงเทพมหานคร","province_iso":"TH-10","reason_excluded":"point_only"},"geometry":{"type":"Point","coordinates":[100.497067,13.748807]}},
{"type":"Feature","id":"osm-n7328131724","properties":{"id":"osm-n7328131724","osm_id":7328131724,"osm_type":"node","name":"ฉัตรชยานุสรณ์ 2480","tags":{"alt_name:en":"Chhatr-jayanussarana 2480","historic":"tomb","image":"https://upload.wikimedia.org/wikipedia/commons/6/61/Chhatr-jayanussarana_2480_ฉัตรชยานุสสรณ_๒๔๘๐_%282025%29_-_img_08.jpg","mapillary":"778710766368026","memorial":"obelisk","name":"ฉัตรชยานุสสรณ ๒๔๘๐","name:en":"Chatchayanuson 2480","name:th":"ฉัตรชยานุสรณ์ 2480","wikidata":"Q134086997"},"district":"เขตพระนคร","district_osm_id":92053,"province":"กรุงเทพมหานคร","province_iso":"TH-10","reason_excluded":"point_only"},"geometry":{"type":"Point","coordinates":[100.496684,13.748688]}},
{"type":"Feature","id":"osm-n7329389583","properties":{"id":"osm-n7329389583","osm_id":7329389583,"osm_type":"node","name":null,"tags":{"historic":"memorial","image":"https://images.mapillary.com/nYM7XCkmyOxHvdjywtdxeg/thumb-2048.jpg","mapillary":"296016645574694"},"district":"เขตพระนคร","district_osm_id":92053,"province":"กรุงเทพมหานคร","province_iso":"TH-10","reason_excluded":"point_only"},"geometry":{"type":"Point","coordinates":[100.502403,13.747898]}},
{"type":"Feature","id":"osm-n7332045470","properties":{"id":"osm-n7332045470","osm_id":7332045470,"osm_type":"node","name":null,"tags":{"historic":"memorial","image":"https://images.mapillary.com/FZ_wFvD5Zn5Ckw98PIEc8Q/thumb-2048.jpg","mapillary":"975373519915253"},"district":"เขตป้อมปราบศัตรูพ่าย","district_osm_id":92058,"province":"กรุงเทพมหานคร","province_iso":"TH-10","reason_excluded":"point_only"},"geometry":{"type":"Point","coordinates":[100.507131,13.753372]}},
{"type":"Feature","id":"osm-n7332045509","properties":{"id":"osm-n7332045509","osm_id":7332045509,"osm_type":"node","name":null,"tags":{"historic":"memorial","image":"https://images.mapillary.com/cYsRMgniL8OHBlsfZPSSaA/thumb-2048.jpg","mapillary":"2805635882986996","memorial":"vehicle"},"district":"เขตป้อมปราบศัตรูพ่าย","district_osm_id":92058,"province":"กรุงเทพมหานคร","province_iso":"TH-10","reason_excluded":"point_only"},"geometry":{"type":"Point","coordinates":[100.507048,13.753274]}},
{"type":"Feature","id":"osm-n7626493602","properties":{"id":"osm-n7626493602","osm_id":7626493602,"osm_type":"node","name":"ตลาดพงษ์เพชร","tags":{"amenity":"marketplace","name":"ตลาดพงษ์เพชร"},"district":"เขตหลักสี่","district_osm_id":1639288,"province":"กรุงเทพมหานคร","province_iso":"TH-10","reason_excluded":"point_only"},"geometry":{"type":"Point","coordinates":[100.546391,13.855319]}},
{"type":"Feature","id":"osm-n7638178086","properties":{"id":"osm-n7638178086","osm_id":7638178086,"osm_type":"node","name":"เจเจ กรีน","tags":{"name":"เจเจ กรีน","name:en":"JJ Green 2","tourism":"attraction"},"district":"เขตหลักสี่","district_osm_id":1639288,"province":"กรุงเทพมหานคร","province_iso":"TH-10","reason_excluded":"point_only"},"geometry":{"type":"Point","coordinates":[100.548353,13.86787]}},
{"type":"Feature","id":"osm-n7684784433","properties":{"id":"osm-n7684784433","osm_id":7684784433,"osm_type":"node","name":"ไมอามี่ บางปู","tags":{"amenity":"marketplace","name":"ไมอามี่ บางปู","name:en":"Maiami Bazaar Bang Pu","name:th":"ไมอามี่ บางปู"},"district":"อำเภอเมืองสมุทรปราการ","district_osm_id":11580983,"province":"จังหวัดสมุทรปราการ","province_iso":"TH-11","reason_excluded":"point_only"},"geometry":{"type":"Point","coordinates":[100.618901,13.541779]}},
{"type":"Feature","id":"osm-n7925159785","properties":{"id":"osm-n7925159785","osm_id":7925159785,"osm_type":"node","name":"Alisa Maison","tags":{"name":"Alisa Maison","name:en":"Maison","tourism":"attraction"},"district":"เขตลาดกระบัง","district_osm_id":3147500,"province":"กรุงเทพมหานคร","province_iso":"TH-10","reason_excluded":"point_only"},"geometry":{"type":"Point","coordinates":[100.726016,13.743347]}},
{"type":"Feature","id":"osm-n7967933785","properties":{"id":"osm-n7967933785","osm_id":7967933785,"osm_type":"node","name":"ดูบัว คาเฟ่ ฟาร์ม","tags":{"addr:street":"4140 บางแก้วฟ้า, Bang Kaeo Fa, Nakhon Chai Si District, Nakhon Pathom 73120, Thailand","name":"ดูบัว คาเฟ่ ฟาร์ม","name:en":"DUBUA CAFE - ดูบัว คาเฟ่ ฟาร์ม","phone":"+66 97 024 0842","tourism":"attraction","website":"https://m.facebook.com/DuBuaBangLen/"},"district":"อำเภอนครชัยศรี","district_osm_id":18931531,"province":"จังหวัดนครปฐม","province_iso":"TH-73","reason_excluded":"point_only"},"geometry":{"type":"Point","coordinates":[100.234372,13.89971]}},
{"type":"Feature","id":"osm-n8175742024","properties":{"id":"osm-n8175742024","osm_id":8175742024,"osm_type":"node","name":null,"tags":{"name:en":"Squirrel tree","tourism":"attraction"},"district":"เขตจตุจักร","district_osm_id":1639286,"province":"กรุงเทพมหานคร","province_iso":"TH-10","reason_excluded":"point_only"},"geometry":{"type":"Point","coordinates":[100.5538,13.805787]}},
{"type":"Feature","id":"osm-n893975263","properties":{"id":"osm-n893975263","osm_id":893975263,"osm_type":"node","name":"โรงเรียนชาลีสมุทร","tags":{"amenity":"school","historic":"monument","name":"โรงเรียนชาลีสมุทร"},"district":"เขตหลักสี่","district_osm_id":1639288,"province":"กรุงเทพมหานคร","province_iso":"TH-10","reason_excluded":"point_only"},"geometry":{"type":"Point","coordinates":[100.54839,13.856311]}},
{"type":"Feature","id":"osm-n893975266","properties":{"id":"osm-n893975266","osm_id":893975266,"osm_type":"node","name":"ตลาดท่าทราย","tags":{"amenity":"marketplace","name":"ตลาดท่าทราย"},"district":"เขตหลักสี่","district_osm_id":1639288,"province":"กรุงเทพมหานคร","province_iso":"TH-10","reason_excluded":"point_only"},"geometry":{"type":"Point","coordinates":[100.554535,13.873153]}},
{"type":"Feature","id":"osm-n9029177254","properties":{"id":"osm-n9029177254","osm_id":9029177254,"osm_type":"node","name":"อนุสาวรีย์แม่รำเพย","tags":{"historic":"monument","name":"Rampoei Monument","name:th":"อนุสาวรีย์แม่รำเพย"},"district":"อำเภอบางกรวย","district_osm_id":2688299,"province":"จังหวัดนนทบุรี","province_iso":"TH-12","reason_excluded":"point_only"},"geometry":{"type":"Point","coordinates":[100.413065,13.813604]}},
{"type":"Feature","id":"osm-n9283274733","properties":{"id":"osm-n9283274733","osm_id":9283274733,"osm_type":"node","name":"The Biographical Exhibition of Founders (119)","tags":{"name":"The Biographical Exhibition of Founders (119)","tourism":"attraction"},"district":"อำเภอเมืองสมุทรปราการ","district_osm_id":11580983,"province":"จังหวัดสมุทรปราการ","province_iso":"TH-11","reason_excluded":"point_only"},"geometry":{"type":"Point","coordinates":[100.622766,13.539152]}},
{"type":"Feature","id":"osm-n9283274734","properties":{"id":"osm-n9283274734","osm_id":9283274734,"osm_type":"node","name":"The Royal Stand (001)","tags":{"description":"AS+001.11_00000 (nn) 013.5407850 100.6239340 - The Royal Stand","name":"The Royal Stand (001)","tourism":"attraction"},"district":"อำเภอเมืองสมุทรปราการ","district_osm_id":11580983,"province":"จังหวัดสมุทรปราการ","province_iso":"TH-11","reason_excluded":"point_only"},"geometry":{"type":"Point","coordinates":[100.623878,13.54081]}},
{"type":"Feature","id":"osm-n9283274735","properties":{"id":"osm-n9283274735","osm_id":9283274735,"osm_type":"node","name":"The Information Pavilion (002)","tags":{"name":"The Information Pavilion (002)","tourism":"attraction"},"district":"อำเภอเมืองสมุทรปราการ","district_osm_id":11580983,"province":"จังหวัดสมุทรปราการ","province_iso":"TH-11","reason_excluded":"point_only"},"geometry":{"type":"Point","coordinates":[100.624248,13.540968]}},
{"type":"Feature","id":"osm-n9283274736","properties":{"id":"osm-n9283274736","osm_id":9283274736,"osm_type":"node","name":"The City Sala (005)","tags":{"name":"The City Sala (005)","tourism":"attraction"},"district":"อำเภอเมืองสมุทรปราการ","district_osm_id":11580983,"province":"จังหวัดสมุทรปราการ","province_iso":"TH-11","reason_excluded":"point_only"},"geometry":{"type":"Point","coordinates":[100.624457,13.541524]}},
{"type":"Feature","id":"osm-n9283274737","properties":{"id":"osm-n9283274737","osm_id":9283274737,"osm_type":"node","name":"The Manohra Garden (006)","tags":{"name":"The Manohra Garden (006)","tourism":"attraction"},"district":"อำเภอเมืองสมุทรปราการ","district_osm_id":11580983,"province":"จังหวัดสมุทรปราการ","province_iso":"TH-11","reason_excluded":"point_only"},"geometry":{"type":"Point","coordinates":[100.624819,13.542092]}},
{"type":"Feature","id":"osm-n9283274738","properties":{"id":"osm-n9283274738","osm_id":9283274738,"osm_type":"node","name":"The Stupa of Phra Maha That, Nakhon Si Thammarat (007)","tags":{"name":"The Stupa of Phra Maha That, Nakhon Si Thammarat (007)","tourism":"attraction"},"district":"อำเภอเมืองสมุทรปราการ","district_osm_id":11580983,"province":"จังหวัดสมุทรปราการ","province_iso":"TH-11","reason_excluded":"point_only"},"geometry":{"type":"Point","coordinates":[100.62498,13.542254]}},
{"type":"Feature","id":"osm-n9283274739","properties":{"id":"osm-n9283274739","osm_id":9283274739,"osm_type":"node","name":"The Pallava Group of Images, Phangnga (008)","tags":{"name":"The Pallava Group of Images, Phangnga (008)","tourism":"attraction"},"district":"อำเภอเมืองสมุทรปราการ","district_osm_id":11580983,"province":"จังหวัดสมุทรปราการ","province_iso":"TH-11","reason_excluded":"point_only"},"geometry":{"type":"Point","coordinates":[100.625172,13.542454]}},
{"type":"Feature","id":"osm-n9283274740","properties":{"id":"osm-n9283274740","osm_id":9283274740,"osm_type":"node","name":"The Stupa of Phra Maha That, Surat Thani (009)","tags":{"name":"The Stupa of Phra Maha That, Surat Thani (009)","tourism":"attraction"},"district":"อำเภอเมืองสมุทรปราการ","district_osm_id":11580983,"province":"จังหวัดสมุทรปราการ","province_iso":"TH-11","reason_excluded":"point_only"},"geometry":{"type":"Point","coordinates":[100.625411,13.542678]}},
{"type":"Feature","id":"osm-n9283274741","properties":{"id":"osm-n9283274741","osm_id":9283274741,"osm_type":"node","name":"The Old Market Town (010)","tags":{"name":"The Old Market Town (010)","tourism":"attraction"},"district":"อำเภอเมืองสมุทรปราการ","district_osm_id":11580983,"province":"จังหวัดสมุทรปราการ","province_iso":"TH-11","reason_excluded":"point_only"},"geometry":{"type":"Point","coordinates":[100.625753,13.543199]}},
{"type":"Feature","id":"osm-n9283274742","properties":{"id":"osm-n9283274742","osm_id":9283274742,"osm_type":"node","name":"The Tiger King's Palace, Phetchaburi (011)","tags":{"name":"The Tiger King's Palace, Phetchaburi (011)","tourism":"attraction"},"district":"อำเภอเมืองสมุทรปราการ","district_osm_id":11580983,"province":"จังหวัดสมุทรปราการ","province_iso":"TH-11","reason_excluded":"point_only"},"geometry":{"type":"Point","coordinates":[100.626184,13.544311]}},
{"type":"Feature","id":"osm-n9283274743","properties":{"id":"osm-n9283274743","osm_id":9283274743,"osm_type":"node","name":"The Scripture Repository (012)","tags":{"name":"The Scripture Repository (012)","tourism":"attraction"},"district":"อำเภอเมืองสมุทรปราการ","district_osm_id":11580983,"province":"จังหวัดสมุทรปราการ","province_iso":"TH-11","reason_excluded":"point_only"},"geometry":{"type":"Point","coordinates":[100.626274,13.544653]}},
{"type":"Feature","id":"osm-n9283274744","properties":{"id":"osm-n9283274744","osm_id":9283274744,"osm_type":"node","name":"The City Wall and Gate (003)","tags":{"name":"The City Wall and Gate (003)","tourism":"attraction"},"district":"อำเภอเมืองสมุทรปราการ","district_osm_id":11580983,"province":"จังหวัดสมุทรปราการ","province_iso":"TH-11","reason_excluded":"point_only"},"geometry":{"type":"Point","coordinates":[100.624278,13.541251]}},
{"type":"Feature","id":"osm-n9283274745","properties":{"id":"osm-n9283274745","osm_id":9283274745,"osm_type":"node","name":"I-Nao Garden (004)","tags":{"name":"I-Nao Garden (004)","tourism":"attraction"},"district":"อำเภอเมืองสมุทรปราการ","district_osm_id":11580983,"province":"จังหวัดสมุทรปราการ","province_iso":"TH-11","reason_excluded":"point_only"},"geometry":{"type":"Point","coordinates":[100.624602,13.541602]}},
{"type":"Feature","id":"osm-n9283274746","properties":{"id":"osm-n9283274746","osm_id":9283274746,"osm_type":"node","name":"The Bell Tower (013)","tags":{"name":"The Bell Tower (013)","tourism":"attraction"},"district":"อำเภอเมืองสมุทรปราการ","district_osm_id":11580983,"province":"จังหวัดสมุทรปราการ","province_iso":"TH-11","reason_excluded":"point_only"},"geometry":{"type":"Point","coordinates":[100.626464,13.544758]}},
{"type":"Feature","id":"osm-n9283274747","properties":{"id":"osm-n9283274747","osm_id":9283274747,"osm_type":"node","name":"The Stupa of Phra Maha That, Ratchaburi (014)","tags":{"name":"The Stupa of Phra Maha That, Ratchaburi (014)","tourism":"attraction"},"district":"อำเภอเมืองสมุทรปราการ","district_osm_id":11580983,"province":"จังหวัดสมุทรปราการ","province_iso":"TH-11","reason_excluded":"point_only"},"geometry":{"type":"Point","coordinates":[100.626184,13.544967]}},
{"type":"Feature","id":"osm-n9283274748","properties":{"id":"osm-n9283274748","osm_id":9283274748,"osm_type":"node","name":"The Palace Garden (015)","tags":{"name":"The Palace Garden (015)","tourism":"attraction"},"district":"อำเภอเมืองสมุทรปราการ","district_osm_id":11580983,"province":"จังหวัดสมุทรปราการ","province_iso":"TH-11","reason_excluded":"point_only"},"geometry":{"type":"Point","coordinates":[100.627031,13.545232]}},
{"type":"Feature","id":"osm-n9283274749","properties":{"id":"osm-n9283274749","osm_id":9283274749,"osm_type":"node","name":"The Audience Hall of Thon Buri (016)","tags":{"name":"The Audience Hall of Thon Buri (016)","tourism":"attraction"},"district":"อำเภอเมืองสมุทรปราการ","district_osm_id":11580983,"province":"จังหวัดสมุทรปราการ","province_iso":"TH-11","reason_excluded":"point_only"},"geometry":{"type":"Point","coordinates":[100.627208,13.545577]}},
{"type":"Feature","id":"osm-n9283274750","properties":{"id":"osm-n9283274750","osm_id":9283274750,"osm_type":"node","name":"The Buddha Image of Dvaravati Period (017)","tags":{"name":"The Buddha Image of Dvaravati Period (017)","tourism":"attraction"},"district":"อำเภอเมืองสมุทรปราการ","district_osm_id":11580983,"province":"จังหวัดสมุทรปราการ","province_iso":"TH-11","reason_excluded":"point_only"},"geometry":{"type":"Point","coordinates":[100.627205,13.545885]}},
{"type":"Feature","id":"osm-n9283274751","properties":{"id":"osm-n9283274751","osm_id":9283274751,"osm_type":"node","name":"The Dvaravati House (018)","tags":{"name":"The Dvaravati House (018)","tourism":"attraction"},"district":"อำเภอเมืองสมุทรปราการ","district_osm_id":11580983,"province":"จังหวัดสมุทรปราการ","province_iso":"TH-11","reason_excluded":"point_only"},"geometry":{"type":"Point","coordinates":[100.627318,13.54618]}},
{"type":"Feature","id":"osm-n9283274752","properties":{"id":"osm-n9283274752","osm_id":9283274752,"osm_type":"node","name":"The Great Battle of Yuthahathi (020)","tags":{"name":"The Great Battle of Yuthahathi (020)","tourism":"attraction"},"district":"อำเภอเมืองสมุทรปราการ","district_osm_id":11580983,"province":"จังหวัดสมุทรปราการ","province_iso":"TH-11","reason_excluded":"point_only"},"geometry":{"type":"Point","coordinates":[100.627685,13.546631]}},
{"type":"Feature","id":"osm-n9283274753","properties":{"id":"osm-n9283274753","osm_id":9283274753,"osm_type":"node","name":"The Monument of Krom Phra Ratchawan (021)","tags":{"name":"The Monument of Krom Phra Ratchawan (021)","tourism":"attraction"},"district":"อำเภอเมืองสมุทรปราการ","district_osm_id":11580983,"province":"จังหวัดสมุทรปราการ","province_iso":"TH-11","reason_excluded":"point_only"},"geometry":{"type":"Point","coordinates":[100.628122,13.547251]}},
{"type":"Feature","id":"osm-n9283274754","properties":{"id":"osm-n9283274754","osm_id":9283274754,"osm_type":"node","name":"The Three Pagodas Pass (022)","tags":{"name":"The Three Pagodas Pass (022)","tourism":"attraction"},"district":"อำเภอเมืองสมุทรปราการ","district_osm_id":11580983,"province":"จังหวัดสมุทรปราการ","province_iso":"TH-11","reason_excluded":"point_only"},"geometry":{"type":"Point","coordinates":[100.62876,13.547358]}},
{"type":"Feature","id":"osm-n9283274755","properties":{"id":"osm-n9283274755","osm_id":9283274755,"osm_type":"node","name":"The Chom Thong Palace Hall (026)","tags":{"name":"The Chom Thong Palace Hall (026)","tourism":"attraction"},"district":"อำเภอเมืองสมุทรปราการ","district_osm_id":11580983,"province":"จังหวัดสมุทรปราการ","province_iso":"TH-11","reason_excluded":"point_only"},"geometry":{"type":"Point","coordinates":[100.628851,13.545888]}},
{"type":"Feature","id":"osm-n9283274756","properties":{"id":"osm-n9283274756","osm_id":9283274756,"osm_type":"node","name":"The Wihan at Wat Phra Sri Sanphet (025)","tags":{"name":"The Wihan at Wat Phra Sri Sanphet (025)","tourism":"attraction"},"district":"อำเภอเมืองสมุทรปราการ","district_osm_id":11580983,"province":"จังหวัดสมุทรปราการ","province_iso":"TH-11","reason_excluded":"point_only"},"geometry":{"type":"Point","coordinates":[100.628726,13.545651]}},
{"type":"Feature","id":"osm-n9283439896","properties":{"id":"osm-n9283439896","osm_id":9283439896,"osm_type":"node","name":"The Ramayana Garden (028)","tags":{"name":"The Ramayana Garden (028)","tourism":"attraction"},"district":"อำเภอเมืองสมุทรปราการ","district_osm_id":11580983,"province":"จังหวัดสมุทรปราการ","province_iso":"TH-11","reason_excluded":"point_only"},"geometry":{"type":"Point","coordinates":[100.629386,13.545355]}},
{"type":"Feature","id":"osm-n9283439897","properties":{"id":"osm-n9283439897","osm_id":9283439897,"osm_type":"node","name":"The Phra Kaew Pavillon (030)","tags":{"name":"The Phra Kaew Pavillon (030)","tourism":"attraction"},"district":"อำเภอเมืองสมุทรปราการ","district_osm_id":11580983,"province":"จังหวัดสมุทรปราการ","province_iso":"TH-11","reason_excluded":"point_only"},"geometry":{"type":"Point","coordinates":[100.6284,13.546917]}},
{"type":"Feature","id":"osm-n9283439898","properties":{"id":"osm-n9283439898","osm_id":9283439898,"osm_type":"node","name":"The Khun Chang-Khun Phaen Garden (031)","tags":{"name":"The Khun Chang-Khun Phaen Garden (031)","tourism":"attraction"},"district":"อำเภอเมืองสมุทรปราการ","district_osm_id":11580983,"province":"จังหวัดสมุทรปราการ","province_iso":"TH-11","reason_excluded":"point_only"},"geometry":{"type":"Point","coordinates":[100.628988,13.546883]}},
{"type":"Feature","id":"osm-n9283439899","properties":{"id":"osm-n9283439899","osm_id":9283439899,"osm_type":"node","name":"The Fruit-Shape Tower (032)","tags":{"name":"The Fruit-Shape Tower (032)","tourism":"attraction"},"district":"อำเภอเมืองสมุทรปราการ","district_osm_id":11580983,"province":"จังหวัดสมุทรปราการ","province_iso":"TH-11","reason_excluded":"point_only"},"geometry":{"type":"Point","coordinates":[100.629155,13.547216]}},
{"type":"Feature","id":"osm-n9283439900","properties":{"id":"osm-n9283439900","osm_id":9283439900,"osm_type":"node","name":"A Monk's Residence (034)","tags":{"name":"A Monk's Residence (034)","tourism":"attraction"},"district":"อำเภอเมืองสมุทรปราการ","district_osm_id":11580983,"province":"จังหวัดสมุทรปราการ","province_iso":"TH-11","reason_excluded":"point_only"},"geometry":{"type":"Point","coordinates":[100.629828,13.546365]}},
{"type":"Feature","id":"osm-n9283439901","properties":{"id":"osm-n9283439901","osm_id":9283439901,"osm_type":"node","name":"Prang Sam Yod, Lop Bur (035)","tags":{"name":"Prang Sam Yod, Lop Bur (035)","tourism":"attraction"},"district":"อำเภอเมืองสมุทรปราการ","district_osm_id":11580983,"province":"จังหวัดสมุทรปราการ","province_iso":"TH-11","reason_excluded":"point_only"},"geometry":{"type":"Point","coordinates":[100.629561,13.546599]}},
{"type":"Feature","id":"osm-n9283439902","properties":{"id":"osm-n9283439902","osm_id":9283439902,"osm_type":"node","name":"The Wihan of Wat Pho Kao Ton, Singburi (036)","tags":{"name":"The Wihan of Wat Pho Kao Ton, Singburi (036)","tourism":"attraction"},"district":"อำเภอเมืองสมุทรปราการ","district_osm_id":11580983,"province":"จังหวัดสมุทรปราการ","province_iso":"TH-11","reason_excluded":"point_only"},"geometry":{"type":"Point","coordinates":[100.630001,13.546953]}},
{"type":"Feature","id":"osm-n9283439903","properties":{"id":"osm-n9283439903","osm_id":9283439903,"osm_type":"node","name":"The Courage of the People of Bang Rachan (037)","tags":{"name":"The Courage of the People of Bang Rachan (037)","tourism":"attraction"},"district":"อำเภอเมืองสมุทรปราการ","district_osm_id":11580983,"province":"จังหวัดสมุทรปราการ","province_iso":"TH-11","reason_excluded":"point_only"},"geometry":{"type":"Point","coordinates":[100.630262,13.547231]}},
{"type":"Feature","id":"osm-n9283439904","properties":{"id":"osm-n9283439904","osm_id":9283439904,"osm_type":"node","name":"The Thai Hamlet from the Central Plains (038)","tags":{"name":"The Thai Hamlet from the Central Plains (038)","tourism":"attraction"},"district":"อำเภอเมืองสมุทรปราการ","district_osm_id":11580983,"province":"จังหวัดสมุทรปราการ","province_iso":"TH-11","reason_excluded":"point_only"},"geometry":{"type":"Point","coordinates":[100.630581,13.547464]}},
{"type":"Feature","id":"osm-n9283439905","properties":{"id":"osm-n9283439905","osm_id":9283439905,"osm_type":"node","name":"The Gateway of Wat Pho Prathap Chang, Phichit (039)","tags":{"name":"The Gateway of Wat Pho Prathap Chang, Phichit (039)","tourism":"attraction"},"district":"อำเภอเมืองสมุทรปราการ","district_osm_id":11580983,"province":"จังหวัดสมุทรปราการ","province_iso":"TH-11","reason_excluded":"point_only"},"geometry":{"type":"Point","coordinates":[100.631357,13.547828]}},
{"type":"Feature","id":"osm-n9283439906","properties":{"id":"osm-n9283439906","osm_id":9283439906,"osm_type":"node","name":"The Krai Thong Garden (040)","tags":{"name":"The Krai Thong Garden (040)","tourism":"attraction"},"district":"อำเภอเมืองสมุทรปราการ","district_osm_id":11580983,"province":"จังหวัดสมุทรปราการ","province_iso":"TH-11","reason_excluded":"point_only"},"geometry":{"type":"Point","coordinates":[100.631264,13.548455]}},
{"type":"Feature","id":"osm-n9283439907","properties":{"id":"osm-n9283439907","osm_id":9283439907,"osm_type":"node","name":"The Prang of Wat Chulamanee, Phitsanulok (041)","tags":{"name":"The Prang of Wat Chulamanee, Phitsanulok (041)","tourism":"attraction"},"district":"อำเภอเมืองสมุทรปราการ","district_osm_id":11580983,"province":"จังหวัดสมุทรปราการ","province_iso":"TH-11","reason_excluded":"point_only"},"geometry":{"type":"Point","coordinates":[100.631668,13.548486]}},
{"type":"Feature","id":"osm-n9283439908","properties":{"id":"osm-n9283439908","osm_id":9283439908,"osm_type":"node","name":"The Sukhothai Wihan (042)","tags":{"name":"The Sukhothai Wihan (042)","tourism":"attraction"},"district":"อำเภอเมืองสมุทรปราการ","district_osm_id":11580983,"province":"จังหวัดสมุทรปราการ","province_iso":"TH-11","reason_excluded":"point_only"},"geometry":{"type":"Point","coordinates":[100.632142,13.548325]}},
{"type":"Feature","id":"osm-n9283439910","properties":{"id":"osm-n9283439910","osm_id":9283439910,"osm_type":"node","name":"The Fortified Wall around Kamphaeng Phet (044)","tags":{"name":"The Fortified Wall around Kamphaeng Phet (044)","tourism":"attraction"},"district":"อำเภอเมืองสมุทรปราการ","district_osm_id":11580983,"province":"จังหวัดสมุทรปราการ","province_iso":"TH-11","reason_excluded":"point_only"},"geometry":{"type":"Point","coordinates":[100.630807,13.54885]}},
{"type":"Feature","id":"osm-n9283439911","properties":{"id":"osm-n9283439911","osm_id":9283439911,"osm_type":"node","name":"The Floating Market (045)","tags":{"name":"The Floating Market (045)","tourism":"attraction"},"district":"อำเภอเมืองสมุทรปราการ","district_osm_id":11580983,"province":"จังหวัดสมุทรปราการ","province_iso":"TH-11","reason_excluded":"point_only"},"geometry":{"type":"Point","coordinates":[100.631029,13.549574]}},
{"type":"Feature","id":"osm-n9283439912","properties":{"id":"osm-n9283439912","osm_id":9283439912,"osm_type":"node","name":"The Wihan at Wat Phrao (046)","tags":{"name":"The Wihan at Wat Phrao (046)","tourism":"attraction"},"district":"อำเภอเมืองสมุทรปราการ","district_osm_id":11580983,"province":"จังหวัดสมุทรปราการ","province_iso":"TH-11","reason_excluded":"point_only"},"geometry":{"type":"Point","coordinates":[100.630912,13.54949]}},
{"type":"Feature","id":"osm-n9283439913","properties":{"id":"osm-n9283439913","osm_id":9283439913,"osm_type":"node","name":"The Lotus-Bud Tower (047)","tags":{"name":"The Lotus-Bud Tower (047)","tourism":"attraction"},"district":"อำเภอเมืองสมุทรปราการ","district_osm_id":11580983,"province":"จังหวัดสมุทรปราการ","province_iso":"TH-11","reason_excluded":"point_only"},"geometry":{"type":"Point","coordinates":[100.631106,13.549676]}},
{"type":"Feature","id":"osm-n9283439914","properties":{"id":"osm-n9283439914","osm_id":9283439914,"osm_type":"node","name":"The Bench of Public Appeals (048)","tags":{"name":"The Bench of Public Appeals (048)","tourism":"attraction"},"district":"อำเภอเมืองสมุทรปราการ","district_osm_id":11580983,"province":"จังหวัดสมุทรปราการ","province_iso":"TH-11","reason_excluded":"point_only"},"geometry":{"type":"Point","coordinates":[100.631397,13.549092]}},
{"type":"Feature","id":"osm-n9283439915","properties":{"id":"osm-n9283439915","osm_id":9283439915,"osm_type":"node","name":"Noen Prasat, Sukhothai (049)","tags":{"name":"Noen Prasat, Sukhothai (049)","tourism":"attraction"},"district":"อำเภอเมืองสมุทรปราการ","district_osm_id":11580983,"province":"จังหวัดสมุทรปราการ","province_iso":"TH-11","reason_excluded":"point_only"},"geometry":{"type":"Point","coordinates":[100.631562,13.549253]}},
{"type":"Feature","id":"osm-n9283439916","properties":{"id":"osm-n9283439916","osm_id":9283439916,"osm_type":"node","name":"The Grand Hall of Wat Maha That, Sukhothai (050)","tags":{"name":"The Grand Hall of Wat Maha That, Sukhothai (050)","tourism":"attraction"},"district":"อำเภอเมืองสมุทรปราการ","district_osm_id":11580983,"province":"จังหวัดสมุทรปราการ","province_iso":"TH-11","reason_excluded":"point_only"},"geometry":{"type":"Point","coordinates":[100.631762,13.549759]}},
{"type":"Feature","id":"osm-n9283440217","properties":{"id":"osm-n9283440217","osm_id":9283440217,"osm_type":"node","name":"The Main Chedi of Wat Maha That, Sukhothai (051)","tags":{"name":"The Main Chedi of Wat Maha That, Sukhothai (051)","tourism":"attraction"},"district":"อำเภอเมืองสมุทรปราการ","district_osm_id":11580983,"province":"จังหวัดสมุทรปราการ","province_iso":"TH-11","reason_excluded":"point_only"},"geometry":{"type":"Point","coordinates":[100.631874,13.550037]}},
{"type":"Feature","id":"osm-n9283440218","properties":{"id":"osm-n9283440218","osm_id":9283440218,"osm_type":"node","name":"Phra Lo's Garden (052)","tags":{"name":"Phra Lo's Garden (052)","tourism":"attraction"},"district":"อำเภอเมืองสมุทรปราการ","district_osm_id":11580983,"province":"จังหวัดสมุทรปราการ","province_iso":"TH-11","reason_excluded":"point_only"},"geometry":{"type":"Point","coordinates":[100.63211,13.550548]}},
{"type":"Feature","id":"osm-n9283440219","properties":{"id":"osm-n9283440219","osm_id":9283440219,"osm_type":"node","name":"Ho Kham (053)","tags":{"name":"Ho Kham (053)","tourism":"attraction"},"district":"อำเภอเมืองสมุทรปราการ","district_osm_id":11580983,"province":"จังหวัดสมุทรปราการ","province_iso":"TH-11","reason_excluded":"point_only"},"geometry":{"type":"Point","coordinates":[100.632084,13.550832]}},
{"type":"Feature","id":"osm-n9283440220","properties":{"id":"osm-n9283440220","osm_id":9283440220,"osm_type":"node","name":"Wat Chong Kham (055)","tags":{"name":"Wat Chong Kham (055)","tourism":"attraction"},"district":"อำเภอเมืองสมุทรปราการ","district_osm_id":11580983,"province":"จังหวัดสมุทรปราการ","province_iso":"TH-11","reason_excluded":"point_only"},"geometry":{"type":"Point","coordinates":[100.63114,13.550761]}},
{"type":"Feature","id":"osm-n9320435618","properties":{"id":"osm-n9320435618","osm_id":9320435618,"osm_type":"node","name":"รถเก่า","tags":{"name":"รถเก่า","name:en":"Old Car","name:th":"รถเก่า","tourism":"attraction"},"district":"เขตสัมพันธวงศ์","district_osm_id":92056,"province":"กรุงเทพมหานคร","province_iso":"TH-10","reason_excluded":"point_only"},"geometry":{"type":"Point","coordinates":[100.512101,13.73395]}},
{"type":"Feature","id":"osm-n9321020617","properties":{"id":"osm-n9321020617","osm_id":9321020617,"osm_type":"node","name":"บ้านโซวเฮงไถ่","tags":{"name":"บ้านโซวเฮงไถ่","name:en":"The So Heng Tai Mansion","name:th":"บ้านโซวเฮงไถ่","tourism":"attraction"},"district":"เขตสัมพันธวงศ์","district_osm_id":92056,"province":"กรุงเทพมหานคร","province_iso":"TH-10","reason_excluded":"point_only"},"geometry":{"type":"Point","coordinates":[100.51211,13.733621]}},
{"type":"Feature","id":"osm-n9336897560","properties":{"id":"osm-n9336897560","osm_id":9336897560,"osm_type":"node","name":"The Northern Thai Village (060)","tags":{"name":"The Northern Thai Village (060)","tourism":"attraction"},"district":"อำเภอเมืองสมุทรปราการ","district_osm_id":11580983,"province":"จังหวัดสมุทรปราการ","province_iso":"TH-11","reason_excluded":"point_only"},"geometry":{"type":"Point","coordinates":[100.632795,13.552642]}},
{"type":"Feature","id":"osm-n9336897561","properties":{"id":"osm-n9336897561","osm_id":9336897561,"osm_type":"node","name":"The Wihan at Wat Phumin, Nan (062)","tags":{"name":"The Wihan at Wat Phumin, Nan (062)","tourism":"attraction"},"district":"อำเภอเมืองสมุทรปราการ","district_osm_id":11580983,"province":"จังหวัดสมุทรปราการ","province_iso":"TH-11","reason_excluded":"point_only"},"geometry":{"type":"Point","coordinates":[100.632812,13.550557]}},
{"type":"Feature","id":"osm-n9336897562","properties":{"id":"osm-n9336897562","osm_id":9336897562,"osm_type":"node","name":"Phra Chedi Si Song Rak (063)","tags":{"name":"Phra Chedi Si Song Rak (063)","tourism":"attraction"},"district":"อำเภอเมืองสมุทรปราการ","district_osm_id":11580983,"province":"จังหวัดสมุทรปราการ","province_iso":"TH-11","reason_excluded":"point_only"},"geometry":{"type":"Point","coordinates":[100.633534,13.549748]}},
{"type":"Feature","id":"osm-n9336897563","properties":{"id":"osm-n9336897563","osm_id":9336897563,"osm_type":"node","name":"Phra That Bang Phuan, Nong Khai (066)","tags":{"name":"Phra That Bang Phuan, Nong Khai (066)","tourism":"attraction"},"district":"อำเภอเมืองสมุทรปราการ","district_osm_id":11580983,"province":"จังหวัดสมุทรปราการ","province_iso":"TH-11","reason_excluded":"point_only"},"geometry":{"type":"Point","coordinates":[100.634344,13.549141]}},
{"type":"Feature","id":"osm-n9336897564","properties":{"id":"osm-n9336897564","osm_id":9336897564,"osm_type":"node","name":"Footprints of the Lord Buddha (064)","tags":{"name":"Footprints of the Lord Buddha (064)","tourism":"attraction"},"district":"อำเภอเมืองสมุทรปราการ","district_osm_id":11580983,"province":"จังหวัดสมุทรปราการ","province_iso":"TH-11","reason_excluded":"point_only"},"geometry":{"type":"Point","coordinates":[100.632776,13.549199]}},
{"type":"Feature","id":"osm-n9339998748","properties":{"id":"osm-n9339998748","osm_id":9339998748,"osm_type":"node","name":"The Yamaka Patihan (065)","tags":{"name":"The Yamaka Patihan (065)","tourism":"attraction"},"district":"อำเภอเมืองสมุทรปราการ","district_osm_id":11580983,"province":"จังหวัดสมุทรปราการ","province_iso":"TH-11","reason_excluded":"point_only"},"geometry":{"type":"Point","coordinates":[100.633645,13.549023]}},
{"type":"Feature","id":"osm-n9339998749","properties":{"id":"osm-n9339998749","osm_id":9339998749,"osm_type":"node","name":"The Shrines (067)","tags":{"name":"The Shrines (067)","tourism":"attraction"},"district":"อำเภอเมืองสมุทรปราการ","district_osm_id":11580983,"province":"จังหวัดสมุทรปราการ","province_iso":"TH-11","reason_excluded":"point_only"},"geometry":{"type":"Point","coordinates":[100.633824,13.548649]}},
{"type":"Feature","id":"osm-n9339998750","properties":{"id":"osm-n9339998750","osm_id":9339998750,"osm_type":"node","name":"Phra That Narai Cheng Weng (069)","tags":{"name":"Phra That Narai Cheng Weng (069)","tourism":"attraction"},"district":"อำเภอเมืองสมุทรปราการ","district_osm_id":11580983,"province":"จังหวัดสมุทรปราการ","province_iso":"TH-11","reason_excluded":"point_only"},"geometry":{"type":"Point","coordinates":[100.634811,13.54831]}},
{"type":"Feature","id":"osm-n9339998751","properties":{"id":"osm-n9339998751","osm_id":9339998751,"osm_type":"node","name":"Garden of Pha Daeng-Nang Ai (068)","tags":{"name":"Garden of Pha Daeng-Nang Ai (068)","tourism":"attraction"},"district":"อำเภอเมืองสมุทรปราการ","district_osm_id":11580983,"province":"จังหวัดสมุทรปราการ","province_iso":"TH-11","reason_excluded":"point_only"},"geometry":{"type":"Point","coordinates":[100.634458,13.54859]}},
{"type":"Feature","id":"osm-n9339998752","properties":{"id":"osm-n9339998752","osm_id":9339998752,"osm_type":"node","name":"Nang Usa's Look-Out Tower (074)","tags":{"name":"Nang Usa's Look-Out Tower (074)","tourism":"attraction"},"district":"อำเภอเมืองสมุทรปราการ","district_osm_id":11580983,"province":"จังหวัดสมุทรปราการ","province_iso":"TH-11","reason_excluded":"point_only"},"geometry":{"type":"Point","coordinates":[100.63394,13.548469]}},
{"type":"Feature","id":"osm-n9339998753","properties":{"id":"osm-n9339998753","osm_id":9339998753,"osm_type":"node","name":"Dharma Center (The Folk Museum) (075)","tags":{"name":"Dharma Center (The Folk Museum) (075)","tourism":"attraction"},"district":"อำเภอเมืองสมุทรปราการ","district_osm_id":11580983,"province":"จังหวัดสมุทรปราการ","province_iso":"TH-11","reason_excluded":"point_only"},"geometry":{"type":"Point","coordinates":[100.633594,13.548392]}},
{"type":"Feature","id":"osm-n9339998754","properties":{"id":"osm-n9339998754","osm_id":9339998754,"osm_type":"node","name":"Phra That Ya Khu, Kalasin (076)","tags":{"name":"Phra That Ya Khu, Kalasin (076)","tourism":"attraction"},"district":"อำเภอเมืองสมุทรปราการ","district_osm_id":11580983,"province":"จังหวัดสมุทรปราการ","province_iso":"TH-11","reason_excluded":"point_only"},"geometry":{"type":"Point","coordinates":[100.633972,13.548159]}},
{"type":"Feature","id":"osm-n9339998755","properties":{"id":"osm-n9339998755","osm_id":9339998755,"osm_type":"node","name":"Prasat Hin Nong Ku (078)","tags":{"name":"Prasat Hin Nong Ku (078)","tourism":"attraction"},"district":"อำเภอเมืองสมุทรปราการ","district_osm_id":11580983,"province":"จังหวัดสมุทรปราการ","province_iso":"TH-11","reason_excluded":"point_only"},"geometry":{"type":"Point","coordinates":[100.63391,13.547547]}},
{"type":"Feature","id":"osm-n9339998756","properties":{"id":"osm-n9339998756","osm_id":9339998756,"osm_type":"node","name":"The Buddha Image Being Protected by the Naga (083)","tags":{"name":"The Buddha Image Being Protected by the Naga (083)","tourism":"attraction"},"district":"อำเภอเมืองสมุทรปราการ","district_osm_id":11580983,"province":"จังหวัดสมุทรปราการ","province_iso":"TH-11","reason_excluded":"point_only"},"geometry":{"type":"Point","coordinates":[100.632076,13.547455]}},
{"type":"Feature","id":"osm-n9339998757","properties":{"id":"osm-n9339998757","osm_id":9339998757,"osm_type":"node","name":"An Image of Hindu Deity with a Mitred Crown (081)","tags":{"name":"An Image of Hindu Deity with a Mitred Crown (081)","tourism":"attraction"},"district":"อำเภอเมืองสมุทรปราการ","district_osm_id":11580983,"province":"จังหวัดสมุทรปราการ","province_iso":"TH-11","reason_excluded":"point_only"},"geometry":{"type":"Point","coordinates":[100.632526,13.547812]}},
{"type":"Feature","id":"osm-n9339998758","properties":{"id":"osm-n9339998758","osm_id":9339998758,"osm_type":"node","name":"The Prang at Si Thep (080)","tags":{"name":"The Prang at Si Thep (080)","tourism":"attraction"},"district":"อำเภอเมืองสมุทรปราการ","district_osm_id":11580983,"province":"จังหวัดสมุทรปราการ","province_iso":"TH-11","reason_excluded":"point_only"},"geometry":{"type":"Point","coordinates":[100.63278,13.548276]}},
{"type":"Feature","id":"osm-n9339998759","properties":{"id":"osm-n9339998759","osm_id":9339998759,"osm_type":"node","name":"The Garden of the Prince of the Golden Conch (079)","tags":{"name":"The Garden of the Prince of the Golden Conch (079)","tourism":"attraction"},"district":"อำเภอเมืองสมุทรปราการ","district_osm_id":11580983,"province":"จังหวัดสมุทรปราการ","province_iso":"TH-11","reason_excluded":"point_only"},"geometry":{"type":"Point","coordinates":[100.634098,13.548307]}},
{"type":"Feature","id":"osm-n9339998760","properties":{"id":"osm-n9339998760","osm_id":9339998760,"osm_type":"node","name":"Mondop Phra Si Thit (116)","tags":{"name":"Mondop Phra Si Thit (116)","tourism":"attraction"},"district":"อำเภอเมืองสมุทรปราการ","district_osm_id":11580983,"province":"จังหวัดสมุทรปราการ","province_iso":"TH-11","reason_excluded":"point_only"},"geometry":{"type":"Point","coordinates":[100.62897,13.553373]}},
{"type":"Feature","id":"osm-n9339998761","properties":{"id":"osm-n9339998761","osm_id":9339998761,"osm_type":"node","name":"A Botanical Garden (109)","tags":{"name":"A Botanical Garden (109)","tourism":"attraction"},"district":"อำเภอเมืองสมุทรปราการ","district_osm_id":11580983,"province":"จังหวัดสมุทรปราการ","province_iso":"TH-11","reason_excluded":"point_only"},"geometry":{"type":"Point","coordinates":[100.628273,13.553686]}},
{"type":"Feature","id":"osm-n9339998763","properties":{"id":"osm-n9339998763","osm_id":9339998763,"osm_type":"node","name":"The Royal Water-Course Procession (104)","tags":{"name":"The Royal Water-Course Procession (104)","tourism":"attraction"},"district":"อำเภอเมืองสมุทรปราการ","district_osm_id":11580983,"province":"จังหวัดสมุทรปราการ","province_iso":"TH-11","reason_excluded":"point_only"},"geometry":{"type":"Point","coordinates":[100.627942,13.551192]}},
{"type":"Feature","id":"osm-n9339998764","properties":{"id":"osm-n9339998764","osm_id":9339998764,"osm_type":"node","name":"Pavilion of the Enlightened (110)","tags":{"name":"Pavilion of the Enlightened (110)","tourism":"attraction"},"district":"อำเภอเมืองสมุทรปราการ","district_osm_id":11580983,"province":"จังหวัดสมุทรปราการ","province_iso":"TH-11","reason_excluded":"point_only"},"geometry":{"type":"Point","coordinates":[100.625378,13.548829]}},
{"type":"Feature","id":"osm-n9339998765","properties":{"id":"osm-n9339998765","osm_id":9339998765,"osm_type":"node","name":"Sala of 80 Yogi (103)","tags":{"name":"Sala of 80 Yogi (103)","tourism":"attraction"},"district":"อำเภอเมืองสมุทรปราการ","district_osm_id":11580983,"province":"จังหวัดสมุทรปราการ","province_iso":"TH-11","reason_excluded":"point_only"},"geometry":{"type":"Point","coordinates":[100.62908,13.549676]}},
{"type":"Feature","id":"osm-n9339998766","properties":{"id":"osm-n9339998766","osm_id":9339998766,"osm_type":"node","name":"Pavillon of Brahma Vihara (118)","tags":{"name":"Pavillon of Brahma Vihara (118)","tourism":"attraction"},"district":"อำเภอเมืองสมุทรปราการ","district_osm_id":11580983,"province":"จังหวัดสมุทรปราการ","province_iso":"TH-11","reason_excluded":"point_only"},"geometry":{"type":"Point","coordinates":[100.630554,13.552175]}},
{"type":"Feature","id":"osm-n9339998767","properties":{"id":"osm-n9339998767","osm_id":9339998767,"osm_type":"node","name":"Sala Kong-Beng (115)","tags":{"name":"Sala Kong-Beng (115)","tourism":"attraction"},"district":"อำเภอเมืองสมุทรปราการ","district_osm_id":11580983,"province":"จังหวัดสมุทรปราการ","province_iso":"TH-11","reason_excluded":"point_only"},"geometry":{"type":"Point","coordinates":[100.630658,13.550848]}},
{"type":"Feature","id":"osm-n9339998768","properties":{"id":"osm-n9339998768","osm_id":9339998768,"osm_type":"node","name":"Sala 24 Katyu (114)","tags":{"name":"Sala 24 Katyu (114)","tourism":"attraction"},"district":"อำเภอเมืองสมุทรปราการ","district_osm_id":11580983,"province":"จังหวัดสมุทรปราการ","province_iso":"TH-11","reason_excluded":"point_only"},"geometry":{"type":"Point","coordinates":[100.630925,13.551556]}},
{"type":"Feature","id":"osm-n9339998769","properties":{"id":"osm-n9339998769","osm_id":9339998769,"osm_type":"node","name":"Phra That Mondop (108)","tags":{"name":"Phra That Mondop (108)","tourism":"attraction"},"district":"อำเภอเมืองสมุทรปราการ","district_osm_id":11580983,"province":"จังหวัดสมุทรปราการ","province_iso":"TH-11","reason_excluded":"point_only"},"geometry":{"type":"Point","coordinates":[100.630297,13.551778]}},
{"type":"Feature","id":"osm-n9339998770","properties":{"id":"osm-n9339998770","osm_id":9339998770,"osm_type":"node","name":"The Peasant Museum (121)","tags":{"name":"The Peasant Museum (121)","tourism":"attraction"},"district":"อำเภอเมืองสมุทรปราการ","district_osm_id":11580983,"province":"จังหวัดสมุทรปราการ","province_iso":"TH-11","reason_excluded":"point_only"},"geometry":{"type":"Point","coordinates":[100.626628,13.544408]}},
{"type":"Feature","id":"osm-n9339998772","properties":{"id":"osm-n9339998772","osm_id":9339998772,"osm_type":"node","name":"The Public Resting Pavillon (117)","tags":{"name":"The Public Resting Pavillon (117)","tourism":"attraction"},"district":"อำเภอเมืองสมุทรปราการ","district_osm_id":11580983,"province":"จังหวัดสมุทรปราการ","province_iso":"TH-11","reason_excluded":"point_only"},"geometry":{"type":"Point","coordinates":[100.628777,13.551552]}},
{"type":"Feature","id":"osm-n9396277517","properties":{"id":"osm-n9396277517","osm_id":9396277517,"osm_type":"node","name":null,"tags":{"name:en":"Central Village Shopping Mall","tourism":"attraction"},"district":"อำเภอบางพลี","district_osm_id":11580982,"province":"จังหวัดสมุทรปราการ","province_iso":"TH-11","reason_excluded":"point_only"},"geometry":{"type":"Point","coordinates":[100.744542,13.63798]}},
{"type":"Feature","id":"osm-n9407468240","properties":{"id":"osm-n9407468240","osm_id":9407468240,"osm_type":"node","name":"Pavillion of Recallection (112)","tags":{"name":"Pavillion of Recallection (112)","tourism":"attraction"},"district":"อำเภอเมืองสมุทรปราการ","district_osm_id":11580983,"province":"จังหวัดสมุทรปราการ","province_iso":"TH-11","reason_excluded":"point_only"},"geometry":{"type":"Point","coordinates":[100.62872,13.552723]}},
{"type":"Feature","id":"osm-n9407468241","properties":{"id":"osm-n9407468241","osm_id":9407468241,"osm_type":"node","name":"Elephant Kraal","tags":{"name":"Elephant Kraal","tourism":"attraction"},"district":"อำเภอเมืองสมุทรปราการ","district_osm_id":11580983,"province":"จังหวัดสมุทรปราการ","province_iso":"TH-11","reason_excluded":"point_only"},"geometry":{"type":"Point","coordinates":[100.627371,13.549658]}},
{"type":"Feature","id":"osm-n9407468242","properties":{"id":"osm-n9407468242","osm_id":9407468242,"osm_type":"node","name":"Giant Swing and Brahmin Temple (101)","tags":{"name":"Giant Swing and Brahmin Temple (101)","tourism":"attraction"},"district":"อำเภอเมืองสมุทรปราการ","district_osm_id":11580983,"province":"จังหวัดสมุทรปราการ","province_iso":"TH-11","reason_excluded":"point_only"},"geometry":{"type":"Point","coordinates":[100.627785,13.54854]}},
{"type":"Feature","id":"osm-n9407468243","properties":{"id":"osm-n9407468243","osm_id":9407468243,"osm_type":"node","name":"Ku Khu Maha That, Maha Sarakham (077)","tags":{"name":"Ku Khu Maha That, Maha Sarakham (077)","tourism":"attraction"},"district":"อำเภอเมืองสมุทรปราการ","district_osm_id":11580983,"province":"จังหวัดสมุทรปราการ","province_iso":"TH-11","reason_excluded":"point_only"},"geometry":{"type":"Point","coordinates":[100.633323,13.547711]}},
{"type":"Feature","id":"osm-n9407468244","properties":{"id":"osm-n9407468244","osm_id":9407468244,"osm_type":"node","name":"The Old Fort and Wall at Chachoengsao (097)","tags":{"name":"The Old Fort and Wall at Chachoengsao (097)","tourism":"attraction"},"district":"อำเภอเมืองสมุทรปราการ","district_osm_id":11580983,"province":"จังหวัดสมุทรปราการ","province_iso":"TH-11","reason_excluded":"point_only"},"geometry":{"type":"Point","coordinates":[100.629011,13.544758]}},
{"type":"Feature","id":"osm-n9407468245","properties":{"id":"osm-n9407468245","osm_id":9407468245,"osm_type":"node","name":"The Red Block Building (098)","tags":{"name":"The Red Block Building (098)","tourism":"attraction"},"district":"อำเภอเมืองสมุทรปราการ","district_osm_id":11580983,"province":"จังหวัดสมุทรปราการ","province_iso":"TH-11","reason_excluded":"point_only"},"geometry":{"type":"Point","coordinates":[100.62902,13.544388]}},
{"type":"Feature","id":"osm-n9407468246","properties":{"id":"osm-n9407468246","osm_id":9407468246,"osm_type":"node","name":"The Shrine Housing the City Pillar (099)","tags":{"name":"The Shrine Housing the City Pillar (099)","tourism":"attraction"},"district":"อำเภอเมืองสมุทรปราการ","district_osm_id":11580983,"province":"จังหวัดสมุทรปราการ","province_iso":"TH-11","reason_excluded":"point_only"},"geometry":{"type":"Point","coordinates":[100.628584,13.544956]}},
{"type":"Feature","id":"osm-n9407468247","properties":{"id":"osm-n9407468247","osm_id":9407468247,"osm_type":"node","name":"The Stupa of Wat Phra That Sam Muen, Chayiaphum (085)","tags":{"name":"The Stupa of Wat Phra That Sam Muen, Chayiaphum (085)","tourism":"attraction"},"district":"อำเภอเมืองสมุทรปราการ","district_osm_id":11580983,"province":"จังหวัดสมุทรปราการ","province_iso":"TH-11","reason_excluded":"point_only"},"geometry":{"type":"Point","coordinates":[100.631401,13.547418]}},
{"type":"Feature","id":"osm-n9407468248","properties":{"id":"osm-n9407468248","osm_id":9407468248,"osm_type":"node","name":"The Thai-Songdam Village (084)","tags":{"name":"The Thai-Songdam Village (084)","tourism":"attraction"},"district":"อำเภอเมืองสมุทรปราการ","district_osm_id":11580983,"province":"จังหวัดสมุทรปราการ","province_iso":"TH-11","reason_excluded":"point_only"},"geometry":{"type":"Point","coordinates":[100.631834,13.546995]}},
{"type":"Feature","id":"osm-n9407468249","properties":{"id":"osm-n9407468249","osm_id":9407468249,"osm_type":"node","name":"The Meditation Retreat (082)","tags":{"name":"The Meditation Retreat (082)","tourism":"attraction"},"district":"อำเภอเมืองสมุทรปราการ","district_osm_id":11580983,"province":"จังหวัดสมุทรปราการ","province_iso":"TH-11","reason_excluded":"point_only"},"geometry":{"type":"Point","coordinates":[100.631594,13.547548]}},
{"type":"Feature","id":"osm-n942310585","properties":{"id":"osm-n942310585","osm_id":942310585,"osm_type":"node","name":"ตลาดเมืองทอง 1","tags":{"addr:district":"หลักสี่","addr:province":"กรุงเทพมหานคร","addr:subdistrict":"ทุ่งสองห้อง","amenity":"marketplace","name":"ตลาดเมืองทอง 1","name:en":"Talat Mueang Thong 1","name:th":"ตลาดเมืองทอง 1"},"district":"เขตหลักสี่","district_osm_id":1639288,"province":"กรุงเทพมหานคร","province_iso":"TH-10","reason_excluded":"point_only"},"geometry":{"type":"Point","coordinates":[100.561605,13.895672]}},
{"type":"Feature","id":"osm-n9457255019","properties":{"id":"osm-n9457255019","osm_id":9457255019,"osm_type":"node","name":"Talat Sai 2","tags":{"amenity":"marketplace","description":"Local food market/Cafeteria","name":"Talat Sai 2"},"district":"เขตบางแค","district_osm_id":2946804,"province":"กรุงเทพมหานคร","province_iso":"TH-10","reason_excluded":"point_only"},"geometry":{"type":"Point","coordinates":[100.396135,13.720113]}},
{"type":"Feature","id":"osm-n9465720313","properties":{"id":"osm-n9465720313","osm_id":9465720313,"osm_type":"node","name":"ตลาดสี่แยกทศกัณฑ์","tags":{"amenity":"marketplace","description":"Morning Fresh Market, Evening Food Market","name":"ตลาดสี่แยกทศกัณฑ์","name:en":"Thosakan Fresh Market","name:th":"ตลาดสี่แยกทศกัณฑ์"},"district":"เขตบางแค","district_osm_id":2946804,"province":"กรุงเทพมหานคร","province_iso":"TH-10","reason_excluded":"point_only"},"geometry":{"type":"Point","coordinates":[100.395092,13.74515]}},
{"type":"Feature","id":"osm-n9502088717","properties":{"id":"osm-n9502088717","osm_id":9502088717,"osm_type":"node","name":"Poomjai Garden","tags":{"name":"Poomjai Garden","tourism":"attraction"},"district":"เขตจอมทอง","district_osm_id":3147007,"province":"กรุงเทพมหานคร","province_iso":"TH-10","reason_excluded":"point_only"},"geometry":{"type":"Point","coordinates":[100.466454,13.691517]}},
{"type":"Feature","id":"osm-n9667484324","properties":{"id":"osm-n9667484324","osm_id":9667484324,"osm_type":"node","name":"Spy War","tags":{"name":"Spy War","tourism":"attraction"},"district":"เขตคลองสามวา","district_osm_id":2997412,"province":"กรุงเทพมหานคร","province_iso":"TH-10","reason_excluded":"point_only"},"geometry":{"type":"Point","coordinates":[100.701542,13.864584]}},
{"type":"Feature","id":"osm-n9721084217","properties":{"id":"osm-n9721084217","osm_id":9721084217,"osm_type":"node","name":null,"tags":{"name:en":"Indy market Chokchai4","tourism":"attraction"},"district":"เขตวังทองหลาง","district_osm_id":2939956,"province":"กรุงเทพมหานคร","province_iso":"TH-10","reason_excluded":"point_only"},"geometry":{"type":"Point","coordinates":[100.595968,13.798439]}},
{"type":"Feature","id":"osm-n9791534618","properties":{"id":"osm-n9791534618","osm_id":9791534618,"osm_type":"node","name":"Agro Tour","tags":{"name":"Agro Tour","tourism":"attraction"},"district":"อำเภอพุทธมณฑล","district_osm_id":18931587,"province":"จังหวัดนครปฐม","province_iso":"TH-73","reason_excluded":"point_only"},"geometry":{"type":"Point","coordinates":[100.273596,13.807954]}},
{"type":"Feature","id":"osm-n9810452674","properties":{"id":"osm-n9810452674","osm_id":9810452674,"osm_type":"node","name":"Stunt show","tags":{"name":"Stunt show","tourism":"attraction"},"district":"เขตคลองสามวา","district_osm_id":2997412,"province":"กรุงเทพมหานคร","province_iso":"TH-10","reason_excluded":"point_only"},"geometry":{"type":"Point","coordinates":[100.703645,13.867587]}},
{"type":"Feature","id":"osm-n9893302340","properties":{"id":"osm-n9893302340","osm_id":9893302340,"osm_type":"node","name":null,"tags":{"name:ja":"モカホテル","tourism":"attraction"},"district":"เขตดอนเมือง","district_osm_id":1639287,"province":"กรุงเทพมหานคร","province_iso":"TH-10","reason_excluded":"point_only"},"geometry":{"type":"Point","coordinates":[100.599245,13.924739]}},
{"type":"Feature","id":"osm-n9900359745","properties":{"id":"osm-n9900359745","osm_id":9900359745,"osm_type":"node","name":"อนุสรณ์กังหันชัยพัฒนา","tags":{"access":"yes","historic":"memorial","name":"อนุสรณ์กังหันชัยพัฒนา","name:en":"Chaipattana Aerator Memorial","name:th":"อนุสรณ์กังหันชัยพัฒนา"},"district":"เขตปทุมวัน","district_osm_id":92063,"province":"กรุงเทพมหานคร","province_iso":"TH-10","reason_excluded":"point_only"},"geometry":{"type":"Point","coordinates":[100.539106,13.730278]}}
]}
